{"eval_loss": 0.8466621041297913, "eval_accuracy": 0.9211279910692618, "eval_f1": 0.5581108974997839, "eval_matthews_correlation": 0.11623221163150778, "eval_precision": 0.5575743177628792, "eval_recall": 0.5586629922233401, "eval_auroc": 0.7222396908095572, "eval_auprc": 0.1113545857969977, "eval_runtime": 17.6347, "eval_samples_per_second": 1168.323, "eval_steps_per_second": 36.519, "epoch": 3.0}