pc,r2_from_composition,r2_from_repeat,r2_from_position,chrom_eta2,r2_from_all,top_covariate,top_abs_spearman
PC1,0.023835864281671948,0.003048196891877275,,0.021586089442672773,0.03666812660139955,t_frac,0.1801583288108065
PC2,0.007963897885359627,0.0025961360213271555,,0.014724609522917537,0.020208410409142407,low_complexity_frac,0.050423607441479716
PC3,0.011987777908619357,-0.00018326658813887508,,0.01878287500520701,0.024233343187756894,a_frac,0.06425455471368484
PC4,0.0005541537445961309,-0.00035971218949417685,,0.018562784164645522,0.01569757252786035,gc_frac,0.0738717965378558
PC5,0.007224827379285159,-0.0003090591804708831,,0.014460678412927534,0.018399393197117565,a_frac,0.1636234091024616
