{"eval_loss": 0.6499500274658203, "eval_accuracy": 0.8498316785272937, "eval_f1": 0.5274400483658801, "eval_matthews_correlation": 0.08450612094172442, "eval_precision": 0.5268695519142439, "eval_recall": 0.566444022767939, "eval_auroc": 0.6171155593445955, "eval_auprc": 0.07695850469070407, "eval_runtime": 38.9755, "eval_samples_per_second": 602.096, "eval_steps_per_second": 18.832, "epoch": 3.0}