{"eval_loss": 0.49780336022377014, "eval_accuracy": 0.7965738758029979, "eval_f1": 0.5384100168095642, "eval_matthews_correlation": 0.16297444552340618, "eval_precision": 0.5441959496225801, "eval_recall": 0.65024380130126, "eval_auroc": 0.6754335424715293, "eval_auprc": 0.17183381028883482, "eval_runtime": 11.0181, "eval_samples_per_second": 1695.392, "eval_steps_per_second": 53.004, "epoch": 20.0}