{"eval_loss": 0.8900741338729858, "eval_accuracy": 0.63781973499005, "eval_f1": 0.4534180131211316, "eval_matthews_correlation": 0.11026689270278456, "eval_precision": 0.5239718885756025, "eval_recall": 0.626802562801644, "eval_auroc": 0.6720564927008544, "eval_auprc": 0.09011646363951345, "eval_runtime": 17.602, "eval_samples_per_second": 1170.489, "eval_steps_per_second": 36.587, "epoch": 2.99}