{"eval_loss": 0.6655530333518982, "eval_accuracy": 0.6212892281594572, "eval_f1": 0.6163705677392909, "eval_matthews_correlation": 0.2358385765478508, "eval_precision": 0.6192726450420012, "eval_recall": 0.6165812877054295, "eval_auroc": 0.6195085147816841, "eval_auprc": 0.6419782020480671, "eval_runtime": 3.9336, "eval_samples_per_second": 599.451, "eval_steps_per_second": 18.812, "epoch": 2.98}