{"eval_loss": 1.0846009254455566, "eval_accuracy": 0.6464503996238834, "eval_f1": 0.643871533127546, "eval_matthews_correlation": 0.28958669858940705, "eval_precision": 0.6438613996501494, "eval_recall": 0.6457313362094503, "eval_auroc": 0.69857145678374, "eval_auprc": 0.6553878311226482, "eval_runtime": 1.285, "eval_samples_per_second": 1655.233, "eval_steps_per_second": 52.139, "epoch": 19.9}