component,explained_variance_ratio
PC1,0.512061
PC2,0.025942
PC3,0.019078
PC4,0.014354
PC5,0.010856
PC6,0.009915
PC7,0.008494
PC8,0.007789
PC9,0.00717
PC10,0.006799
