{"eval_loss": 0.6828557252883911, "eval_accuracy": 0.7669271465320584, "eval_f1": 0.4940298496165789, "eval_matthews_correlation": 0.07009703374591607, "eval_precision": 0.5178107180215837, "eval_recall": 0.5689696245544622, "eval_auroc": 0.572787286610843, "eval_auprc": 0.06546158086936388, "eval_runtime": 34.3829, "eval_samples_per_second": 599.223, "eval_steps_per_second": 18.73, "epoch": 3.0}