{
  "task": "classification",
  "flavor": "binary",
  "n_examples": 19932,
  "accuracy": 0.2867248645394341,
  "f1": 0.11104858375539299,
  "precision": 0.059168443496801705,
  "recall": 0.9015228426395939,
  "n_pos": 985,
  "n_neg": 18947,
  "auroc": 0.6559157135895239,
  "auprc": 0.09961283935348939,
  "confusion": {
    "tn": 4827,
    "fp": 14120,
    "fn": 97,
    "tp": 888
  },
  "decision_threshold": 0.5,
  "threshold_source": "fixed_0.5"
}