component,explained_variance_ratio
PC1,0.401966
PC2,0.059369
PC3,0.029093
PC4,0.021473
PC5,0.018471
PC6,0.015139
PC7,0.011312
PC8,0.009959
PC9,0.007201
PC10,0.006953
