{"eval_loss": 0.6564126014709473, "eval_accuracy": 0.6472553699284009, "eval_f1": 0.6424849455981707, "eval_matthews_correlation": 0.2880224011517536, "eval_precision": 0.6456500200403804, "eval_recall": 0.6423908207191157, "eval_auroc": 0.6312792620247811, "eval_auprc": 0.6710268784851159, "eval_runtime": 3.4601, "eval_samples_per_second": 605.479, "eval_steps_per_second": 19.075, "epoch": 2.99}