{"eval_loss": 0.6822032332420349, "eval_accuracy": 0.30131534242586033, "eval_f1": 0.26628219858063124, "eval_matthews_correlation": 0.07897027684100812, "eval_precision": 0.5188134555744646, "eval_recall": 0.5828702706908607, "eval_auroc": 0.6723396170506677, "eval_auprc": 0.1300248369471797, "eval_runtime": 35.2091, "eval_samples_per_second": 585.162, "eval_steps_per_second": 18.291, "epoch": 2.99}