*** FULL RUN: Stage-1 3-epoch multi-track + Stage-2a 3-epoch s-sweep {s_hat,20,50,100}. ***
=== preflight ===
NVIDIA GeForce RTX 3090, 24576 MiB
torch 1.13.1+cu117 | cuda True
  repo OK: multitrack label present
  repo OK: num_labels head present
  found: /home/asm242/entexBERT-2/DNABERT-2-117M-attention
  found: /home/asm242/reference_genome/hg38.fa
  found: /home/asm242/palmer_scratch/entex_data/hetSNVs.tsv
  found: /home/asm242/palmer_scratch/entexBERT-2_experiments/ADASTRA/ctcf_adastra_evalset.csv
  found: /home/asm242/palmer_scratch/entexBERT-2_experiments/ADASTRA/ctcf_benchmark_reference_auroc.csv

=== STEP 1: build Stage-1 multi-track binding dataset ===
[STEP 1] reusing existing multi-track build at /home/asm242/palmer_scratch/entexBERT-2_experiments/EN-TEx/experiments/ctcf_a1_multitrack/stage1_inputs
[STEP 1] y_track cols: 18 | m_track cols: 18 | has 'sequence': True
[STEP 1] tracks.json num_tracks: 18 | first tissue: transverse_colon
[STEP 1] OK

=== STEP 2: train Stage-1 multi-track trunk (num_labels=18) ===
[STEP 2] reusing existing multi-track trunk: /home/asm242/palmer_scratch/entexBERT-2_experiments/EN-TEx/experiments/ctcf_a1_multitrack/stage1_runs/reg/pytorch_model.bin
[STEP 2] OK -> /home/asm242/palmer_scratch/entexBERT-2_experiments/EN-TEx/experiments/ctcf_a1_multitrack/stage1_runs/reg/pytorch_model.bin

=== STEP 3: Stage-2 ASB dataset (reuse baseline) + s_hat ===
[STEP 3] reusing baseline Stage-2 split at /home/asm242/palmer_scratch/entexBERT-2_experiments/EN-TEx/experiments/stage2_ctcf_clf/inputs_clf (identical data for the A/B)
[STEP 3] s_hat=31.6 | s-sweep = 31.6 20 50 100

=== STEP 4[a1]: Stage-2a s-sweep (a1) ===
--- [a1] Stage-2a s=31.6 -> /home/asm242/palmer_scratch/entexBERT-2_experiments/EN-TEx/experiments/ctcf_a1_multitrack/stage2_a1/runs/clf_2a_s31.6 ---
{'loss': 0.6767, 'learning_rate': 0.0004, 'epoch': 0.0}
{'loss': 0.6605, 'learning_rate': 0.0008, 'epoch': 0.01}
{'loss': 0.6374, 'learning_rate': 0.000999426506853243, 'epoch': 0.01}
{'loss': 0.6813, 'learning_rate': 0.0009982795205597294, 'epoch': 0.01}
{'loss': 0.6634, 'learning_rate': 0.0009971325342662154, 'epoch': 0.02}
{'loss': 0.6401, 'learning_rate': 0.0009959855479727017, 'epoch': 0.02}
{'loss': 0.6484, 'learning_rate': 0.000994838561679188, 'epoch': 0.02}
{'loss': 0.6711, 'learning_rate': 0.000993691575385674, 'epoch': 0.03}
{'loss': 0.6684, 'learning_rate': 0.0009925445890921604, 'epoch': 0.03}
{'loss': 0.6704, 'learning_rate': 0.0009913976027986465, 'epoch': 0.03}
{'loss': 0.6466, 'learning_rate': 0.0009902506165051328, 'epoch': 0.04}
{'loss': 0.6728, 'learning_rate': 0.000989103630211619, 'epoch': 0.04}
{'eval_loss': 0.6815387010574341, 'eval_bce': 0.6814810793003356, 'eval_n_pos': 2024.0, 'eval_pos_rate': 0.09120814744716327, 'eval_auroc': 0.6149317355222235, 'eval_auprc': 0.17759834923658982, 'eval_mcc': 0.116997989173186, 'eval_precision': 0.16370558375634517, 'eval_recall': 0.31867588932806323, 'eval_f1': 0.21629778672032193, 'eval_runtime': 20.1336, 'eval_samples_per_second': 1102.189, 'eval_steps_per_second': 17.235, 'epoch': 0.04}
{'loss': 0.6549, 'learning_rate': 0.0009879566439181052, 'epoch': 0.04}
{'loss': 0.6378, 'learning_rate': 0.0009868096576245915, 'epoch': 0.05}
{'loss': 0.6743, 'learning_rate': 0.0009856626713310775, 'epoch': 0.05}
{'loss': 0.6341, 'learning_rate': 0.0009845156850375638, 'epoch': 0.05}
{'loss': 0.6507, 'learning_rate': 0.00098336869874405, 'epoch': 0.06}
{'loss': 0.6279, 'learning_rate': 0.0009822217124505362, 'epoch': 0.06}
{'loss': 0.6536, 'learning_rate': 0.0009810747261570225, 'epoch': 0.07}
{'loss': 0.6526, 'learning_rate': 0.0009799277398635088, 'epoch': 0.07}
{'loss': 0.6422, 'learning_rate': 0.0009787807535699949, 'epoch': 0.07}
{'loss': 0.6726, 'learning_rate': 0.000977633767276481, 'epoch': 0.08}
{'loss': 0.6289, 'learning_rate': 0.0009764867809829672, 'epoch': 0.08}
{'loss': 0.6648, 'learning_rate': 0.0009753397946894534, 'epoch': 0.08}
{'loss': 0.634, 'learning_rate': 0.0009741928083959397, 'epoch': 0.09}
{'eval_loss': 0.6426867246627808, 'eval_bce': 0.6410372782187626, 'eval_n_pos': 2024.0, 'eval_pos_rate': 0.09120814744716327, 'eval_auroc': 0.6190826485212114, 'eval_auprc': 0.17714992590230366, 'eval_mcc': 0.1345780987548281, 'eval_precision': 0.21197489135683245, 'eval_recall': 0.21689723320158102, 'eval_f1': 0.2144078144078144, 'eval_runtime': 20.3789, 'eval_samples_per_second': 1088.918, 'eval_steps_per_second': 17.027, 'epoch': 0.09}
{'loss': 0.6477, 'learning_rate': 0.0009730458221024259, 'epoch': 0.09}
{'loss': 0.6271, 'learning_rate': 0.0009718988358089121, 'epoch': 0.09}
{'loss': 0.6443, 'learning_rate': 0.0009707518495153983, 'epoch': 0.1}
{'loss': 0.6548, 'learning_rate': 0.0009696048632218846, 'epoch': 0.1}
{'loss': 0.6534, 'learning_rate': 0.0009684578769283708, 'epoch': 0.1}
{'loss': 0.6415, 'learning_rate': 0.0009673108906348569, 'epoch': 0.11}
{'loss': 0.6597, 'learning_rate': 0.0009661639043413432, 'epoch': 0.11}
{'loss': 0.6217, 'learning_rate': 0.0009650169180478293, 'epoch': 0.11}
{'loss': 0.6325, 'learning_rate': 0.0009638699317543156, 'epoch': 0.12}
{'loss': 0.654, 'learning_rate': 0.0009627229454608017, 'epoch': 0.12}
{'loss': 0.6525, 'learning_rate': 0.000961575959167288, 'epoch': 0.12}
{'loss': 0.6554, 'learning_rate': 0.0009604289728737742, 'epoch': 0.13}
{'eval_loss': 0.612469494342804, 'eval_bce': 0.609068242943243, 'eval_n_pos': 2024.0, 'eval_pos_rate': 0.09120814744716327, 'eval_auroc': 0.6280295574443516, 'eval_auprc': 0.18907845202793144, 'eval_mcc': 0.1532041317883492, 'eval_precision': 0.26737967914438504, 'eval_recall': 0.17292490118577075, 'eval_f1': 0.21002100210021002, 'eval_runtime': 20.4253, 'eval_samples_per_second': 1086.446, 'eval_steps_per_second': 16.989, 'epoch': 0.13}
{'loss': 0.6315, 'learning_rate': 0.0009592819865802603, 'epoch': 0.13}
{'loss': 0.6604, 'learning_rate': 0.0009581350002867466, 'epoch': 0.13}
{'loss': 0.6428, 'learning_rate': 0.0009569880139932328, 'epoch': 0.14}
{'loss': 0.637, 'learning_rate': 0.0009558410276997191, 'epoch': 0.14}
{'loss': 0.6421, 'learning_rate': 0.0009546940414062051, 'epoch': 0.14}
{'loss': 0.6383, 'learning_rate': 0.0009535470551126914, 'epoch': 0.15}
{'loss': 0.6444, 'learning_rate': 0.0009524000688191776, 'epoch': 0.15}
{'loss': 0.6396, 'learning_rate': 0.0009512530825256639, 'epoch': 0.15}
{'loss': 0.6437, 'learning_rate': 0.00095010609623215, 'epoch': 0.16}
{'loss': 0.6348, 'learning_rate': 0.0009489591099386362, 'epoch': 0.16}
{'loss': 0.6455, 'learning_rate': 0.0009478121236451225, 'epoch': 0.16}
{'loss': 0.6334, 'learning_rate': 0.0009466651373516087, 'epoch': 0.17}
{'loss': 0.6471, 'learning_rate': 0.0009455181510580949, 'epoch': 0.17}
{'eval_loss': 0.5950571298599243, 'eval_bce': 0.5906330269644968, 'eval_n_pos': 2024.0, 'eval_pos_rate': 0.09120814744716327, 'eval_auroc': 0.6318475659076748, 'eval_auprc': 0.18804072647330514, 'eval_mcc': 0.15070047444695903, 'eval_precision': 0.26061493411420206, 'eval_recall': 0.17588932806324112, 'eval_f1': 0.21002949852507374, 'eval_runtime': 20.4245, 'eval_samples_per_second': 1086.488, 'eval_steps_per_second': 16.989, 'epoch': 0.17}
{'loss': 0.6243, 'learning_rate': 0.000944371164764581, 'epoch': 0.17}
{'loss': 0.6478, 'learning_rate': 0.0009432241784710673, 'epoch': 0.18}
{'loss': 0.6414, 'learning_rate': 0.0009420771921775535, 'epoch': 0.18}
{'loss': 0.6457, 'learning_rate': 0.0009409302058840396, 'epoch': 0.19}
{'loss': 0.6282, 'learning_rate': 0.0009397832195905259, 'epoch': 0.19}
{'loss': 0.6257, 'learning_rate': 0.0009386362332970121, 'epoch': 0.19}
{'loss': 0.6444, 'learning_rate': 0.0009374892470034984, 'epoch': 0.2}
{'loss': 0.6281, 'learning_rate': 0.0009363422607099845, 'epoch': 0.2}
{'loss': 0.6479, 'learning_rate': 0.0009351952744164708, 'epoch': 0.2}
{'loss': 0.6448, 'learning_rate': 0.000934048288122957, 'epoch': 0.21}
{'loss': 0.6263, 'learning_rate': 0.0009329013018294431, 'epoch': 0.21}
{'loss': 0.6556, 'learning_rate': 0.0009317543155359293, 'epoch': 0.21}
{'eval_loss': 0.5761775374412537, 'eval_bce': 0.5713272552099503, 'eval_n_pos': 2024.0, 'eval_pos_rate': 0.09120814744716327, 'eval_auroc': 0.6157052911548255, 'eval_auprc': 0.1818665916995866, 'eval_mcc': 0.14366291467607303, 'eval_precision': 0.27661596958174905, 'eval_recall': 0.14377470355731226, 'eval_f1': 0.1892067620286086, 'eval_runtime': 20.44, 'eval_samples_per_second': 1085.667, 'eval_steps_per_second': 16.977, 'epoch': 0.21}
{'loss': 0.6558, 'learning_rate': 0.0009306073292424155, 'epoch': 0.22}
{'loss': 0.6247, 'learning_rate': 0.0009294603429489018, 'epoch': 0.22}
{'loss': 0.6457, 'learning_rate': 0.000928313356655388, 'epoch': 0.22}
{'loss': 0.64, 'learning_rate': 0.0009271663703618742, 'epoch': 0.23}
{'loss': 0.6358, 'learning_rate': 0.0009260193840683604, 'epoch': 0.23}
{'loss': 0.644, 'learning_rate': 0.0009248723977748467, 'epoch': 0.23}
{'loss': 0.6424, 'learning_rate': 0.0009237254114813329, 'epoch': 0.24}
{'loss': 0.6344, 'learning_rate': 0.0009225784251878189, 'epoch': 0.24}
{'loss': 0.6397, 'learning_rate': 0.0009214314388943052, 'epoch': 0.24}
{'loss': 0.6604, 'learning_rate': 0.0009202844526007914, 'epoch': 0.25}
{'loss': 0.6585, 'learning_rate': 0.0009191374663072777, 'epoch': 0.25}
{'loss': 0.6424, 'learning_rate': 0.0009179904800137638, 'epoch': 0.25}
{'loss': 0.6464, 'learning_rate': 0.0009168434937202501, 'epoch': 0.26}
{'eval_loss': 0.5542736649513245, 'eval_bce': 0.5482704813752203, 'eval_n_pos': 2024.0, 'eval_pos_rate': 0.09120814744716327, 'eval_auroc': 0.626324268445437, 'eval_auprc': 0.18143867159738708, 'eval_mcc': 0.13749996185777555, 'eval_precision': 0.29433497536945813, 'eval_recall': 0.11808300395256917, 'eval_f1': 0.16854724964739068, 'eval_runtime': 20.4532, 'eval_samples_per_second': 1084.964, 'eval_steps_per_second': 16.966, 'epoch': 0.26}
{'loss': 0.6303, 'learning_rate': 0.0009156965074267363, 'epoch': 0.26}
{'loss': 0.6428, 'learning_rate': 0.0009145495211332225, 'epoch': 0.26}
{'loss': 0.6413, 'learning_rate': 0.0009134025348397087, 'epoch': 0.27}
{'loss': 0.6303, 'learning_rate': 0.0009122555485461948, 'epoch': 0.27}
{'loss': 0.6383, 'learning_rate': 0.0009111085622526811, 'epoch': 0.27}
{'loss': 0.6236, 'learning_rate': 0.0009099615759591673, 'epoch': 0.28}
{'loss': 0.6275, 'learning_rate': 0.0009088145896656535, 'epoch': 0.28}
{'loss': 0.6475, 'learning_rate': 0.0009076676033721397, 'epoch': 0.28}
{'loss': 0.6362, 'learning_rate': 0.0009065206170786259, 'epoch': 0.29}
{'loss': 0.6414, 'learning_rate': 0.0009053736307851122, 'epoch': 0.29}
{'loss': 0.642, 'learning_rate': 0.0009042266444915983, 'epoch': 0.3}
{'loss': 0.6122, 'learning_rate': 0.0009030796581980846, 'epoch': 0.3}
{'eval_loss': 0.5520166158676147, 'eval_bce': 0.5459864485987221, 'eval_n_pos': 2024.0, 'eval_pos_rate': 0.09120814744716327, 'eval_auroc': 0.6311875263486646, 'eval_auprc': 0.1811068651053493, 'eval_mcc': 0.1439209818080541, 'eval_precision': 0.274582560296846, 'eval_recall': 0.14624505928853754, 'eval_f1': 0.19084461637653127, 'eval_runtime': 20.4291, 'eval_samples_per_second': 1086.244, 'eval_steps_per_second': 16.986, 'epoch': 0.3}
{'loss': 0.6316, 'learning_rate': 0.0009019326719045708, 'epoch': 0.3}
{'loss': 0.6247, 'learning_rate': 0.000900785685611057, 'epoch': 0.31}
{'loss': 0.6403, 'learning_rate': 0.0008996386993175431, 'epoch': 0.31}
{'loss': 0.6521, 'learning_rate': 0.0008984917130240294, 'epoch': 0.31}
{'loss': 0.6394, 'learning_rate': 0.0008973447267305156, 'epoch': 0.32}
{'loss': 0.6324, 'learning_rate': 0.0008961977404370018, 'epoch': 0.32}
{'loss': 0.6487, 'learning_rate': 0.000895050754143488, 'epoch': 0.32}
{'loss': 0.6546, 'learning_rate': 0.0008939037678499742, 'epoch': 0.33}
{'loss': 0.6253, 'learning_rate': 0.0008927567815564605, 'epoch': 0.33}
{'loss': 0.6444, 'learning_rate': 0.0008916097952629467, 'epoch': 0.33}
{'loss': 0.6264, 'learning_rate': 0.0008904628089694329, 'epoch': 0.34}
{'loss': 0.6349, 'learning_rate': 0.000889315822675919, 'epoch': 0.34}
{'loss': 0.618, 'learning_rate': 0.0008881688363824052, 'epoch': 0.34}
{'eval_loss': 0.54554283618927, 'eval_bce': 0.5392654924787227, 'eval_n_pos': 2024.0, 'eval_pos_rate': 0.09120814744716327, 'eval_auroc': 0.6252451858993215, 'eval_auprc': 0.1784637231595349, 'eval_mcc': 0.141322284295184, 'eval_precision': 0.27350427350427353, 'eval_recall': 0.1422924901185771, 'eval_f1': 0.1871953201169971, 'eval_runtime': 20.4515, 'eval_samples_per_second': 1085.056, 'eval_steps_per_second': 16.967, 'epoch': 0.34}
{'loss': 0.6517, 'learning_rate': 0.0008870218500888915, 'epoch': 0.35}
{'loss': 0.62, 'learning_rate': 0.0008858748637953776, 'epoch': 0.35}
{'loss': 0.6268, 'learning_rate': 0.0008847278775018639, 'epoch': 0.35}
{'loss': 0.6232, 'learning_rate': 0.0008835808912083501, 'epoch': 0.36}
{'loss': 0.6427, 'learning_rate': 0.0008824339049148363, 'epoch': 0.36}
{'loss': 0.6084, 'learning_rate': 0.0008812869186213225, 'epoch': 0.36}
{'loss': 0.6373, 'learning_rate': 0.0008801399323278086, 'epoch': 0.37}
{'loss': 0.6504, 'learning_rate': 0.0008789929460342949, 'epoch': 0.37}
{'loss': 0.632, 'learning_rate': 0.000877845959740781, 'epoch': 0.37}
{'loss': 0.6387, 'learning_rate': 0.0008766989734472673, 'epoch': 0.38}
{'loss': 0.6607, 'learning_rate': 0.0008755519871537535, 'epoch': 0.38}
{'loss': 0.6214, 'learning_rate': 0.0008744050008602398, 'epoch': 0.38}
{'eval_loss': 0.5389919877052307, 'eval_bce': 0.5324907847766751, 'eval_n_pos': 2024.0, 'eval_pos_rate': 0.09120814744716327, 'eval_auroc': 0.6301559840940791, 'eval_auprc': 0.1883666752815673, 'eval_mcc': 0.16056654534805315, 'eval_precision': 0.30116959064327486, 'eval_recall': 0.15266798418972333, 'eval_f1': 0.20262295081967216, 'eval_runtime': 20.4746, 'eval_samples_per_second': 1083.831, 'eval_steps_per_second': 16.948, 'epoch': 0.39}
{'loss': 0.6287, 'learning_rate': 0.0008732580145667259, 'epoch': 0.39}
{'loss': 0.6206, 'learning_rate': 0.0008721110282732122, 'epoch': 0.39}
{'loss': 0.6366, 'learning_rate': 0.0008709640419796984, 'epoch': 0.39}
{'loss': 0.6601, 'learning_rate': 0.0008698170556861846, 'epoch': 0.4}
{'loss': 0.6259, 'learning_rate': 0.0008686700693926707, 'epoch': 0.4}
{'loss': 0.6348, 'learning_rate': 0.0008675230830991569, 'epoch': 0.4}
{'loss': 0.6381, 'learning_rate': 0.0008663760968056432, 'epoch': 0.41}
{'loss': 0.6145, 'learning_rate': 0.0008652291105121294, 'epoch': 0.41}
{'loss': 0.6179, 'learning_rate': 0.0008640821242186156, 'epoch': 0.42}
{'loss': 0.6565, 'learning_rate': 0.0008629351379251018, 'epoch': 0.42}
{'loss': 0.64, 'learning_rate': 0.000861788151631588, 'epoch': 0.42}
{'loss': 0.6504, 'learning_rate': 0.0008606411653380743, 'epoch': 0.43}
{'loss': 0.6435, 'learning_rate': 0.0008594941790445604, 'epoch': 0.43}
{'eval_loss': 0.5234944224357605, 'eval_bce': 0.5159958492123194, 'eval_n_pos': 2024.0, 'eval_pos_rate': 0.09120814744716327, 'eval_auroc': 0.6279968635412094, 'eval_auprc': 0.18403707505253275, 'eval_mcc': 0.13808913773271606, 'eval_precision': 0.29638854296388545, 'eval_recall': 0.11758893280632411, 'eval_f1': 0.1683763707110011, 'eval_runtime': 20.4927, 'eval_samples_per_second': 1082.875, 'eval_steps_per_second': 16.933, 'epoch': 0.43}
{'loss': 0.6442, 'learning_rate': 0.0008583471927510467, 'epoch': 0.43}
{'loss': 0.6198, 'learning_rate': 0.0008572002064575328, 'epoch': 0.44}
{'loss': 0.6489, 'learning_rate': 0.0008560532201640191, 'epoch': 0.44}
{'loss': 0.6365, 'learning_rate': 0.0008549062338705052, 'epoch': 0.44}
{'loss': 0.6373, 'learning_rate': 0.0008537592475769915, 'epoch': 0.45}
{'loss': 0.6256, 'learning_rate': 0.0008526122612834777, 'epoch': 0.45}
{'loss': 0.6377, 'learning_rate': 0.0008514652749899639, 'epoch': 0.45}
{'loss': 0.6261, 'learning_rate': 0.0008503182886964501, 'epoch': 0.46}
{'loss': 0.6589, 'learning_rate': 0.0008491713024029363, 'epoch': 0.46}
{'loss': 0.6432, 'learning_rate': 0.0008480243161094226, 'epoch': 0.46}
{'loss': 0.6238, 'learning_rate': 0.0008468773298159087, 'epoch': 0.47}
{'loss': 0.6266, 'learning_rate': 0.0008457303435223949, 'epoch': 0.47}
{'eval_loss': 0.5218913555145264, 'eval_bce': 0.5137693172753329, 'eval_n_pos': 2024.0, 'eval_pos_rate': 0.09120814744716327, 'eval_auroc': 0.6353697368083225, 'eval_auprc': 0.19206763751391348, 'eval_mcc': 0.14770696735079264, 'eval_precision': 0.3033838973162194, 'eval_recall': 0.12845849802371542, 'eval_f1': 0.18049288441513361, 'eval_runtime': 20.4646, 'eval_samples_per_second': 1084.359, 'eval_steps_per_second': 16.956, 'epoch': 0.47}
{'loss': 0.6189, 'learning_rate': 0.0008445833572288811, 'epoch': 0.47}
{'loss': 0.6397, 'learning_rate': 0.0008434363709353673, 'epoch': 0.48}
{'loss': 0.6092, 'learning_rate': 0.0008422893846418536, 'epoch': 0.48}
{'loss': 0.6288, 'learning_rate': 0.0008411423983483397, 'epoch': 0.48}
{'loss': 0.6394, 'learning_rate': 0.000839995412054826, 'epoch': 0.49}
{'loss': 0.6393, 'learning_rate': 0.0008388484257613122, 'epoch': 0.49}
{'loss': 0.6382, 'learning_rate': 0.0008377014394677985, 'epoch': 0.49}
{'loss': 0.6379, 'learning_rate': 0.0008365544531742845, 'epoch': 0.5}
{'loss': 0.6335, 'learning_rate': 0.0008354074668807707, 'epoch': 0.5}
{'loss': 0.6201, 'learning_rate': 0.000834260480587257, 'epoch': 0.5}
{'loss': 0.6846, 'learning_rate': 0.0008331134942937432, 'epoch': 0.51}
{'loss': 0.6361, 'learning_rate': 0.0008319665080002294, 'epoch': 0.51}
{'loss': 0.6391, 'learning_rate': 0.0008308195217067156, 'epoch': 0.51}
{'eval_loss': 0.5209158062934875, 'eval_bce': 0.5133053202878949, 'eval_n_pos': 2024.0, 'eval_pos_rate': 0.09120814744716327, 'eval_auroc': 0.6321911887517884, 'eval_auprc': 0.1835699461901721, 'eval_mcc': 0.14693868481938802, 'eval_precision': 0.2922422954303932, 'eval_recall': 0.1358695652173913, 'eval_f1': 0.1854974704890388, 'eval_runtime': 20.4353, 'eval_samples_per_second': 1085.913, 'eval_steps_per_second': 16.98, 'epoch': 0.51}
{'loss': 0.6448, 'learning_rate': 0.0008296725354132019, 'epoch': 0.52}
{'loss': 0.6039, 'learning_rate': 0.0008285255491196881, 'epoch': 0.52}
{'loss': 0.6302, 'learning_rate': 0.0008273785628261743, 'epoch': 0.52}
{'loss': 0.6501, 'learning_rate': 0.0008262315765326605, 'epoch': 0.53}
{'loss': 0.635, 'learning_rate': 0.0008250845902391466, 'epoch': 0.53}
{'loss': 0.6355, 'learning_rate': 0.0008239376039456329, 'epoch': 0.54}
{'loss': 0.6447, 'learning_rate': 0.000822790617652119, 'epoch': 0.54}
{'loss': 0.6276, 'learning_rate': 0.0008216436313586053, 'epoch': 0.54}
{'loss': 0.6142, 'learning_rate': 0.0008204966450650915, 'epoch': 0.55}
{'loss': 0.598, 'learning_rate': 0.0008193496587715778, 'epoch': 0.55}
{'loss': 0.66, 'learning_rate': 0.0008182026724780639, 'epoch': 0.55}
{'loss': 0.6528, 'learning_rate': 0.0008170556861845501, 'epoch': 0.56}
{'eval_loss': 0.5161524415016174, 'eval_bce': 0.5078367686296306, 'eval_n_pos': 2024.0, 'eval_pos_rate': 0.09120814744716327, 'eval_auroc': 0.6255203218148226, 'eval_auprc': 0.17839503885321087, 'eval_mcc': 0.1319461567119044, 'eval_precision': 0.2850182704019488, 'eval_recall': 0.11561264822134387, 'eval_f1': 0.16449912126537786, 'eval_runtime': 20.4531, 'eval_samples_per_second': 1084.968, 'eval_steps_per_second': 16.966, 'epoch': 0.56}
{'loss': 0.633, 'learning_rate': 0.0008159086998910364, 'epoch': 0.56}
{'loss': 0.6183, 'learning_rate': 0.0008147617135975225, 'epoch': 0.56}
{'loss': 0.6381, 'learning_rate': 0.0008136147273040087, 'epoch': 0.57}
{'loss': 0.6389, 'learning_rate': 0.0008124677410104949, 'epoch': 0.57}
{'loss': 0.6531, 'learning_rate': 0.0008113207547169812, 'epoch': 0.57}
{'loss': 0.6461, 'learning_rate': 0.0008101737684234673, 'epoch': 0.58}
{'loss': 0.6519, 'learning_rate': 0.0008090267821299535, 'epoch': 0.58}
{'loss': 0.6199, 'learning_rate': 0.0008078797958364398, 'epoch': 0.58}
{'loss': 0.6485, 'learning_rate': 0.000806732809542926, 'epoch': 0.59}
{'loss': 0.6387, 'learning_rate': 0.0008055858232494122, 'epoch': 0.59}
{'loss': 0.656, 'learning_rate': 0.0008044388369558983, 'epoch': 0.59}
{'loss': 0.6407, 'learning_rate': 0.0008032918506623846, 'epoch': 0.6}
{'loss': 0.642, 'learning_rate': 0.0008021448643688708, 'epoch': 0.6}
{'eval_loss': 0.5191826224327087, 'eval_bce': 0.511153559648646, 'eval_n_pos': 2024.0, 'eval_pos_rate': 0.09120814744716327, 'eval_auroc': 0.6359939955913576, 'eval_auprc': 0.18491055235874196, 'eval_mcc': 0.14163265975785713, 'eval_precision': 0.28806133625410735, 'eval_recall': 0.1299407114624506, 'eval_f1': 0.1790943139257746, 'eval_runtime': 20.4446, 'eval_samples_per_second': 1085.423, 'eval_steps_per_second': 16.973, 'epoch': 0.6}
{'loss': 0.6358, 'learning_rate': 0.000800997878075357, 'epoch': 0.6}
{'loss': 0.6247, 'learning_rate': 0.0007998508917818432, 'epoch': 0.61}
{'loss': 0.613, 'learning_rate': 0.0007987039054883294, 'epoch': 0.61}
{'loss': 0.6151, 'learning_rate': 0.0007975569191948157, 'epoch': 0.61}
{'loss': 0.6347, 'learning_rate': 0.0007964099329013018, 'epoch': 0.62}
{'loss': 0.654, 'learning_rate': 0.0007952629466077881, 'epoch': 0.62}
{'loss': 0.6395, 'learning_rate': 0.0007941159603142742, 'epoch': 0.62}
{'loss': 0.6305, 'learning_rate': 0.0007929689740207605, 'epoch': 0.63}
{'loss': 0.6422, 'learning_rate': 0.0007918219877272466, 'epoch': 0.63}
{'loss': 0.653, 'learning_rate': 0.0007906750014337328, 'epoch': 0.63}
{'loss': 0.6232, 'learning_rate': 0.0007895280151402191, 'epoch': 0.64}
{'loss': 0.6544, 'learning_rate': 0.0007883810288467053, 'epoch': 0.64}
{'eval_loss': 0.5116481781005859, 'eval_bce': 0.5035411919039979, 'eval_n_pos': 2024.0, 'eval_pos_rate': 0.09120814744716327, 'eval_auroc': 0.6303612366384955, 'eval_auprc': 0.17500249811249077, 'eval_mcc': 0.13007680134164187, 'eval_precision': 0.28754813863928114, 'eval_recall': 0.11067193675889328, 'eval_f1': 0.15982875490545845, 'eval_runtime': 20.4604, 'eval_samples_per_second': 1084.582, 'eval_steps_per_second': 16.96, 'epoch': 0.64}
{'loss': 0.632, 'learning_rate': 0.0007872340425531915, 'epoch': 0.65}
{'loss': 0.614, 'learning_rate': 0.0007860870562596777, 'epoch': 0.65}
{'loss': 0.6368, 'learning_rate': 0.000784940069966164, 'epoch': 0.65}
{'loss': 0.6215, 'learning_rate': 0.0007837930836726502, 'epoch': 0.66}
{'loss': 0.6292, 'learning_rate': 0.0007826460973791363, 'epoch': 0.66}
{'loss': 0.62, 'learning_rate': 0.0007814991110856225, 'epoch': 0.66}
{'loss': 0.6478, 'learning_rate': 0.0007803521247921087, 'epoch': 0.67}
{'loss': 0.6287, 'learning_rate': 0.000779205138498595, 'epoch': 0.67}
{'loss': 0.6265, 'learning_rate': 0.0007780581522050811, 'epoch': 0.67}
{'loss': 0.6394, 'learning_rate': 0.0007769111659115674, 'epoch': 0.68}
{'loss': 0.6398, 'learning_rate': 0.0007757641796180536, 'epoch': 0.68}
{'loss': 0.6403, 'learning_rate': 0.0007746171933245399, 'epoch': 0.68}
{'loss': 0.6458, 'learning_rate': 0.000773470207031026, 'epoch': 0.69}
{'eval_loss': 0.5076104998588562, 'eval_bce': 0.4989088112833006, 'eval_n_pos': 2024.0, 'eval_pos_rate': 0.09120814744716327, 'eval_auroc': 0.6320682773152477, 'eval_auprc': 0.18893484664573829, 'eval_mcc': 0.14741250388933755, 'eval_precision': 0.31704095112285335, 'eval_recall': 0.11857707509881422, 'eval_f1': 0.1725997842502697, 'eval_runtime': 20.4656, 'eval_samples_per_second': 1084.306, 'eval_steps_per_second': 16.955, 'epoch': 0.69}
{'loss': 0.6355, 'learning_rate': 0.0007723232207375121, 'epoch': 0.69}
{'loss': 0.6185, 'learning_rate': 0.0007711762344439984, 'epoch': 0.69}
{'loss': 0.6145, 'learning_rate': 0.0007700292481504846, 'epoch': 0.7}
{'loss': 0.6038, 'learning_rate': 0.0007688822618569708, 'epoch': 0.7}
{'loss': 0.6304, 'learning_rate': 0.000767735275563457, 'epoch': 0.7}
{'loss': 0.6125, 'learning_rate': 0.0007665882892699433, 'epoch': 0.71}
{'loss': 0.6432, 'learning_rate': 0.0007654413029764295, 'epoch': 0.71}
{'loss': 0.6272, 'learning_rate': 0.0007642943166829156, 'epoch': 0.71}
{'loss': 0.6733, 'learning_rate': 0.0007631473303894019, 'epoch': 0.72}
{'loss': 0.6515, 'learning_rate': 0.000762000344095888, 'epoch': 0.72}
{'loss': 0.6239, 'learning_rate': 0.0007608533578023743, 'epoch': 0.72}
{'loss': 0.6212, 'learning_rate': 0.0007597063715088604, 'epoch': 0.73}
{'eval_loss': 0.510949969291687, 'eval_bce': 0.5027131145952018, 'eval_n_pos': 2024.0, 'eval_pos_rate': 0.09120814744716327, 'eval_auroc': 0.6379190772856923, 'eval_auprc': 0.18837760349202226, 'eval_mcc': 0.14854590645066792, 'eval_precision': 0.3039443155452436, 'eval_recall': 0.12944664031620554, 'eval_f1': 0.18156618156618154, 'eval_runtime': 20.4819, 'eval_samples_per_second': 1083.443, 'eval_steps_per_second': 16.942, 'epoch': 0.73}
{'loss': 0.6541, 'learning_rate': 0.0007585593852153467, 'epoch': 0.73}
{'loss': 0.6438, 'learning_rate': 0.0007574123989218329, 'epoch': 0.73}
{'loss': 0.6143, 'learning_rate': 0.0007562654126283192, 'epoch': 0.74}
{'loss': 0.6184, 'learning_rate': 0.0007551184263348053, 'epoch': 0.74}
{'loss': 0.6361, 'learning_rate': 0.0007539714400412915, 'epoch': 0.74}
{'loss': 0.6478, 'learning_rate': 0.0007528244537477778, 'epoch': 0.75}
{'loss': 0.6209, 'learning_rate': 0.000751677467454264, 'epoch': 0.75}
{'loss': 0.6166, 'learning_rate': 0.0007505304811607501, 'epoch': 0.75}
{'loss': 0.6558, 'learning_rate': 0.0007493834948672363, 'epoch': 0.76}
{'loss': 0.6276, 'learning_rate': 0.0007482365085737226, 'epoch': 0.76}
{'loss': 0.6242, 'learning_rate': 0.0007470895222802088, 'epoch': 0.77}
{'loss': 0.6114, 'learning_rate': 0.0007459425359866949, 'epoch': 0.77}
{'loss': 0.6416, 'learning_rate': 0.0007447955496931812, 'epoch': 0.77}
{'eval_loss': 0.5048896074295044, 'eval_bce': 0.4959279708696495, 'eval_n_pos': 2024.0, 'eval_pos_rate': 0.09120814744716327, 'eval_auroc': 0.6363473322852992, 'eval_auprc': 0.1911619924452158, 'eval_mcc': 0.15663691795884715, 'eval_precision': 0.3333333333333333, 'eval_recall': 0.1225296442687747, 'eval_f1': 0.1791907514450867, 'eval_runtime': 20.471, 'eval_samples_per_second': 1084.019, 'eval_steps_per_second': 16.951, 'epoch': 0.77}
{'loss': 0.6349, 'learning_rate': 0.0007436485633996674, 'epoch': 0.78}
{'loss': 0.6373, 'learning_rate': 0.0007425015771061537, 'epoch': 0.78}
{'loss': 0.6256, 'learning_rate': 0.0007413545908126398, 'epoch': 0.78}
{'loss': 0.6052, 'learning_rate': 0.000740207604519126, 'epoch': 0.79}
{'loss': 0.6182, 'learning_rate': 0.0007390606182256122, 'epoch': 0.79}
{'loss': 0.6428, 'learning_rate': 0.0007379136319320984, 'epoch': 0.79}
{'loss': 0.6293, 'learning_rate': 0.0007367666456385846, 'epoch': 0.8}
{'loss': 0.6414, 'learning_rate': 0.0007356196593450708, 'epoch': 0.8}
{'loss': 0.6216, 'learning_rate': 0.0007344726730515571, 'epoch': 0.8}
{'loss': 0.6223, 'learning_rate': 0.0007333256867580432, 'epoch': 0.81}
{'loss': 0.6288, 'learning_rate': 0.0007321787004645295, 'epoch': 0.81}
{'loss': 0.6208, 'learning_rate': 0.0007310317141710157, 'epoch': 0.81}
{'eval_loss': 0.5101888179779053, 'eval_bce': 0.5019091591401403, 'eval_n_pos': 2024.0, 'eval_pos_rate': 0.09120814744716327, 'eval_auroc': 0.6357964479795291, 'eval_auprc': 0.18469588556254285, 'eval_mcc': 0.14925870245114914, 'eval_precision': 0.2936259143155695, 'eval_recall': 0.13883399209486166, 'eval_f1': 0.18852733981885272, 'eval_runtime': 20.4695, 'eval_samples_per_second': 1084.099, 'eval_steps_per_second': 16.952, 'epoch': 0.81}
{'loss': 0.6446, 'learning_rate': 0.000729884727877502, 'epoch': 0.82}
{'loss': 0.6376, 'learning_rate': 0.000728737741583988, 'epoch': 0.82}
{'loss': 0.6397, 'learning_rate': 0.0007275907552904742, 'epoch': 0.82}
{'loss': 0.6109, 'learning_rate': 0.0007264437689969605, 'epoch': 0.83}
{'loss': 0.6317, 'learning_rate': 0.0007252967827034467, 'epoch': 0.83}
{'loss': 0.6328, 'learning_rate': 0.0007241497964099329, 'epoch': 0.83}
{'loss': 0.6288, 'learning_rate': 0.0007230028101164191, 'epoch': 0.84}
{'loss': 0.604, 'learning_rate': 0.0007218558238229054, 'epoch': 0.84}
{'loss': 0.5931, 'learning_rate': 0.0007207088375293916, 'epoch': 0.84}
{'loss': 0.6151, 'learning_rate': 0.0007195618512358776, 'epoch': 0.85}
{'loss': 0.638, 'learning_rate': 0.0007184148649423639, 'epoch': 0.85}
{'loss': 0.621, 'learning_rate': 0.0007172678786488501, 'epoch': 0.85}
{'loss': 0.6417, 'learning_rate': 0.0007161208923553364, 'epoch': 0.86}
{'eval_loss': 0.5102209448814392, 'eval_bce': 0.5019998665686731, 'eval_n_pos': 2024.0, 'eval_pos_rate': 0.09120814744716327, 'eval_auroc': 0.6356214639381716, 'eval_auprc': 0.1836087017595501, 'eval_mcc': 0.1395966658499383, 'eval_precision': 0.28251599147121537, 'eval_recall': 0.1309288537549407, 'eval_f1': 0.1789331532748143, 'eval_runtime': 20.4679, 'eval_samples_per_second': 1084.184, 'eval_steps_per_second': 16.953, 'epoch': 0.86}
{'loss': 0.6295, 'learning_rate': 0.0007149739060618225, 'epoch': 0.86}
{'loss': 0.6372, 'learning_rate': 0.0007138269197683088, 'epoch': 0.86}
{'loss': 0.6382, 'learning_rate': 0.000712679933474795, 'epoch': 0.87}
{'loss': 0.6341, 'learning_rate': 0.0007115329471812813, 'epoch': 0.87}
{'loss': 0.6361, 'learning_rate': 0.0007103859608877674, 'epoch': 0.87}
{'loss': 0.6538, 'learning_rate': 0.0007092389745942536, 'epoch': 0.88}
{'loss': 0.6356, 'learning_rate': 0.0007080919883007399, 'epoch': 0.88}
{'loss': 0.625, 'learning_rate': 0.000706945002007226, 'epoch': 0.89}
{'loss': 0.6126, 'learning_rate': 0.0007057980157137122, 'epoch': 0.89}
{'loss': 0.654, 'learning_rate': 0.0007046510294201984, 'epoch': 0.89}
{'loss': 0.6367, 'learning_rate': 0.0007035040431266847, 'epoch': 0.9}
{'loss': 0.6517, 'learning_rate': 0.0007023570568331709, 'epoch': 0.9}
{'eval_loss': 0.5018940567970276, 'eval_bce': 0.4927900801988915, 'eval_n_pos': 2024.0, 'eval_pos_rate': 0.09120814744716327, 'eval_auroc': 0.63840761166003, 'eval_auprc': 0.1845318819840076, 'eval_mcc': 0.13324456274343874, 'eval_precision': 0.2957559681697613, 'eval_recall': 0.11017786561264822, 'eval_f1': 0.16054715622750182, 'eval_runtime': 20.4727, 'eval_samples_per_second': 1083.933, 'eval_steps_per_second': 16.949, 'epoch': 0.9}
{'loss': 0.6434, 'learning_rate': 0.000701210070539657, 'epoch': 0.9}
{'loss': 0.6174, 'learning_rate': 0.0007000630842461433, 'epoch': 0.91}
{'loss': 0.6768, 'learning_rate': 0.0006989160979526295, 'epoch': 0.91}
{'loss': 0.6356, 'learning_rate': 0.0006977691116591158, 'epoch': 0.91}
{'loss': 0.6195, 'learning_rate': 0.0006966221253656018, 'epoch': 0.92}
{'loss': 0.6447, 'learning_rate': 0.0006954751390720881, 'epoch': 0.92}
{'loss': 0.6299, 'learning_rate': 0.0006943281527785743, 'epoch': 0.92}
{'loss': 0.6473, 'learning_rate': 0.0006931811664850605, 'epoch': 0.93}
{'loss': 0.6486, 'learning_rate': 0.0006920341801915467, 'epoch': 0.93}
{'loss': 0.6432, 'learning_rate': 0.0006908871938980329, 'epoch': 0.93}
{'loss': 0.6118, 'learning_rate': 0.0006897402076045192, 'epoch': 0.94}
{'loss': 0.6433, 'learning_rate': 0.0006885932213110054, 'epoch': 0.94}
{'loss': 0.6545, 'learning_rate': 0.0006874462350174916, 'epoch': 0.94}
{'eval_loss': 0.5011425018310547, 'eval_bce': 0.49188843114119557, 'eval_n_pos': 2024.0, 'eval_pos_rate': 0.09120814744716327, 'eval_auroc': 0.6374674261419127, 'eval_auprc': 0.18523787455933843, 'eval_mcc': 0.14058774717676506, 'eval_precision': 0.31129476584022037, 'eval_recall': 0.11166007905138339, 'eval_f1': 0.16436363636363638, 'eval_runtime': 20.4725, 'eval_samples_per_second': 1083.942, 'eval_steps_per_second': 16.95, 'epoch': 0.94}
{'loss': 0.6337, 'learning_rate': 0.0006862992487239777, 'epoch': 0.95}
{'loss': 0.6543, 'learning_rate': 0.000685152262430464, 'epoch': 0.95}
{'loss': 0.6192, 'learning_rate': 0.0006840052761369502, 'epoch': 0.95}
{'loss': 0.6351, 'learning_rate': 0.0006828582898434363, 'epoch': 0.96}
{'loss': 0.6424, 'learning_rate': 0.0006817113035499226, 'epoch': 0.96}
{'loss': 0.6211, 'learning_rate': 0.0006805643172564088, 'epoch': 0.96}
{'loss': 0.6685, 'learning_rate': 0.0006794173309628951, 'epoch': 0.97}
{'loss': 0.6326, 'learning_rate': 0.0006782703446693812, 'epoch': 0.97}
{'loss': 0.6073, 'learning_rate': 0.0006771233583758675, 'epoch': 0.97}
{'loss': 0.6096, 'learning_rate': 0.0006759763720823537, 'epoch': 0.98}
{'loss': 0.6314, 'learning_rate': 0.0006748293857888398, 'epoch': 0.98}
{'loss': 0.6338, 'learning_rate': 0.000673682399495326, 'epoch': 0.98}
{'eval_loss': 0.5044936537742615, 'eval_bce': 0.49559674917186664, 'eval_n_pos': 2024.0, 'eval_pos_rate': 0.09120814744716327, 'eval_auroc': 0.6402065113025606, 'eval_auprc': 0.18680310296025782, 'eval_mcc': 0.14060350876479158, 'eval_precision': 0.3001245330012453, 'eval_recall': 0.1190711462450593, 'eval_f1': 0.17049876193845065, 'eval_runtime': 20.4683, 'eval_samples_per_second': 1084.162, 'eval_steps_per_second': 16.953, 'epoch': 0.99}
{'loss': 0.6347, 'learning_rate': 0.0006725354132018122, 'epoch': 0.99}
{'loss': 0.6548, 'learning_rate': 0.0006713884269082985, 'epoch': 0.99}
{'loss': 0.6368, 'learning_rate': 0.0006702414406147847, 'epoch': 1.0}
{'loss': 0.6356, 'learning_rate': 0.0006690944543212709, 'epoch': 1.0}
{'loss': 0.6281, 'learning_rate': 0.0006679474680277571, 'epoch': 1.0}
{'loss': 0.6224, 'learning_rate': 0.0006668004817342433, 'epoch': 1.01}
{'loss': 0.6194, 'learning_rate': 0.0006656534954407296, 'epoch': 1.01}
{'loss': 0.6557, 'learning_rate': 0.0006645065091472156, 'epoch': 1.01}
{'loss': 0.6234, 'learning_rate': 0.0006633595228537019, 'epoch': 1.02}
{'loss': 0.6338, 'learning_rate': 0.0006622125365601881, 'epoch': 1.02}
{'loss': 0.6306, 'learning_rate': 0.0006610655502666744, 'epoch': 1.02}
{'loss': 0.6551, 'learning_rate': 0.0006599185639731605, 'epoch': 1.03}
{'loss': 0.6223, 'learning_rate': 0.0006587715776796468, 'epoch': 1.03}
{'eval_loss': 0.5023646354675293, 'eval_bce': 0.4928646007876669, 'eval_n_pos': 2024.0, 'eval_pos_rate': 0.09120814744716327, 'eval_auroc': 0.6366916043526671, 'eval_auprc': 0.19308173569606313, 'eval_mcc': 0.15188508827521446, 'eval_precision': 0.3232588699080158, 'eval_recall': 0.12154150197628459, 'eval_f1': 0.17666068222621187, 'eval_runtime': 20.4494, 'eval_samples_per_second': 1085.169, 'eval_steps_per_second': 16.969, 'epoch': 1.03}
{'loss': 0.6236, 'learning_rate': 0.000657624591386133, 'epoch': 1.03}
{'loss': 0.6379, 'learning_rate': 0.0006564776050926191, 'epoch': 1.04}
{'loss': 0.6521, 'learning_rate': 0.0006553306187991054, 'epoch': 1.04}
{'loss': 0.6338, 'learning_rate': 0.0006541836325055915, 'epoch': 1.04}
{'loss': 0.6323, 'learning_rate': 0.0006530366462120778, 'epoch': 1.05}
{'loss': 0.6387, 'learning_rate': 0.0006518896599185639, 'epoch': 1.05}
{'loss': 0.6242, 'learning_rate': 0.0006507426736250502, 'epoch': 1.05}
{'loss': 0.6203, 'learning_rate': 0.0006495956873315364, 'epoch': 1.06}
{'loss': 0.62, 'learning_rate': 0.0006484487010380226, 'epoch': 1.06}
{'loss': 0.6346, 'learning_rate': 0.0006473017147445088, 'epoch': 1.06}
{'loss': 0.6461, 'learning_rate': 0.000646154728450995, 'epoch': 1.07}
{'loss': 0.6209, 'learning_rate': 0.0006450077421574813, 'epoch': 1.07}
{'eval_loss': 0.4978027641773224, 'eval_bce': 0.4880354775543235, 'eval_n_pos': 2024.0, 'eval_pos_rate': 0.09120814744716327, 'eval_auroc': 0.6428999058454787, 'eval_auprc': 0.19579434592571066, 'eval_mcc': 0.15449760551788713, 'eval_precision': 0.33712660028449504, 'eval_recall': 0.11709486166007906, 'eval_f1': 0.17381738173817382, 'eval_runtime': 20.4783, 'eval_samples_per_second': 1083.635, 'eval_steps_per_second': 16.945, 'epoch': 1.07}
{'loss': 0.6308, 'learning_rate': 0.0006438607558639675, 'epoch': 1.07}
{'loss': 0.6275, 'learning_rate': 0.0006427137695704536, 'epoch': 1.08}
{'loss': 0.6629, 'learning_rate': 0.0006415667832769398, 'epoch': 1.08}
{'loss': 0.6124, 'learning_rate': 0.000640419796983426, 'epoch': 1.08}
{'loss': 0.6404, 'learning_rate': 0.0006392728106899123, 'epoch': 1.09}
{'loss': 0.6256, 'learning_rate': 0.0006381258243963984, 'epoch': 1.09}
{'loss': 0.6498, 'learning_rate': 0.0006369788381028847, 'epoch': 1.09}
{'loss': 0.6078, 'learning_rate': 0.0006358318518093709, 'epoch': 1.1}
{'loss': 0.6288, 'learning_rate': 0.0006346848655158572, 'epoch': 1.1}
{'loss': 0.6383, 'learning_rate': 0.0006335378792223432, 'epoch': 1.1}
{'loss': 0.6271, 'learning_rate': 0.0006323908929288295, 'epoch': 1.11}
{'loss': 0.6457, 'learning_rate': 0.0006312439066353157, 'epoch': 1.11}
{'loss': 0.6324, 'learning_rate': 0.0006300969203418019, 'epoch': 1.12}
{'eval_loss': 0.49826502799987793, 'eval_bce': 0.4892068238446338, 'eval_n_pos': 2024.0, 'eval_pos_rate': 0.09120814744716327, 'eval_auroc': 0.6394282028657549, 'eval_auprc': 0.19089128746940326, 'eval_mcc': 0.149825285004626, 'eval_precision': 0.32058047493403696, 'eval_recall': 0.12005928853754941, 'eval_f1': 0.1746944644140906, 'eval_runtime': 20.4461, 'eval_samples_per_second': 1085.343, 'eval_steps_per_second': 16.971, 'epoch': 1.12}
{'loss': 0.6479, 'learning_rate': 0.0006289499340482881, 'epoch': 1.12}
{'loss': 0.6352, 'learning_rate': 0.0006278029477547743, 'epoch': 1.12}
{'loss': 0.6254, 'learning_rate': 0.0006266559614612606, 'epoch': 1.13}
{'loss': 0.6094, 'learning_rate': 0.0006255089751677468, 'epoch': 1.13}
{'loss': 0.6369, 'learning_rate': 0.000624361988874233, 'epoch': 1.13}
{'loss': 0.6196, 'learning_rate': 0.0006232150025807192, 'epoch': 1.14}
{'loss': 0.6354, 'learning_rate': 0.0006220680162872053, 'epoch': 1.14}
{'loss': 0.6422, 'learning_rate': 0.0006209210299936916, 'epoch': 1.14}
{'loss': 0.6253, 'learning_rate': 0.0006197740437001777, 'epoch': 1.15}
{'loss': 0.621, 'learning_rate': 0.000618627057406664, 'epoch': 1.15}
{'loss': 0.6483, 'learning_rate': 0.0006174800711131502, 'epoch': 1.15}
{'loss': 0.631, 'learning_rate': 0.0006163330848196365, 'epoch': 1.16}
{'eval_loss': 0.4986012279987335, 'eval_bce': 0.48971244219468574, 'eval_n_pos': 2024.0, 'eval_pos_rate': 0.09120814744716327, 'eval_auroc': 0.6379284848981362, 'eval_auprc': 0.1880241832903578, 'eval_mcc': 0.1433724500527684, 'eval_precision': 0.30661577608142493, 'eval_recall': 0.1190711462450593, 'eval_f1': 0.1715302491103203, 'eval_runtime': 20.4568, 'eval_samples_per_second': 1084.772, 'eval_steps_per_second': 16.963, 'epoch': 1.16}
{'loss': 0.6572, 'learning_rate': 0.0006151860985261226, 'epoch': 1.16}
{'loss': 0.6355, 'learning_rate': 0.0006140391122326089, 'epoch': 1.16}
{'loss': 0.6166, 'learning_rate': 0.0006128921259390951, 'epoch': 1.17}
{'loss': 0.6423, 'learning_rate': 0.0006117451396455813, 'epoch': 1.17}
{'loss': 0.6217, 'learning_rate': 0.0006105981533520674, 'epoch': 1.17}
{'loss': 0.6328, 'learning_rate': 0.0006094511670585536, 'epoch': 1.18}
{'loss': 0.6163, 'learning_rate': 0.0006083041807650399, 'epoch': 1.18}
{'loss': 0.6284, 'learning_rate': 0.0006071571944715261, 'epoch': 1.18}
{'loss': 0.6336, 'learning_rate': 0.0006060102081780123, 'epoch': 1.19}
{'loss': 0.6366, 'learning_rate': 0.0006048632218844985, 'epoch': 1.19}
{'loss': 0.6351, 'learning_rate': 0.0006037162355909847, 'epoch': 1.19}
{'loss': 0.6146, 'learning_rate': 0.000602569249297471, 'epoch': 1.2}
{'loss': 0.6421, 'learning_rate': 0.000601422263003957, 'epoch': 1.2}
{'eval_loss': 0.49923568964004517, 'eval_bce': 0.49001977205592767, 'eval_n_pos': 2024.0, 'eval_pos_rate': 0.09120814744716327, 'eval_auroc': 0.6418188021326272, 'eval_auprc': 0.19462103197387018, 'eval_mcc': 0.14914268461770702, 'eval_precision': 0.3136762860727729, 'eval_recall': 0.12351778656126482, 'eval_f1': 0.17724211272598367, 'eval_runtime': 20.4404, 'eval_samples_per_second': 1085.646, 'eval_steps_per_second': 16.976, 'epoch': 1.2}
{'loss': 0.6346, 'learning_rate': 0.0006002752767104433, 'epoch': 1.2}
{'loss': 0.6358, 'learning_rate': 0.0005991282904169295, 'epoch': 1.21}
{'loss': 0.6446, 'learning_rate': 0.0005979813041234158, 'epoch': 1.21}
{'loss': 0.6185, 'learning_rate': 0.0005968343178299019, 'epoch': 1.21}
{'loss': 0.6203, 'learning_rate': 0.0005956873315363881, 'epoch': 1.22}
{'loss': 0.6282, 'learning_rate': 0.0005945403452428744, 'epoch': 1.22}
{'loss': 0.6343, 'learning_rate': 0.0005933933589493606, 'epoch': 1.22}
{'loss': 0.6234, 'learning_rate': 0.0005922463726558468, 'epoch': 1.23}
{'loss': 0.6226, 'learning_rate': 0.000591099386362333, 'epoch': 1.23}
{'loss': 0.6353, 'learning_rate': 0.0005899524000688193, 'epoch': 1.24}
{'loss': 0.626, 'learning_rate': 0.0005888054137753054, 'epoch': 1.24}
{'loss': 0.6409, 'learning_rate': 0.0005876584274817916, 'epoch': 1.24}
{'eval_loss': 0.5066706538200378, 'eval_bce': 0.4983665959154465, 'eval_n_pos': 2024.0, 'eval_pos_rate': 0.09120814744716327, 'eval_auroc': 0.6344977319814332, 'eval_auprc': 0.1822550015147146, 'eval_mcc': 0.14495500592572289, 'eval_precision': 0.286302780638517, 'eval_recall': 0.1373517786561265, 'eval_f1': 0.1856427378964942, 'eval_runtime': 20.4498, 'eval_samples_per_second': 1085.146, 'eval_steps_per_second': 16.968, 'epoch': 1.24}
{'loss': 0.6131, 'learning_rate': 0.0005865114411882778, 'epoch': 1.25}
{'loss': 0.6243, 'learning_rate': 0.000585364454894764, 'epoch': 1.25}
{'loss': 0.6252, 'learning_rate': 0.0005842174686012503, 'epoch': 1.25}
{'loss': 0.6244, 'learning_rate': 0.0005830704823077364, 'epoch': 1.26}
{'loss': 0.6217, 'learning_rate': 0.0005819234960142227, 'epoch': 1.26}
{'loss': 0.6473, 'learning_rate': 0.0005807765097207089, 'epoch': 1.26}
{'loss': 0.6124, 'learning_rate': 0.0005796295234271952, 'epoch': 1.27}
{'loss': 0.6335, 'learning_rate': 0.0005784825371336812, 'epoch': 1.27}
{'loss': 0.6206, 'learning_rate': 0.0005773355508401674, 'epoch': 1.27}
{'loss': 0.619, 'learning_rate': 0.0005761885645466537, 'epoch': 1.28}
{'loss': 0.6369, 'learning_rate': 0.0005750415782531398, 'epoch': 1.28}
{'loss': 0.6318, 'learning_rate': 0.0005738945919596261, 'epoch': 1.28}
{'loss': 0.6206, 'learning_rate': 0.0005727476056661123, 'epoch': 1.29}
{'eval_loss': 0.5018237233161926, 'eval_bce': 0.4929094829377666, 'eval_n_pos': 2024.0, 'eval_pos_rate': 0.09120814744716327, 'eval_auroc': 0.6413993794111658, 'eval_auprc': 0.19075250309376096, 'eval_mcc': 0.14631631130164272, 'eval_precision': 0.29515418502202645, 'eval_recall': 0.1324110671936759, 'eval_f1': 0.18281036834924969, 'eval_runtime': 20.4458, 'eval_samples_per_second': 1085.357, 'eval_steps_per_second': 16.972, 'epoch': 1.29}
{'loss': 0.651, 'learning_rate': 0.0005716006193725986, 'epoch': 1.29}
{'loss': 0.6248, 'learning_rate': 0.0005704536330790847, 'epoch': 1.29}
{'loss': 0.6351, 'learning_rate': 0.0005693066467855708, 'epoch': 1.3}
{'loss': 0.6414, 'learning_rate': 0.0005681596604920571, 'epoch': 1.3}
{'loss': 0.6289, 'learning_rate': 0.0005670126741985433, 'epoch': 1.3}
{'loss': 0.6362, 'learning_rate': 0.0005658656879050295, 'epoch': 1.31}
{'loss': 0.6033, 'learning_rate': 0.0005647187016115157, 'epoch': 1.31}
{'loss': 0.6344, 'learning_rate': 0.000563571715318002, 'epoch': 1.31}
{'loss': 0.6167, 'learning_rate': 0.0005624247290244882, 'epoch': 1.32}
{'loss': 0.6314, 'learning_rate': 0.0005612777427309744, 'epoch': 1.32}
{'loss': 0.6178, 'learning_rate': 0.0005601307564374606, 'epoch': 1.32}
{'loss': 0.6351, 'learning_rate': 0.0005589837701439468, 'epoch': 1.33}
{'eval_loss': 0.49566569924354553, 'eval_bce': 0.48628121164957655, 'eval_n_pos': 2024.0, 'eval_pos_rate': 0.09120814744716327, 'eval_auroc': 0.6310216069338808, 'eval_auprc': 0.1945101307010478, 'eval_mcc': 0.15117146092544922, 'eval_precision': 0.3287101248266297, 'eval_recall': 0.11709486166007906, 'eval_f1': 0.1726775956284153, 'eval_runtime': 20.4521, 'eval_samples_per_second': 1085.024, 'eval_steps_per_second': 16.966, 'epoch': 1.33}
{'loss': 0.6214, 'learning_rate': 0.000557836783850433, 'epoch': 1.33}
{'loss': 0.6293, 'learning_rate': 0.0005566897975569191, 'epoch': 1.33}
{'loss': 0.604, 'learning_rate': 0.0005555428112634054, 'epoch': 1.34}
{'loss': 0.6465, 'learning_rate': 0.0005543958249698916, 'epoch': 1.34}
{'loss': 0.6325, 'learning_rate': 0.0005532488386763779, 'epoch': 1.34}
{'loss': 0.6522, 'learning_rate': 0.000552101852382864, 'epoch': 1.35}
{'loss': 0.6177, 'learning_rate': 0.0005509548660893502, 'epoch': 1.35}
{'loss': 0.6285, 'learning_rate': 0.0005498078797958365, 'epoch': 1.36}
{'loss': 0.6298, 'learning_rate': 0.0005486608935023227, 'epoch': 1.36}
{'loss': 0.6235, 'learning_rate': 0.0005475139072088088, 'epoch': 1.36}
{'loss': 0.6421, 'learning_rate': 0.000546366920915295, 'epoch': 1.37}
{'loss': 0.6223, 'learning_rate': 0.0005452199346217813, 'epoch': 1.37}
{'loss': 0.5944, 'learning_rate': 0.0005440729483282675, 'epoch': 1.37}
{'eval_loss': 0.5077070593833923, 'eval_bce': 0.4993193801583485, 'eval_n_pos': 2024.0, 'eval_pos_rate': 0.09120814744716327, 'eval_auroc': 0.6383358541161537, 'eval_auprc': 0.18869792095233642, 'eval_mcc': 0.150406989759177, 'eval_precision': 0.2880859375, 'eval_recall': 0.14575098814229248, 'eval_f1': 0.19356955380577426, 'eval_runtime': 20.4521, 'eval_samples_per_second': 1085.025, 'eval_steps_per_second': 16.967, 'epoch': 1.37}
{'loss': 0.6236, 'learning_rate': 0.0005429259620347537, 'epoch': 1.38}
{'loss': 0.6481, 'learning_rate': 0.0005417789757412399, 'epoch': 1.38}
{'loss': 0.6297, 'learning_rate': 0.0005406319894477261, 'epoch': 1.38}
{'loss': 0.6444, 'learning_rate': 0.0005394850031542124, 'epoch': 1.39}
{'loss': 0.6171, 'learning_rate': 0.0005383380168606985, 'epoch': 1.39}
{'loss': 0.6485, 'learning_rate': 0.0005371910305671848, 'epoch': 1.39}
{'loss': 0.6385, 'learning_rate': 0.0005360440442736709, 'epoch': 1.4}
{'loss': 0.6163, 'learning_rate': 0.0005348970579801572, 'epoch': 1.4}
{'loss': 0.6024, 'learning_rate': 0.0005337500716866433, 'epoch': 1.4}
{'loss': 0.6247, 'learning_rate': 0.0005326030853931295, 'epoch': 1.41}
{'loss': 0.634, 'learning_rate': 0.0005314560990996158, 'epoch': 1.41}
{'loss': 0.6216, 'learning_rate': 0.000530309112806102, 'epoch': 1.41}
{'eval_loss': 0.49427199363708496, 'eval_bce': 0.48489394777286804, 'eval_n_pos': 2024.0, 'eval_pos_rate': 0.09120814744716327, 'eval_auroc': 0.6391968466467056, 'eval_auprc': 0.19039098132964313, 'eval_mcc': 0.15413397144267302, 'eval_precision': 0.32717678100263853, 'eval_recall': 0.1225296442687747, 'eval_f1': 0.17828900071890724, 'eval_runtime': 20.4511, 'eval_samples_per_second': 1085.074, 'eval_steps_per_second': 16.967, 'epoch': 1.42}
{'loss': 0.6331, 'learning_rate': 0.0005291621265125882, 'epoch': 1.42}
{'loss': 0.6137, 'learning_rate': 0.0005280151402190744, 'epoch': 1.42}
{'loss': 0.6447, 'learning_rate': 0.0005268681539255607, 'epoch': 1.42}
{'loss': 0.6199, 'learning_rate': 0.0005257211676320469, 'epoch': 1.43}
{'loss': 0.5987, 'learning_rate': 0.0005245741813385329, 'epoch': 1.43}
{'loss': 0.6293, 'learning_rate': 0.0005234271950450192, 'epoch': 1.43}
{'loss': 0.6248, 'learning_rate': 0.0005222802087515054, 'epoch': 1.44}
{'loss': 0.6206, 'learning_rate': 0.0005211332224579917, 'epoch': 1.44}
{'loss': 0.6512, 'learning_rate': 0.0005199862361644778, 'epoch': 1.44}
{'loss': 0.5974, 'learning_rate': 0.0005188392498709641, 'epoch': 1.45}
{'loss': 0.6381, 'learning_rate': 0.0005176922635774503, 'epoch': 1.45}
{'loss': 0.6241, 'learning_rate': 0.0005165452772839366, 'epoch': 1.45}
{'loss': 0.6343, 'learning_rate': 0.0005153982909904226, 'epoch': 1.46}
{'eval_loss': 0.4895913004875183, 'eval_bce': 0.47958660072174325, 'eval_n_pos': 2024.0, 'eval_pos_rate': 0.09120814744716327, 'eval_auroc': 0.6460755875200964, 'eval_auprc': 0.20295320008679818, 'eval_mcc': 0.16014125497802886, 'eval_precision': 0.35454545454545455, 'eval_recall': 0.11561264822134387, 'eval_f1': 0.17436661698956782, 'eval_runtime': 20.4446, 'eval_samples_per_second': 1085.418, 'eval_steps_per_second': 16.973, 'epoch': 1.46}
{'loss': 0.628, 'learning_rate': 0.0005142513046969088, 'epoch': 1.46}
{'loss': 0.6344, 'learning_rate': 0.0005131043184033951, 'epoch': 1.47}
{'loss': 0.6313, 'learning_rate': 0.0005119573321098813, 'epoch': 1.47}
{'loss': 0.6495, 'learning_rate': 0.0005108103458163675, 'epoch': 1.47}
{'loss': 0.6246, 'learning_rate': 0.0005096633595228537, 'epoch': 1.48}
{'loss': 0.6201, 'learning_rate': 0.00050851637322934, 'epoch': 1.48}
{'loss': 0.6511, 'learning_rate': 0.0005073693869358262, 'epoch': 1.48}
{'loss': 0.6435, 'learning_rate': 0.0005062224006423123, 'epoch': 1.49}
{'loss': 0.6448, 'learning_rate': 0.0005050754143487986, 'epoch': 1.49}
{'loss': 0.6121, 'learning_rate': 0.0005039284280552847, 'epoch': 1.49}
{'loss': 0.6201, 'learning_rate': 0.0005027814417617709, 'epoch': 1.5}
{'loss': 0.6338, 'learning_rate': 0.0005016344554682571, 'epoch': 1.5}
{'eval_loss': 0.48829683661460876, 'eval_bce': 0.4778424654303801, 'eval_n_pos': 2024.0, 'eval_pos_rate': 0.09120814744716327, 'eval_auroc': 0.6414851993757266, 'eval_auprc': 0.20224888289120263, 'eval_mcc': 0.1593909580740042, 'eval_precision': 0.37282229965156793, 'eval_recall': 0.10573122529644269, 'eval_f1': 0.16474210931485758, 'eval_runtime': 20.4819, 'eval_samples_per_second': 1083.444, 'eval_steps_per_second': 16.942, 'epoch': 1.5}
{'loss': 0.6514, 'learning_rate': 0.0005004874691747434, 'epoch': 1.5}
{'loss': 0.6225, 'learning_rate': 0.0004993404828812296, 'epoch': 1.51}
{'loss': 0.6542, 'learning_rate': 0.0004981934965877158, 'epoch': 1.51}
{'loss': 0.6133, 'learning_rate': 0.000497046510294202, 'epoch': 1.51}
{'loss': 0.6254, 'learning_rate': 0.0004958995240006882, 'epoch': 1.52}
{'loss': 0.6417, 'learning_rate': 0.0004947525377071745, 'epoch': 1.52}
{'loss': 0.6064, 'learning_rate': 0.0004936055514136605, 'epoch': 1.52}
{'loss': 0.6277, 'learning_rate': 0.0004924585651201468, 'epoch': 1.53}
{'loss': 0.6381, 'learning_rate': 0.000491311578826633, 'epoch': 1.53}
{'loss': 0.6283, 'learning_rate': 0.0004901645925331192, 'epoch': 1.53}
{'loss': 0.6471, 'learning_rate': 0.0004890176062396054, 'epoch': 1.54}
{'loss': 0.6251, 'learning_rate': 0.00048787061994609164, 'epoch': 1.54}
{'loss': 0.6196, 'learning_rate': 0.0004867236336525779, 'epoch': 1.54}
{'eval_loss': 0.4907495081424713, 'eval_bce': 0.4808969119900222, 'eval_n_pos': 2024.0, 'eval_pos_rate': 0.09120814744716327, 'eval_auroc': 0.6407064989550691, 'eval_auprc': 0.19972666340864678, 'eval_mcc': 0.16240614017735802, 'eval_precision': 0.3568215892053973, 'eval_recall': 0.11758893280632411, 'eval_f1': 0.1768859160163508, 'eval_runtime': 20.4611, 'eval_samples_per_second': 1084.545, 'eval_steps_per_second': 16.959, 'epoch': 1.54}
{'loss': 0.5981, 'learning_rate': 0.0004855766473590641, 'epoch': 1.55}
{'loss': 0.6286, 'learning_rate': 0.00048442966106555026, 'epoch': 1.55}
{'loss': 0.658, 'learning_rate': 0.00048328267477203645, 'epoch': 1.55}
{'loss': 0.6445, 'learning_rate': 0.0004821356884785227, 'epoch': 1.56}
{'loss': 0.6294, 'learning_rate': 0.0004809887021850089, 'epoch': 1.56}
{'loss': 0.6508, 'learning_rate': 0.0004798417158914951, 'epoch': 1.56}
{'loss': 0.6159, 'learning_rate': 0.0004786947295979813, 'epoch': 1.57}
{'loss': 0.6132, 'learning_rate': 0.00047754774330446755, 'epoch': 1.57}
{'loss': 0.6308, 'learning_rate': 0.00047640075701095374, 'epoch': 1.57}
{'loss': 0.6369, 'learning_rate': 0.0004752537707174399, 'epoch': 1.58}
{'loss': 0.6334, 'learning_rate': 0.0004741067844239261, 'epoch': 1.58}
{'loss': 0.6038, 'learning_rate': 0.00047295979813041236, 'epoch': 1.59}
{'eval_loss': 0.4986889362335205, 'eval_bce': 0.489583813793614, 'eval_n_pos': 2024.0, 'eval_pos_rate': 0.09120814744716327, 'eval_auroc': 0.6414822594968379, 'eval_auprc': 0.19306861354358618, 'eval_mcc': 0.15326212404866477, 'eval_precision': 0.3099078341013825, 'eval_recall': 0.13290513833992096, 'eval_f1': 0.18603042876901799, 'eval_runtime': 20.4669, 'eval_samples_per_second': 1084.238, 'eval_steps_per_second': 16.954, 'epoch': 1.59}
{'loss': 0.6403, 'learning_rate': 0.00047181281183689854, 'epoch': 1.59}
{'loss': 0.6514, 'learning_rate': 0.0004706658255433848, 'epoch': 1.59}
{'loss': 0.6385, 'learning_rate': 0.000469518839249871, 'epoch': 1.6}
{'loss': 0.6471, 'learning_rate': 0.0004683718529563572, 'epoch': 1.6}
{'loss': 0.6304, 'learning_rate': 0.00046722486666284335, 'epoch': 1.6}
{'loss': 0.6351, 'learning_rate': 0.0004660778803693296, 'epoch': 1.61}
{'loss': 0.6195, 'learning_rate': 0.0004649308940758158, 'epoch': 1.61}
{'loss': 0.6365, 'learning_rate': 0.000463783907782302, 'epoch': 1.61}
{'loss': 0.6372, 'learning_rate': 0.0004626369214887882, 'epoch': 1.62}
{'loss': 0.6043, 'learning_rate': 0.00046148993519527445, 'epoch': 1.62}
{'loss': 0.6044, 'learning_rate': 0.00046034294890176064, 'epoch': 1.62}
{'loss': 0.6206, 'learning_rate': 0.0004591959626082469, 'epoch': 1.63}
{'loss': 0.6032, 'learning_rate': 0.000458048976314733, 'epoch': 1.63}
{'eval_loss': 0.5059066414833069, 'eval_bce': 0.49760327916536945, 'eval_n_pos': 2024.0, 'eval_pos_rate': 0.09120814744716327, 'eval_auroc': 0.6461798552246841, 'eval_auprc': 0.19609722896066983, 'eval_mcc': 0.16257793338277973, 'eval_precision': 0.30533596837944665, 'eval_recall': 0.15266798418972333, 'eval_f1': 0.20355731225296445, 'eval_runtime': 20.4797, 'eval_samples_per_second': 1083.561, 'eval_steps_per_second': 16.944, 'epoch': 1.63}
{'loss': 0.6442, 'learning_rate': 0.00045690199002121926, 'epoch': 1.63}
{'loss': 0.6438, 'learning_rate': 0.00045575500372770544, 'epoch': 1.64}
{'loss': 0.6104, 'learning_rate': 0.0004546080174341917, 'epoch': 1.64}
{'loss': 0.6374, 'learning_rate': 0.0004534610311406779, 'epoch': 1.64}
{'loss': 0.6223, 'learning_rate': 0.0004523140448471641, 'epoch': 1.65}
{'loss': 0.6104, 'learning_rate': 0.0004511670585536503, 'epoch': 1.65}
{'loss': 0.6339, 'learning_rate': 0.00045002007226013655, 'epoch': 1.65}
{'loss': 0.6385, 'learning_rate': 0.0004488730859666227, 'epoch': 1.66}
{'loss': 0.6432, 'learning_rate': 0.0004477260996731089, 'epoch': 1.66}
{'loss': 0.6535, 'learning_rate': 0.0004465791133795951, 'epoch': 1.66}
{'loss': 0.6369, 'learning_rate': 0.00044543212708608135, 'epoch': 1.67}
{'loss': 0.6247, 'learning_rate': 0.00044428514079256754, 'epoch': 1.67}
{'eval_loss': 0.49450042843818665, 'eval_bce': 0.4851045224863399, 'eval_n_pos': 2024.0, 'eval_pos_rate': 0.09120814744716327, 'eval_auroc': 0.6409968609933145, 'eval_auprc': 0.19878149616537194, 'eval_mcc': 0.1615817724274137, 'eval_precision': 0.3359173126614987, 'eval_recall': 0.12845849802371542, 'eval_f1': 0.18584703359542531, 'eval_runtime': 20.4649, 'eval_samples_per_second': 1084.345, 'eval_steps_per_second': 16.956, 'epoch': 1.67}
{'loss': 0.6365, 'learning_rate': 0.0004431381544990538, 'epoch': 1.67}
{'loss': 0.6212, 'learning_rate': 0.00044199116820553997, 'epoch': 1.68}
{'loss': 0.6241, 'learning_rate': 0.0004408441819120262, 'epoch': 1.68}
{'loss': 0.6267, 'learning_rate': 0.00043969719561851234, 'epoch': 1.68}
{'loss': 0.6356, 'learning_rate': 0.0004385502093249986, 'epoch': 1.69}
{'loss': 0.6494, 'learning_rate': 0.0004374032230314848, 'epoch': 1.69}
{'loss': 0.6153, 'learning_rate': 0.000436256236737971, 'epoch': 1.69}
{'loss': 0.6224, 'learning_rate': 0.0004351092504444572, 'epoch': 1.7}
{'loss': 0.628, 'learning_rate': 0.00043396226415094345, 'epoch': 1.7}
{'loss': 0.6092, 'learning_rate': 0.00043281527785742963, 'epoch': 1.71}
{'loss': 0.6369, 'learning_rate': 0.0004316682915639158, 'epoch': 1.71}
{'loss': 0.6433, 'learning_rate': 0.000430521305270402, 'epoch': 1.71}
{'loss': 0.6275, 'learning_rate': 0.0004293743189768882, 'epoch': 1.72}
{'eval_loss': 0.4906688928604126, 'eval_bce': 0.48076221315470463, 'eval_n_pos': 2024.0, 'eval_pos_rate': 0.09120814744716327, 'eval_auroc': 0.6419067902578685, 'eval_auprc': 0.19860437334744688, 'eval_mcc': 0.1548359294335717, 'eval_precision': 0.3406113537117904, 'eval_recall': 0.11561264822134387, 'eval_f1': 0.17263002582073037, 'eval_runtime': 20.45, 'eval_samples_per_second': 1085.137, 'eval_steps_per_second': 16.968, 'epoch': 1.72}
{'loss': 0.6253, 'learning_rate': 0.00042822733268337444, 'epoch': 1.72}
{'loss': 0.6091, 'learning_rate': 0.0004270803463898606, 'epoch': 1.72}
{'loss': 0.626, 'learning_rate': 0.00042593336009634687, 'epoch': 1.73}
{'loss': 0.6486, 'learning_rate': 0.00042478637380283306, 'epoch': 1.73}
{'loss': 0.6149, 'learning_rate': 0.0004236393875093193, 'epoch': 1.73}
{'loss': 0.622, 'learning_rate': 0.00042249240121580543, 'epoch': 1.74}
{'loss': 0.6174, 'learning_rate': 0.0004213454149222917, 'epoch': 1.74}
{'loss': 0.6273, 'learning_rate': 0.00042019842862877786, 'epoch': 1.74}
{'loss': 0.6174, 'learning_rate': 0.0004190514423352641, 'epoch': 1.75}
{'loss': 0.6432, 'learning_rate': 0.0004179044560417503, 'epoch': 1.75}
{'loss': 0.6265, 'learning_rate': 0.00041675746974823653, 'epoch': 1.75}
{'loss': 0.6469, 'learning_rate': 0.0004156104834547227, 'epoch': 1.76}
{'eval_loss': 0.488552063703537, 'eval_bce': 0.47849507869293234, 'eval_n_pos': 2024.0, 'eval_pos_rate': 0.09120814744716327, 'eval_auroc': 0.6424481689552317, 'eval_auprc': 0.19621660788158135, 'eval_mcc': 0.15709350853805737, 'eval_precision': 0.34558823529411764, 'eval_recall': 0.11610671936758893, 'eval_f1': 0.17381656804733728, 'eval_runtime': 20.4905, 'eval_samples_per_second': 1082.99, 'eval_steps_per_second': 16.935, 'epoch': 1.76}
{'loss': 0.6359, 'learning_rate': 0.00041446349716120896, 'epoch': 1.76}
{'loss': 0.5931, 'learning_rate': 0.0004133165108676951, 'epoch': 1.76}
{'loss': 0.6137, 'learning_rate': 0.00041216952457418134, 'epoch': 1.77}
{'loss': 0.6252, 'learning_rate': 0.0004110225382806675, 'epoch': 1.77}
{'loss': 0.6128, 'learning_rate': 0.00040987555198715377, 'epoch': 1.77}
{'loss': 0.6474, 'learning_rate': 0.00040872856569363996, 'epoch': 1.78}
{'loss': 0.6295, 'learning_rate': 0.0004075815794001262, 'epoch': 1.78}
{'loss': 0.6097, 'learning_rate': 0.0004064345931066124, 'epoch': 1.78}
{'loss': 0.6364, 'learning_rate': 0.00040528760681309863, 'epoch': 1.79}
{'loss': 0.6202, 'learning_rate': 0.00040414062051958476, 'epoch': 1.79}
{'loss': 0.6252, 'learning_rate': 0.000402993634226071, 'epoch': 1.79}
{'loss': 0.5897, 'learning_rate': 0.0004018466479325572, 'epoch': 1.8}
{'loss': 0.616, 'learning_rate': 0.00040069966163904343, 'epoch': 1.8}
{'eval_loss': 0.5010899901390076, 'eval_bce': 0.49243992258775904, 'eval_n_pos': 2024.0, 'eval_pos_rate': 0.09120814744716327, 'eval_auroc': 0.6450575074609225, 'eval_auprc': 0.19274725510051577, 'eval_mcc': 0.15369946896175696, 'eval_precision': 0.3001049317943337, 'eval_recall': 0.14130434782608695, 'eval_f1': 0.19213973799126635, 'eval_runtime': 20.4864, 'eval_samples_per_second': 1083.204, 'eval_steps_per_second': 16.938, 'epoch': 1.8}
{'loss': 0.6218, 'learning_rate': 0.0003995526753455296, 'epoch': 1.8}
{'loss': 0.6316, 'learning_rate': 0.00039840568905201586, 'epoch': 1.81}
{'loss': 0.6094, 'learning_rate': 0.00039725870275850205, 'epoch': 1.81}
{'loss': 0.6099, 'learning_rate': 0.00039611171646498824, 'epoch': 1.82}
{'loss': 0.6523, 'learning_rate': 0.0003949647301714744, 'epoch': 1.82}
{'loss': 0.6313, 'learning_rate': 0.00039381774387796067, 'epoch': 1.82}
{'loss': 0.64, 'learning_rate': 0.00039267075758444686, 'epoch': 1.83}
{'loss': 0.623, 'learning_rate': 0.0003915237712909331, 'epoch': 1.83}
{'loss': 0.6462, 'learning_rate': 0.0003903767849974193, 'epoch': 1.83}
{'loss': 0.6297, 'learning_rate': 0.00038922979870390553, 'epoch': 1.84}
{'loss': 0.627, 'learning_rate': 0.0003880828124103917, 'epoch': 1.84}
{'loss': 0.6078, 'learning_rate': 0.0003869358261168779, 'epoch': 1.84}
{'eval_loss': 0.4934768080711365, 'eval_bce': 0.4838798011371509, 'eval_n_pos': 2024.0, 'eval_pos_rate': 0.09120814744716327, 'eval_auroc': 0.6451944323201662, 'eval_auprc': 0.20149422649350643, 'eval_mcc': 0.1610929001474075, 'eval_precision': 0.3316582914572864, 'eval_recall': 0.13043478260869565, 'eval_f1': 0.18723404255319148, 'eval_runtime': 20.4741, 'eval_samples_per_second': 1083.856, 'eval_steps_per_second': 16.948, 'epoch': 1.84}
{'loss': 0.6396, 'learning_rate': 0.0003857888398233641, 'epoch': 1.85}
{'loss': 0.6633, 'learning_rate': 0.00038464185352985033, 'epoch': 1.85}
{'loss': 0.6265, 'learning_rate': 0.0003834948672363365, 'epoch': 1.85}
{'loss': 0.6076, 'learning_rate': 0.00038234788094282276, 'epoch': 1.86}
{'loss': 0.6246, 'learning_rate': 0.00038120089464930895, 'epoch': 1.86}
{'loss': 0.6473, 'learning_rate': 0.0003800539083557952, 'epoch': 1.86}
{'loss': 0.6264, 'learning_rate': 0.0003789069220622814, 'epoch': 1.87}
{'loss': 0.6326, 'learning_rate': 0.00037775993576876757, 'epoch': 1.87}
{'loss': 0.623, 'learning_rate': 0.00037661294947525376, 'epoch': 1.87}
{'loss': 0.6279, 'learning_rate': 0.00037546596318174, 'epoch': 1.88}
{'loss': 0.6224, 'learning_rate': 0.0003743189768882262, 'epoch': 1.88}
{'loss': 0.6257, 'learning_rate': 0.00037317199059471243, 'epoch': 1.88}
{'loss': 0.6338, 'learning_rate': 0.0003720250043011986, 'epoch': 1.89}
{'eval_loss': 0.49736288189888, 'eval_bce': 0.4878132136995233, 'eval_n_pos': 2024.0, 'eval_pos_rate': 0.09120814744716327, 'eval_auroc': 0.6423160703971639, 'eval_auprc': 0.19699956213842146, 'eval_mcc': 0.16040297671695575, 'eval_precision': 0.3234597156398104, 'eval_recall': 0.13488142292490118, 'eval_f1': 0.1903765690376569, 'eval_runtime': 20.4893, 'eval_samples_per_second': 1083.052, 'eval_steps_per_second': 16.936, 'epoch': 1.89}
{'loss': 0.6423, 'learning_rate': 0.00037087801800768486, 'epoch': 1.89}
{'loss': 0.6415, 'learning_rate': 0.00036973103171417104, 'epoch': 1.89}
{'loss': 0.6252, 'learning_rate': 0.00036858404542065723, 'epoch': 1.9}
{'loss': 0.5887, 'learning_rate': 0.0003674370591271434, 'epoch': 1.9}
{'loss': 0.6049, 'learning_rate': 0.00036629007283362966, 'epoch': 1.9}
{'loss': 0.6292, 'learning_rate': 0.00036514308654011585, 'epoch': 1.91}
{'loss': 0.6416, 'learning_rate': 0.0003639961002466021, 'epoch': 1.91}
{'loss': 0.6528, 'learning_rate': 0.0003628491139530883, 'epoch': 1.91}
{'loss': 0.6333, 'learning_rate': 0.0003617021276595745, 'epoch': 1.92}
{'loss': 0.6258, 'learning_rate': 0.00036055514136606066, 'epoch': 1.92}
{'loss': 0.6262, 'learning_rate': 0.0003594081550725469, 'epoch': 1.92}
{'loss': 0.6303, 'learning_rate': 0.0003582611687790331, 'epoch': 1.93}
{'eval_loss': 0.49566081166267395, 'eval_bce': 0.4860495665104035, 'eval_n_pos': 2024.0, 'eval_pos_rate': 0.09120814744716327, 'eval_auroc': 0.6436478477832627, 'eval_auprc': 0.1956792738461512, 'eval_mcc': 0.1518352149859596, 'eval_precision': 0.3163771712158809, 'eval_recall': 0.1259881422924901, 'eval_f1': 0.18021201413427562, 'eval_runtime': 20.4791, 'eval_samples_per_second': 1083.591, 'eval_steps_per_second': 16.944, 'epoch': 1.93}
{'loss': 0.6073, 'learning_rate': 0.0003571141824855193, 'epoch': 1.93}
{'loss': 0.6339, 'learning_rate': 0.0003559671961920055, 'epoch': 1.94}
{'loss': 0.621, 'learning_rate': 0.00035482020989849176, 'epoch': 1.94}
{'loss': 0.6207, 'learning_rate': 0.00035367322360497794, 'epoch': 1.94}
{'loss': 0.6446, 'learning_rate': 0.0003525262373114642, 'epoch': 1.95}
{'loss': 0.6286, 'learning_rate': 0.0003513792510179503, 'epoch': 1.95}
{'loss': 0.6405, 'learning_rate': 0.0003502322647244365, 'epoch': 1.95}
{'loss': 0.6313, 'learning_rate': 0.00034908527843092275, 'epoch': 1.96}
{'loss': 0.6122, 'learning_rate': 0.00034793829213740894, 'epoch': 1.96}
{'loss': 0.6103, 'learning_rate': 0.0003467913058438952, 'epoch': 1.96}
{'loss': 0.6268, 'learning_rate': 0.00034564431955038137, 'epoch': 1.97}
{'loss': 0.6191, 'learning_rate': 0.0003444973332568676, 'epoch': 1.97}
{'loss': 0.6202, 'learning_rate': 0.0003433503469633538, 'epoch': 1.97}
{'eval_loss': 0.4945825934410095, 'eval_bce': 0.4849927987085794, 'eval_n_pos': 2024.0, 'eval_pos_rate': 0.09120814744716327, 'eval_auroc': 0.6448466691466178, 'eval_auprc': 0.20017537390839843, 'eval_mcc': 0.15652785863460328, 'eval_precision': 0.32378580323785805, 'eval_recall': 0.12845849802371542, 'eval_f1': 0.1839405730456314, 'eval_runtime': 20.4724, 'eval_samples_per_second': 1083.945, 'eval_steps_per_second': 16.95, 'epoch': 1.97}
{'loss': 0.6259, 'learning_rate': 0.00034220336066984, 'epoch': 1.98}
{'loss': 0.6207, 'learning_rate': 0.00034105637437632617, 'epoch': 1.98}
{'loss': 0.6376, 'learning_rate': 0.0003399093880828124, 'epoch': 1.98}
{'loss': 0.6493, 'learning_rate': 0.0003387624017892986, 'epoch': 1.99}
{'loss': 0.6171, 'learning_rate': 0.00033761541549578484, 'epoch': 1.99}
{'loss': 0.6271, 'learning_rate': 0.00033646842920227103, 'epoch': 1.99}
{'loss': 0.6443, 'learning_rate': 0.0003353214429087573, 'epoch': 2.0}
{'loss': 0.6023, 'learning_rate': 0.0003341744566152434, 'epoch': 2.0}
{'loss': 0.6211, 'learning_rate': 0.00033302747032172965, 'epoch': 2.0}
{'loss': 0.6201, 'learning_rate': 0.00033188048402821584, 'epoch': 2.01}
{'loss': 0.6291, 'learning_rate': 0.0003307334977347021, 'epoch': 2.01}
{'loss': 0.6351, 'learning_rate': 0.00032958651144118827, 'epoch': 2.01}
{'eval_loss': 0.4952353537082672, 'eval_bce': 0.4856281144172829, 'eval_n_pos': 2024.0, 'eval_pos_rate': 0.09120814744716327, 'eval_auroc': 0.642582043690128, 'eval_auprc': 0.19860265823844528, 'eval_mcc': 0.1645425100948226, 'eval_precision': 0.3384223918575064, 'eval_recall': 0.13142292490118576, 'eval_f1': 0.18932384341637012, 'eval_runtime': 20.472, 'eval_samples_per_second': 1083.969, 'eval_steps_per_second': 16.95, 'epoch': 2.02}
{'loss': 0.615, 'learning_rate': 0.0003284395251476745, 'epoch': 2.02}
{'loss': 0.6305, 'learning_rate': 0.0003272925388541607, 'epoch': 2.02}
{'loss': 0.6284, 'learning_rate': 0.00032614555256064694, 'epoch': 2.02}
{'loss': 0.6116, 'learning_rate': 0.00032499856626713307, 'epoch': 2.03}
{'loss': 0.613, 'learning_rate': 0.0003238515799736193, 'epoch': 2.03}
{'loss': 0.6409, 'learning_rate': 0.0003227045936801055, 'epoch': 2.03}
{'loss': 0.6145, 'learning_rate': 0.00032155760738659174, 'epoch': 2.04}
{'loss': 0.6362, 'learning_rate': 0.00032041062109307793, 'epoch': 2.04}
{'loss': 0.6537, 'learning_rate': 0.0003192636347995642, 'epoch': 2.04}
{'loss': 0.6408, 'learning_rate': 0.00031811664850605036, 'epoch': 2.05}
{'loss': 0.6438, 'learning_rate': 0.0003169696622125366, 'epoch': 2.05}
{'loss': 0.6046, 'learning_rate': 0.00031582267591902274, 'epoch': 2.06}
{'loss': 0.6216, 'learning_rate': 0.000314675689625509, 'epoch': 2.06}
{'eval_loss': 0.49548548460006714, 'eval_bce': 0.48594568965374646, 'eval_n_pos': 2024.0, 'eval_pos_rate': 0.09120814744716327, 'eval_auroc': 0.6432113002672741, 'eval_auprc': 0.20018778581432692, 'eval_mcc': 0.16463592106072333, 'eval_precision': 0.3371069182389937, 'eval_recall': 0.1324110671936759, 'eval_f1': 0.190138346931536, 'eval_runtime': 20.4707, 'eval_samples_per_second': 1084.039, 'eval_steps_per_second': 16.951, 'epoch': 2.06}
{'loss': 0.6164, 'learning_rate': 0.00031352870333199517, 'epoch': 2.06}
{'loss': 0.6042, 'learning_rate': 0.0003123817170384814, 'epoch': 2.07}
{'loss': 0.6215, 'learning_rate': 0.0003112347307449676, 'epoch': 2.07}
{'loss': 0.616, 'learning_rate': 0.00031008774445145384, 'epoch': 2.07}
{'loss': 0.6143, 'learning_rate': 0.00030894075815794, 'epoch': 2.08}
{'loss': 0.6277, 'learning_rate': 0.00030779377186442627, 'epoch': 2.08}
{'loss': 0.6232, 'learning_rate': 0.0003066467855709124, 'epoch': 2.08}
{'loss': 0.6411, 'learning_rate': 0.00030549979927739864, 'epoch': 2.09}
{'loss': 0.6254, 'learning_rate': 0.00030435281298388483, 'epoch': 2.09}
{'loss': 0.6299, 'learning_rate': 0.0003032058266903711, 'epoch': 2.09}
{'loss': 0.5988, 'learning_rate': 0.00030205884039685726, 'epoch': 2.1}
{'loss': 0.6215, 'learning_rate': 0.0003009118541033435, 'epoch': 2.1}
{'eval_loss': 0.4955168068408966, 'eval_bce': 0.48616957819071255, 'eval_n_pos': 2024.0, 'eval_pos_rate': 0.09120814744716327, 'eval_auroc': 0.6427325899882229, 'eval_auprc': 0.19609335542317424, 'eval_mcc': 0.1591746376420466, 'eval_precision': 0.3263546798029557, 'eval_recall': 0.1309288537549407, 'eval_f1': 0.1868829337094499, 'eval_runtime': 20.473, 'eval_samples_per_second': 1083.915, 'eval_steps_per_second': 16.949, 'epoch': 2.1}
{'loss': 0.6055, 'learning_rate': 0.0002997648678098297, 'epoch': 2.1}
{'loss': 0.6279, 'learning_rate': 0.0002986178815163159, 'epoch': 2.11}
{'loss': 0.6103, 'learning_rate': 0.00029747089522280207, 'epoch': 2.11}
{'loss': 0.6288, 'learning_rate': 0.0002963239089292883, 'epoch': 2.11}
{'loss': 0.6327, 'learning_rate': 0.0002951769226357745, 'epoch': 2.12}
{'loss': 0.6311, 'learning_rate': 0.00029402993634226074, 'epoch': 2.12}
{'loss': 0.6156, 'learning_rate': 0.0002928829500487469, 'epoch': 2.12}
{'loss': 0.6304, 'learning_rate': 0.00029173596375523317, 'epoch': 2.13}
{'loss': 0.6096, 'learning_rate': 0.00029058897746171936, 'epoch': 2.13}
{'loss': 0.6464, 'learning_rate': 0.00028944199116820554, 'epoch': 2.13}
{'loss': 0.6125, 'learning_rate': 0.00028829500487469173, 'epoch': 2.14}
{'loss': 0.6306, 'learning_rate': 0.000287148018581178, 'epoch': 2.14}
{'loss': 0.5947, 'learning_rate': 0.00028600103228766416, 'epoch': 2.14}
{'eval_loss': 0.4963880777359009, 'eval_bce': 0.48726482113496566, 'eval_n_pos': 2024.0, 'eval_pos_rate': 0.09120814744716327, 'eval_auroc': 0.642240013280413, 'eval_auprc': 0.19383029393167345, 'eval_mcc': 0.1536945376033867, 'eval_precision': 0.3136094674556213, 'eval_recall': 0.1309288537549407, 'eval_f1': 0.1847333565702335, 'eval_runtime': 20.4793, 'eval_samples_per_second': 1083.579, 'eval_steps_per_second': 16.944, 'epoch': 2.14}
{'loss': 0.6249, 'learning_rate': 0.0002848540459941504, 'epoch': 2.15}
{'loss': 0.6207, 'learning_rate': 0.0002837070597006366, 'epoch': 2.15}
{'loss': 0.6239, 'learning_rate': 0.00028256007340712283, 'epoch': 2.15}
{'loss': 0.634, 'learning_rate': 0.000281413087113609, 'epoch': 2.16}
{'loss': 0.6285, 'learning_rate': 0.0002802661008200952, 'epoch': 2.16}
{'loss': 0.6529, 'learning_rate': 0.0002791191145265814, 'epoch': 2.17}
{'loss': 0.6312, 'learning_rate': 0.0002779721282330676, 'epoch': 2.17}
{'loss': 0.6287, 'learning_rate': 0.0002768251419395538, 'epoch': 2.17}
{'loss': 0.6084, 'learning_rate': 0.00027567815564604, 'epoch': 2.18}
{'loss': 0.6298, 'learning_rate': 0.00027453116935252626, 'epoch': 2.18}
{'loss': 0.6159, 'learning_rate': 0.00027338418305901244, 'epoch': 2.18}
{'loss': 0.5953, 'learning_rate': 0.0002722371967654987, 'epoch': 2.19}
{'eval_loss': 0.49161919951438904, 'eval_bce': 0.4817866948548786, 'eval_n_pos': 2024.0, 'eval_pos_rate': 0.09120814744716327, 'eval_auroc': 0.6405095515685136, 'eval_auprc': 0.19706156507822348, 'eval_mcc': 0.16119586985901874, 'eval_precision': 0.3464788732394366, 'eval_recall': 0.12154150197628459, 'eval_f1': 0.17995610826627653, 'eval_runtime': 20.471, 'eval_samples_per_second': 1084.022, 'eval_steps_per_second': 16.951, 'epoch': 2.19}
{'loss': 0.6463, 'learning_rate': 0.0002710902104719848, 'epoch': 2.19}
{'loss': 0.6162, 'learning_rate': 0.00026994322417847106, 'epoch': 2.19}
{'loss': 0.6242, 'learning_rate': 0.00026879623788495725, 'epoch': 2.2}
{'loss': 0.629, 'learning_rate': 0.0002676492515914435, 'epoch': 2.2}
{'loss': 0.6126, 'learning_rate': 0.0002665022652979297, 'epoch': 2.2}
{'loss': 0.6769, 'learning_rate': 0.0002653552790044159, 'epoch': 2.21}
{'loss': 0.6412, 'learning_rate': 0.0002642082927109021, 'epoch': 2.21}
{'loss': 0.621, 'learning_rate': 0.0002630613064173883, 'epoch': 2.21}
{'loss': 0.6206, 'learning_rate': 0.0002619143201238745, 'epoch': 2.22}
{'loss': 0.622, 'learning_rate': 0.0002607673338303607, 'epoch': 2.22}
{'loss': 0.6239, 'learning_rate': 0.0002596203475368469, 'epoch': 2.22}
{'loss': 0.6151, 'learning_rate': 0.00025847336124333316, 'epoch': 2.23}
{'loss': 0.6013, 'learning_rate': 0.00025732637494981934, 'epoch': 2.23}
{'eval_loss': 0.4949738085269928, 'eval_bce': 0.4855759518128457, 'eval_n_pos': 2024.0, 'eval_pos_rate': 0.09120814744716327, 'eval_auroc': 0.642077866710203, 'eval_auprc': 0.19645824895859518, 'eval_mcc': 0.16409518034150725, 'eval_precision': 0.33889602053915274, 'eval_recall': 0.13043478260869565, 'eval_f1': 0.18836960399571887, 'eval_runtime': 20.5187, 'eval_samples_per_second': 1081.502, 'eval_steps_per_second': 16.911, 'epoch': 2.23}
{'loss': 0.6064, 'learning_rate': 0.0002561793886563056, 'epoch': 2.23}
{'loss': 0.636, 'learning_rate': 0.0002550324023627918, 'epoch': 2.24}
{'loss': 0.5834, 'learning_rate': 0.00025388541606927796, 'epoch': 2.24}
{'loss': 0.6248, 'learning_rate': 0.00025273842977576415, 'epoch': 2.24}
{'loss': 0.6302, 'learning_rate': 0.0002515914434822504, 'epoch': 2.25}
{'loss': 0.613, 'learning_rate': 0.0002504444571887366, 'epoch': 2.25}
{'loss': 0.6155, 'learning_rate': 0.0002492974708952228, 'epoch': 2.25}
{'loss': 0.6301, 'learning_rate': 0.000248150484601709, 'epoch': 2.26}
{'loss': 0.607, 'learning_rate': 0.0002470034983081952, 'epoch': 2.26}
{'loss': 0.6242, 'learning_rate': 0.00024585651201468144, 'epoch': 2.26}
{'loss': 0.6474, 'learning_rate': 0.0002447095257211676, 'epoch': 2.27}
{'loss': 0.6155, 'learning_rate': 0.00024356253942765387, 'epoch': 2.27}
{'eval_loss': 0.48977726697921753, 'eval_bce': 0.4796909694452119, 'eval_n_pos': 2024.0, 'eval_pos_rate': 0.09120814744716327, 'eval_auroc': 0.6452178656048086, 'eval_auprc': 0.20068812739607955, 'eval_mcc': 0.15665479276635405, 'eval_precision': 0.3490136570561457, 'eval_recall': 0.11363636363636363, 'eval_f1': 0.1714498695490123, 'eval_runtime': 20.4728, 'eval_samples_per_second': 1083.926, 'eval_steps_per_second': 16.949, 'epoch': 2.27}
{'loss': 0.6331, 'learning_rate': 0.00024241555313414006, 'epoch': 2.27}
{'loss': 0.6305, 'learning_rate': 0.00024126856684062627, 'epoch': 2.28}
{'loss': 0.6214, 'learning_rate': 0.00024012158054711249, 'epoch': 2.28}
{'loss': 0.6046, 'learning_rate': 0.0002389745942535987, 'epoch': 2.29}
{'loss': 0.6004, 'learning_rate': 0.00023782760796008486, 'epoch': 2.29}
{'loss': 0.6139, 'learning_rate': 0.00023668062166657108, 'epoch': 2.29}
{'loss': 0.616, 'learning_rate': 0.0002355336353730573, 'epoch': 2.3}
{'loss': 0.6286, 'learning_rate': 0.0002343866490795435, 'epoch': 2.3}
{'loss': 0.6351, 'learning_rate': 0.0002332396627860297, 'epoch': 2.3}
{'loss': 0.6243, 'learning_rate': 0.0002320926764925159, 'epoch': 2.31}
{'loss': 0.6081, 'learning_rate': 0.00023094569019900212, 'epoch': 2.31}
{'loss': 0.6559, 'learning_rate': 0.0002297987039054883, 'epoch': 2.31}
{'loss': 0.6298, 'learning_rate': 0.00022865171761197453, 'epoch': 2.32}
{'eval_loss': 0.4890665113925934, 'eval_bce': 0.4788559180826664, 'eval_n_pos': 2024.0, 'eval_pos_rate': 0.09120814744716327, 'eval_auroc': 0.6433981540696448, 'eval_auprc': 0.19960435634417725, 'eval_mcc': 0.16270197653627677, 'eval_precision': 0.3585476550680787, 'eval_recall': 0.11709486166007906, 'eval_f1': 0.17653631284916202, 'eval_runtime': 20.4832, 'eval_samples_per_second': 1083.377, 'eval_steps_per_second': 16.941, 'epoch': 2.32}
{'loss': 0.6048, 'learning_rate': 0.00022750473131846074, 'epoch': 2.32}
{'loss': 0.6333, 'learning_rate': 0.00022635774502494696, 'epoch': 2.32}
{'loss': 0.6109, 'learning_rate': 0.00022521075873143314, 'epoch': 2.33}
{'loss': 0.6532, 'learning_rate': 0.00022406377243791936, 'epoch': 2.33}
{'loss': 0.6284, 'learning_rate': 0.00022291678614440557, 'epoch': 2.33}
{'loss': 0.6109, 'learning_rate': 0.0002217697998508918, 'epoch': 2.34}
{'loss': 0.6223, 'learning_rate': 0.00022062281355737798, 'epoch': 2.34}
{'loss': 0.6562, 'learning_rate': 0.0002194758272638642, 'epoch': 2.34}
{'loss': 0.6255, 'learning_rate': 0.0002183288409703504, 'epoch': 2.35}
{'loss': 0.6396, 'learning_rate': 0.00021718185467683662, 'epoch': 2.35}
{'loss': 0.6289, 'learning_rate': 0.0002160348683833228, 'epoch': 2.35}
{'loss': 0.6255, 'learning_rate': 0.00021488788208980902, 'epoch': 2.36}
{'eval_loss': 0.48752737045288086, 'eval_bce': 0.4772897412307669, 'eval_n_pos': 2024.0, 'eval_pos_rate': 0.09120814744716327, 'eval_auroc': 0.6452519804494133, 'eval_auprc': 0.20072061046572942, 'eval_mcc': 0.15757274739889662, 'eval_precision': 0.3572567783094099, 'eval_recall': 0.11067193675889328, 'eval_f1': 0.16899283289324782, 'eval_runtime': 20.4785, 'eval_samples_per_second': 1083.626, 'eval_steps_per_second': 16.945, 'epoch': 2.36}
{'loss': 0.6247, 'learning_rate': 0.00021374089579629524, 'epoch': 2.36}
{'loss': 0.649, 'learning_rate': 0.00021259390950278145, 'epoch': 2.36}
{'loss': 0.6311, 'learning_rate': 0.00021144692320926764, 'epoch': 2.37}
{'loss': 0.6154, 'learning_rate': 0.00021029993691575386, 'epoch': 2.37}
{'loss': 0.6204, 'learning_rate': 0.00020915295062224007, 'epoch': 2.37}
{'loss': 0.5925, 'learning_rate': 0.00020800596432872629, 'epoch': 2.38}
{'loss': 0.6227, 'learning_rate': 0.00020685897803521247, 'epoch': 2.38}
{'loss': 0.621, 'learning_rate': 0.0002057119917416987, 'epoch': 2.38}
{'loss': 0.6128, 'learning_rate': 0.0002045650054481849, 'epoch': 2.39}
{'loss': 0.6172, 'learning_rate': 0.00020341801915467112, 'epoch': 2.39}
{'loss': 0.6076, 'learning_rate': 0.0002022710328611573, 'epoch': 2.39}
{'loss': 0.6129, 'learning_rate': 0.00020112404656764352, 'epoch': 2.4}
{'loss': 0.6186, 'learning_rate': 0.00019997706027412974, 'epoch': 2.4}
{'eval_loss': 0.49082082509994507, 'eval_bce': 0.4809555359420191, 'eval_n_pos': 2024.0, 'eval_pos_rate': 0.09120814744716327, 'eval_auroc': 0.6448669175624642, 'eval_auprc': 0.19922943342240235, 'eval_mcc': 0.1568535794013106, 'eval_precision': 0.3414285714285714, 'eval_recall': 0.11808300395256917, 'eval_f1': 0.17547723935389134, 'eval_runtime': 20.4749, 'eval_samples_per_second': 1083.814, 'eval_steps_per_second': 16.948, 'epoch': 2.4}
{'loss': 0.6375, 'learning_rate': 0.00019883007398061592, 'epoch': 2.41}
{'loss': 0.6399, 'learning_rate': 0.00019768308768710214, 'epoch': 2.41}
{'loss': 0.6358, 'learning_rate': 0.00019653610139358835, 'epoch': 2.41}
{'loss': 0.6099, 'learning_rate': 0.00019538911510007457, 'epoch': 2.42}
{'loss': 0.619, 'learning_rate': 0.00019424212880656076, 'epoch': 2.42}
{'loss': 0.6455, 'learning_rate': 0.00019309514251304697, 'epoch': 2.42}
{'loss': 0.6211, 'learning_rate': 0.00019194815621953319, 'epoch': 2.43}
{'loss': 0.6226, 'learning_rate': 0.0001908011699260194, 'epoch': 2.43}
{'loss': 0.5941, 'learning_rate': 0.0001896541836325056, 'epoch': 2.43}
{'loss': 0.63, 'learning_rate': 0.0001885071973389918, 'epoch': 2.44}
{'loss': 0.6113, 'learning_rate': 0.00018736021104547802, 'epoch': 2.44}
{'loss': 0.6376, 'learning_rate': 0.00018621322475196423, 'epoch': 2.44}
{'eval_loss': 0.4908747375011444, 'eval_bce': 0.48109114903345224, 'eval_n_pos': 2024.0, 'eval_pos_rate': 0.09120814744716327, 'eval_auroc': 0.6460403457219176, 'eval_auprc': 0.19922209328122076, 'eval_mcc': 0.15478362793462594, 'eval_precision': 0.3361462728551336, 'eval_recall': 0.11808300395256917, 'eval_f1': 0.17477148080438756, 'eval_runtime': 20.4713, 'eval_samples_per_second': 1084.007, 'eval_steps_per_second': 16.951, 'epoch': 2.44}
{'loss': 0.6444, 'learning_rate': 0.00018506623845845042, 'epoch': 2.45}
{'loss': 0.6086, 'learning_rate': 0.00018391925216493664, 'epoch': 2.45}
{'loss': 0.6174, 'learning_rate': 0.00018277226587142285, 'epoch': 2.45}
{'loss': 0.6384, 'learning_rate': 0.00018162527957790907, 'epoch': 2.46}
{'loss': 0.633, 'learning_rate': 0.00018047829328439525, 'epoch': 2.46}
{'loss': 0.6245, 'learning_rate': 0.00017933130699088147, 'epoch': 2.46}
{'loss': 0.6183, 'learning_rate': 0.00017818432069736768, 'epoch': 2.47}
{'loss': 0.6204, 'learning_rate': 0.0001770373344038539, 'epoch': 2.47}
{'loss': 0.6191, 'learning_rate': 0.00017589034811034009, 'epoch': 2.47}
{'loss': 0.6235, 'learning_rate': 0.0001747433618168263, 'epoch': 2.48}
{'loss': 0.6049, 'learning_rate': 0.00017359637552331252, 'epoch': 2.48}
{'loss': 0.6371, 'learning_rate': 0.00017244938922979873, 'epoch': 2.48}
{'loss': 0.6085, 'learning_rate': 0.00017130240293628492, 'epoch': 2.49}
{'eval_loss': 0.4888622462749481, 'eval_bce': 0.47874711800784514, 'eval_n_pos': 2024.0, 'eval_pos_rate': 0.09120814744716327, 'eval_auroc': 0.646368534201865, 'eval_auprc': 0.2010934134928587, 'eval_mcc': 0.15541207973223828, 'eval_precision': 0.34210526315789475, 'eval_recall': 0.11561264822134387, 'eval_f1': 0.172821270310192, 'eval_runtime': 20.4629, 'eval_samples_per_second': 1084.45, 'eval_steps_per_second': 16.958, 'epoch': 2.49}
{'loss': 0.615, 'learning_rate': 0.00017015541664277113, 'epoch': 2.49}
{'loss': 0.6004, 'learning_rate': 0.00016900843034925735, 'epoch': 2.49}
{'loss': 0.6321, 'learning_rate': 0.00016786144405574356, 'epoch': 2.5}
{'loss': 0.6301, 'learning_rate': 0.00016671445776222975, 'epoch': 2.5}
{'loss': 0.6099, 'learning_rate': 0.00016556747146871597, 'epoch': 2.5}
{'loss': 0.6171, 'learning_rate': 0.00016442048517520218, 'epoch': 2.51}
{'loss': 0.6167, 'learning_rate': 0.00016327349888168834, 'epoch': 2.51}
{'loss': 0.617, 'learning_rate': 0.00016212651258817456, 'epoch': 2.52}
{'loss': 0.6296, 'learning_rate': 0.00016097952629466077, 'epoch': 2.52}
{'loss': 0.6322, 'learning_rate': 0.00015983254000114699, 'epoch': 2.52}
{'loss': 0.626, 'learning_rate': 0.00015868555370763317, 'epoch': 2.53}
{'loss': 0.636, 'learning_rate': 0.0001575385674141194, 'epoch': 2.53}
{'eval_loss': 0.48956379294395447, 'eval_bce': 0.4797203439384123, 'eval_n_pos': 2024.0, 'eval_pos_rate': 0.09120814744716327, 'eval_auroc': 0.6468813470760258, 'eval_auprc': 0.2013311026399134, 'eval_mcc': 0.16043507473400065, 'eval_precision': 0.3445378151260504, 'eval_recall': 0.12154150197628459, 'eval_f1': 0.17969320672023376, 'eval_runtime': 20.4975, 'eval_samples_per_second': 1082.619, 'eval_steps_per_second': 16.929, 'epoch': 2.53}
{'loss': 0.623, 'learning_rate': 0.0001563915811206056, 'epoch': 2.53}
{'loss': 0.6268, 'learning_rate': 0.00015524459482709182, 'epoch': 2.54}
{'loss': 0.6386, 'learning_rate': 0.000154097608533578, 'epoch': 2.54}
{'loss': 0.6193, 'learning_rate': 0.00015295062224006422, 'epoch': 2.54}
{'loss': 0.6406, 'learning_rate': 0.00015180363594655044, 'epoch': 2.55}
{'loss': 0.6283, 'learning_rate': 0.00015065664965303665, 'epoch': 2.55}
{'loss': 0.612, 'learning_rate': 0.00014950966335952284, 'epoch': 2.55}
{'loss': 0.6039, 'learning_rate': 0.00014836267706600905, 'epoch': 2.56}
{'loss': 0.6179, 'learning_rate': 0.00014721569077249527, 'epoch': 2.56}
{'loss': 0.6085, 'learning_rate': 0.00014606870447898148, 'epoch': 2.56}
{'loss': 0.6268, 'learning_rate': 0.00014492171818546767, 'epoch': 2.57}
{'loss': 0.6223, 'learning_rate': 0.00014377473189195389, 'epoch': 2.57}
{'loss': 0.6101, 'learning_rate': 0.0001426277455984401, 'epoch': 2.57}
{'eval_loss': 0.49152106046676636, 'eval_bce': 0.4817244999761491, 'eval_n_pos': 2024.0, 'eval_pos_rate': 0.09120814744716327, 'eval_auroc': 0.6460902501660541, 'eval_auprc': 0.20093196241782274, 'eval_mcc': 0.16166990916364093, 'eval_precision': 0.3409395973154362, 'eval_recall': 0.12549407114624506, 'eval_f1': 0.18345973275550742, 'eval_runtime': 20.4792, 'eval_samples_per_second': 1083.59, 'eval_steps_per_second': 16.944, 'epoch': 2.57}
{'loss': 0.6365, 'learning_rate': 0.00014148075930492631, 'epoch': 2.58}
{'loss': 0.6159, 'learning_rate': 0.0001403337730114125, 'epoch': 2.58}
{'loss': 0.6462, 'learning_rate': 0.00013918678671789872, 'epoch': 2.58}
{'loss': 0.6222, 'learning_rate': 0.00013803980042438493, 'epoch': 2.59}
{'loss': 0.6172, 'learning_rate': 0.00013689281413087115, 'epoch': 2.59}
{'loss': 0.614, 'learning_rate': 0.00013574582783735734, 'epoch': 2.59}
{'loss': 0.618, 'learning_rate': 0.00013459884154384355, 'epoch': 2.6}
{'loss': 0.6065, 'learning_rate': 0.00013345185525032976, 'epoch': 2.6}
{'loss': 0.6173, 'learning_rate': 0.00013230486895681598, 'epoch': 2.6}
{'loss': 0.6327, 'learning_rate': 0.00013115788266330217, 'epoch': 2.61}
{'loss': 0.6267, 'learning_rate': 0.00013001089636978838, 'epoch': 2.61}
{'loss': 0.63, 'learning_rate': 0.0001288639100762746, 'epoch': 2.61}
{'eval_loss': 0.4889470338821411, 'eval_bce': 0.4789883422487251, 'eval_n_pos': 2024.0, 'eval_pos_rate': 0.09120814744716327, 'eval_auroc': 0.6459703153568885, 'eval_auprc': 0.2022108985441204, 'eval_mcc': 0.15793452831341354, 'eval_precision': 0.345985401459854, 'eval_recall': 0.11709486166007906, 'eval_f1': 0.17497231450719825, 'eval_runtime': 20.4712, 'eval_samples_per_second': 1084.01, 'eval_steps_per_second': 16.951, 'epoch': 2.62}
{'loss': 0.612, 'learning_rate': 0.00012771692378276079, 'epoch': 2.62}
{'loss': 0.6444, 'learning_rate': 0.000126569937489247, 'epoch': 2.62}
{'loss': 0.6385, 'learning_rate': 0.00012542295119573321, 'epoch': 2.62}
{'loss': 0.5966, 'learning_rate': 0.0001242759649022194, 'epoch': 2.63}
{'loss': 0.6008, 'learning_rate': 0.00012312897860870562, 'epoch': 2.63}
{'loss': 0.6254, 'learning_rate': 0.00012198199231519183, 'epoch': 2.64}
{'loss': 0.641, 'learning_rate': 0.00012083500602167805, 'epoch': 2.64}
{'loss': 0.6016, 'learning_rate': 0.00011968801972816425, 'epoch': 2.64}
{'loss': 0.6312, 'learning_rate': 0.00011854103343465046, 'epoch': 2.65}
{'loss': 0.6223, 'learning_rate': 0.00011739404714113666, 'epoch': 2.65}
{'loss': 0.6087, 'learning_rate': 0.00011624706084762288, 'epoch': 2.65}
{'loss': 0.6598, 'learning_rate': 0.00011510007455410908, 'epoch': 2.66}
{'loss': 0.6038, 'learning_rate': 0.0001139530882605953, 'epoch': 2.66}
{'eval_loss': 0.4927704930305481, 'eval_bce': 0.4831865283546419, 'eval_n_pos': 2024.0, 'eval_pos_rate': 0.09120814744716327, 'eval_auroc': 0.6459403775902046, 'eval_auprc': 0.2011306355811932, 'eval_mcc': 0.16410893115467295, 'eval_precision': 0.34210526315789475, 'eval_recall': 0.12845849802371542, 'eval_f1': 0.18678160919540232, 'eval_runtime': 20.4709, 'eval_samples_per_second': 1084.026, 'eval_steps_per_second': 16.951, 'epoch': 2.66}
{'loss': 0.618, 'learning_rate': 0.0001128061019670815, 'epoch': 2.66}
{'loss': 0.6427, 'learning_rate': 0.00011165911567356771, 'epoch': 2.67}
{'loss': 0.6349, 'learning_rate': 0.00011051212938005391, 'epoch': 2.67}
{'loss': 0.6138, 'learning_rate': 0.00010936514308654013, 'epoch': 2.67}
{'loss': 0.642, 'learning_rate': 0.00010821815679302633, 'epoch': 2.68}
{'loss': 0.6159, 'learning_rate': 0.00010707117049951254, 'epoch': 2.68}
{'loss': 0.6316, 'learning_rate': 0.00010592418420599873, 'epoch': 2.68}
{'loss': 0.6367, 'learning_rate': 0.00010477719791248495, 'epoch': 2.69}
{'loss': 0.6205, 'learning_rate': 0.00010363021161897115, 'epoch': 2.69}
{'loss': 0.6195, 'learning_rate': 0.00010248322532545736, 'epoch': 2.69}
{'loss': 0.6243, 'learning_rate': 0.00010133623903194356, 'epoch': 2.7}
{'loss': 0.6258, 'learning_rate': 0.00010018925273842978, 'epoch': 2.7}
{'eval_loss': 0.4929465353488922, 'eval_bce': 0.4832695628758053, 'eval_n_pos': 2024.0, 'eval_pos_rate': 0.09120814744716327, 'eval_auroc': 0.6447615841517793, 'eval_auprc': 0.19880693096870666, 'eval_mcc': 0.15811887961943724, 'eval_precision': 0.3337748344370861, 'eval_recall': 0.12450592885375494, 'eval_f1': 0.181360201511335, 'eval_runtime': 20.4754, 'eval_samples_per_second': 1083.788, 'eval_steps_per_second': 16.947, 'epoch': 2.7}
{'loss': 0.6349, 'learning_rate': 9.904226644491598e-05, 'epoch': 2.7}
{'loss': 0.6135, 'learning_rate': 9.78952801514022e-05, 'epoch': 2.71}
{'loss': 0.6447, 'learning_rate': 9.67482938578884e-05, 'epoch': 2.71}
{'loss': 0.6253, 'learning_rate': 9.56013075643746e-05, 'epoch': 2.71}
{'loss': 0.618, 'learning_rate': 9.445432127086081e-05, 'epoch': 2.72}
{'loss': 0.6356, 'learning_rate': 9.330733497734701e-05, 'epoch': 2.72}
{'loss': 0.6165, 'learning_rate': 9.216034868383323e-05, 'epoch': 2.72}
{'loss': 0.6321, 'learning_rate': 9.101336239031943e-05, 'epoch': 2.73}
{'loss': 0.6436, 'learning_rate': 8.986637609680565e-05, 'epoch': 2.73}
{'loss': 0.6187, 'learning_rate': 8.871938980329185e-05, 'epoch': 2.73}
{'loss': 0.628, 'learning_rate': 8.757240350977806e-05, 'epoch': 2.74}
{'loss': 0.6241, 'learning_rate': 8.642541721626426e-05, 'epoch': 2.74}
{'loss': 0.6244, 'learning_rate': 8.527843092275048e-05, 'epoch': 2.74}
{'eval_loss': 0.4911641478538513, 'eval_bce': 0.4812700776008456, 'eval_n_pos': 2024.0, 'eval_pos_rate': 0.09120814744716327, 'eval_auroc': 0.6445271655588876, 'eval_auprc': 0.20107709436075138, 'eval_mcc': 0.15979711724641765, 'eval_precision': 0.3446327683615819, 'eval_recall': 0.12055335968379446, 'eval_f1': 0.17862371888726206, 'eval_runtime': 20.4709, 'eval_samples_per_second': 1084.025, 'eval_steps_per_second': 16.951, 'epoch': 2.74}
{'loss': 0.6209, 'learning_rate': 8.413144462923668e-05, 'epoch': 2.75}
{'loss': 0.6145, 'learning_rate': 8.29844583357229e-05, 'epoch': 2.75}
{'loss': 0.6109, 'learning_rate': 8.18374720422091e-05, 'epoch': 2.76}
{'loss': 0.6517, 'learning_rate': 8.069048574869531e-05, 'epoch': 2.76}
{'loss': 0.616, 'learning_rate': 7.954349945518151e-05, 'epoch': 2.76}
{'loss': 0.6086, 'learning_rate': 7.839651316166773e-05, 'epoch': 2.77}
{'loss': 0.647, 'learning_rate': 7.724952686815393e-05, 'epoch': 2.77}
{'loss': 0.6333, 'learning_rate': 7.610254057464014e-05, 'epoch': 2.77}
{'loss': 0.6328, 'learning_rate': 7.495555428112634e-05, 'epoch': 2.78}
{'loss': 0.6132, 'learning_rate': 7.380856798761256e-05, 'epoch': 2.78}
{'loss': 0.6136, 'learning_rate': 7.266158169409876e-05, 'epoch': 2.78}
{'loss': 0.6256, 'learning_rate': 7.151459540058498e-05, 'epoch': 2.79}
{'eval_loss': 0.4925772249698639, 'eval_bce': 0.4828159295329108, 'eval_n_pos': 2024.0, 'eval_pos_rate': 0.09120814744716327, 'eval_auroc': 0.6449980851588838, 'eval_auprc': 0.19907743575508013, 'eval_mcc': 0.1611193573076291, 'eval_precision': 0.339572192513369, 'eval_recall': 0.12549407114624506, 'eval_f1': 0.18326118326118326, 'eval_runtime': 20.4834, 'eval_samples_per_second': 1083.367, 'eval_steps_per_second': 16.941, 'epoch': 2.79}
{'loss': 0.6242, 'learning_rate': 7.036760910707118e-05, 'epoch': 2.79}
{'loss': 0.6077, 'learning_rate': 6.922062281355739e-05, 'epoch': 2.79}
{'loss': 0.6403, 'learning_rate': 6.807363652004358e-05, 'epoch': 2.8}
{'loss': 0.628, 'learning_rate': 6.69266502265298e-05, 'epoch': 2.8}
{'loss': 0.6177, 'learning_rate': 6.5779663933016e-05, 'epoch': 2.8}
{'loss': 0.6174, 'learning_rate': 6.463267763950221e-05, 'epoch': 2.81}
{'loss': 0.6134, 'learning_rate': 6.348569134598841e-05, 'epoch': 2.81}
{'loss': 0.6101, 'learning_rate': 6.233870505247463e-05, 'epoch': 2.81}
{'loss': 0.6079, 'learning_rate': 6.119171875896083e-05, 'epoch': 2.82}
{'loss': 0.6166, 'learning_rate': 6.004473246544704e-05, 'epoch': 2.82}
{'loss': 0.6284, 'learning_rate': 5.889774617193325e-05, 'epoch': 2.82}
{'loss': 0.6202, 'learning_rate': 5.775075987841945e-05, 'epoch': 2.83}
{'loss': 0.612, 'learning_rate': 5.660377358490566e-05, 'epoch': 2.83}
{'eval_loss': 0.49252191185951233, 'eval_bce': 0.4827254474118745, 'eval_n_pos': 2024.0, 'eval_pos_rate': 0.09120814744716327, 'eval_auroc': 0.6468572890671197, 'eval_auprc': 0.20087855386988043, 'eval_mcc': 0.16125471656529816, 'eval_precision': 0.3390957446808511, 'eval_recall': 0.1259881422924901, 'eval_f1': 0.18371757925072046, 'eval_runtime': 20.4822, 'eval_samples_per_second': 1083.426, 'eval_steps_per_second': 16.941, 'epoch': 2.83}
{'loss': 0.6199, 'learning_rate': 5.545678729139187e-05, 'epoch': 2.83}
{'loss': 0.6331, 'learning_rate': 5.4309800997878076e-05, 'epoch': 2.84}
{'loss': 0.6106, 'learning_rate': 5.3162814704364285e-05, 'epoch': 2.84}
{'loss': 0.6324, 'learning_rate': 5.201582841085049e-05, 'epoch': 2.84}
{'loss': 0.6272, 'learning_rate': 5.08688421173367e-05, 'epoch': 2.85}
{'loss': 0.6269, 'learning_rate': 4.972185582382291e-05, 'epoch': 2.85}
{'loss': 0.6336, 'learning_rate': 4.857486953030912e-05, 'epoch': 2.85}
{'loss': 0.6213, 'learning_rate': 4.7427883236795325e-05, 'epoch': 2.86}
{'loss': 0.6316, 'learning_rate': 4.628089694328153e-05, 'epoch': 2.86}
{'loss': 0.6301, 'learning_rate': 4.5133910649767735e-05, 'epoch': 2.86}
{'loss': 0.6142, 'learning_rate': 4.398692435625394e-05, 'epoch': 2.87}
{'loss': 0.6248, 'learning_rate': 4.283993806274015e-05, 'epoch': 2.87}
{'eval_loss': 0.4914701282978058, 'eval_bce': 0.48157954376240114, 'eval_n_pos': 2024.0, 'eval_pos_rate': 0.09120814744716327, 'eval_auroc': 0.6465740929836654, 'eval_auprc': 0.2008717673673477, 'eval_mcc': 0.1615764172943959, 'eval_precision': 0.3448753462603878, 'eval_recall': 0.12302371541501976, 'eval_f1': 0.18135469774217042, 'eval_runtime': 20.4907, 'eval_samples_per_second': 1082.978, 'eval_steps_per_second': 16.934, 'epoch': 2.87}
{'loss': 0.6447, 'learning_rate': 4.169295176922636e-05, 'epoch': 2.88}
{'loss': 0.6057, 'learning_rate': 4.054596547571257e-05, 'epoch': 2.88}
{'loss': 0.6191, 'learning_rate': 3.939897918219877e-05, 'epoch': 2.88}
{'loss': 0.6293, 'learning_rate': 3.8251992888684976e-05, 'epoch': 2.89}
{'loss': 0.6248, 'learning_rate': 3.7105006595171184e-05, 'epoch': 2.89}
{'loss': 0.6462, 'learning_rate': 3.595802030165739e-05, 'epoch': 2.89}
{'loss': 0.6247, 'learning_rate': 3.48110340081436e-05, 'epoch': 2.9}
{'loss': 0.6221, 'learning_rate': 3.366404771462981e-05, 'epoch': 2.9}
{'loss': 0.6366, 'learning_rate': 3.251706142111602e-05, 'epoch': 2.9}
{'loss': 0.6178, 'learning_rate': 3.1370075127602225e-05, 'epoch': 2.91}
{'loss': 0.6196, 'learning_rate': 3.0223088834088433e-05, 'epoch': 2.91}
{'loss': 0.6287, 'learning_rate': 2.907610254057464e-05, 'epoch': 2.91}
{'loss': 0.6302, 'learning_rate': 2.792911624706085e-05, 'epoch': 2.92}
{'eval_loss': 0.49174007773399353, 'eval_bce': 0.48183976478938567, 'eval_n_pos': 2024.0, 'eval_pos_rate': 0.09120814744716327, 'eval_auroc': 0.6462802398392397, 'eval_auprc': 0.200735381457942, 'eval_mcc': 0.16037573172251993, 'eval_precision': 0.3435326842837274, 'eval_recall': 0.12203557312252965, 'eval_f1': 0.18009478672985782, 'eval_runtime': 20.4804, 'eval_samples_per_second': 1083.525, 'eval_steps_per_second': 16.943, 'epoch': 2.92}
{'loss': 0.6259, 'learning_rate': 2.6782129953547057e-05, 'epoch': 2.92}
{'loss': 0.6393, 'learning_rate': 2.5635143660033266e-05, 'epoch': 2.92}
{'loss': 0.6513, 'learning_rate': 2.448815736651947e-05, 'epoch': 2.93}
{'loss': 0.6243, 'learning_rate': 2.334117107300568e-05, 'epoch': 2.93}
{'loss': 0.6327, 'learning_rate': 2.2194184779491886e-05, 'epoch': 2.93}
{'loss': 0.6441, 'learning_rate': 2.1047198485978095e-05, 'epoch': 2.94}
{'loss': 0.6143, 'learning_rate': 1.99002121924643e-05, 'epoch': 2.94}
{'loss': 0.597, 'learning_rate': 1.8753225898950507e-05, 'epoch': 2.94}
{'loss': 0.6287, 'learning_rate': 1.7606239605436715e-05, 'epoch': 2.95}
{'loss': 0.6386, 'learning_rate': 1.6459253311922924e-05, 'epoch': 2.95}
{'loss': 0.637, 'learning_rate': 1.5312267018409128e-05, 'epoch': 2.95}
{'loss': 0.5999, 'learning_rate': 1.4165280724895338e-05, 'epoch': 2.96}
{'eval_loss': 0.4915703535079956, 'eval_bce': 0.48167500230591553, 'eval_n_pos': 2024.0, 'eval_pos_rate': 0.09120814744716327, 'eval_auroc': 0.6461297057906403, 'eval_auprc': 0.20014283473844094, 'eval_mcc': 0.16037573172251993, 'eval_precision': 0.3435326842837274, 'eval_recall': 0.12203557312252965, 'eval_f1': 0.18009478672985782, 'eval_runtime': 20.4661, 'eval_samples_per_second': 1084.281, 'eval_steps_per_second': 16.955, 'epoch': 2.96}
{'loss': 0.6432, 'learning_rate': 1.3018294431381544e-05, 'epoch': 2.96}
{'loss': 0.6353, 'learning_rate': 1.1871308137867753e-05, 'epoch': 2.96}
{'loss': 0.6177, 'learning_rate': 1.072432184435396e-05, 'epoch': 2.97}
{'loss': 0.6293, 'learning_rate': 9.577335550840169e-06, 'epoch': 2.97}
{'loss': 0.6244, 'learning_rate': 8.430349257326375e-06, 'epoch': 2.97}
{'loss': 0.6338, 'learning_rate': 7.2833629638125824e-06, 'epoch': 2.98}
{'loss': 0.6289, 'learning_rate': 6.1363766702987905e-06, 'epoch': 2.98}
{'loss': 0.6229, 'learning_rate': 4.989390376784997e-06, 'epoch': 2.99}
{'loss': 0.6387, 'learning_rate': 3.842404083271205e-06, 'epoch': 2.99}
{'loss': 0.6203, 'learning_rate': 2.6954177897574127e-06, 'epoch': 2.99}
{'loss': 0.6103, 'learning_rate': 1.5484314962436198e-06, 'epoch': 3.0}
{'loss': 0.6155, 'learning_rate': 4.014452027298274e-07, 'epoch': 3.0}
{'train_runtime': 2210.9814, 'train_samples_per_second': 253.055, 'train_steps_per_second': 7.909, 'train_loss': 0.6300549108754261, 'epoch': 3.0}
    [a1] dev AUROC = 0.6468813470760258
--- [a1] Stage-2a s=20 -> /home/asm242/palmer_scratch/entexBERT-2_experiments/EN-TEx/experiments/ctcf_a1_multitrack/stage2_a1/runs/clf_2a_s20 ---
{'loss': 0.6803, 'learning_rate': 0.0004, 'epoch': 0.0}
{'loss': 0.6651, 'learning_rate': 0.0008, 'epoch': 0.01}
{'loss': 0.6441, 'learning_rate': 0.000999426506853243, 'epoch': 0.01}
{'loss': 0.6788, 'learning_rate': 0.0009982795205597294, 'epoch': 0.01}
{'loss': 0.6694, 'learning_rate': 0.0009971325342662154, 'epoch': 0.02}
{'loss': 0.6497, 'learning_rate': 0.0009959855479727017, 'epoch': 0.02}
{'loss': 0.654, 'learning_rate': 0.000994838561679188, 'epoch': 0.02}
{'loss': 0.667, 'learning_rate': 0.000993691575385674, 'epoch': 0.03}
{'loss': 0.6708, 'learning_rate': 0.0009925445890921604, 'epoch': 0.03}
{'loss': 0.6774, 'learning_rate': 0.0009913976027986465, 'epoch': 0.03}
{'loss': 0.6445, 'learning_rate': 0.0009902506165051328, 'epoch': 0.04}
{'loss': 0.6717, 'learning_rate': 0.000989103630211619, 'epoch': 0.04}
{'eval_loss': 0.6772434115409851, 'eval_bce': 0.6769480338626701, 'eval_n_pos': 2024.0, 'eval_pos_rate': 0.09120814744716327, 'eval_auroc': 0.6175665652277789, 'eval_auprc': 0.1814502336410002, 'eval_mcc': 0.128610212465751, 'eval_precision': 0.17779073156514136, 'eval_recall': 0.30138339920948615, 'eval_f1': 0.2236480293308891, 'eval_runtime': 20.3093, 'eval_samples_per_second': 1092.651, 'eval_steps_per_second': 17.086, 'epoch': 0.04}
{'loss': 0.6558, 'learning_rate': 0.0009879566439181052, 'epoch': 0.04}
{'loss': 0.6463, 'learning_rate': 0.0009868096576245915, 'epoch': 0.05}
{'loss': 0.6692, 'learning_rate': 0.0009856626713310775, 'epoch': 0.05}
{'loss': 0.6413, 'learning_rate': 0.0009845156850375638, 'epoch': 0.05}
{'loss': 0.653, 'learning_rate': 0.00098336869874405, 'epoch': 0.06}
{'loss': 0.6287, 'learning_rate': 0.0009822217124505362, 'epoch': 0.06}
{'loss': 0.6501, 'learning_rate': 0.0009810747261570225, 'epoch': 0.07}
{'loss': 0.6524, 'learning_rate': 0.0009799277398635088, 'epoch': 0.07}
{'loss': 0.6518, 'learning_rate': 0.0009787807535699949, 'epoch': 0.07}
{'loss': 0.6701, 'learning_rate': 0.000977633767276481, 'epoch': 0.08}
{'loss': 0.636, 'learning_rate': 0.0009764867809829672, 'epoch': 0.08}
{'loss': 0.6653, 'learning_rate': 0.0009753397946894534, 'epoch': 0.08}
{'loss': 0.6443, 'learning_rate': 0.0009741928083959397, 'epoch': 0.09}
{'eval_loss': 0.6376051902770996, 'eval_bce': 0.6362607412814368, 'eval_n_pos': 2024.0, 'eval_pos_rate': 0.09120814744716327, 'eval_auroc': 0.6194938028332985, 'eval_auprc': 0.17914015986560966, 'eval_mcc': 0.13502031722274305, 'eval_precision': 0.2179151388161341, 'eval_recall': 0.20553359683794467, 'eval_f1': 0.21154335113145178, 'eval_runtime': 20.3795, 'eval_samples_per_second': 1088.888, 'eval_steps_per_second': 17.027, 'epoch': 0.09}
{'loss': 0.649, 'learning_rate': 0.0009730458221024259, 'epoch': 0.09}
{'loss': 0.6312, 'learning_rate': 0.0009718988358089121, 'epoch': 0.09}
{'loss': 0.6417, 'learning_rate': 0.0009707518495153983, 'epoch': 0.1}
{'loss': 0.6575, 'learning_rate': 0.0009696048632218846, 'epoch': 0.1}
{'loss': 0.659, 'learning_rate': 0.0009684578769283708, 'epoch': 0.1}
{'loss': 0.646, 'learning_rate': 0.0009673108906348569, 'epoch': 0.11}
{'loss': 0.6624, 'learning_rate': 0.0009661639043413432, 'epoch': 0.11}
{'loss': 0.6176, 'learning_rate': 0.0009650169180478293, 'epoch': 0.11}
{'loss': 0.6333, 'learning_rate': 0.0009638699317543156, 'epoch': 0.12}
{'loss': 0.6579, 'learning_rate': 0.0009627229454608017, 'epoch': 0.12}
{'loss': 0.6537, 'learning_rate': 0.000961575959167288, 'epoch': 0.12}
{'loss': 0.6573, 'learning_rate': 0.0009604289728737742, 'epoch': 0.13}
{'eval_loss': 0.6057053208351135, 'eval_bce': 0.6032270553306426, 'eval_n_pos': 2024.0, 'eval_pos_rate': 0.09120814744716327, 'eval_auroc': 0.6217807713693426, 'eval_auprc': 0.18577054273391339, 'eval_mcc': 0.14616332244556007, 'eval_precision': 0.2730496453900709, 'eval_recall': 0.15217391304347827, 'eval_f1': 0.19543147208121828, 'eval_runtime': 20.375, 'eval_samples_per_second': 1089.131, 'eval_steps_per_second': 17.031, 'epoch': 0.13}
{'loss': 0.6352, 'learning_rate': 0.0009592819865802603, 'epoch': 0.13}
{'loss': 0.6566, 'learning_rate': 0.0009581350002867466, 'epoch': 0.13}
{'loss': 0.6417, 'learning_rate': 0.0009569880139932328, 'epoch': 0.14}
{'loss': 0.6415, 'learning_rate': 0.0009558410276997191, 'epoch': 0.14}
{'loss': 0.6373, 'learning_rate': 0.0009546940414062051, 'epoch': 0.14}
{'loss': 0.642, 'learning_rate': 0.0009535470551126914, 'epoch': 0.15}
{'loss': 0.6468, 'learning_rate': 0.0009524000688191776, 'epoch': 0.15}
{'loss': 0.6453, 'learning_rate': 0.0009512530825256639, 'epoch': 0.15}
{'loss': 0.6443, 'learning_rate': 0.00095010609623215, 'epoch': 0.16}
{'loss': 0.6474, 'learning_rate': 0.0009489591099386362, 'epoch': 0.16}
{'loss': 0.6491, 'learning_rate': 0.0009478121236451225, 'epoch': 0.16}
{'loss': 0.6318, 'learning_rate': 0.0009466651373516087, 'epoch': 0.17}
{'loss': 0.6468, 'learning_rate': 0.0009455181510580949, 'epoch': 0.17}
{'eval_loss': 0.5836539268493652, 'eval_bce': 0.5802959029318313, 'eval_n_pos': 2024.0, 'eval_pos_rate': 0.09120814744716327, 'eval_auroc': 0.6301887024962118, 'eval_auprc': 0.18466359107628305, 'eval_mcc': 0.14683665073803556, 'eval_precision': 0.26919831223628693, 'eval_recall': 0.15760869565217392, 'eval_f1': 0.19881583047678406, 'eval_runtime': 20.3647, 'eval_samples_per_second': 1089.682, 'eval_steps_per_second': 17.039, 'epoch': 0.17}
{'loss': 0.6397, 'learning_rate': 0.000944371164764581, 'epoch': 0.17}
{'loss': 0.6536, 'learning_rate': 0.0009432241784710673, 'epoch': 0.18}
{'loss': 0.6526, 'learning_rate': 0.0009420771921775535, 'epoch': 0.18}
{'loss': 0.6484, 'learning_rate': 0.0009409302058840396, 'epoch': 0.19}
{'loss': 0.6338, 'learning_rate': 0.0009397832195905259, 'epoch': 0.19}
{'loss': 0.6347, 'learning_rate': 0.0009386362332970121, 'epoch': 0.19}
{'loss': 0.6458, 'learning_rate': 0.0009374892470034984, 'epoch': 0.2}
{'loss': 0.6166, 'learning_rate': 0.0009363422607099845, 'epoch': 0.2}
{'loss': 0.6466, 'learning_rate': 0.0009351952744164708, 'epoch': 0.2}
{'loss': 0.6394, 'learning_rate': 0.000934048288122957, 'epoch': 0.21}
{'loss': 0.6336, 'learning_rate': 0.0009329013018294431, 'epoch': 0.21}
{'loss': 0.6486, 'learning_rate': 0.0009317543155359293, 'epoch': 0.21}
{'eval_loss': 0.5689764022827148, 'eval_bce': 0.5652975621313142, 'eval_n_pos': 2024.0, 'eval_pos_rate': 0.09120814744716327, 'eval_auroc': 0.6189301790523437, 'eval_auprc': 0.17437098100126902, 'eval_mcc': 0.12452283510180284, 'eval_precision': 0.2528846153846154, 'eval_recall': 0.1299407114624506, 'eval_f1': 0.1716710182767624, 'eval_runtime': 20.369, 'eval_samples_per_second': 1089.451, 'eval_steps_per_second': 17.036, 'epoch': 0.21}
{'loss': 0.6536, 'learning_rate': 0.0009306073292424155, 'epoch': 0.22}
{'loss': 0.6215, 'learning_rate': 0.0009294603429489018, 'epoch': 0.22}
{'loss': 0.6452, 'learning_rate': 0.000928313356655388, 'epoch': 0.22}
{'loss': 0.6413, 'learning_rate': 0.0009271663703618742, 'epoch': 0.23}
{'loss': 0.642, 'learning_rate': 0.0009260193840683604, 'epoch': 0.23}
{'loss': 0.647, 'learning_rate': 0.0009248723977748467, 'epoch': 0.23}
{'loss': 0.6426, 'learning_rate': 0.0009237254114813329, 'epoch': 0.24}
{'loss': 0.6441, 'learning_rate': 0.0009225784251878189, 'epoch': 0.24}
{'loss': 0.6359, 'learning_rate': 0.0009214314388943052, 'epoch': 0.24}
{'loss': 0.6609, 'learning_rate': 0.0009202844526007914, 'epoch': 0.25}
{'loss': 0.6488, 'learning_rate': 0.0009191374663072777, 'epoch': 0.25}
{'loss': 0.6415, 'learning_rate': 0.0009179904800137638, 'epoch': 0.25}
{'loss': 0.6521, 'learning_rate': 0.0009168434937202501, 'epoch': 0.26}
{'eval_loss': 0.5404872894287109, 'eval_bce': 0.5354883760925861, 'eval_n_pos': 2024.0, 'eval_pos_rate': 0.09120814744716327, 'eval_auroc': 0.6325777828256587, 'eval_auprc': 0.1899912755876898, 'eval_mcc': 0.14556094398004382, 'eval_precision': 0.3229018492176387, 'eval_recall': 0.11215415019762846, 'eval_f1': 0.1664833149981665, 'eval_runtime': 20.3769, 'eval_samples_per_second': 1089.025, 'eval_steps_per_second': 17.029, 'epoch': 0.26}
{'loss': 0.6287, 'learning_rate': 0.0009156965074267363, 'epoch': 0.26}
{'loss': 0.6435, 'learning_rate': 0.0009145495211332225, 'epoch': 0.26}
{'loss': 0.6331, 'learning_rate': 0.0009134025348397087, 'epoch': 0.27}
{'loss': 0.6365, 'learning_rate': 0.0009122555485461948, 'epoch': 0.27}
{'loss': 0.6384, 'learning_rate': 0.0009111085622526811, 'epoch': 0.27}
{'loss': 0.6237, 'learning_rate': 0.0009099615759591673, 'epoch': 0.28}
{'loss': 0.6342, 'learning_rate': 0.0009088145896656535, 'epoch': 0.28}
{'loss': 0.635, 'learning_rate': 0.0009076676033721397, 'epoch': 0.28}
{'loss': 0.6336, 'learning_rate': 0.0009065206170786259, 'epoch': 0.29}
{'loss': 0.6356, 'learning_rate': 0.0009053736307851122, 'epoch': 0.29}
{'loss': 0.6517, 'learning_rate': 0.0009042266444915983, 'epoch': 0.3}
{'loss': 0.6125, 'learning_rate': 0.0009030796581980846, 'epoch': 0.3}
{'eval_loss': 0.5469224452972412, 'eval_bce': 0.5424697536529364, 'eval_n_pos': 2024.0, 'eval_pos_rate': 0.09120814744716327, 'eval_auroc': 0.63244896713235, 'eval_auprc': 0.18112446221399525, 'eval_mcc': 0.13875333886129496, 'eval_precision': 0.26697247706422017, 'eval_recall': 0.14377470355731226, 'eval_f1': 0.18689788053949902, 'eval_runtime': 20.3931, 'eval_samples_per_second': 1088.164, 'eval_steps_per_second': 17.016, 'epoch': 0.3}
{'loss': 0.6277, 'learning_rate': 0.0009019326719045708, 'epoch': 0.3}
{'loss': 0.6314, 'learning_rate': 0.000900785685611057, 'epoch': 0.31}
{'loss': 0.6461, 'learning_rate': 0.0008996386993175431, 'epoch': 0.31}
{'loss': 0.6608, 'learning_rate': 0.0008984917130240294, 'epoch': 0.31}
{'loss': 0.6546, 'learning_rate': 0.0008973447267305156, 'epoch': 0.32}
{'loss': 0.638, 'learning_rate': 0.0008961977404370018, 'epoch': 0.32}
{'loss': 0.6438, 'learning_rate': 0.000895050754143488, 'epoch': 0.32}
{'loss': 0.6573, 'learning_rate': 0.0008939037678499742, 'epoch': 0.33}
{'loss': 0.63, 'learning_rate': 0.0008927567815564605, 'epoch': 0.33}
{'loss': 0.6544, 'learning_rate': 0.0008916097952629467, 'epoch': 0.33}
{'loss': 0.6242, 'learning_rate': 0.0008904628089694329, 'epoch': 0.34}
{'loss': 0.6336, 'learning_rate': 0.000889315822675919, 'epoch': 0.34}
{'loss': 0.6159, 'learning_rate': 0.0008881688363824052, 'epoch': 0.34}
{'eval_loss': 0.531973659992218, 'eval_bce': 0.5270431585962396, 'eval_n_pos': 2024.0, 'eval_pos_rate': 0.09120814744716327, 'eval_auroc': 0.6272245818561258, 'eval_auprc': 0.18241337958029066, 'eval_mcc': 0.14849833331574705, 'eval_precision': 0.29867256637168144, 'eval_recall': 0.13339920948616601, 'eval_f1': 0.18442622950819673, 'eval_runtime': 20.3849, 'eval_samples_per_second': 1088.599, 'eval_steps_per_second': 17.022, 'epoch': 0.34}
{'loss': 0.6625, 'learning_rate': 0.0008870218500888915, 'epoch': 0.35}
{'loss': 0.6222, 'learning_rate': 0.0008858748637953776, 'epoch': 0.35}
{'loss': 0.6363, 'learning_rate': 0.0008847278775018639, 'epoch': 0.35}
{'loss': 0.6186, 'learning_rate': 0.0008835808912083501, 'epoch': 0.36}
{'loss': 0.6463, 'learning_rate': 0.0008824339049148363, 'epoch': 0.36}
{'loss': 0.6103, 'learning_rate': 0.0008812869186213225, 'epoch': 0.36}
{'loss': 0.6452, 'learning_rate': 0.0008801399323278086, 'epoch': 0.37}
{'loss': 0.6509, 'learning_rate': 0.0008789929460342949, 'epoch': 0.37}
{'loss': 0.6337, 'learning_rate': 0.000877845959740781, 'epoch': 0.37}
{'loss': 0.6388, 'learning_rate': 0.0008766989734472673, 'epoch': 0.38}
{'loss': 0.6602, 'learning_rate': 0.0008755519871537535, 'epoch': 0.38}
{'loss': 0.6235, 'learning_rate': 0.0008744050008602398, 'epoch': 0.38}
{'eval_loss': 0.5235848426818848, 'eval_bce': 0.5181749038526164, 'eval_n_pos': 2024.0, 'eval_pos_rate': 0.09120814744716327, 'eval_auroc': 0.6323660992961734, 'eval_auprc': 0.19226291008083035, 'eval_mcc': 0.15270483184796557, 'eval_precision': 0.31272294887039237, 'eval_recall': 0.1299407114624506, 'eval_f1': 0.18359511343804538, 'eval_runtime': 20.3851, 'eval_samples_per_second': 1088.591, 'eval_steps_per_second': 17.022, 'epoch': 0.39}
{'loss': 0.6322, 'learning_rate': 0.0008732580145667259, 'epoch': 0.39}
{'loss': 0.6247, 'learning_rate': 0.0008721110282732122, 'epoch': 0.39}
{'loss': 0.6338, 'learning_rate': 0.0008709640419796984, 'epoch': 0.39}
{'loss': 0.6546, 'learning_rate': 0.0008698170556861846, 'epoch': 0.4}
{'loss': 0.631, 'learning_rate': 0.0008686700693926707, 'epoch': 0.4}
{'loss': 0.6417, 'learning_rate': 0.0008675230830991569, 'epoch': 0.4}
{'loss': 0.6398, 'learning_rate': 0.0008663760968056432, 'epoch': 0.41}
{'loss': 0.6258, 'learning_rate': 0.0008652291105121294, 'epoch': 0.41}
{'loss': 0.6251, 'learning_rate': 0.0008640821242186156, 'epoch': 0.42}
{'loss': 0.6704, 'learning_rate': 0.0008629351379251018, 'epoch': 0.42}
{'loss': 0.64, 'learning_rate': 0.000861788151631588, 'epoch': 0.42}
{'loss': 0.6456, 'learning_rate': 0.0008606411653380743, 'epoch': 0.43}
{'loss': 0.6487, 'learning_rate': 0.0008594941790445604, 'epoch': 0.43}
{'eval_loss': 0.5118125081062317, 'eval_bce': 0.5059702164852701, 'eval_n_pos': 2024.0, 'eval_pos_rate': 0.09120814744716327, 'eval_auroc': 0.6258865204789023, 'eval_auprc': 0.18745163665993464, 'eval_mcc': 0.1448777010453028, 'eval_precision': 0.3236994219653179, 'eval_recall': 0.11067193675889328, 'eval_f1': 0.16494845360824745, 'eval_runtime': 20.3889, 'eval_samples_per_second': 1088.384, 'eval_steps_per_second': 17.019, 'epoch': 0.43}
{'loss': 0.6465, 'learning_rate': 0.0008583471927510467, 'epoch': 0.43}
{'loss': 0.6404, 'learning_rate': 0.0008572002064575328, 'epoch': 0.44}
{'loss': 0.6493, 'learning_rate': 0.0008560532201640191, 'epoch': 0.44}
{'loss': 0.6195, 'learning_rate': 0.0008549062338705052, 'epoch': 0.44}
{'loss': 0.6436, 'learning_rate': 0.0008537592475769915, 'epoch': 0.45}
{'loss': 0.6352, 'learning_rate': 0.0008526122612834777, 'epoch': 0.45}
{'loss': 0.6275, 'learning_rate': 0.0008514652749899639, 'epoch': 0.45}
{'loss': 0.6324, 'learning_rate': 0.0008503182886964501, 'epoch': 0.46}
{'loss': 0.6596, 'learning_rate': 0.0008491713024029363, 'epoch': 0.46}
{'loss': 0.6329, 'learning_rate': 0.0008480243161094226, 'epoch': 0.46}
{'loss': 0.632, 'learning_rate': 0.0008468773298159087, 'epoch': 0.47}
{'loss': 0.6366, 'learning_rate': 0.0008457303435223949, 'epoch': 0.47}
{'eval_loss': 0.5099291801452637, 'eval_bce': 0.5036725651550144, 'eval_n_pos': 2024.0, 'eval_pos_rate': 0.09120814744716327, 'eval_auroc': 0.6295526107006495, 'eval_auprc': 0.191151453155789, 'eval_mcc': 0.1519537629996006, 'eval_precision': 0.3265856950067476, 'eval_recall': 0.11956521739130435, 'eval_f1': 0.17504520795660036, 'eval_runtime': 20.4394, 'eval_samples_per_second': 1085.697, 'eval_steps_per_second': 16.977, 'epoch': 0.47}
{'loss': 0.6317, 'learning_rate': 0.0008445833572288811, 'epoch': 0.47}
{'loss': 0.6432, 'learning_rate': 0.0008434363709353673, 'epoch': 0.48}
{'loss': 0.6219, 'learning_rate': 0.0008422893846418536, 'epoch': 0.48}
{'loss': 0.6211, 'learning_rate': 0.0008411423983483397, 'epoch': 0.48}
{'loss': 0.6449, 'learning_rate': 0.000839995412054826, 'epoch': 0.49}
{'loss': 0.6424, 'learning_rate': 0.0008388484257613122, 'epoch': 0.49}
{'loss': 0.6414, 'learning_rate': 0.0008377014394677985, 'epoch': 0.49}
{'loss': 0.6496, 'learning_rate': 0.0008365544531742845, 'epoch': 0.5}
{'loss': 0.6297, 'learning_rate': 0.0008354074668807707, 'epoch': 0.5}
{'loss': 0.6241, 'learning_rate': 0.000834260480587257, 'epoch': 0.5}
{'loss': 0.6854, 'learning_rate': 0.0008331134942937432, 'epoch': 0.51}
{'loss': 0.6308, 'learning_rate': 0.0008319665080002294, 'epoch': 0.51}
{'loss': 0.6289, 'learning_rate': 0.0008308195217067156, 'epoch': 0.51}
{'eval_loss': 0.5153960585594177, 'eval_bce': 0.5097181028214012, 'eval_n_pos': 2024.0, 'eval_pos_rate': 0.09120814744716327, 'eval_auroc': 0.6319019169186306, 'eval_auprc': 0.1830049206581097, 'eval_mcc': 0.1389850318633461, 'eval_precision': 0.27726809378185524, 'eval_recall': 0.13438735177865613, 'eval_f1': 0.18103161397670547, 'eval_runtime': 20.3887, 'eval_samples_per_second': 1088.395, 'eval_steps_per_second': 17.019, 'epoch': 0.51}
{'loss': 0.6484, 'learning_rate': 0.0008296725354132019, 'epoch': 0.52}
{'loss': 0.6177, 'learning_rate': 0.0008285255491196881, 'epoch': 0.52}
{'loss': 0.6286, 'learning_rate': 0.0008273785628261743, 'epoch': 0.52}
{'loss': 0.6517, 'learning_rate': 0.0008262315765326605, 'epoch': 0.53}
{'loss': 0.6337, 'learning_rate': 0.0008250845902391466, 'epoch': 0.53}
{'loss': 0.6348, 'learning_rate': 0.0008239376039456329, 'epoch': 0.54}
{'loss': 0.6376, 'learning_rate': 0.000822790617652119, 'epoch': 0.54}
{'loss': 0.6326, 'learning_rate': 0.0008216436313586053, 'epoch': 0.54}
{'loss': 0.6199, 'learning_rate': 0.0008204966450650915, 'epoch': 0.55}
{'loss': 0.6006, 'learning_rate': 0.0008193496587715778, 'epoch': 0.55}
{'loss': 0.6555, 'learning_rate': 0.0008182026724780639, 'epoch': 0.55}
{'loss': 0.6531, 'learning_rate': 0.0008170556861845501, 'epoch': 0.56}
{'eval_loss': 0.5068788528442383, 'eval_bce': 0.5007978414824515, 'eval_n_pos': 2024.0, 'eval_pos_rate': 0.09120814744716327, 'eval_auroc': 0.6308732532954574, 'eval_auprc': 0.18322837105610387, 'eval_mcc': 0.13856628642248822, 'eval_precision': 0.2927120669056153, 'eval_recall': 0.12104743083003952, 'eval_f1': 0.17126878713736457, 'eval_runtime': 20.3821, 'eval_samples_per_second': 1088.751, 'eval_steps_per_second': 17.025, 'epoch': 0.56}
{'loss': 0.633, 'learning_rate': 0.0008159086998910364, 'epoch': 0.56}
{'loss': 0.6171, 'learning_rate': 0.0008147617135975225, 'epoch': 0.56}
{'loss': 0.6437, 'learning_rate': 0.0008136147273040087, 'epoch': 0.57}
{'loss': 0.6265, 'learning_rate': 0.0008124677410104949, 'epoch': 0.57}
{'loss': 0.6483, 'learning_rate': 0.0008113207547169812, 'epoch': 0.57}
{'loss': 0.6411, 'learning_rate': 0.0008101737684234673, 'epoch': 0.58}
{'loss': 0.6452, 'learning_rate': 0.0008090267821299535, 'epoch': 0.58}
{'loss': 0.621, 'learning_rate': 0.0008078797958364398, 'epoch': 0.58}
{'loss': 0.6507, 'learning_rate': 0.000806732809542926, 'epoch': 0.59}
{'loss': 0.6311, 'learning_rate': 0.0008055858232494122, 'epoch': 0.59}
{'loss': 0.6479, 'learning_rate': 0.0008044388369558983, 'epoch': 0.59}
{'loss': 0.6414, 'learning_rate': 0.0008032918506623846, 'epoch': 0.6}
{'loss': 0.6503, 'learning_rate': 0.0008021448643688708, 'epoch': 0.6}
{'eval_loss': 0.5072066783905029, 'eval_bce': 0.501170248935297, 'eval_n_pos': 2024.0, 'eval_pos_rate': 0.09120814744716327, 'eval_auroc': 0.6384445806370562, 'eval_auprc': 0.19110685044330777, 'eval_mcc': 0.14588668589656636, 'eval_precision': 0.29608938547486036, 'eval_recall': 0.1309288537549407, 'eval_f1': 0.18156903048989378, 'eval_runtime': 20.3857, 'eval_samples_per_second': 1088.559, 'eval_steps_per_second': 17.022, 'epoch': 0.6}
{'loss': 0.6402, 'learning_rate': 0.000800997878075357, 'epoch': 0.6}
{'loss': 0.6234, 'learning_rate': 0.0007998508917818432, 'epoch': 0.61}
{'loss': 0.6098, 'learning_rate': 0.0007987039054883294, 'epoch': 0.61}
{'loss': 0.6202, 'learning_rate': 0.0007975569191948157, 'epoch': 0.61}
{'loss': 0.6509, 'learning_rate': 0.0007964099329013018, 'epoch': 0.62}
{'loss': 0.6491, 'learning_rate': 0.0007952629466077881, 'epoch': 0.62}
{'loss': 0.6395, 'learning_rate': 0.0007941159603142742, 'epoch': 0.62}
{'loss': 0.6273, 'learning_rate': 0.0007929689740207605, 'epoch': 0.63}
{'loss': 0.6377, 'learning_rate': 0.0007918219877272466, 'epoch': 0.63}
{'loss': 0.6515, 'learning_rate': 0.0007906750014337328, 'epoch': 0.63}
{'loss': 0.6316, 'learning_rate': 0.0007895280151402191, 'epoch': 0.64}
{'loss': 0.6484, 'learning_rate': 0.0007883810288467053, 'epoch': 0.64}
{'eval_loss': 0.506780207157135, 'eval_bce': 0.5011042439862086, 'eval_n_pos': 2024.0, 'eval_pos_rate': 0.09120814744716327, 'eval_auroc': 0.6346109540671363, 'eval_auprc': 0.17418810132499074, 'eval_mcc': 0.13189420818613987, 'eval_precision': 0.2743169398907104, 'eval_recall': 0.12401185770750989, 'eval_f1': 0.17080639673358286, 'eval_runtime': 20.3862, 'eval_samples_per_second': 1088.532, 'eval_steps_per_second': 17.021, 'epoch': 0.64}
{'loss': 0.6281, 'learning_rate': 0.0007872340425531915, 'epoch': 0.65}
{'loss': 0.6162, 'learning_rate': 0.0007860870562596777, 'epoch': 0.65}
{'loss': 0.6445, 'learning_rate': 0.000784940069966164, 'epoch': 0.65}
{'loss': 0.6236, 'learning_rate': 0.0007837930836726502, 'epoch': 0.66}
{'loss': 0.6318, 'learning_rate': 0.0007826460973791363, 'epoch': 0.66}
{'loss': 0.6303, 'learning_rate': 0.0007814991110856225, 'epoch': 0.66}
{'loss': 0.6487, 'learning_rate': 0.0007803521247921087, 'epoch': 0.67}
{'loss': 0.6308, 'learning_rate': 0.000779205138498595, 'epoch': 0.67}
{'loss': 0.6482, 'learning_rate': 0.0007780581522050811, 'epoch': 0.67}
{'loss': 0.6331, 'learning_rate': 0.0007769111659115674, 'epoch': 0.68}
{'loss': 0.6512, 'learning_rate': 0.0007757641796180536, 'epoch': 0.68}
{'loss': 0.6409, 'learning_rate': 0.0007746171933245399, 'epoch': 0.68}
{'loss': 0.6475, 'learning_rate': 0.000773470207031026, 'epoch': 0.69}
{'eval_loss': 0.5008974671363831, 'eval_bce': 0.494488407576873, 'eval_n_pos': 2024.0, 'eval_pos_rate': 0.09120814744716327, 'eval_auroc': 0.6293069715699992, 'eval_auprc': 0.18825449076180573, 'eval_mcc': 0.1444582870922724, 'eval_precision': 0.3168724279835391, 'eval_recall': 0.11413043478260869, 'eval_f1': 0.16781692698873957, 'eval_runtime': 20.3745, 'eval_samples_per_second': 1089.155, 'eval_steps_per_second': 17.031, 'epoch': 0.69}
{'loss': 0.6367, 'learning_rate': 0.0007723232207375121, 'epoch': 0.69}
{'loss': 0.6218, 'learning_rate': 0.0007711762344439984, 'epoch': 0.69}
{'loss': 0.6111, 'learning_rate': 0.0007700292481504846, 'epoch': 0.7}
{'loss': 0.6002, 'learning_rate': 0.0007688822618569708, 'epoch': 0.7}
{'loss': 0.6496, 'learning_rate': 0.000767735275563457, 'epoch': 0.7}
{'loss': 0.6295, 'learning_rate': 0.0007665882892699433, 'epoch': 0.71}
{'loss': 0.6426, 'learning_rate': 0.0007654413029764295, 'epoch': 0.71}
{'loss': 0.6318, 'learning_rate': 0.0007642943166829156, 'epoch': 0.71}
{'loss': 0.6663, 'learning_rate': 0.0007631473303894019, 'epoch': 0.72}
{'loss': 0.6455, 'learning_rate': 0.000762000344095888, 'epoch': 0.72}
{'loss': 0.6248, 'learning_rate': 0.0007608533578023743, 'epoch': 0.72}
{'loss': 0.6157, 'learning_rate': 0.0007597063715088604, 'epoch': 0.73}
{'eval_loss': 0.5052304863929749, 'eval_bce': 0.4990601715626155, 'eval_n_pos': 2024.0, 'eval_pos_rate': 0.09120814744716327, 'eval_auroc': 0.63437969584405, 'eval_auprc': 0.1870467897340921, 'eval_mcc': 0.14832429173749595, 'eval_precision': 0.3014789533560865, 'eval_recall': 0.1309288537549407, 'eval_f1': 0.18256975542542198, 'eval_runtime': 20.4096, 'eval_samples_per_second': 1087.282, 'eval_steps_per_second': 17.002, 'epoch': 0.73}
{'loss': 0.6372, 'learning_rate': 0.0007585593852153467, 'epoch': 0.73}
{'loss': 0.638, 'learning_rate': 0.0007574123989218329, 'epoch': 0.73}
{'loss': 0.6141, 'learning_rate': 0.0007562654126283192, 'epoch': 0.74}
{'loss': 0.6237, 'learning_rate': 0.0007551184263348053, 'epoch': 0.74}
{'loss': 0.6413, 'learning_rate': 0.0007539714400412915, 'epoch': 0.74}
{'loss': 0.6438, 'learning_rate': 0.0007528244537477778, 'epoch': 0.75}
{'loss': 0.6201, 'learning_rate': 0.000751677467454264, 'epoch': 0.75}
{'loss': 0.6145, 'learning_rate': 0.0007505304811607501, 'epoch': 0.75}
{'loss': 0.6487, 'learning_rate': 0.0007493834948672363, 'epoch': 0.76}
{'loss': 0.6344, 'learning_rate': 0.0007482365085737226, 'epoch': 0.76}
{'loss': 0.6425, 'learning_rate': 0.0007470895222802088, 'epoch': 0.77}
{'loss': 0.6119, 'learning_rate': 0.0007459425359866949, 'epoch': 0.77}
{'loss': 0.647, 'learning_rate': 0.0007447955496931812, 'epoch': 0.77}
{'eval_loss': 0.49740418791770935, 'eval_bce': 0.490767010160103, 'eval_n_pos': 2024.0, 'eval_pos_rate': 0.09120814744716327, 'eval_auroc': 0.6343965511496787, 'eval_auprc': 0.18752884115781077, 'eval_mcc': 0.1442973701246145, 'eval_precision': 0.31971830985915495, 'eval_recall': 0.11215415019762846, 'eval_f1': 0.16605705925384054, 'eval_runtime': 20.3896, 'eval_samples_per_second': 1088.349, 'eval_steps_per_second': 17.018, 'epoch': 0.77}
{'loss': 0.6292, 'learning_rate': 0.0007436485633996674, 'epoch': 0.78}
{'loss': 0.6392, 'learning_rate': 0.0007425015771061537, 'epoch': 0.78}
{'loss': 0.6293, 'learning_rate': 0.0007413545908126398, 'epoch': 0.78}
{'loss': 0.609, 'learning_rate': 0.000740207604519126, 'epoch': 0.79}
{'loss': 0.6167, 'learning_rate': 0.0007390606182256122, 'epoch': 0.79}
{'loss': 0.6533, 'learning_rate': 0.0007379136319320984, 'epoch': 0.79}
{'loss': 0.6313, 'learning_rate': 0.0007367666456385846, 'epoch': 0.8}
{'loss': 0.6371, 'learning_rate': 0.0007356196593450708, 'epoch': 0.8}
{'loss': 0.6197, 'learning_rate': 0.0007344726730515571, 'epoch': 0.8}
{'loss': 0.6184, 'learning_rate': 0.0007333256867580432, 'epoch': 0.81}
{'loss': 0.6225, 'learning_rate': 0.0007321787004645295, 'epoch': 0.81}
{'loss': 0.62, 'learning_rate': 0.0007310317141710157, 'epoch': 0.81}
{'eval_loss': 0.49550706148147583, 'eval_bce': 0.48879788043219197, 'eval_n_pos': 2024.0, 'eval_pos_rate': 0.09120814744716327, 'eval_auroc': 0.6368566418037842, 'eval_auprc': 0.18962488605568434, 'eval_mcc': 0.14484419733508155, 'eval_precision': 0.3116036505867014, 'eval_recall': 0.11808300395256917, 'eval_f1': 0.17126477964887138, 'eval_runtime': 20.3867, 'eval_samples_per_second': 1088.502, 'eval_steps_per_second': 17.021, 'epoch': 0.81}
{'loss': 0.643, 'learning_rate': 0.000729884727877502, 'epoch': 0.82}
{'loss': 0.6375, 'learning_rate': 0.000728737741583988, 'epoch': 0.82}
{'loss': 0.6452, 'learning_rate': 0.0007275907552904742, 'epoch': 0.82}
{'loss': 0.6216, 'learning_rate': 0.0007264437689969605, 'epoch': 0.83}
{'loss': 0.6342, 'learning_rate': 0.0007252967827034467, 'epoch': 0.83}
{'loss': 0.6288, 'learning_rate': 0.0007241497964099329, 'epoch': 0.83}
{'loss': 0.6289, 'learning_rate': 0.0007230028101164191, 'epoch': 0.84}
{'loss': 0.6029, 'learning_rate': 0.0007218558238229054, 'epoch': 0.84}
{'loss': 0.5927, 'learning_rate': 0.0007207088375293916, 'epoch': 0.84}
{'loss': 0.6337, 'learning_rate': 0.0007195618512358776, 'epoch': 0.85}
{'loss': 0.6388, 'learning_rate': 0.0007184148649423639, 'epoch': 0.85}
{'loss': 0.6264, 'learning_rate': 0.0007172678786488501, 'epoch': 0.85}
{'loss': 0.6381, 'learning_rate': 0.0007161208923553364, 'epoch': 0.86}
{'eval_loss': 0.4989454448223114, 'eval_bce': 0.4927755638916855, 'eval_n_pos': 2024.0, 'eval_pos_rate': 0.09120814744716327, 'eval_auroc': 0.6382769462929205, 'eval_auprc': 0.18429761237341413, 'eval_mcc': 0.14175382330909614, 'eval_precision': 0.29204545454545455, 'eval_recall': 0.12697628458498023, 'eval_f1': 0.17699724517906337, 'eval_runtime': 20.3924, 'eval_samples_per_second': 1088.201, 'eval_steps_per_second': 17.016, 'epoch': 0.86}
{'loss': 0.643, 'learning_rate': 0.0007149739060618225, 'epoch': 0.86}
{'loss': 0.6353, 'learning_rate': 0.0007138269197683088, 'epoch': 0.86}
{'loss': 0.6435, 'learning_rate': 0.000712679933474795, 'epoch': 0.87}
{'loss': 0.6385, 'learning_rate': 0.0007115329471812813, 'epoch': 0.87}
{'loss': 0.6426, 'learning_rate': 0.0007103859608877674, 'epoch': 0.87}
{'loss': 0.6595, 'learning_rate': 0.0007092389745942536, 'epoch': 0.88}
{'loss': 0.6325, 'learning_rate': 0.0007080919883007399, 'epoch': 0.88}
{'loss': 0.6341, 'learning_rate': 0.000706945002007226, 'epoch': 0.89}
{'loss': 0.6196, 'learning_rate': 0.0007057980157137122, 'epoch': 0.89}
{'loss': 0.6494, 'learning_rate': 0.0007046510294201984, 'epoch': 0.89}
{'loss': 0.6335, 'learning_rate': 0.0007035040431266847, 'epoch': 0.9}
{'loss': 0.6453, 'learning_rate': 0.0007023570568331709, 'epoch': 0.9}
{'eval_loss': 0.4909038245677948, 'eval_bce': 0.4837715960759954, 'eval_n_pos': 2024.0, 'eval_pos_rate': 0.09120814744716327, 'eval_auroc': 0.6318406204438003, 'eval_auprc': 0.18707721198694266, 'eval_mcc': 0.1404177737076403, 'eval_precision': 0.3217522658610272, 'eval_recall': 0.10523715415019763, 'eval_f1': 0.15860014892032762, 'eval_runtime': 20.3949, 'eval_samples_per_second': 1088.067, 'eval_steps_per_second': 17.014, 'epoch': 0.9}
{'loss': 0.6559, 'learning_rate': 0.000701210070539657, 'epoch': 0.9}
{'loss': 0.6254, 'learning_rate': 0.0007000630842461433, 'epoch': 0.91}
{'loss': 0.6661, 'learning_rate': 0.0006989160979526295, 'epoch': 0.91}
{'loss': 0.6293, 'learning_rate': 0.0006977691116591158, 'epoch': 0.91}
{'loss': 0.617, 'learning_rate': 0.0006966221253656018, 'epoch': 0.92}
{'loss': 0.6446, 'learning_rate': 0.0006954751390720881, 'epoch': 0.92}
{'loss': 0.6207, 'learning_rate': 0.0006943281527785743, 'epoch': 0.92}
{'loss': 0.6411, 'learning_rate': 0.0006931811664850605, 'epoch': 0.93}
{'loss': 0.6587, 'learning_rate': 0.0006920341801915467, 'epoch': 0.93}
{'loss': 0.651, 'learning_rate': 0.0006908871938980329, 'epoch': 0.93}
{'loss': 0.6218, 'learning_rate': 0.0006897402076045192, 'epoch': 0.94}
{'loss': 0.6334, 'learning_rate': 0.0006885932213110054, 'epoch': 0.94}
{'loss': 0.6538, 'learning_rate': 0.0006874462350174916, 'epoch': 0.94}
{'eval_loss': 0.49024102091789246, 'eval_bce': 0.4832085300347576, 'eval_n_pos': 2024.0, 'eval_pos_rate': 0.09120814744716327, 'eval_auroc': 0.6308395304347042, 'eval_auprc': 0.18816186341946767, 'eval_mcc': 0.14835554852564242, 'eval_precision': 0.3390625, 'eval_recall': 0.10721343873517787, 'eval_f1': 0.16291291291291293, 'eval_runtime': 20.3841, 'eval_samples_per_second': 1088.64, 'eval_steps_per_second': 17.023, 'epoch': 0.94}
{'loss': 0.6266, 'learning_rate': 0.0006862992487239777, 'epoch': 0.95}
{'loss': 0.6518, 'learning_rate': 0.000685152262430464, 'epoch': 0.95}
{'loss': 0.6231, 'learning_rate': 0.0006840052761369502, 'epoch': 0.95}
{'loss': 0.6318, 'learning_rate': 0.0006828582898434363, 'epoch': 0.96}
{'loss': 0.638, 'learning_rate': 0.0006817113035499226, 'epoch': 0.96}
{'loss': 0.6291, 'learning_rate': 0.0006805643172564088, 'epoch': 0.96}
{'loss': 0.6601, 'learning_rate': 0.0006794173309628951, 'epoch': 0.97}
{'loss': 0.6254, 'learning_rate': 0.0006782703446693812, 'epoch': 0.97}
{'loss': 0.61, 'learning_rate': 0.0006771233583758675, 'epoch': 0.97}
{'loss': 0.6081, 'learning_rate': 0.0006759763720823537, 'epoch': 0.98}
{'loss': 0.6379, 'learning_rate': 0.0006748293857888398, 'epoch': 0.98}
{'loss': 0.6328, 'learning_rate': 0.000673682399495326, 'epoch': 0.98}
{'eval_loss': 0.489934504032135, 'eval_bce': 0.48291477999772303, 'eval_n_pos': 2024.0, 'eval_pos_rate': 0.09120814744716327, 'eval_auroc': 0.633529495118919, 'eval_auprc': 0.18712191137125428, 'eval_mcc': 0.13876571690709374, 'eval_precision': 0.3124108416547789, 'eval_recall': 0.10820158102766798, 'eval_f1': 0.16073394495412846, 'eval_runtime': 20.3973, 'eval_samples_per_second': 1087.939, 'eval_steps_per_second': 17.012, 'epoch': 0.99}
{'loss': 0.6355, 'learning_rate': 0.0006725354132018122, 'epoch': 0.99}
{'loss': 0.6466, 'learning_rate': 0.0006713884269082985, 'epoch': 0.99}
{'loss': 0.6335, 'learning_rate': 0.0006702414406147847, 'epoch': 1.0}
{'loss': 0.6395, 'learning_rate': 0.0006690944543212709, 'epoch': 1.0}
{'loss': 0.6264, 'learning_rate': 0.0006679474680277571, 'epoch': 1.0}
{'loss': 0.6302, 'learning_rate': 0.0006668004817342433, 'epoch': 1.01}
{'loss': 0.6202, 'learning_rate': 0.0006656534954407296, 'epoch': 1.01}
{'loss': 0.6523, 'learning_rate': 0.0006645065091472156, 'epoch': 1.01}
{'loss': 0.6286, 'learning_rate': 0.0006633595228537019, 'epoch': 1.02}
{'loss': 0.6447, 'learning_rate': 0.0006622125365601881, 'epoch': 1.02}
{'loss': 0.6314, 'learning_rate': 0.0006610655502666744, 'epoch': 1.02}
{'loss': 0.6527, 'learning_rate': 0.0006599185639731605, 'epoch': 1.03}
{'loss': 0.6162, 'learning_rate': 0.0006587715776796468, 'epoch': 1.03}
{'eval_loss': 0.4916808009147644, 'eval_bce': 0.4843848855906878, 'eval_n_pos': 2024.0, 'eval_pos_rate': 0.09120814744716327, 'eval_auroc': 0.6357369154320319, 'eval_auprc': 0.19669355640849176, 'eval_mcc': 0.15828515725573325, 'eval_precision': 0.3407821229050279, 'eval_recall': 0.12055335968379446, 'eval_f1': 0.17810218978102188, 'eval_runtime': 20.4087, 'eval_samples_per_second': 1087.331, 'eval_steps_per_second': 17.003, 'epoch': 1.03}
{'loss': 0.6292, 'learning_rate': 0.000657624591386133, 'epoch': 1.03}
{'loss': 0.6376, 'learning_rate': 0.0006564776050926191, 'epoch': 1.04}
{'loss': 0.65, 'learning_rate': 0.0006553306187991054, 'epoch': 1.04}
{'loss': 0.642, 'learning_rate': 0.0006541836325055915, 'epoch': 1.04}
{'loss': 0.6219, 'learning_rate': 0.0006530366462120778, 'epoch': 1.05}
{'loss': 0.6441, 'learning_rate': 0.0006518896599185639, 'epoch': 1.05}
{'loss': 0.6348, 'learning_rate': 0.0006507426736250502, 'epoch': 1.05}
{'loss': 0.6233, 'learning_rate': 0.0006495956873315364, 'epoch': 1.06}
{'loss': 0.623, 'learning_rate': 0.0006484487010380226, 'epoch': 1.06}
{'loss': 0.6417, 'learning_rate': 0.0006473017147445088, 'epoch': 1.06}
{'loss': 0.6398, 'learning_rate': 0.000646154728450995, 'epoch': 1.07}
{'loss': 0.6151, 'learning_rate': 0.0006450077421574813, 'epoch': 1.07}
{'eval_loss': 0.48525726795196533, 'eval_bce': 0.47792581900557457, 'eval_n_pos': 2024.0, 'eval_pos_rate': 0.09120814744716327, 'eval_auroc': 0.6385904476279195, 'eval_auprc': 0.19765831917605267, 'eval_mcc': 0.15035099740357627, 'eval_precision': 0.3524451939291737, 'eval_recall': 0.10326086956521739, 'eval_f1': 0.15972487581199846, 'eval_runtime': 20.3862, 'eval_samples_per_second': 1088.528, 'eval_steps_per_second': 17.021, 'epoch': 1.07}
{'loss': 0.6367, 'learning_rate': 0.0006438607558639675, 'epoch': 1.07}
{'loss': 0.628, 'learning_rate': 0.0006427137695704536, 'epoch': 1.08}
{'loss': 0.6532, 'learning_rate': 0.0006415667832769398, 'epoch': 1.08}
{'loss': 0.6148, 'learning_rate': 0.000640419796983426, 'epoch': 1.08}
{'loss': 0.6494, 'learning_rate': 0.0006392728106899123, 'epoch': 1.09}
{'loss': 0.626, 'learning_rate': 0.0006381258243963984, 'epoch': 1.09}
{'loss': 0.6507, 'learning_rate': 0.0006369788381028847, 'epoch': 1.09}
{'loss': 0.6098, 'learning_rate': 0.0006358318518093709, 'epoch': 1.1}
{'loss': 0.6352, 'learning_rate': 0.0006346848655158572, 'epoch': 1.1}
{'loss': 0.6353, 'learning_rate': 0.0006335378792223432, 'epoch': 1.1}
{'loss': 0.634, 'learning_rate': 0.0006323908929288295, 'epoch': 1.11}
{'loss': 0.6438, 'learning_rate': 0.0006312439066353157, 'epoch': 1.11}
{'loss': 0.6277, 'learning_rate': 0.0006300969203418019, 'epoch': 1.12}
{'eval_loss': 0.4847407341003418, 'eval_bce': 0.47763517920205806, 'eval_n_pos': 2024.0, 'eval_pos_rate': 0.09120814744716327, 'eval_auroc': 0.640575221113191, 'eval_auprc': 0.19571026994542834, 'eval_mcc': 0.1514998629455899, 'eval_precision': 0.33727810650887574, 'eval_recall': 0.11264822134387352, 'eval_f1': 0.16888888888888887, 'eval_runtime': 20.3798, 'eval_samples_per_second': 1088.872, 'eval_steps_per_second': 17.027, 'epoch': 1.12}
{'loss': 0.6617, 'learning_rate': 0.0006289499340482881, 'epoch': 1.12}
{'loss': 0.6258, 'learning_rate': 0.0006278029477547743, 'epoch': 1.12}
{'loss': 0.6254, 'learning_rate': 0.0006266559614612606, 'epoch': 1.13}
{'loss': 0.6055, 'learning_rate': 0.0006255089751677468, 'epoch': 1.13}
{'loss': 0.6369, 'learning_rate': 0.000624361988874233, 'epoch': 1.13}
{'loss': 0.6111, 'learning_rate': 0.0006232150025807192, 'epoch': 1.14}
{'loss': 0.635, 'learning_rate': 0.0006220680162872053, 'epoch': 1.14}
{'loss': 0.6307, 'learning_rate': 0.0006209210299936916, 'epoch': 1.14}
{'loss': 0.6146, 'learning_rate': 0.0006197740437001777, 'epoch': 1.15}
{'loss': 0.6203, 'learning_rate': 0.000618627057406664, 'epoch': 1.15}
{'loss': 0.645, 'learning_rate': 0.0006174800711131502, 'epoch': 1.15}
{'loss': 0.63, 'learning_rate': 0.0006163330848196365, 'epoch': 1.16}
{'eval_loss': 0.48661381006240845, 'eval_bce': 0.4796831614416431, 'eval_n_pos': 2024.0, 'eval_pos_rate': 0.09120814744716327, 'eval_auroc': 0.6379200449958263, 'eval_auprc': 0.18947457618199784, 'eval_mcc': 0.14552627752530964, 'eval_precision': 0.3203342618384401, 'eval_recall': 0.11363636363636363, 'eval_f1': 0.16776075857038658, 'eval_runtime': 20.4089, 'eval_samples_per_second': 1087.319, 'eval_steps_per_second': 17.002, 'epoch': 1.16}
{'loss': 0.6488, 'learning_rate': 0.0006151860985261226, 'epoch': 1.16}
{'loss': 0.6395, 'learning_rate': 0.0006140391122326089, 'epoch': 1.16}
{'loss': 0.6193, 'learning_rate': 0.0006128921259390951, 'epoch': 1.17}
{'loss': 0.6533, 'learning_rate': 0.0006117451396455813, 'epoch': 1.17}
{'loss': 0.6232, 'learning_rate': 0.0006105981533520674, 'epoch': 1.17}
{'loss': 0.6353, 'learning_rate': 0.0006094511670585536, 'epoch': 1.18}
{'loss': 0.6253, 'learning_rate': 0.0006083041807650399, 'epoch': 1.18}
{'loss': 0.6394, 'learning_rate': 0.0006071571944715261, 'epoch': 1.18}
{'loss': 0.6375, 'learning_rate': 0.0006060102081780123, 'epoch': 1.19}
{'loss': 0.6399, 'learning_rate': 0.0006048632218844985, 'epoch': 1.19}
{'loss': 0.6409, 'learning_rate': 0.0006037162355909847, 'epoch': 1.19}
{'loss': 0.6217, 'learning_rate': 0.000602569249297471, 'epoch': 1.2}
{'loss': 0.6487, 'learning_rate': 0.000601422263003957, 'epoch': 1.2}
{'eval_loss': 0.4920623302459717, 'eval_bce': 0.48519695626287984, 'eval_n_pos': 2024.0, 'eval_pos_rate': 0.09120814744716327, 'eval_auroc': 0.6393502470772214, 'eval_auprc': 0.19131319450607737, 'eval_mcc': 0.14818911547827662, 'eval_precision': 0.3092909535452323, 'eval_recall': 0.125, 'eval_f1': 0.17804363124560169, 'eval_runtime': 20.3912, 'eval_samples_per_second': 1088.265, 'eval_steps_per_second': 17.017, 'epoch': 1.2}
{'loss': 0.6322, 'learning_rate': 0.0006002752767104433, 'epoch': 1.2}
{'loss': 0.6386, 'learning_rate': 0.0005991282904169295, 'epoch': 1.21}
{'loss': 0.6369, 'learning_rate': 0.0005979813041234158, 'epoch': 1.21}
{'loss': 0.6252, 'learning_rate': 0.0005968343178299019, 'epoch': 1.21}
{'loss': 0.6238, 'learning_rate': 0.0005956873315363881, 'epoch': 1.22}
{'loss': 0.6301, 'learning_rate': 0.0005945403452428744, 'epoch': 1.22}
{'loss': 0.6304, 'learning_rate': 0.0005933933589493606, 'epoch': 1.22}
{'loss': 0.6226, 'learning_rate': 0.0005922463726558468, 'epoch': 1.23}
{'loss': 0.6262, 'learning_rate': 0.000591099386362333, 'epoch': 1.23}
{'loss': 0.6405, 'learning_rate': 0.0005899524000688193, 'epoch': 1.24}
{'loss': 0.6374, 'learning_rate': 0.0005888054137753054, 'epoch': 1.24}
{'loss': 0.6328, 'learning_rate': 0.0005876584274817916, 'epoch': 1.24}
{'eval_loss': 0.4953930377960205, 'eval_bce': 0.48887597123179133, 'eval_n_pos': 2024.0, 'eval_pos_rate': 0.09120814744716327, 'eval_auroc': 0.6324721799260757, 'eval_auprc': 0.1812602902537319, 'eval_mcc': 0.13573455693003736, 'eval_precision': 0.2857142857142857, 'eval_recall': 0.12154150197628459, 'eval_f1': 0.1705372616984402, 'eval_runtime': 20.3888, 'eval_samples_per_second': 1088.394, 'eval_steps_per_second': 17.019, 'epoch': 1.24}
{'loss': 0.6165, 'learning_rate': 0.0005865114411882778, 'epoch': 1.25}
{'loss': 0.6206, 'learning_rate': 0.000585364454894764, 'epoch': 1.25}
{'loss': 0.6308, 'learning_rate': 0.0005842174686012503, 'epoch': 1.25}
{'loss': 0.6293, 'learning_rate': 0.0005830704823077364, 'epoch': 1.26}
{'loss': 0.6233, 'learning_rate': 0.0005819234960142227, 'epoch': 1.26}
{'loss': 0.647, 'learning_rate': 0.0005807765097207089, 'epoch': 1.26}
{'loss': 0.6108, 'learning_rate': 0.0005796295234271952, 'epoch': 1.27}
{'loss': 0.6354, 'learning_rate': 0.0005784825371336812, 'epoch': 1.27}
{'loss': 0.6208, 'learning_rate': 0.0005773355508401674, 'epoch': 1.27}
{'loss': 0.6263, 'learning_rate': 0.0005761885645466537, 'epoch': 1.28}
{'loss': 0.6379, 'learning_rate': 0.0005750415782531398, 'epoch': 1.28}
{'loss': 0.6301, 'learning_rate': 0.0005738945919596261, 'epoch': 1.28}
{'loss': 0.6185, 'learning_rate': 0.0005727476056661123, 'epoch': 1.29}
{'eval_loss': 0.4945982098579407, 'eval_bce': 0.48801540010098693, 'eval_n_pos': 2024.0, 'eval_pos_rate': 0.09120814744716327, 'eval_auroc': 0.6398505287176188, 'eval_auprc': 0.1920362868164694, 'eval_mcc': 0.15351141123555, 'eval_precision': 0.3071748878923767, 'eval_recall': 0.13537549407114624, 'eval_f1': 0.18792866941015088, 'eval_runtime': 20.3953, 'eval_samples_per_second': 1088.045, 'eval_steps_per_second': 17.014, 'epoch': 1.29}
{'loss': 0.6511, 'learning_rate': 0.0005716006193725986, 'epoch': 1.29}
{'loss': 0.6254, 'learning_rate': 0.0005704536330790847, 'epoch': 1.29}
{'loss': 0.6396, 'learning_rate': 0.0005693066467855708, 'epoch': 1.3}
{'loss': 0.6299, 'learning_rate': 0.0005681596604920571, 'epoch': 1.3}
{'loss': 0.6424, 'learning_rate': 0.0005670126741985433, 'epoch': 1.3}
{'loss': 0.6339, 'learning_rate': 0.0005658656879050295, 'epoch': 1.31}
{'loss': 0.6097, 'learning_rate': 0.0005647187016115157, 'epoch': 1.31}
{'loss': 0.6462, 'learning_rate': 0.000563571715318002, 'epoch': 1.31}
{'loss': 0.6149, 'learning_rate': 0.0005624247290244882, 'epoch': 1.32}
{'loss': 0.6396, 'learning_rate': 0.0005612777427309744, 'epoch': 1.32}
{'loss': 0.6217, 'learning_rate': 0.0005601307564374606, 'epoch': 1.32}
{'loss': 0.6477, 'learning_rate': 0.0005589837701439468, 'epoch': 1.33}
{'eval_loss': 0.4875127971172333, 'eval_bce': 0.48042212469406276, 'eval_n_pos': 2024.0, 'eval_pos_rate': 0.09120814744716327, 'eval_auroc': 0.6366083322831433, 'eval_auprc': 0.19963460480242032, 'eval_mcc': 0.15506254621196133, 'eval_precision': 0.3385714285714286, 'eval_recall': 0.11709486166007906, 'eval_f1': 0.17400881057268724, 'eval_runtime': 20.3965, 'eval_samples_per_second': 1087.98, 'eval_steps_per_second': 17.013, 'epoch': 1.33}
{'loss': 0.6278, 'learning_rate': 0.000557836783850433, 'epoch': 1.33}
{'loss': 0.6291, 'learning_rate': 0.0005566897975569191, 'epoch': 1.33}
{'loss': 0.6004, 'learning_rate': 0.0005555428112634054, 'epoch': 1.34}
{'loss': 0.6523, 'learning_rate': 0.0005543958249698916, 'epoch': 1.34}
{'loss': 0.6309, 'learning_rate': 0.0005532488386763779, 'epoch': 1.34}
{'loss': 0.642, 'learning_rate': 0.000552101852382864, 'epoch': 1.35}
{'loss': 0.6125, 'learning_rate': 0.0005509548660893502, 'epoch': 1.35}
{'loss': 0.6258, 'learning_rate': 0.0005498078797958365, 'epoch': 1.36}
{'loss': 0.6341, 'learning_rate': 0.0005486608935023227, 'epoch': 1.36}
{'loss': 0.6258, 'learning_rate': 0.0005475139072088088, 'epoch': 1.36}
{'loss': 0.6382, 'learning_rate': 0.000546366920915295, 'epoch': 1.37}
{'loss': 0.6274, 'learning_rate': 0.0005452199346217813, 'epoch': 1.37}
{'loss': 0.6023, 'learning_rate': 0.0005440729483282675, 'epoch': 1.37}
{'eval_loss': 0.5026291608810425, 'eval_bce': 0.49636436511418136, 'eval_n_pos': 2024.0, 'eval_pos_rate': 0.09120814744716327, 'eval_auroc': 0.6374598804527648, 'eval_auprc': 0.18992634491828947, 'eval_mcc': 0.15244664190446802, 'eval_precision': 0.29282868525896416, 'eval_recall': 0.14525691699604742, 'eval_f1': 0.19418758256274768, 'eval_runtime': 20.4042, 'eval_samples_per_second': 1087.569, 'eval_steps_per_second': 17.006, 'epoch': 1.37}
{'loss': 0.6328, 'learning_rate': 0.0005429259620347537, 'epoch': 1.38}
{'loss': 0.6458, 'learning_rate': 0.0005417789757412399, 'epoch': 1.38}
{'loss': 0.6235, 'learning_rate': 0.0005406319894477261, 'epoch': 1.38}
{'loss': 0.6471, 'learning_rate': 0.0005394850031542124, 'epoch': 1.39}
{'loss': 0.6204, 'learning_rate': 0.0005383380168606985, 'epoch': 1.39}
{'loss': 0.6498, 'learning_rate': 0.0005371910305671848, 'epoch': 1.39}
{'loss': 0.6367, 'learning_rate': 0.0005360440442736709, 'epoch': 1.4}
{'loss': 0.6166, 'learning_rate': 0.0005348970579801572, 'epoch': 1.4}
{'loss': 0.6126, 'learning_rate': 0.0005337500716866433, 'epoch': 1.4}
{'loss': 0.6243, 'learning_rate': 0.0005326030853931295, 'epoch': 1.41}
{'loss': 0.6374, 'learning_rate': 0.0005314560990996158, 'epoch': 1.41}
{'loss': 0.6211, 'learning_rate': 0.000530309112806102, 'epoch': 1.41}
{'eval_loss': 0.48695242404937744, 'eval_bce': 0.4799350978917693, 'eval_n_pos': 2024.0, 'eval_pos_rate': 0.09120814744716327, 'eval_auroc': 0.639804654357459, 'eval_auprc': 0.1966136080705424, 'eval_mcc': 0.15070691685789486, 'eval_precision': 0.3300423131170663, 'eval_recall': 0.11561264822134387, 'eval_f1': 0.1712403951701427, 'eval_runtime': 20.4051, 'eval_samples_per_second': 1087.525, 'eval_steps_per_second': 17.006, 'epoch': 1.42}
{'loss': 0.6369, 'learning_rate': 0.0005291621265125882, 'epoch': 1.42}
{'loss': 0.6212, 'learning_rate': 0.0005280151402190744, 'epoch': 1.42}
{'loss': 0.6413, 'learning_rate': 0.0005268681539255607, 'epoch': 1.42}
{'loss': 0.6201, 'learning_rate': 0.0005257211676320469, 'epoch': 1.43}
{'loss': 0.5965, 'learning_rate': 0.0005245741813385329, 'epoch': 1.43}
{'loss': 0.6278, 'learning_rate': 0.0005234271950450192, 'epoch': 1.43}
{'loss': 0.6201, 'learning_rate': 0.0005222802087515054, 'epoch': 1.44}
{'loss': 0.6168, 'learning_rate': 0.0005211332224579917, 'epoch': 1.44}
{'loss': 0.6424, 'learning_rate': 0.0005199862361644778, 'epoch': 1.44}
{'loss': 0.5996, 'learning_rate': 0.0005188392498709641, 'epoch': 1.45}
{'loss': 0.6362, 'learning_rate': 0.0005176922635774503, 'epoch': 1.45}
{'loss': 0.6269, 'learning_rate': 0.0005165452772839366, 'epoch': 1.45}
{'loss': 0.6393, 'learning_rate': 0.0005153982909904226, 'epoch': 1.46}
{'eval_loss': 0.4821699857711792, 'eval_bce': 0.4748440974140141, 'eval_n_pos': 2024.0, 'eval_pos_rate': 0.09120814744716327, 'eval_auroc': 0.6380682271413145, 'eval_auprc': 0.1959806394988244, 'eval_mcc': 0.14988087982656115, 'eval_precision': 0.3451043338683788, 'eval_recall': 0.10622529644268774, 'eval_f1': 0.1624480544012089, 'eval_runtime': 20.406, 'eval_samples_per_second': 1087.474, 'eval_steps_per_second': 17.005, 'epoch': 1.46}
{'loss': 0.6369, 'learning_rate': 0.0005142513046969088, 'epoch': 1.46}
{'loss': 0.635, 'learning_rate': 0.0005131043184033951, 'epoch': 1.47}
{'loss': 0.6416, 'learning_rate': 0.0005119573321098813, 'epoch': 1.47}
{'loss': 0.651, 'learning_rate': 0.0005108103458163675, 'epoch': 1.47}
{'loss': 0.6305, 'learning_rate': 0.0005096633595228537, 'epoch': 1.48}
{'loss': 0.6243, 'learning_rate': 0.00050851637322934, 'epoch': 1.48}
{'loss': 0.6516, 'learning_rate': 0.0005073693869358262, 'epoch': 1.48}
{'loss': 0.6367, 'learning_rate': 0.0005062224006423123, 'epoch': 1.49}
{'loss': 0.646, 'learning_rate': 0.0005050754143487986, 'epoch': 1.49}
{'loss': 0.6151, 'learning_rate': 0.0005039284280552847, 'epoch': 1.49}
{'loss': 0.6283, 'learning_rate': 0.0005027814417617709, 'epoch': 1.5}
{'loss': 0.629, 'learning_rate': 0.0005016344554682571, 'epoch': 1.5}
{'eval_loss': 0.4787088930606842, 'eval_bce': 0.47096359989852754, 'eval_n_pos': 2024.0, 'eval_pos_rate': 0.09120814744716327, 'eval_auroc': 0.6440686546977011, 'eval_auprc': 0.20311613106205995, 'eval_mcc': 0.15516347829207902, 'eval_precision': 0.37407407407407406, 'eval_recall': 0.09980237154150198, 'eval_f1': 0.15756630265210608, 'eval_runtime': 20.4028, 'eval_samples_per_second': 1087.645, 'eval_steps_per_second': 17.007, 'epoch': 1.5}
{'loss': 0.6539, 'learning_rate': 0.0005004874691747434, 'epoch': 1.5}
{'loss': 0.6211, 'learning_rate': 0.0004993404828812296, 'epoch': 1.51}
{'loss': 0.6508, 'learning_rate': 0.0004981934965877158, 'epoch': 1.51}
{'loss': 0.6247, 'learning_rate': 0.000497046510294202, 'epoch': 1.51}
{'loss': 0.6222, 'learning_rate': 0.0004958995240006882, 'epoch': 1.52}
{'loss': 0.6437, 'learning_rate': 0.0004947525377071745, 'epoch': 1.52}
{'loss': 0.6128, 'learning_rate': 0.0004936055514136605, 'epoch': 1.52}
{'loss': 0.6235, 'learning_rate': 0.0004924585651201468, 'epoch': 1.53}
{'loss': 0.6331, 'learning_rate': 0.000491311578826633, 'epoch': 1.53}
{'loss': 0.6208, 'learning_rate': 0.0004901645925331192, 'epoch': 1.53}
{'loss': 0.6441, 'learning_rate': 0.0004890176062396054, 'epoch': 1.54}
{'loss': 0.6274, 'learning_rate': 0.00048787061994609164, 'epoch': 1.54}
{'loss': 0.6179, 'learning_rate': 0.0004867236336525779, 'epoch': 1.54}
{'eval_loss': 0.4835732877254486, 'eval_bce': 0.4763266316188637, 'eval_n_pos': 2024.0, 'eval_pos_rate': 0.09120814744716327, 'eval_auroc': 0.6375534175994085, 'eval_auprc': 0.19815710168200543, 'eval_mcc': 0.15753636957192307, 'eval_precision': 0.3523076923076923, 'eval_recall': 0.11314229249011858, 'eval_f1': 0.1712789827973074, 'eval_runtime': 20.4122, 'eval_samples_per_second': 1087.146, 'eval_steps_per_second': 17.0, 'epoch': 1.54}
{'loss': 0.6019, 'learning_rate': 0.0004855766473590641, 'epoch': 1.55}
{'loss': 0.6282, 'learning_rate': 0.00048442966106555026, 'epoch': 1.55}
{'loss': 0.6627, 'learning_rate': 0.00048328267477203645, 'epoch': 1.55}
{'loss': 0.656, 'learning_rate': 0.0004821356884785227, 'epoch': 1.56}
{'loss': 0.6308, 'learning_rate': 0.0004809887021850089, 'epoch': 1.56}
{'loss': 0.6448, 'learning_rate': 0.0004798417158914951, 'epoch': 1.56}
{'loss': 0.6191, 'learning_rate': 0.0004786947295979813, 'epoch': 1.57}
{'loss': 0.6027, 'learning_rate': 0.00047754774330446755, 'epoch': 1.57}
{'loss': 0.633, 'learning_rate': 0.00047640075701095374, 'epoch': 1.57}
{'loss': 0.6273, 'learning_rate': 0.0004752537707174399, 'epoch': 1.58}
{'loss': 0.6409, 'learning_rate': 0.0004741067844239261, 'epoch': 1.58}
{'loss': 0.5979, 'learning_rate': 0.00047295979813041236, 'epoch': 1.59}
{'eval_loss': 0.4876426160335541, 'eval_bce': 0.48066367051222003, 'eval_n_pos': 2024.0, 'eval_pos_rate': 0.09120814744716327, 'eval_auroc': 0.638035178002807, 'eval_auprc': 0.19325184788649888, 'eval_mcc': 0.14915285292293753, 'eval_precision': 0.321285140562249, 'eval_recall': 0.11857707509881422, 'eval_f1': 0.17322266329844824, 'eval_runtime': 20.4006, 'eval_samples_per_second': 1087.76, 'eval_steps_per_second': 17.009, 'epoch': 1.59}
{'loss': 0.6384, 'learning_rate': 0.00047181281183689854, 'epoch': 1.59}
{'loss': 0.6583, 'learning_rate': 0.0004706658255433848, 'epoch': 1.59}
{'loss': 0.6321, 'learning_rate': 0.000469518839249871, 'epoch': 1.6}
{'loss': 0.6466, 'learning_rate': 0.0004683718529563572, 'epoch': 1.6}
{'loss': 0.6281, 'learning_rate': 0.00046722486666284335, 'epoch': 1.6}
{'loss': 0.6423, 'learning_rate': 0.0004660778803693296, 'epoch': 1.61}
{'loss': 0.6198, 'learning_rate': 0.0004649308940758158, 'epoch': 1.61}
{'loss': 0.6312, 'learning_rate': 0.000463783907782302, 'epoch': 1.61}
{'loss': 0.6379, 'learning_rate': 0.0004626369214887882, 'epoch': 1.62}
{'loss': 0.6023, 'learning_rate': 0.00046148993519527445, 'epoch': 1.62}
{'loss': 0.6047, 'learning_rate': 0.00046034294890176064, 'epoch': 1.62}
{'loss': 0.6177, 'learning_rate': 0.0004591959626082469, 'epoch': 1.63}
{'loss': 0.6176, 'learning_rate': 0.000458048976314733, 'epoch': 1.63}
{'eval_loss': 0.49083489179611206, 'eval_bce': 0.4841689014572393, 'eval_n_pos': 2024.0, 'eval_pos_rate': 0.09120814744716327, 'eval_auroc': 0.6434043400648067, 'eval_auprc': 0.19874172280797414, 'eval_mcc': 0.15352453014460846, 'eval_precision': 0.31391200951248516, 'eval_recall': 0.13043478260869565, 'eval_f1': 0.1842931937172775, 'eval_runtime': 20.3971, 'eval_samples_per_second': 1087.948, 'eval_steps_per_second': 17.012, 'epoch': 1.63}
{'loss': 0.6309, 'learning_rate': 0.00045690199002121926, 'epoch': 1.63}
{'loss': 0.6434, 'learning_rate': 0.00045575500372770544, 'epoch': 1.64}
{'loss': 0.6116, 'learning_rate': 0.0004546080174341917, 'epoch': 1.64}
{'loss': 0.6323, 'learning_rate': 0.0004534610311406779, 'epoch': 1.64}
{'loss': 0.6297, 'learning_rate': 0.0004523140448471641, 'epoch': 1.65}
{'loss': 0.6086, 'learning_rate': 0.0004511670585536503, 'epoch': 1.65}
{'loss': 0.6351, 'learning_rate': 0.00045002007226013655, 'epoch': 1.65}
{'loss': 0.6297, 'learning_rate': 0.0004488730859666227, 'epoch': 1.66}
{'loss': 0.6389, 'learning_rate': 0.0004477260996731089, 'epoch': 1.66}
{'loss': 0.6444, 'learning_rate': 0.0004465791133795951, 'epoch': 1.66}
{'loss': 0.6451, 'learning_rate': 0.00044543212708608135, 'epoch': 1.67}
{'loss': 0.6307, 'learning_rate': 0.00044428514079256754, 'epoch': 1.67}
{'eval_loss': 0.4839755892753601, 'eval_bce': 0.47694006570655806, 'eval_n_pos': 2024.0, 'eval_pos_rate': 0.09120814744716327, 'eval_auroc': 0.6409557394373581, 'eval_auprc': 0.19634441964153193, 'eval_mcc': 0.14828501670668165, 'eval_precision': 0.31994645247657294, 'eval_recall': 0.11808300395256917, 'eval_f1': 0.17250090220137135, 'eval_runtime': 20.3997, 'eval_samples_per_second': 1087.811, 'eval_steps_per_second': 17.01, 'epoch': 1.67}
{'loss': 0.634, 'learning_rate': 0.0004431381544990538, 'epoch': 1.67}
{'loss': 0.6206, 'learning_rate': 0.00044199116820553997, 'epoch': 1.68}
{'loss': 0.6269, 'learning_rate': 0.0004408441819120262, 'epoch': 1.68}
{'loss': 0.6317, 'learning_rate': 0.00043969719561851234, 'epoch': 1.68}
{'loss': 0.6426, 'learning_rate': 0.0004385502093249986, 'epoch': 1.69}
{'loss': 0.6438, 'learning_rate': 0.0004374032230314848, 'epoch': 1.69}
{'loss': 0.623, 'learning_rate': 0.000436256236737971, 'epoch': 1.69}
{'loss': 0.6338, 'learning_rate': 0.0004351092504444572, 'epoch': 1.7}
{'loss': 0.6297, 'learning_rate': 0.00043396226415094345, 'epoch': 1.7}
{'loss': 0.614, 'learning_rate': 0.00043281527785742963, 'epoch': 1.71}
{'loss': 0.6432, 'learning_rate': 0.0004316682915639158, 'epoch': 1.71}
{'loss': 0.6484, 'learning_rate': 0.000430521305270402, 'epoch': 1.71}
{'loss': 0.6325, 'learning_rate': 0.0004293743189768882, 'epoch': 1.72}
{'eval_loss': 0.4818078577518463, 'eval_bce': 0.474435924884642, 'eval_n_pos': 2024.0, 'eval_pos_rate': 0.09120814744716327, 'eval_auroc': 0.637668011628593, 'eval_auprc': 0.1972801020525087, 'eval_mcc': 0.15435221024490858, 'eval_precision': 0.34662576687116564, 'eval_recall': 0.11166007905138339, 'eval_f1': 0.16890881913303438, 'eval_runtime': 20.4221, 'eval_samples_per_second': 1086.619, 'eval_steps_per_second': 16.991, 'epoch': 1.72}
{'loss': 0.6164, 'learning_rate': 0.00042822733268337444, 'epoch': 1.72}
{'loss': 0.6011, 'learning_rate': 0.0004270803463898606, 'epoch': 1.72}
{'loss': 0.631, 'learning_rate': 0.00042593336009634687, 'epoch': 1.73}
{'loss': 0.649, 'learning_rate': 0.00042478637380283306, 'epoch': 1.73}
{'loss': 0.6075, 'learning_rate': 0.0004236393875093193, 'epoch': 1.73}
{'loss': 0.6232, 'learning_rate': 0.00042249240121580543, 'epoch': 1.74}
{'loss': 0.6319, 'learning_rate': 0.0004213454149222917, 'epoch': 1.74}
{'loss': 0.6282, 'learning_rate': 0.00042019842862877786, 'epoch': 1.74}
{'loss': 0.6183, 'learning_rate': 0.0004190514423352641, 'epoch': 1.75}
{'loss': 0.6396, 'learning_rate': 0.0004179044560417503, 'epoch': 1.75}
{'loss': 0.625, 'learning_rate': 0.00041675746974823653, 'epoch': 1.75}
{'loss': 0.6508, 'learning_rate': 0.0004156104834547227, 'epoch': 1.76}
{'eval_loss': 0.48148927092552185, 'eval_bce': 0.4740175560569959, 'eval_n_pos': 2024.0, 'eval_pos_rate': 0.09120814744716327, 'eval_auroc': 0.6427231701262833, 'eval_auprc': 0.19722322174749407, 'eval_mcc': 0.15661122362196442, 'eval_precision': 0.33994334277620397, 'eval_recall': 0.11857707509881422, 'eval_f1': 0.17582417582417584, 'eval_runtime': 20.4106, 'eval_samples_per_second': 1087.228, 'eval_steps_per_second': 17.001, 'epoch': 1.76}
{'loss': 0.6371, 'learning_rate': 0.00041446349716120896, 'epoch': 1.76}
{'loss': 0.6068, 'learning_rate': 0.0004133165108676951, 'epoch': 1.76}
{'loss': 0.6239, 'learning_rate': 0.00041216952457418134, 'epoch': 1.77}
{'loss': 0.6306, 'learning_rate': 0.0004110225382806675, 'epoch': 1.77}
{'loss': 0.6107, 'learning_rate': 0.00040987555198715377, 'epoch': 1.77}
{'loss': 0.6449, 'learning_rate': 0.00040872856569363996, 'epoch': 1.78}
{'loss': 0.6376, 'learning_rate': 0.0004075815794001262, 'epoch': 1.78}
{'loss': 0.612, 'learning_rate': 0.0004064345931066124, 'epoch': 1.78}
{'loss': 0.6386, 'learning_rate': 0.00040528760681309863, 'epoch': 1.79}
{'loss': 0.6149, 'learning_rate': 0.00040414062051958476, 'epoch': 1.79}
{'loss': 0.6314, 'learning_rate': 0.000402993634226071, 'epoch': 1.79}
{'loss': 0.5946, 'learning_rate': 0.0004018466479325572, 'epoch': 1.8}
{'loss': 0.6187, 'learning_rate': 0.00040069966163904343, 'epoch': 1.8}
{'eval_loss': 0.4920174479484558, 'eval_bce': 0.4853962732560076, 'eval_n_pos': 2024.0, 'eval_pos_rate': 0.09120814744716327, 'eval_auroc': 0.641790236309425, 'eval_auprc': 0.19347918594948765, 'eval_mcc': 0.1566877099262585, 'eval_precision': 0.3065380493033226, 'eval_recall': 0.14130434782608695, 'eval_f1': 0.19343929658437606, 'eval_runtime': 20.4277, 'eval_samples_per_second': 1086.319, 'eval_steps_per_second': 16.987, 'epoch': 1.8}
{'loss': 0.6285, 'learning_rate': 0.0003995526753455296, 'epoch': 1.8}
{'loss': 0.6254, 'learning_rate': 0.00039840568905201586, 'epoch': 1.81}
{'loss': 0.6117, 'learning_rate': 0.00039725870275850205, 'epoch': 1.81}
{'loss': 0.6118, 'learning_rate': 0.00039611171646498824, 'epoch': 1.82}
{'loss': 0.6604, 'learning_rate': 0.0003949647301714744, 'epoch': 1.82}
{'loss': 0.63, 'learning_rate': 0.00039381774387796067, 'epoch': 1.82}
{'loss': 0.6405, 'learning_rate': 0.00039267075758444686, 'epoch': 1.83}
{'loss': 0.628, 'learning_rate': 0.0003915237712909331, 'epoch': 1.83}
{'loss': 0.6392, 'learning_rate': 0.0003903767849974193, 'epoch': 1.83}
{'loss': 0.6341, 'learning_rate': 0.00038922979870390553, 'epoch': 1.84}
{'loss': 0.6355, 'learning_rate': 0.0003880828124103917, 'epoch': 1.84}
{'loss': 0.6115, 'learning_rate': 0.0003869358261168779, 'epoch': 1.84}
{'eval_loss': 0.48841220140457153, 'eval_bce': 0.48136296113785376, 'eval_n_pos': 2024.0, 'eval_pos_rate': 0.09120814744716327, 'eval_auroc': 0.6406050486344164, 'eval_auprc': 0.19743831629841785, 'eval_mcc': 0.15960562911889115, 'eval_precision': 0.3237410071942446, 'eval_recall': 0.13339920948616601, 'eval_f1': 0.18894331700489853, 'eval_runtime': 20.4102, 'eval_samples_per_second': 1087.249, 'eval_steps_per_second': 17.001, 'epoch': 1.84}
{'loss': 0.6393, 'learning_rate': 0.0003857888398233641, 'epoch': 1.85}
{'loss': 0.6675, 'learning_rate': 0.00038464185352985033, 'epoch': 1.85}
{'loss': 0.6317, 'learning_rate': 0.0003834948672363365, 'epoch': 1.85}
{'loss': 0.6129, 'learning_rate': 0.00038234788094282276, 'epoch': 1.86}
{'loss': 0.6244, 'learning_rate': 0.00038120089464930895, 'epoch': 1.86}
{'loss': 0.6361, 'learning_rate': 0.0003800539083557952, 'epoch': 1.86}
{'loss': 0.6277, 'learning_rate': 0.0003789069220622814, 'epoch': 1.87}
{'loss': 0.6423, 'learning_rate': 0.00037775993576876757, 'epoch': 1.87}
{'loss': 0.6295, 'learning_rate': 0.00037661294947525376, 'epoch': 1.87}
{'loss': 0.6247, 'learning_rate': 0.00037546596318174, 'epoch': 1.88}
{'loss': 0.6253, 'learning_rate': 0.0003743189768882262, 'epoch': 1.88}
{'loss': 0.632, 'learning_rate': 0.00037317199059471243, 'epoch': 1.88}
{'loss': 0.6304, 'learning_rate': 0.0003720250043011986, 'epoch': 1.89}
{'eval_loss': 0.48745352029800415, 'eval_bce': 0.4804100750164349, 'eval_n_pos': 2024.0, 'eval_pos_rate': 0.09120814744716327, 'eval_auroc': 0.6360536873822945, 'eval_auprc': 0.19436699797380252, 'eval_mcc': 0.15132964404128843, 'eval_precision': 0.31738035264483627, 'eval_recall': 0.12450592885375494, 'eval_f1': 0.17885024840312277, 'eval_runtime': 20.4349, 'eval_samples_per_second': 1085.938, 'eval_steps_per_second': 16.981, 'epoch': 1.89}
{'loss': 0.6474, 'learning_rate': 0.00037087801800768486, 'epoch': 1.89}
{'loss': 0.6532, 'learning_rate': 0.00036973103171417104, 'epoch': 1.89}
{'loss': 0.6194, 'learning_rate': 0.00036858404542065723, 'epoch': 1.9}
{'loss': 0.603, 'learning_rate': 0.0003674370591271434, 'epoch': 1.9}
{'loss': 0.6135, 'learning_rate': 0.00036629007283362966, 'epoch': 1.9}
{'loss': 0.6252, 'learning_rate': 0.00036514308654011585, 'epoch': 1.91}
{'loss': 0.6395, 'learning_rate': 0.0003639961002466021, 'epoch': 1.91}
{'loss': 0.6471, 'learning_rate': 0.0003628491139530883, 'epoch': 1.91}
{'loss': 0.6323, 'learning_rate': 0.0003617021276595745, 'epoch': 1.92}
{'loss': 0.6169, 'learning_rate': 0.00036055514136606066, 'epoch': 1.92}
{'loss': 0.6279, 'learning_rate': 0.0003594081550725469, 'epoch': 1.92}
{'loss': 0.6367, 'learning_rate': 0.0003582611687790331, 'epoch': 1.93}
{'eval_loss': 0.48496073484420776, 'eval_bce': 0.47764944795938125, 'eval_n_pos': 2024.0, 'eval_pos_rate': 0.09120814744716327, 'eval_auroc': 0.639091586732993, 'eval_auprc': 0.19470021627114786, 'eval_mcc': 0.1484480596339162, 'eval_precision': 0.3187830687830688, 'eval_recall': 0.1190711462450593, 'eval_f1': 0.1733812949640288, 'eval_runtime': 20.4164, 'eval_samples_per_second': 1086.921, 'eval_steps_per_second': 16.996, 'epoch': 1.93}
{'loss': 0.6027, 'learning_rate': 0.0003571141824855193, 'epoch': 1.93}
{'loss': 0.6401, 'learning_rate': 0.0003559671961920055, 'epoch': 1.94}
{'loss': 0.6169, 'learning_rate': 0.00035482020989849176, 'epoch': 1.94}
{'loss': 0.6236, 'learning_rate': 0.00035367322360497794, 'epoch': 1.94}
{'loss': 0.6402, 'learning_rate': 0.0003525262373114642, 'epoch': 1.95}
{'loss': 0.6227, 'learning_rate': 0.0003513792510179503, 'epoch': 1.95}
{'loss': 0.6513, 'learning_rate': 0.0003502322647244365, 'epoch': 1.95}
{'loss': 0.6398, 'learning_rate': 0.00034908527843092275, 'epoch': 1.96}
{'loss': 0.6207, 'learning_rate': 0.00034793829213740894, 'epoch': 1.96}
{'loss': 0.6107, 'learning_rate': 0.0003467913058438952, 'epoch': 1.96}
{'loss': 0.6177, 'learning_rate': 0.00034564431955038137, 'epoch': 1.97}
{'loss': 0.6204, 'learning_rate': 0.0003444973332568676, 'epoch': 1.97}
{'loss': 0.6115, 'learning_rate': 0.0003433503469633538, 'epoch': 1.97}
{'eval_loss': 0.48270007967948914, 'eval_bce': 0.4753551480563299, 'eval_n_pos': 2024.0, 'eval_pos_rate': 0.09120814744716327, 'eval_auroc': 0.638705311146002, 'eval_auprc': 0.19664508199713013, 'eval_mcc': 0.15107547794033013, 'eval_precision': 0.33097595473833097, 'eval_recall': 0.11561264822134387, 'eval_f1': 0.17136580007323327, 'eval_runtime': 20.4356, 'eval_samples_per_second': 1085.9, 'eval_steps_per_second': 16.98, 'epoch': 1.97}
{'loss': 0.6295, 'learning_rate': 0.00034220336066984, 'epoch': 1.98}
{'loss': 0.6081, 'learning_rate': 0.00034105637437632617, 'epoch': 1.98}
{'loss': 0.6394, 'learning_rate': 0.0003399093880828124, 'epoch': 1.98}
{'loss': 0.6497, 'learning_rate': 0.0003387624017892986, 'epoch': 1.99}
{'loss': 0.6148, 'learning_rate': 0.00033761541549578484, 'epoch': 1.99}
{'loss': 0.6382, 'learning_rate': 0.00033646842920227103, 'epoch': 1.99}
{'loss': 0.6518, 'learning_rate': 0.0003353214429087573, 'epoch': 2.0}
{'loss': 0.6127, 'learning_rate': 0.0003341744566152434, 'epoch': 2.0}
{'loss': 0.6315, 'learning_rate': 0.00033302747032172965, 'epoch': 2.0}
{'loss': 0.62, 'learning_rate': 0.00033188048402821584, 'epoch': 2.01}
{'loss': 0.6288, 'learning_rate': 0.0003307334977347021, 'epoch': 2.01}
{'loss': 0.6439, 'learning_rate': 0.00032958651144118827, 'epoch': 2.01}
{'eval_loss': 0.4870060086250305, 'eval_bce': 0.47986739252529526, 'eval_n_pos': 2024.0, 'eval_pos_rate': 0.09120814744716327, 'eval_auroc': 0.6375926772320687, 'eval_auprc': 0.19790813051083295, 'eval_mcc': 0.1587894650560777, 'eval_precision': 0.32993630573248406, 'eval_recall': 0.12796442687747037, 'eval_f1': 0.1844072623709505, 'eval_runtime': 20.4228, 'eval_samples_per_second': 1086.58, 'eval_steps_per_second': 16.991, 'epoch': 2.02}
{'loss': 0.6249, 'learning_rate': 0.0003284395251476745, 'epoch': 2.02}
{'loss': 0.6287, 'learning_rate': 0.0003272925388541607, 'epoch': 2.02}
{'loss': 0.631, 'learning_rate': 0.00032614555256064694, 'epoch': 2.02}
{'loss': 0.6121, 'learning_rate': 0.00032499856626713307, 'epoch': 2.03}
{'loss': 0.6025, 'learning_rate': 0.0003238515799736193, 'epoch': 2.03}
{'loss': 0.6343, 'learning_rate': 0.0003227045936801055, 'epoch': 2.03}
{'loss': 0.615, 'learning_rate': 0.00032155760738659174, 'epoch': 2.04}
{'loss': 0.6312, 'learning_rate': 0.00032041062109307793, 'epoch': 2.04}
{'loss': 0.6529, 'learning_rate': 0.0003192636347995642, 'epoch': 2.04}
{'loss': 0.639, 'learning_rate': 0.00031811664850605036, 'epoch': 2.05}
{'loss': 0.6331, 'learning_rate': 0.0003169696622125366, 'epoch': 2.05}
{'loss': 0.6196, 'learning_rate': 0.00031582267591902274, 'epoch': 2.06}
{'loss': 0.6125, 'learning_rate': 0.000314675689625509, 'epoch': 2.06}
{'eval_loss': 0.48786696791648865, 'eval_bce': 0.4808909807538539, 'eval_n_pos': 2024.0, 'eval_pos_rate': 0.09120814744716327, 'eval_auroc': 0.640649391807655, 'eval_auprc': 0.20137751402511794, 'eval_mcc': 0.16434991133628693, 'eval_precision': 0.33415536374845867, 'eval_recall': 0.13389328063241107, 'eval_f1': 0.1911816578483245, 'eval_runtime': 20.4343, 'eval_samples_per_second': 1085.966, 'eval_steps_per_second': 16.981, 'epoch': 2.06}
{'loss': 0.6162, 'learning_rate': 0.00031352870333199517, 'epoch': 2.06}
{'loss': 0.603, 'learning_rate': 0.0003123817170384814, 'epoch': 2.07}
{'loss': 0.6227, 'learning_rate': 0.0003112347307449676, 'epoch': 2.07}
{'loss': 0.6128, 'learning_rate': 0.00031008774445145384, 'epoch': 2.07}
{'loss': 0.6177, 'learning_rate': 0.00030894075815794, 'epoch': 2.08}
{'loss': 0.6296, 'learning_rate': 0.00030779377186442627, 'epoch': 2.08}
{'loss': 0.6266, 'learning_rate': 0.0003066467855709124, 'epoch': 2.08}
{'loss': 0.6371, 'learning_rate': 0.00030549979927739864, 'epoch': 2.09}
{'loss': 0.6299, 'learning_rate': 0.00030435281298388483, 'epoch': 2.09}
{'loss': 0.6316, 'learning_rate': 0.0003032058266903711, 'epoch': 2.09}
{'loss': 0.6055, 'learning_rate': 0.00030205884039685726, 'epoch': 2.1}
{'loss': 0.6297, 'learning_rate': 0.0003009118541033435, 'epoch': 2.1}
{'eval_loss': 0.4850271940231323, 'eval_bce': 0.4779478394944276, 'eval_n_pos': 2024.0, 'eval_pos_rate': 0.09120814744716327, 'eval_auroc': 0.6385452592395005, 'eval_auprc': 0.19912482406974413, 'eval_mcc': 0.1596649294855831, 'eval_precision': 0.335978835978836, 'eval_recall': 0.12549407114624506, 'eval_f1': 0.1827338129496403, 'eval_runtime': 20.4061, 'eval_samples_per_second': 1087.47, 'eval_steps_per_second': 17.005, 'epoch': 2.1}
{'loss': 0.616, 'learning_rate': 0.0002997648678098297, 'epoch': 2.1}
{'loss': 0.6368, 'learning_rate': 0.0002986178815163159, 'epoch': 2.11}
{'loss': 0.6144, 'learning_rate': 0.00029747089522280207, 'epoch': 2.11}
{'loss': 0.6324, 'learning_rate': 0.0002963239089292883, 'epoch': 2.11}
{'loss': 0.6187, 'learning_rate': 0.0002951769226357745, 'epoch': 2.12}
{'loss': 0.6444, 'learning_rate': 0.00029402993634226074, 'epoch': 2.12}
{'loss': 0.6109, 'learning_rate': 0.0002928829500487469, 'epoch': 2.12}
{'loss': 0.6368, 'learning_rate': 0.00029173596375523317, 'epoch': 2.13}
{'loss': 0.6144, 'learning_rate': 0.00029058897746171936, 'epoch': 2.13}
{'loss': 0.6566, 'learning_rate': 0.00028944199116820554, 'epoch': 2.13}
{'loss': 0.6162, 'learning_rate': 0.00028829500487469173, 'epoch': 2.14}
{'loss': 0.6285, 'learning_rate': 0.000287148018581178, 'epoch': 2.14}
{'loss': 0.5938, 'learning_rate': 0.00028600103228766416, 'epoch': 2.14}
{'eval_loss': 0.4874352514743805, 'eval_bce': 0.48054260838566737, 'eval_n_pos': 2024.0, 'eval_pos_rate': 0.09120814744716327, 'eval_auroc': 0.638961938073999, 'eval_auprc': 0.19959692923949465, 'eval_mcc': 0.1577080264011777, 'eval_precision': 0.3258426966292135, 'eval_recall': 0.12895256916996048, 'eval_f1': 0.1847787610619469, 'eval_runtime': 20.4075, 'eval_samples_per_second': 1087.395, 'eval_steps_per_second': 17.004, 'epoch': 2.14}
{'loss': 0.6131, 'learning_rate': 0.0002848540459941504, 'epoch': 2.15}
{'loss': 0.6243, 'learning_rate': 0.0002837070597006366, 'epoch': 2.15}
{'loss': 0.6342, 'learning_rate': 0.00028256007340712283, 'epoch': 2.15}
{'loss': 0.6361, 'learning_rate': 0.000281413087113609, 'epoch': 2.16}
{'loss': 0.6192, 'learning_rate': 0.0002802661008200952, 'epoch': 2.16}
{'loss': 0.6548, 'learning_rate': 0.0002791191145265814, 'epoch': 2.17}
{'loss': 0.6354, 'learning_rate': 0.0002779721282330676, 'epoch': 2.17}
{'loss': 0.626, 'learning_rate': 0.0002768251419395538, 'epoch': 2.17}
{'loss': 0.615, 'learning_rate': 0.00027567815564604, 'epoch': 2.18}
{'loss': 0.6228, 'learning_rate': 0.00027453116935252626, 'epoch': 2.18}
{'loss': 0.618, 'learning_rate': 0.00027338418305901244, 'epoch': 2.18}
{'loss': 0.6059, 'learning_rate': 0.0002722371967654987, 'epoch': 2.19}
{'eval_loss': 0.47989946603775024, 'eval_bce': 0.4724898944426049, 'eval_n_pos': 2024.0, 'eval_pos_rate': 0.09120814744716327, 'eval_auroc': 0.6362317092985037, 'eval_auprc': 0.20226652602835682, 'eval_mcc': 0.1525057295510828, 'eval_precision': 0.3564189189189189, 'eval_recall': 0.1042490118577075, 'eval_f1': 0.1613149847094801, 'eval_runtime': 20.4181, 'eval_samples_per_second': 1086.827, 'eval_steps_per_second': 16.995, 'epoch': 2.19}
{'loss': 0.6419, 'learning_rate': 0.0002710902104719848, 'epoch': 2.19}
{'loss': 0.6222, 'learning_rate': 0.00026994322417847106, 'epoch': 2.19}
{'loss': 0.6275, 'learning_rate': 0.00026879623788495725, 'epoch': 2.2}
{'loss': 0.6309, 'learning_rate': 0.0002676492515914435, 'epoch': 2.2}
{'loss': 0.6066, 'learning_rate': 0.0002665022652979297, 'epoch': 2.2}
{'loss': 0.683, 'learning_rate': 0.0002653552790044159, 'epoch': 2.21}
{'loss': 0.6428, 'learning_rate': 0.0002642082927109021, 'epoch': 2.21}
{'loss': 0.6258, 'learning_rate': 0.0002630613064173883, 'epoch': 2.21}
{'loss': 0.6224, 'learning_rate': 0.0002619143201238745, 'epoch': 2.22}
{'loss': 0.6321, 'learning_rate': 0.0002607673338303607, 'epoch': 2.22}
{'loss': 0.6169, 'learning_rate': 0.0002596203475368469, 'epoch': 2.22}
{'loss': 0.6129, 'learning_rate': 0.00025847336124333316, 'epoch': 2.23}
{'loss': 0.6033, 'learning_rate': 0.00025732637494981934, 'epoch': 2.23}
{'eval_loss': 0.48542553186416626, 'eval_bce': 0.47840667313054225, 'eval_n_pos': 2024.0, 'eval_pos_rate': 0.09120814744716327, 'eval_auroc': 0.6377684574906252, 'eval_auprc': 0.19794293485620304, 'eval_mcc': 0.15021132146986976, 'eval_precision': 0.32388663967611336, 'eval_recall': 0.11857707509881422, 'eval_f1': 0.1735985533453888, 'eval_runtime': 20.4045, 'eval_samples_per_second': 1087.556, 'eval_steps_per_second': 17.006, 'epoch': 2.23}
{'loss': 0.6067, 'learning_rate': 0.0002561793886563056, 'epoch': 2.23}
{'loss': 0.6373, 'learning_rate': 0.0002550324023627918, 'epoch': 2.24}
{'loss': 0.5806, 'learning_rate': 0.00025388541606927796, 'epoch': 2.24}
{'loss': 0.6346, 'learning_rate': 0.00025273842977576415, 'epoch': 2.24}
{'loss': 0.6316, 'learning_rate': 0.0002515914434822504, 'epoch': 2.25}
{'loss': 0.6091, 'learning_rate': 0.0002504444571887366, 'epoch': 2.25}
{'loss': 0.6179, 'learning_rate': 0.0002492974708952228, 'epoch': 2.25}
{'loss': 0.6269, 'learning_rate': 0.000248150484601709, 'epoch': 2.26}
{'loss': 0.6097, 'learning_rate': 0.0002470034983081952, 'epoch': 2.26}
{'loss': 0.6226, 'learning_rate': 0.00024585651201468144, 'epoch': 2.26}
{'loss': 0.6561, 'learning_rate': 0.0002447095257211676, 'epoch': 2.27}
{'loss': 0.6225, 'learning_rate': 0.00024356253942765387, 'epoch': 2.27}
{'eval_loss': 0.4794301390647888, 'eval_bce': 0.4719703685006819, 'eval_n_pos': 2024.0, 'eval_pos_rate': 0.09120814744716327, 'eval_auroc': 0.6396960135830244, 'eval_auprc': 0.20287168988885515, 'eval_mcc': 0.148389476887338, 'eval_precision': 0.34596375617792424, 'eval_recall': 0.10375494071146245, 'eval_f1': 0.15963511972633979, 'eval_runtime': 20.4251, 'eval_samples_per_second': 1086.458, 'eval_steps_per_second': 16.989, 'epoch': 2.27}
{'loss': 0.6366, 'learning_rate': 0.00024241555313414006, 'epoch': 2.27}
{'loss': 0.636, 'learning_rate': 0.00024126856684062627, 'epoch': 2.28}
{'loss': 0.6216, 'learning_rate': 0.00024012158054711249, 'epoch': 2.28}
{'loss': 0.6038, 'learning_rate': 0.0002389745942535987, 'epoch': 2.29}
{'loss': 0.5957, 'learning_rate': 0.00023782760796008486, 'epoch': 2.29}
{'loss': 0.6105, 'learning_rate': 0.00023668062166657108, 'epoch': 2.29}
{'loss': 0.6117, 'learning_rate': 0.0002355336353730573, 'epoch': 2.3}
{'loss': 0.6277, 'learning_rate': 0.0002343866490795435, 'epoch': 2.3}
{'loss': 0.6419, 'learning_rate': 0.0002332396627860297, 'epoch': 2.3}
{'loss': 0.6218, 'learning_rate': 0.0002320926764925159, 'epoch': 2.31}
{'loss': 0.608, 'learning_rate': 0.00023094569019900212, 'epoch': 2.31}
{'loss': 0.6556, 'learning_rate': 0.0002297987039054883, 'epoch': 2.31}
{'loss': 0.634, 'learning_rate': 0.00022865171761197453, 'epoch': 2.32}
{'eval_loss': 0.4778716266155243, 'eval_bce': 0.47022304849877866, 'eval_n_pos': 2024.0, 'eval_pos_rate': 0.09120814744716327, 'eval_auroc': 0.6410550093478352, 'eval_auprc': 0.20077475799344968, 'eval_mcc': 0.155326143645324, 'eval_precision': 0.3644214162348877, 'eval_recall': 0.1042490118577075, 'eval_f1': 0.16212063004225893, 'eval_runtime': 20.4221, 'eval_samples_per_second': 1086.614, 'eval_steps_per_second': 16.991, 'epoch': 2.32}
{'loss': 0.6128, 'learning_rate': 0.00022750473131846074, 'epoch': 2.32}
{'loss': 0.64, 'learning_rate': 0.00022635774502494696, 'epoch': 2.32}
{'loss': 0.6102, 'learning_rate': 0.00022521075873143314, 'epoch': 2.33}
{'loss': 0.6517, 'learning_rate': 0.00022406377243791936, 'epoch': 2.33}
{'loss': 0.6352, 'learning_rate': 0.00022291678614440557, 'epoch': 2.33}
{'loss': 0.6138, 'learning_rate': 0.0002217697998508918, 'epoch': 2.34}
{'loss': 0.6236, 'learning_rate': 0.00022062281355737798, 'epoch': 2.34}
{'loss': 0.6531, 'learning_rate': 0.0002194758272638642, 'epoch': 2.34}
{'loss': 0.6304, 'learning_rate': 0.0002183288409703504, 'epoch': 2.35}
{'loss': 0.6407, 'learning_rate': 0.00021718185467683662, 'epoch': 2.35}
{'loss': 0.6285, 'learning_rate': 0.0002160348683833228, 'epoch': 2.35}
{'loss': 0.6294, 'learning_rate': 0.00021488788208980902, 'epoch': 2.36}
{'eval_loss': 0.4773821234703064, 'eval_bce': 0.46981860149859045, 'eval_n_pos': 2024.0, 'eval_pos_rate': 0.09120814744716327, 'eval_auroc': 0.6412217372293131, 'eval_auprc': 0.20129617553681606, 'eval_mcc': 0.15606380248650153, 'eval_precision': 0.3612040133779264, 'eval_recall': 0.1067193675889328, 'eval_f1': 0.16475972540045764, 'eval_runtime': 20.4262, 'eval_samples_per_second': 1086.4, 'eval_steps_per_second': 16.988, 'epoch': 2.36}
{'loss': 0.626, 'learning_rate': 0.00021374089579629524, 'epoch': 2.36}
{'loss': 0.6537, 'learning_rate': 0.00021259390950278145, 'epoch': 2.36}
{'loss': 0.6327, 'learning_rate': 0.00021144692320926764, 'epoch': 2.37}
{'loss': 0.6269, 'learning_rate': 0.00021029993691575386, 'epoch': 2.37}
{'loss': 0.624, 'learning_rate': 0.00020915295062224007, 'epoch': 2.37}
{'loss': 0.5958, 'learning_rate': 0.00020800596432872629, 'epoch': 2.38}
{'loss': 0.6175, 'learning_rate': 0.00020685897803521247, 'epoch': 2.38}
{'loss': 0.6177, 'learning_rate': 0.0002057119917416987, 'epoch': 2.38}
{'loss': 0.6207, 'learning_rate': 0.0002045650054481849, 'epoch': 2.39}
{'loss': 0.6162, 'learning_rate': 0.00020341801915467112, 'epoch': 2.39}
{'loss': 0.6057, 'learning_rate': 0.0002022710328611573, 'epoch': 2.39}
{'loss': 0.6155, 'learning_rate': 0.00020112404656764352, 'epoch': 2.4}
{'loss': 0.6266, 'learning_rate': 0.00019997706027412974, 'epoch': 2.4}
{'eval_loss': 0.481503963470459, 'eval_bce': 0.4742588298532284, 'eval_n_pos': 2024.0, 'eval_pos_rate': 0.09120814744716327, 'eval_auroc': 0.6409517828503537, 'eval_auprc': 0.19911656040862308, 'eval_mcc': 0.15407272403976846, 'eval_precision': 0.3386396526772793, 'eval_recall': 0.11561264822134387, 'eval_f1': 0.1723756906077348, 'eval_runtime': 20.4098, 'eval_samples_per_second': 1087.269, 'eval_steps_per_second': 17.002, 'epoch': 2.4}
{'loss': 0.6313, 'learning_rate': 0.00019883007398061592, 'epoch': 2.41}
{'loss': 0.6542, 'learning_rate': 0.00019768308768710214, 'epoch': 2.41}
{'loss': 0.6351, 'learning_rate': 0.00019653610139358835, 'epoch': 2.41}
{'loss': 0.6086, 'learning_rate': 0.00019538911510007457, 'epoch': 2.42}
{'loss': 0.6224, 'learning_rate': 0.00019424212880656076, 'epoch': 2.42}
{'loss': 0.6448, 'learning_rate': 0.00019309514251304697, 'epoch': 2.42}
{'loss': 0.62, 'learning_rate': 0.00019194815621953319, 'epoch': 2.43}
{'loss': 0.6302, 'learning_rate': 0.0001908011699260194, 'epoch': 2.43}
{'loss': 0.5986, 'learning_rate': 0.0001896541836325056, 'epoch': 2.43}
{'loss': 0.6435, 'learning_rate': 0.0001885071973389918, 'epoch': 2.44}
{'loss': 0.6081, 'learning_rate': 0.00018736021104547802, 'epoch': 2.44}
{'loss': 0.6364, 'learning_rate': 0.00018621322475196423, 'epoch': 2.44}
{'eval_loss': 0.4814431071281433, 'eval_bce': 0.4742537984072346, 'eval_n_pos': 2024.0, 'eval_pos_rate': 0.09120814744716327, 'eval_auroc': 0.642313816490016, 'eval_auprc': 0.19880674439641283, 'eval_mcc': 0.15576878736291144, 'eval_precision': 0.33951497860199714, 'eval_recall': 0.11758893280632411, 'eval_f1': 0.1746788990825688, 'eval_runtime': 20.4258, 'eval_samples_per_second': 1086.418, 'eval_steps_per_second': 16.988, 'epoch': 2.44}
{'loss': 0.6517, 'learning_rate': 0.00018506623845845042, 'epoch': 2.45}
{'loss': 0.6174, 'learning_rate': 0.00018391925216493664, 'epoch': 2.45}
{'loss': 0.6196, 'learning_rate': 0.00018277226587142285, 'epoch': 2.45}
{'loss': 0.6353, 'learning_rate': 0.00018162527957790907, 'epoch': 2.46}
{'loss': 0.6364, 'learning_rate': 0.00018047829328439525, 'epoch': 2.46}
{'loss': 0.6234, 'learning_rate': 0.00017933130699088147, 'epoch': 2.46}
{'loss': 0.6121, 'learning_rate': 0.00017818432069736768, 'epoch': 2.47}
{'loss': 0.616, 'learning_rate': 0.0001770373344038539, 'epoch': 2.47}
{'loss': 0.6233, 'learning_rate': 0.00017589034811034009, 'epoch': 2.47}
{'loss': 0.6269, 'learning_rate': 0.0001747433618168263, 'epoch': 2.48}
{'loss': 0.6079, 'learning_rate': 0.00017359637552331252, 'epoch': 2.48}
{'loss': 0.6315, 'learning_rate': 0.00017244938922979873, 'epoch': 2.48}
{'loss': 0.6051, 'learning_rate': 0.00017130240293628492, 'epoch': 2.49}
{'eval_loss': 0.4782165586948395, 'eval_bce': 0.470661169326487, 'eval_n_pos': 2024.0, 'eval_pos_rate': 0.09120814744716327, 'eval_auroc': 0.6424817938200217, 'eval_auprc': 0.2028392278478631, 'eval_mcc': 0.15201871185737365, 'eval_precision': 0.3519736842105263, 'eval_recall': 0.10573122529644269, 'eval_f1': 0.16261398176291794, 'eval_runtime': 20.4084, 'eval_samples_per_second': 1087.348, 'eval_steps_per_second': 17.003, 'epoch': 2.49}
{'loss': 0.6174, 'learning_rate': 0.00017015541664277113, 'epoch': 2.49}
{'loss': 0.6009, 'learning_rate': 0.00016900843034925735, 'epoch': 2.49}
{'loss': 0.6283, 'learning_rate': 0.00016786144405574356, 'epoch': 2.5}
{'loss': 0.62, 'learning_rate': 0.00016671445776222975, 'epoch': 2.5}
{'loss': 0.6116, 'learning_rate': 0.00016556747146871597, 'epoch': 2.5}
{'loss': 0.6172, 'learning_rate': 0.00016442048517520218, 'epoch': 2.51}
{'loss': 0.6207, 'learning_rate': 0.00016327349888168834, 'epoch': 2.51}
{'loss': 0.6144, 'learning_rate': 0.00016212651258817456, 'epoch': 2.52}
{'loss': 0.6317, 'learning_rate': 0.00016097952629466077, 'epoch': 2.52}
{'loss': 0.6427, 'learning_rate': 0.00015983254000114699, 'epoch': 2.52}
{'loss': 0.6153, 'learning_rate': 0.00015868555370763317, 'epoch': 2.53}
{'loss': 0.6283, 'learning_rate': 0.0001575385674141194, 'epoch': 2.53}
{'eval_loss': 0.4789062440395355, 'eval_bce': 0.4715115187074776, 'eval_n_pos': 2024.0, 'eval_pos_rate': 0.09120814744716327, 'eval_auroc': 0.6436477007893181, 'eval_auprc': 0.20140099743899603, 'eval_mcc': 0.15640683056774154, 'eval_precision': 0.35023041474654376, 'eval_recall': 0.11264822134387352, 'eval_f1': 0.17046728971962619, 'eval_runtime': 20.4035, 'eval_samples_per_second': 1087.607, 'eval_steps_per_second': 17.007, 'epoch': 2.53}
{'loss': 0.6313, 'learning_rate': 0.0001563915811206056, 'epoch': 2.53}
{'loss': 0.6239, 'learning_rate': 0.00015524459482709182, 'epoch': 2.54}
{'loss': 0.6394, 'learning_rate': 0.000154097608533578, 'epoch': 2.54}
{'loss': 0.6203, 'learning_rate': 0.00015295062224006422, 'epoch': 2.54}
{'loss': 0.6403, 'learning_rate': 0.00015180363594655044, 'epoch': 2.55}
{'loss': 0.6363, 'learning_rate': 0.00015065664965303665, 'epoch': 2.55}
{'loss': 0.6171, 'learning_rate': 0.00014950966335952284, 'epoch': 2.55}
{'loss': 0.6114, 'learning_rate': 0.00014836267706600905, 'epoch': 2.56}
{'loss': 0.6214, 'learning_rate': 0.00014721569077249527, 'epoch': 2.56}
{'loss': 0.6191, 'learning_rate': 0.00014606870447898148, 'epoch': 2.56}
{'loss': 0.6223, 'learning_rate': 0.00014492171818546767, 'epoch': 2.57}
{'loss': 0.6269, 'learning_rate': 0.00014377473189195389, 'epoch': 2.57}
{'loss': 0.6113, 'learning_rate': 0.0001426277455984401, 'epoch': 2.57}
{'eval_loss': 0.4820311367511749, 'eval_bce': 0.47478097803767727, 'eval_n_pos': 2024.0, 'eval_pos_rate': 0.09120814744716327, 'eval_auroc': 0.6420231727133769, 'eval_auprc': 0.20071088583858637, 'eval_mcc': 0.15516476670576074, 'eval_precision': 0.34057971014492755, 'eval_recall': 0.11610671936758893, 'eval_f1': 0.17317612380250552, 'eval_runtime': 20.4269, 'eval_samples_per_second': 1086.36, 'eval_steps_per_second': 16.987, 'epoch': 2.57}
{'loss': 0.6352, 'learning_rate': 0.00014148075930492631, 'epoch': 2.58}
{'loss': 0.6208, 'learning_rate': 0.0001403337730114125, 'epoch': 2.58}
{'loss': 0.6447, 'learning_rate': 0.00013918678671789872, 'epoch': 2.58}
{'loss': 0.6292, 'learning_rate': 0.00013803980042438493, 'epoch': 2.59}
{'loss': 0.6156, 'learning_rate': 0.00013689281413087115, 'epoch': 2.59}
{'loss': 0.6192, 'learning_rate': 0.00013574582783735734, 'epoch': 2.59}
{'loss': 0.6204, 'learning_rate': 0.00013459884154384355, 'epoch': 2.6}
{'loss': 0.6054, 'learning_rate': 0.00013345185525032976, 'epoch': 2.6}
{'loss': 0.6137, 'learning_rate': 0.00013230486895681598, 'epoch': 2.6}
{'loss': 0.6331, 'learning_rate': 0.00013115788266330217, 'epoch': 2.61}
{'loss': 0.6292, 'learning_rate': 0.00013001089636978838, 'epoch': 2.61}
{'loss': 0.6275, 'learning_rate': 0.0001288639100762746, 'epoch': 2.61}
{'eval_loss': 0.48066624999046326, 'eval_bce': 0.47338193133815604, 'eval_n_pos': 2024.0, 'eval_pos_rate': 0.09120814744716327, 'eval_auroc': 0.6409937863699766, 'eval_auprc': 0.20020495318792847, 'eval_mcc': 0.14942498543562327, 'eval_precision': 0.33634992458521873, 'eval_recall': 0.11017786561264822, 'eval_f1': 0.16598436918496465, 'eval_runtime': 20.4371, 'eval_samples_per_second': 1085.817, 'eval_steps_per_second': 16.979, 'epoch': 2.62}
{'loss': 0.618, 'learning_rate': 0.00012771692378276079, 'epoch': 2.62}
{'loss': 0.6433, 'learning_rate': 0.000126569937489247, 'epoch': 2.62}
{'loss': 0.6308, 'learning_rate': 0.00012542295119573321, 'epoch': 2.62}
{'loss': 0.5973, 'learning_rate': 0.0001242759649022194, 'epoch': 2.63}
{'loss': 0.6062, 'learning_rate': 0.00012312897860870562, 'epoch': 2.63}
{'loss': 0.6238, 'learning_rate': 0.00012198199231519183, 'epoch': 2.64}
{'loss': 0.6409, 'learning_rate': 0.00012083500602167805, 'epoch': 2.64}
{'loss': 0.5999, 'learning_rate': 0.00011968801972816425, 'epoch': 2.64}
{'loss': 0.6269, 'learning_rate': 0.00011854103343465046, 'epoch': 2.65}
{'loss': 0.6212, 'learning_rate': 0.00011739404714113666, 'epoch': 2.65}
{'loss': 0.6164, 'learning_rate': 0.00011624706084762288, 'epoch': 2.65}
{'loss': 0.6589, 'learning_rate': 0.00011510007455410908, 'epoch': 2.66}
{'loss': 0.6108, 'learning_rate': 0.0001139530882605953, 'epoch': 2.66}
{'eval_loss': 0.48240384459495544, 'eval_bce': 0.47522676664090396, 'eval_n_pos': 2024.0, 'eval_pos_rate': 0.09120814744716327, 'eval_auroc': 0.6419437714843899, 'eval_auprc': 0.20078791829462128, 'eval_mcc': 0.15385623683284996, 'eval_precision': 0.33379888268156427, 'eval_recall': 0.11808300395256917, 'eval_f1': 0.17445255474452556, 'eval_runtime': 20.4041, 'eval_samples_per_second': 1087.573, 'eval_steps_per_second': 17.006, 'epoch': 2.66}
{'loss': 0.621, 'learning_rate': 0.0001128061019670815, 'epoch': 2.66}
{'loss': 0.6447, 'learning_rate': 0.00011165911567356771, 'epoch': 2.67}
{'loss': 0.6399, 'learning_rate': 0.00011051212938005391, 'epoch': 2.67}
{'loss': 0.6146, 'learning_rate': 0.00010936514308654013, 'epoch': 2.67}
{'loss': 0.6468, 'learning_rate': 0.00010821815679302633, 'epoch': 2.68}
{'loss': 0.6209, 'learning_rate': 0.00010707117049951254, 'epoch': 2.68}
{'loss': 0.6378, 'learning_rate': 0.00010592418420599873, 'epoch': 2.68}
{'loss': 0.6354, 'learning_rate': 0.00010477719791248495, 'epoch': 2.69}
{'loss': 0.6175, 'learning_rate': 0.00010363021161897115, 'epoch': 2.69}
{'loss': 0.6298, 'learning_rate': 0.00010248322532545736, 'epoch': 2.69}
{'loss': 0.626, 'learning_rate': 0.00010133623903194356, 'epoch': 2.7}
{'loss': 0.6243, 'learning_rate': 0.00010018925273842978, 'epoch': 2.7}
{'eval_loss': 0.48249369859695435, 'eval_bce': 0.47522210701292805, 'eval_n_pos': 2024.0, 'eval_pos_rate': 0.09120814744716327, 'eval_auroc': 0.6415647965966393, 'eval_auprc': 0.20094774419770783, 'eval_mcc': 0.15600016218940854, 'eval_precision': 0.33753501400560226, 'eval_recall': 0.1190711462450593, 'eval_f1': 0.1760409057706355, 'eval_runtime': 20.4067, 'eval_samples_per_second': 1087.435, 'eval_steps_per_second': 17.004, 'epoch': 2.7}
{'loss': 0.6384, 'learning_rate': 9.904226644491598e-05, 'epoch': 2.7}
{'loss': 0.6164, 'learning_rate': 9.78952801514022e-05, 'epoch': 2.71}
{'loss': 0.6438, 'learning_rate': 9.67482938578884e-05, 'epoch': 2.71}
{'loss': 0.6276, 'learning_rate': 9.56013075643746e-05, 'epoch': 2.71}
{'loss': 0.6333, 'learning_rate': 9.445432127086081e-05, 'epoch': 2.72}
{'loss': 0.6274, 'learning_rate': 9.330733497734701e-05, 'epoch': 2.72}
{'loss': 0.6179, 'learning_rate': 9.216034868383323e-05, 'epoch': 2.72}
{'loss': 0.6304, 'learning_rate': 9.101336239031943e-05, 'epoch': 2.73}
{'loss': 0.6426, 'learning_rate': 8.986637609680565e-05, 'epoch': 2.73}
{'loss': 0.6187, 'learning_rate': 8.871938980329185e-05, 'epoch': 2.73}
{'loss': 0.6241, 'learning_rate': 8.757240350977806e-05, 'epoch': 2.74}
{'loss': 0.6275, 'learning_rate': 8.642541721626426e-05, 'epoch': 2.74}
{'loss': 0.6355, 'learning_rate': 8.527843092275048e-05, 'epoch': 2.74}
{'eval_loss': 0.48010873794555664, 'eval_bce': 0.47265736424224186, 'eval_n_pos': 2024.0, 'eval_pos_rate': 0.09120814744716327, 'eval_auroc': 0.6407665459813717, 'eval_auprc': 0.20168728919389858, 'eval_mcc': 0.1485000732571825, 'eval_precision': 0.3385093167701863, 'eval_recall': 0.10770750988142293, 'eval_f1': 0.1634182908545727, 'eval_runtime': 20.4151, 'eval_samples_per_second': 1086.987, 'eval_steps_per_second': 16.997, 'epoch': 2.74}
{'loss': 0.6223, 'learning_rate': 8.413144462923668e-05, 'epoch': 2.75}
{'loss': 0.6149, 'learning_rate': 8.29844583357229e-05, 'epoch': 2.75}
{'loss': 0.6132, 'learning_rate': 8.18374720422091e-05, 'epoch': 2.76}
{'loss': 0.6518, 'learning_rate': 8.069048574869531e-05, 'epoch': 2.76}
{'loss': 0.6162, 'learning_rate': 7.954349945518151e-05, 'epoch': 2.76}
{'loss': 0.6115, 'learning_rate': 7.839651316166773e-05, 'epoch': 2.77}
{'loss': 0.6505, 'learning_rate': 7.724952686815393e-05, 'epoch': 2.77}
{'loss': 0.637, 'learning_rate': 7.610254057464014e-05, 'epoch': 2.77}
{'loss': 0.635, 'learning_rate': 7.495555428112634e-05, 'epoch': 2.78}
{'loss': 0.6072, 'learning_rate': 7.380856798761256e-05, 'epoch': 2.78}
{'loss': 0.6242, 'learning_rate': 7.266158169409876e-05, 'epoch': 2.78}
{'loss': 0.6246, 'learning_rate': 7.151459540058498e-05, 'epoch': 2.79}
{'eval_loss': 0.4814235270023346, 'eval_bce': 0.47405358543285414, 'eval_n_pos': 2024.0, 'eval_pos_rate': 0.09120814744716327, 'eval_auroc': 0.6415091838876605, 'eval_auprc': 0.2012519427961763, 'eval_mcc': 0.15398422772073536, 'eval_precision': 0.34017595307917886, 'eval_recall': 0.11462450592885376, 'eval_f1': 0.1714708056171471, 'eval_runtime': 20.4094, 'eval_samples_per_second': 1087.295, 'eval_steps_per_second': 17.002, 'epoch': 2.79}
{'loss': 0.6277, 'learning_rate': 7.036760910707118e-05, 'epoch': 2.79}
{'loss': 0.6071, 'learning_rate': 6.922062281355739e-05, 'epoch': 2.79}
{'loss': 0.6489, 'learning_rate': 6.807363652004358e-05, 'epoch': 2.8}
{'loss': 0.6345, 'learning_rate': 6.69266502265298e-05, 'epoch': 2.8}
{'loss': 0.627, 'learning_rate': 6.5779663933016e-05, 'epoch': 2.8}
{'loss': 0.6179, 'learning_rate': 6.463267763950221e-05, 'epoch': 2.81}
{'loss': 0.6242, 'learning_rate': 6.348569134598841e-05, 'epoch': 2.81}
{'loss': 0.6117, 'learning_rate': 6.233870505247463e-05, 'epoch': 2.81}
{'loss': 0.6142, 'learning_rate': 6.119171875896083e-05, 'epoch': 2.82}
{'loss': 0.6179, 'learning_rate': 6.004473246544704e-05, 'epoch': 2.82}
{'loss': 0.6294, 'learning_rate': 5.889774617193325e-05, 'epoch': 2.82}
{'loss': 0.6263, 'learning_rate': 5.775075987841945e-05, 'epoch': 2.83}
{'loss': 0.6114, 'learning_rate': 5.660377358490566e-05, 'epoch': 2.83}
{'eval_loss': 0.48178228735923767, 'eval_bce': 0.4744743361475997, 'eval_n_pos': 2024.0, 'eval_pos_rate': 0.09120814744716327, 'eval_auroc': 0.6432461990795828, 'eval_auprc': 0.20223342219967672, 'eval_mcc': 0.1610148695427341, 'eval_precision': 0.3486370157819225, 'eval_recall': 0.12005928853754941, 'eval_f1': 0.17861080485115763, 'eval_runtime': 20.4079, 'eval_samples_per_second': 1087.376, 'eval_steps_per_second': 17.003, 'epoch': 2.83}
{'loss': 0.6313, 'learning_rate': 5.545678729139187e-05, 'epoch': 2.83}
{'loss': 0.6369, 'learning_rate': 5.4309800997878076e-05, 'epoch': 2.84}
{'loss': 0.6184, 'learning_rate': 5.3162814704364285e-05, 'epoch': 2.84}
{'loss': 0.6348, 'learning_rate': 5.201582841085049e-05, 'epoch': 2.84}
{'loss': 0.6246, 'learning_rate': 5.08688421173367e-05, 'epoch': 2.85}
{'loss': 0.6308, 'learning_rate': 4.972185582382291e-05, 'epoch': 2.85}
{'loss': 0.634, 'learning_rate': 4.857486953030912e-05, 'epoch': 2.85}
{'loss': 0.6324, 'learning_rate': 4.7427883236795325e-05, 'epoch': 2.86}
{'loss': 0.6344, 'learning_rate': 4.628089694328153e-05, 'epoch': 2.86}
{'loss': 0.6292, 'learning_rate': 4.5133910649767735e-05, 'epoch': 2.86}
{'loss': 0.6193, 'learning_rate': 4.398692435625394e-05, 'epoch': 2.87}
{'loss': 0.6282, 'learning_rate': 4.283993806274015e-05, 'epoch': 2.87}
{'eval_loss': 0.4804685711860657, 'eval_bce': 0.473063972387383, 'eval_n_pos': 2024.0, 'eval_pos_rate': 0.09120814744716327, 'eval_auroc': 0.6425622117571244, 'eval_auprc': 0.20229939679445014, 'eval_mcc': 0.15232245572927058, 'eval_precision': 0.3403298350824588, 'eval_recall': 0.11215415019762846, 'eval_f1': 0.1687105165366035, 'eval_runtime': 20.4132, 'eval_samples_per_second': 1087.09, 'eval_steps_per_second': 16.999, 'epoch': 2.87}
{'loss': 0.6386, 'learning_rate': 4.169295176922636e-05, 'epoch': 2.88}
{'loss': 0.6056, 'learning_rate': 4.054596547571257e-05, 'epoch': 2.88}
{'loss': 0.6256, 'learning_rate': 3.939897918219877e-05, 'epoch': 2.88}
{'loss': 0.6321, 'learning_rate': 3.8251992888684976e-05, 'epoch': 2.89}
{'loss': 0.6349, 'learning_rate': 3.7105006595171184e-05, 'epoch': 2.89}
{'loss': 0.6404, 'learning_rate': 3.595802030165739e-05, 'epoch': 2.89}
{'loss': 0.6274, 'learning_rate': 3.48110340081436e-05, 'epoch': 2.9}
{'loss': 0.6224, 'learning_rate': 3.366404771462981e-05, 'epoch': 2.9}
{'loss': 0.6357, 'learning_rate': 3.251706142111602e-05, 'epoch': 2.9}
{'loss': 0.6216, 'learning_rate': 3.1370075127602225e-05, 'epoch': 2.91}
{'loss': 0.6206, 'learning_rate': 3.0223088834088433e-05, 'epoch': 2.91}
{'loss': 0.6291, 'learning_rate': 2.907610254057464e-05, 'epoch': 2.91}
{'loss': 0.63, 'learning_rate': 2.792911624706085e-05, 'epoch': 2.92}
{'eval_loss': 0.48078304529190063, 'eval_bce': 0.47336423284754137, 'eval_n_pos': 2024.0, 'eval_pos_rate': 0.09120814744716327, 'eval_auroc': 0.6418400182586079, 'eval_auprc': 0.20204490410023868, 'eval_mcc': 0.15296649420956965, 'eval_precision': 0.34294385432473445, 'eval_recall': 0.11166007905138339, 'eval_f1': 0.16846813268729036, 'eval_runtime': 20.415, 'eval_samples_per_second': 1086.993, 'eval_steps_per_second': 16.997, 'epoch': 2.92}
{'loss': 0.6262, 'learning_rate': 2.6782129953547057e-05, 'epoch': 2.92}
{'loss': 0.6355, 'learning_rate': 2.5635143660033266e-05, 'epoch': 2.92}
{'loss': 0.6474, 'learning_rate': 2.448815736651947e-05, 'epoch': 2.93}
{'loss': 0.6248, 'learning_rate': 2.334117107300568e-05, 'epoch': 2.93}
{'loss': 0.6422, 'learning_rate': 2.2194184779491886e-05, 'epoch': 2.93}
{'loss': 0.6448, 'learning_rate': 2.1047198485978095e-05, 'epoch': 2.94}
{'loss': 0.6169, 'learning_rate': 1.99002121924643e-05, 'epoch': 2.94}
{'loss': 0.5961, 'learning_rate': 1.8753225898950507e-05, 'epoch': 2.94}
{'loss': 0.6272, 'learning_rate': 1.7606239605436715e-05, 'epoch': 2.95}
{'loss': 0.6341, 'learning_rate': 1.6459253311922924e-05, 'epoch': 2.95}
{'loss': 0.644, 'learning_rate': 1.5312267018409128e-05, 'epoch': 2.95}
{'loss': 0.6036, 'learning_rate': 1.4165280724895338e-05, 'epoch': 2.96}
{'eval_loss': 0.48062863945961, 'eval_bce': 0.47320696561604914, 'eval_n_pos': 2024.0, 'eval_pos_rate': 0.09120814744716327, 'eval_auroc': 0.6415990094372073, 'eval_auprc': 0.20182711204984122, 'eval_mcc': 0.15428391213356824, 'eval_precision': 0.3455098934550989, 'eval_recall': 0.11215415019762846, 'eval_f1': 0.1693397985826184, 'eval_runtime': 20.3853, 'eval_samples_per_second': 1088.579, 'eval_steps_per_second': 17.022, 'epoch': 2.96}
{'loss': 0.6438, 'learning_rate': 1.3018294431381544e-05, 'epoch': 2.96}
{'loss': 0.6324, 'learning_rate': 1.1871308137867753e-05, 'epoch': 2.96}
{'loss': 0.6238, 'learning_rate': 1.072432184435396e-05, 'epoch': 2.97}
{'loss': 0.6325, 'learning_rate': 9.577335550840169e-06, 'epoch': 2.97}
{'loss': 0.6309, 'learning_rate': 8.430349257326375e-06, 'epoch': 2.97}
{'loss': 0.6244, 'learning_rate': 7.2833629638125824e-06, 'epoch': 2.98}
{'loss': 0.6377, 'learning_rate': 6.1363766702987905e-06, 'epoch': 2.98}
{'loss': 0.6203, 'learning_rate': 4.989390376784997e-06, 'epoch': 2.99}
{'loss': 0.6357, 'learning_rate': 3.842404083271205e-06, 'epoch': 2.99}
{'loss': 0.6253, 'learning_rate': 2.6954177897574127e-06, 'epoch': 2.99}
{'loss': 0.6129, 'learning_rate': 1.5484314962436198e-06, 'epoch': 3.0}
{'loss': 0.6213, 'learning_rate': 4.014452027298274e-07, 'epoch': 3.0}
{'train_runtime': 2201.2199, 'train_samples_per_second': 254.177, 'train_steps_per_second': 7.944, 'train_loss': 0.6315658817966417, 'epoch': 3.0}
    [a1] dev AUROC = 0.6440686546977011
--- [a1] Stage-2a s=50 -> /home/asm242/palmer_scratch/entexBERT-2_experiments/EN-TEx/experiments/ctcf_a1_multitrack/stage2_a1/runs/clf_2a_s50 ---
{'loss': 0.674, 'learning_rate': 0.0004, 'epoch': 0.0}
{'loss': 0.6584, 'learning_rate': 0.0008, 'epoch': 0.01}
{'loss': 0.6306, 'learning_rate': 0.000999426506853243, 'epoch': 0.01}
{'loss': 0.6703, 'learning_rate': 0.0009982795205597294, 'epoch': 0.01}
{'loss': 0.6622, 'learning_rate': 0.0009971325342662154, 'epoch': 0.02}
{'loss': 0.6292, 'learning_rate': 0.0009959855479727017, 'epoch': 0.02}
{'loss': 0.651, 'learning_rate': 0.000994838561679188, 'epoch': 0.02}
{'loss': 0.6688, 'learning_rate': 0.000993691575385674, 'epoch': 0.03}
{'loss': 0.6674, 'learning_rate': 0.0009925445890921604, 'epoch': 0.03}
{'loss': 0.6686, 'learning_rate': 0.0009913976027986465, 'epoch': 0.03}
{'loss': 0.6379, 'learning_rate': 0.0009902506165051328, 'epoch': 0.04}
{'loss': 0.6774, 'learning_rate': 0.000989103630211619, 'epoch': 0.04}
{'eval_loss': 0.6859643459320068, 'eval_bce': 0.686248687945825, 'eval_n_pos': 2024.0, 'eval_pos_rate': 0.09120814744716327, 'eval_auroc': 0.6092586022326225, 'eval_auprc': 0.17306601604817987, 'eval_mcc': 0.11765512800944361, 'eval_precision': 0.15731310942578547, 'eval_recall': 0.358695652173913, 'eval_f1': 0.21870763669227294, 'eval_runtime': 20.3097, 'eval_samples_per_second': 1092.632, 'eval_steps_per_second': 17.085, 'epoch': 0.04}
{'loss': 0.6525, 'learning_rate': 0.0009879566439181052, 'epoch': 0.04}
{'loss': 0.6353, 'learning_rate': 0.0009868096576245915, 'epoch': 0.05}
{'loss': 0.6686, 'learning_rate': 0.0009856626713310775, 'epoch': 0.05}
{'loss': 0.6268, 'learning_rate': 0.0009845156850375638, 'epoch': 0.05}
{'loss': 0.6521, 'learning_rate': 0.00098336869874405, 'epoch': 0.06}
{'loss': 0.6174, 'learning_rate': 0.0009822217124505362, 'epoch': 0.06}
{'loss': 0.647, 'learning_rate': 0.0009810747261570225, 'epoch': 0.07}
{'loss': 0.6473, 'learning_rate': 0.0009799277398635088, 'epoch': 0.07}
{'loss': 0.641, 'learning_rate': 0.0009787807535699949, 'epoch': 0.07}
{'loss': 0.6715, 'learning_rate': 0.000977633767276481, 'epoch': 0.08}
{'loss': 0.6296, 'learning_rate': 0.0009764867809829672, 'epoch': 0.08}
{'loss': 0.6597, 'learning_rate': 0.0009753397946894534, 'epoch': 0.08}
{'loss': 0.6386, 'learning_rate': 0.0009741928083959397, 'epoch': 0.09}
{'eval_loss': 0.6550591588020325, 'eval_bce': 0.6532620014735442, 'eval_n_pos': 2024.0, 'eval_pos_rate': 0.09120814744716327, 'eval_auroc': 0.62096364428171, 'eval_auprc': 0.17956387680942618, 'eval_mcc': 0.13410859198072841, 'eval_precision': 0.1961451247165533, 'eval_recall': 0.2564229249011858, 'eval_f1': 0.22226980728051393, 'eval_runtime': 20.355, 'eval_samples_per_second': 1090.202, 'eval_steps_per_second': 17.047, 'epoch': 0.09}
{'loss': 0.6468, 'learning_rate': 0.0009730458221024259, 'epoch': 0.09}
{'loss': 0.6248, 'learning_rate': 0.0009718988358089121, 'epoch': 0.09}
{'loss': 0.6441, 'learning_rate': 0.0009707518495153983, 'epoch': 0.1}
{'loss': 0.6511, 'learning_rate': 0.0009696048632218846, 'epoch': 0.1}
{'loss': 0.6558, 'learning_rate': 0.0009684578769283708, 'epoch': 0.1}
{'loss': 0.6406, 'learning_rate': 0.0009673108906348569, 'epoch': 0.11}
{'loss': 0.6618, 'learning_rate': 0.0009661639043413432, 'epoch': 0.11}
{'loss': 0.6126, 'learning_rate': 0.0009650169180478293, 'epoch': 0.11}
{'loss': 0.6379, 'learning_rate': 0.0009638699317543156, 'epoch': 0.12}
{'loss': 0.6475, 'learning_rate': 0.0009627229454608017, 'epoch': 0.12}
{'loss': 0.6434, 'learning_rate': 0.000961575959167288, 'epoch': 0.12}
{'loss': 0.6544, 'learning_rate': 0.0009604289728737742, 'epoch': 0.13}
{'eval_loss': 0.6241660118103027, 'eval_bce': 0.6209261346633358, 'eval_n_pos': 2024.0, 'eval_pos_rate': 0.09120814744716327, 'eval_auroc': 0.6194637915696424, 'eval_auprc': 0.17982886064063186, 'eval_mcc': 0.13154717845506078, 'eval_precision': 0.22837150127226463, 'eval_recall': 0.1773715415019763, 'eval_f1': 0.19966629588431592, 'eval_runtime': 20.3587, 'eval_samples_per_second': 1090.001, 'eval_steps_per_second': 17.044, 'epoch': 0.13}
{'loss': 0.6357, 'learning_rate': 0.0009592819865802603, 'epoch': 0.13}
{'loss': 0.6406, 'learning_rate': 0.0009581350002867466, 'epoch': 0.13}
{'loss': 0.6466, 'learning_rate': 0.0009569880139932328, 'epoch': 0.14}
{'loss': 0.6364, 'learning_rate': 0.0009558410276997191, 'epoch': 0.14}
{'loss': 0.6382, 'learning_rate': 0.0009546940414062051, 'epoch': 0.14}
{'loss': 0.6337, 'learning_rate': 0.0009535470551126914, 'epoch': 0.15}
{'loss': 0.6468, 'learning_rate': 0.0009524000688191776, 'epoch': 0.15}
{'loss': 0.6351, 'learning_rate': 0.0009512530825256639, 'epoch': 0.15}
{'loss': 0.6472, 'learning_rate': 0.00095010609623215, 'epoch': 0.16}
{'loss': 0.6349, 'learning_rate': 0.0009489591099386362, 'epoch': 0.16}
{'loss': 0.641, 'learning_rate': 0.0009478121236451225, 'epoch': 0.16}
{'loss': 0.627, 'learning_rate': 0.0009466651373516087, 'epoch': 0.17}
{'loss': 0.6531, 'learning_rate': 0.0009455181510580949, 'epoch': 0.17}
{'eval_loss': 0.6053622364997864, 'eval_bce': 0.6004775036012094, 'eval_n_pos': 2024.0, 'eval_pos_rate': 0.09120814744716327, 'eval_auroc': 0.6282251083884348, 'eval_auprc': 0.18571460828477757, 'eval_mcc': 0.14548481623377094, 'eval_precision': 0.2539912917271408, 'eval_recall': 0.17292490118577075, 'eval_f1': 0.205761316872428, 'eval_runtime': 20.3648, 'eval_samples_per_second': 1089.676, 'eval_steps_per_second': 17.039, 'epoch': 0.17}
{'loss': 0.6194, 'learning_rate': 0.000944371164764581, 'epoch': 0.17}
{'loss': 0.6523, 'learning_rate': 0.0009432241784710673, 'epoch': 0.18}
{'loss': 0.6586, 'learning_rate': 0.0009420771921775535, 'epoch': 0.18}
{'loss': 0.6419, 'learning_rate': 0.0009409302058840396, 'epoch': 0.19}
{'loss': 0.6298, 'learning_rate': 0.0009397832195905259, 'epoch': 0.19}
{'loss': 0.6329, 'learning_rate': 0.0009386362332970121, 'epoch': 0.19}
{'loss': 0.6544, 'learning_rate': 0.0009374892470034984, 'epoch': 0.2}
{'loss': 0.6238, 'learning_rate': 0.0009363422607099845, 'epoch': 0.2}
{'loss': 0.6337, 'learning_rate': 0.0009351952744164708, 'epoch': 0.2}
{'loss': 0.637, 'learning_rate': 0.000934048288122957, 'epoch': 0.21}
{'loss': 0.6293, 'learning_rate': 0.0009329013018294431, 'epoch': 0.21}
{'loss': 0.6508, 'learning_rate': 0.0009317543155359293, 'epoch': 0.21}
{'eval_loss': 0.5853623747825623, 'eval_bce': 0.5793470539014639, 'eval_n_pos': 2024.0, 'eval_pos_rate': 0.09120814744716327, 'eval_auroc': 0.6180881364911291, 'eval_auprc': 0.1826838475020519, 'eval_mcc': 0.13618304033389478, 'eval_precision': 0.27479338842975204, 'eval_recall': 0.13142292490118576, 'eval_f1': 0.17780748663101606, 'eval_runtime': 20.3924, 'eval_samples_per_second': 1088.199, 'eval_steps_per_second': 17.016, 'epoch': 0.21}
{'loss': 0.6467, 'learning_rate': 0.0009306073292424155, 'epoch': 0.22}
{'loss': 0.6289, 'learning_rate': 0.0009294603429489018, 'epoch': 0.22}
{'loss': 0.6336, 'learning_rate': 0.000928313356655388, 'epoch': 0.22}
{'loss': 0.636, 'learning_rate': 0.0009271663703618742, 'epoch': 0.23}
{'loss': 0.6382, 'learning_rate': 0.0009260193840683604, 'epoch': 0.23}
{'loss': 0.6501, 'learning_rate': 0.0009248723977748467, 'epoch': 0.23}
{'loss': 0.6458, 'learning_rate': 0.0009237254114813329, 'epoch': 0.24}
{'loss': 0.6365, 'learning_rate': 0.0009225784251878189, 'epoch': 0.24}
{'loss': 0.6402, 'learning_rate': 0.0009214314388943052, 'epoch': 0.24}
{'loss': 0.6518, 'learning_rate': 0.0009202844526007914, 'epoch': 0.25}
{'loss': 0.6442, 'learning_rate': 0.0009191374663072777, 'epoch': 0.25}
{'loss': 0.6419, 'learning_rate': 0.0009179904800137638, 'epoch': 0.25}
{'loss': 0.6373, 'learning_rate': 0.0009168434937202501, 'epoch': 0.26}
{'eval_loss': 0.5664230585098267, 'eval_bce': 0.5590614774133608, 'eval_n_pos': 2024.0, 'eval_pos_rate': 0.09120814744716327, 'eval_auroc': 0.6263671171802405, 'eval_auprc': 0.1831333558326393, 'eval_mcc': 0.13770362331242408, 'eval_precision': 0.29411764705882354, 'eval_recall': 0.11857707509881422, 'eval_f1': 0.16901408450704228, 'eval_runtime': 20.4123, 'eval_samples_per_second': 1087.138, 'eval_steps_per_second': 17.0, 'epoch': 0.26}
{'loss': 0.6287, 'learning_rate': 0.0009156965074267363, 'epoch': 0.26}
{'loss': 0.634, 'learning_rate': 0.0009145495211332225, 'epoch': 0.26}
{'loss': 0.6363, 'learning_rate': 0.0009134025348397087, 'epoch': 0.27}
{'loss': 0.6344, 'learning_rate': 0.0009122555485461948, 'epoch': 0.27}
{'loss': 0.6374, 'learning_rate': 0.0009111085622526811, 'epoch': 0.27}
{'loss': 0.6223, 'learning_rate': 0.0009099615759591673, 'epoch': 0.28}
{'loss': 0.6232, 'learning_rate': 0.0009088145896656535, 'epoch': 0.28}
{'loss': 0.6322, 'learning_rate': 0.0009076676033721397, 'epoch': 0.28}
{'loss': 0.6303, 'learning_rate': 0.0009065206170786259, 'epoch': 0.29}
{'loss': 0.642, 'learning_rate': 0.0009053736307851122, 'epoch': 0.29}
{'loss': 0.6451, 'learning_rate': 0.0009042266444915983, 'epoch': 0.3}
{'loss': 0.6036, 'learning_rate': 0.0009030796581980846, 'epoch': 0.3}
{'eval_loss': 0.5662317276000977, 'eval_bce': 0.5593603731458373, 'eval_n_pos': 2024.0, 'eval_pos_rate': 0.09120814744716327, 'eval_auroc': 0.6273838252959332, 'eval_auprc': 0.17810749579845758, 'eval_mcc': 0.13679943546753817, 'eval_precision': 0.26179875333926983, 'eval_recall': 0.14525691699604742, 'eval_f1': 0.18684461391801716, 'eval_runtime': 20.4071, 'eval_samples_per_second': 1087.417, 'eval_steps_per_second': 17.004, 'epoch': 0.3}
{'loss': 0.6295, 'learning_rate': 0.0009019326719045708, 'epoch': 0.3}
{'loss': 0.6231, 'learning_rate': 0.000900785685611057, 'epoch': 0.31}
{'loss': 0.645, 'learning_rate': 0.0008996386993175431, 'epoch': 0.31}
{'loss': 0.6501, 'learning_rate': 0.0008984917130240294, 'epoch': 0.31}
{'loss': 0.6352, 'learning_rate': 0.0008973447267305156, 'epoch': 0.32}
{'loss': 0.6325, 'learning_rate': 0.0008961977404370018, 'epoch': 0.32}
{'loss': 0.6402, 'learning_rate': 0.000895050754143488, 'epoch': 0.32}
{'loss': 0.6608, 'learning_rate': 0.0008939037678499742, 'epoch': 0.33}
{'loss': 0.6242, 'learning_rate': 0.0008927567815564605, 'epoch': 0.33}
{'loss': 0.6544, 'learning_rate': 0.0008916097952629467, 'epoch': 0.33}
{'loss': 0.6242, 'learning_rate': 0.0008904628089694329, 'epoch': 0.34}
{'loss': 0.6235, 'learning_rate': 0.000889315822675919, 'epoch': 0.34}
{'loss': 0.6117, 'learning_rate': 0.0008881688363824052, 'epoch': 0.34}
{'eval_loss': 0.5605424642562866, 'eval_bce': 0.5534460031267129, 'eval_n_pos': 2024.0, 'eval_pos_rate': 0.09120814744716327, 'eval_auroc': 0.6221347450370435, 'eval_auprc': 0.17873919079325157, 'eval_mcc': 0.14292753433341512, 'eval_precision': 0.2650807136788445, 'eval_recall': 0.1541501976284585, 'eval_f1': 0.1949390815370197, 'eval_runtime': 20.4125, 'eval_samples_per_second': 1087.13, 'eval_steps_per_second': 16.999, 'epoch': 0.34}
{'loss': 0.649, 'learning_rate': 0.0008870218500888915, 'epoch': 0.35}
{'loss': 0.6191, 'learning_rate': 0.0008858748637953776, 'epoch': 0.35}
{'loss': 0.6271, 'learning_rate': 0.0008847278775018639, 'epoch': 0.35}
{'loss': 0.6189, 'learning_rate': 0.0008835808912083501, 'epoch': 0.36}
{'loss': 0.6519, 'learning_rate': 0.0008824339049148363, 'epoch': 0.36}
{'loss': 0.604, 'learning_rate': 0.0008812869186213225, 'epoch': 0.36}
{'loss': 0.6497, 'learning_rate': 0.0008801399323278086, 'epoch': 0.37}
{'loss': 0.66, 'learning_rate': 0.0008789929460342949, 'epoch': 0.37}
{'loss': 0.6263, 'learning_rate': 0.000877845959740781, 'epoch': 0.37}
{'loss': 0.637, 'learning_rate': 0.0008766989734472673, 'epoch': 0.38}
{'loss': 0.6573, 'learning_rate': 0.0008755519871537535, 'epoch': 0.38}
{'loss': 0.6183, 'learning_rate': 0.0008744050008602398, 'epoch': 0.38}
{'eval_loss': 0.5495032072067261, 'eval_bce': 0.5413905944806705, 'eval_n_pos': 2024.0, 'eval_pos_rate': 0.09120814744716327, 'eval_auroc': 0.6267711545355178, 'eval_auprc': 0.18440010579207547, 'eval_mcc': 0.14862786057741326, 'eval_precision': 0.2844744455159113, 'eval_recall': 0.14575098814229248, 'eval_f1': 0.19274746814766416, 'eval_runtime': 20.4079, 'eval_samples_per_second': 1087.373, 'eval_steps_per_second': 17.003, 'epoch': 0.39}
{'loss': 0.6324, 'learning_rate': 0.0008732580145667259, 'epoch': 0.39}
{'loss': 0.6304, 'learning_rate': 0.0008721110282732122, 'epoch': 0.39}
{'loss': 0.6292, 'learning_rate': 0.0008709640419796984, 'epoch': 0.39}
{'loss': 0.6516, 'learning_rate': 0.0008698170556861846, 'epoch': 0.4}
{'loss': 0.6245, 'learning_rate': 0.0008686700693926707, 'epoch': 0.4}
{'loss': 0.6323, 'learning_rate': 0.0008675230830991569, 'epoch': 0.4}
{'loss': 0.6364, 'learning_rate': 0.0008663760968056432, 'epoch': 0.41}
{'loss': 0.611, 'learning_rate': 0.0008652291105121294, 'epoch': 0.41}
{'loss': 0.6128, 'learning_rate': 0.0008640821242186156, 'epoch': 0.42}
{'loss': 0.655, 'learning_rate': 0.0008629351379251018, 'epoch': 0.42}
{'loss': 0.6285, 'learning_rate': 0.000861788151631588, 'epoch': 0.42}
{'loss': 0.6643, 'learning_rate': 0.0008606411653380743, 'epoch': 0.43}
{'loss': 0.6472, 'learning_rate': 0.0008594941790445604, 'epoch': 0.43}
{'eval_loss': 0.538216769695282, 'eval_bce': 0.5291234700552204, 'eval_n_pos': 2024.0, 'eval_pos_rate': 0.09120814744716327, 'eval_auroc': 0.6261094612946326, 'eval_auprc': 0.18240090431266004, 'eval_mcc': 0.1405975675402608, 'eval_precision': 0.2926829268292683, 'eval_recall': 0.12450592885375494, 'eval_f1': 0.17469670710571925, 'eval_runtime': 20.3764, 'eval_samples_per_second': 1089.056, 'eval_steps_per_second': 17.03, 'epoch': 0.43}
{'loss': 0.6526, 'learning_rate': 0.0008583471927510467, 'epoch': 0.43}
{'loss': 0.6365, 'learning_rate': 0.0008572002064575328, 'epoch': 0.44}
{'loss': 0.6533, 'learning_rate': 0.0008560532201640191, 'epoch': 0.44}
{'loss': 0.6145, 'learning_rate': 0.0008549062338705052, 'epoch': 0.44}
{'loss': 0.6453, 'learning_rate': 0.0008537592475769915, 'epoch': 0.45}
{'loss': 0.6282, 'learning_rate': 0.0008526122612834777, 'epoch': 0.45}
{'loss': 0.6368, 'learning_rate': 0.0008514652749899639, 'epoch': 0.45}
{'loss': 0.6217, 'learning_rate': 0.0008503182886964501, 'epoch': 0.46}
{'loss': 0.6583, 'learning_rate': 0.0008491713024029363, 'epoch': 0.46}
{'loss': 0.6437, 'learning_rate': 0.0008480243161094226, 'epoch': 0.46}
{'loss': 0.6156, 'learning_rate': 0.0008468773298159087, 'epoch': 0.47}
{'loss': 0.6274, 'learning_rate': 0.0008457303435223949, 'epoch': 0.47}
{'eval_loss': 0.539251983165741, 'eval_bce': 0.5295910531842513, 'eval_n_pos': 2024.0, 'eval_pos_rate': 0.09120814744716327, 'eval_auroc': 0.6364613750871918, 'eval_auprc': 0.1921097162808918, 'eval_mcc': 0.15539466699319998, 'eval_precision': 0.2938894277400582, 'eval_recall': 0.14970355731225296, 'eval_f1': 0.19836333878887072, 'eval_runtime': 20.3838, 'eval_samples_per_second': 1088.658, 'eval_steps_per_second': 17.023, 'epoch': 0.47}
{'loss': 0.6324, 'learning_rate': 0.0008445833572288811, 'epoch': 0.47}
{'loss': 0.6394, 'learning_rate': 0.0008434363709353673, 'epoch': 0.48}
{'loss': 0.6125, 'learning_rate': 0.0008422893846418536, 'epoch': 0.48}
{'loss': 0.6209, 'learning_rate': 0.0008411423983483397, 'epoch': 0.48}
{'loss': 0.6398, 'learning_rate': 0.000839995412054826, 'epoch': 0.49}
{'loss': 0.6378, 'learning_rate': 0.0008388484257613122, 'epoch': 0.49}
{'loss': 0.6354, 'learning_rate': 0.0008377014394677985, 'epoch': 0.49}
{'loss': 0.6278, 'learning_rate': 0.0008365544531742845, 'epoch': 0.5}
{'loss': 0.6301, 'learning_rate': 0.0008354074668807707, 'epoch': 0.5}
{'loss': 0.6169, 'learning_rate': 0.000834260480587257, 'epoch': 0.5}
{'loss': 0.6902, 'learning_rate': 0.0008331134942937432, 'epoch': 0.51}
{'loss': 0.6276, 'learning_rate': 0.0008319665080002294, 'epoch': 0.51}
{'loss': 0.6371, 'learning_rate': 0.0008308195217067156, 'epoch': 0.51}
{'eval_loss': 0.5396563410758972, 'eval_bce': 0.5304987510913939, 'eval_n_pos': 2024.0, 'eval_pos_rate': 0.09120814744716327, 'eval_auroc': 0.6261026138267207, 'eval_auprc': 0.18293690518107913, 'eval_mcc': 0.14403271876992244, 'eval_precision': 0.273308957952468, 'eval_recall': 0.14772727272727273, 'eval_f1': 0.19178960872354076, 'eval_runtime': 20.3831, 'eval_samples_per_second': 1088.696, 'eval_steps_per_second': 17.024, 'epoch': 0.51}
{'loss': 0.637, 'learning_rate': 0.0008296725354132019, 'epoch': 0.52}
{'loss': 0.5981, 'learning_rate': 0.0008285255491196881, 'epoch': 0.52}
{'loss': 0.6187, 'learning_rate': 0.0008273785628261743, 'epoch': 0.52}
{'loss': 0.6445, 'learning_rate': 0.0008262315765326605, 'epoch': 0.53}
{'loss': 0.6346, 'learning_rate': 0.0008250845902391466, 'epoch': 0.53}
{'loss': 0.6356, 'learning_rate': 0.0008239376039456329, 'epoch': 0.54}
{'loss': 0.6232, 'learning_rate': 0.000822790617652119, 'epoch': 0.54}
{'loss': 0.6325, 'learning_rate': 0.0008216436313586053, 'epoch': 0.54}
{'loss': 0.6066, 'learning_rate': 0.0008204966450650915, 'epoch': 0.55}
{'loss': 0.5998, 'learning_rate': 0.0008193496587715778, 'epoch': 0.55}
{'loss': 0.6644, 'learning_rate': 0.0008182026724780639, 'epoch': 0.55}
{'loss': 0.6554, 'learning_rate': 0.0008170556861845501, 'epoch': 0.56}
{'eval_loss': 0.5340873599052429, 'eval_bce': 0.5244377406353156, 'eval_n_pos': 2024.0, 'eval_pos_rate': 0.09120814744716327, 'eval_auroc': 0.6243869740042189, 'eval_auprc': 0.17764266858750777, 'eval_mcc': 0.1388236236609379, 'eval_precision': 0.2791666666666667, 'eval_recall': 0.1324110671936759, 'eval_f1': 0.17962466487935658, 'eval_runtime': 20.3555, 'eval_samples_per_second': 1090.173, 'eval_steps_per_second': 17.047, 'epoch': 0.56}
{'loss': 0.6364, 'learning_rate': 0.0008159086998910364, 'epoch': 0.56}
{'loss': 0.618, 'learning_rate': 0.0008147617135975225, 'epoch': 0.56}
{'loss': 0.6332, 'learning_rate': 0.0008136147273040087, 'epoch': 0.57}
{'loss': 0.6264, 'learning_rate': 0.0008124677410104949, 'epoch': 0.57}
{'loss': 0.654, 'learning_rate': 0.0008113207547169812, 'epoch': 0.57}
{'loss': 0.648, 'learning_rate': 0.0008101737684234673, 'epoch': 0.58}
{'loss': 0.6552, 'learning_rate': 0.0008090267821299535, 'epoch': 0.58}
{'loss': 0.6174, 'learning_rate': 0.0008078797958364398, 'epoch': 0.58}
{'loss': 0.6392, 'learning_rate': 0.000806732809542926, 'epoch': 0.59}
{'loss': 0.6266, 'learning_rate': 0.0008055858232494122, 'epoch': 0.59}
{'loss': 0.6618, 'learning_rate': 0.0008044388369558983, 'epoch': 0.59}
{'loss': 0.6337, 'learning_rate': 0.0008032918506623846, 'epoch': 0.6}
{'loss': 0.6508, 'learning_rate': 0.0008021448643688708, 'epoch': 0.6}
{'eval_loss': 0.5315331816673279, 'eval_bce': 0.5218294693876395, 'eval_n_pos': 2024.0, 'eval_pos_rate': 0.09120814744716327, 'eval_auroc': 0.6339916930782119, 'eval_auprc': 0.18663268597101598, 'eval_mcc': 0.15267272266105777, 'eval_precision': 0.3003194888178914, 'eval_recall': 0.13932806324110672, 'eval_f1': 0.1903476206547418, 'eval_runtime': 20.3662, 'eval_samples_per_second': 1089.601, 'eval_steps_per_second': 17.038, 'epoch': 0.6}
{'loss': 0.6396, 'learning_rate': 0.000800997878075357, 'epoch': 0.6}
{'loss': 0.6279, 'learning_rate': 0.0007998508917818432, 'epoch': 0.61}
{'loss': 0.6144, 'learning_rate': 0.0007987039054883294, 'epoch': 0.61}
{'loss': 0.6135, 'learning_rate': 0.0007975569191948157, 'epoch': 0.61}
{'loss': 0.6449, 'learning_rate': 0.0007964099329013018, 'epoch': 0.62}
{'loss': 0.6548, 'learning_rate': 0.0007952629466077881, 'epoch': 0.62}
{'loss': 0.6378, 'learning_rate': 0.0007941159603142742, 'epoch': 0.62}
{'loss': 0.6282, 'learning_rate': 0.0007929689740207605, 'epoch': 0.63}
{'loss': 0.6306, 'learning_rate': 0.0007918219877272466, 'epoch': 0.63}
{'loss': 0.652, 'learning_rate': 0.0007906750014337328, 'epoch': 0.63}
{'loss': 0.6158, 'learning_rate': 0.0007895280151402191, 'epoch': 0.64}
{'loss': 0.6465, 'learning_rate': 0.0007883810288467053, 'epoch': 0.64}
{'eval_loss': 0.5332983136177063, 'eval_bce': 0.5239427159320393, 'eval_n_pos': 2024.0, 'eval_pos_rate': 0.09120814744716327, 'eval_auroc': 0.634143145838964, 'eval_auprc': 0.18641240123416178, 'eval_mcc': 0.1511845962411065, 'eval_precision': 0.29022704837117475, 'eval_recall': 0.14525691699604742, 'eval_f1': 0.19361211722094174, 'eval_runtime': 20.3782, 'eval_samples_per_second': 1088.956, 'eval_steps_per_second': 17.028, 'epoch': 0.64}
{'loss': 0.6294, 'learning_rate': 0.0007872340425531915, 'epoch': 0.65}
{'loss': 0.6107, 'learning_rate': 0.0007860870562596777, 'epoch': 0.65}
{'loss': 0.6426, 'learning_rate': 0.000784940069966164, 'epoch': 0.65}
{'loss': 0.6053, 'learning_rate': 0.0007837930836726502, 'epoch': 0.66}
{'loss': 0.6272, 'learning_rate': 0.0007826460973791363, 'epoch': 0.66}
{'loss': 0.6133, 'learning_rate': 0.0007814991110856225, 'epoch': 0.66}
{'loss': 0.6537, 'learning_rate': 0.0007803521247921087, 'epoch': 0.67}
{'loss': 0.6212, 'learning_rate': 0.000779205138498595, 'epoch': 0.67}
{'loss': 0.6485, 'learning_rate': 0.0007780581522050811, 'epoch': 0.67}
{'loss': 0.6415, 'learning_rate': 0.0007769111659115674, 'epoch': 0.68}
{'loss': 0.6376, 'learning_rate': 0.0007757641796180536, 'epoch': 0.68}
{'loss': 0.6257, 'learning_rate': 0.0007746171933245399, 'epoch': 0.68}
{'loss': 0.6387, 'learning_rate': 0.000773470207031026, 'epoch': 0.69}
{'eval_loss': 0.5256456732749939, 'eval_bce': 0.5153719053812069, 'eval_n_pos': 2024.0, 'eval_pos_rate': 0.09120814744716327, 'eval_auroc': 0.63167813088772, 'eval_auprc': 0.19181430188585508, 'eval_mcc': 0.15291426225034332, 'eval_precision': 0.31046511627906975, 'eval_recall': 0.13191699604743082, 'eval_f1': 0.18515950069348125, 'eval_runtime': 20.388, 'eval_samples_per_second': 1088.434, 'eval_steps_per_second': 17.02, 'epoch': 0.69}
{'loss': 0.6378, 'learning_rate': 0.0007723232207375121, 'epoch': 0.69}
{'loss': 0.6273, 'learning_rate': 0.0007711762344439984, 'epoch': 0.69}
{'loss': 0.615, 'learning_rate': 0.0007700292481504846, 'epoch': 0.7}
{'loss': 0.5998, 'learning_rate': 0.0007688822618569708, 'epoch': 0.7}
{'loss': 0.6304, 'learning_rate': 0.000767735275563457, 'epoch': 0.7}
{'loss': 0.6199, 'learning_rate': 0.0007665882892699433, 'epoch': 0.71}
{'loss': 0.64, 'learning_rate': 0.0007654413029764295, 'epoch': 0.71}
{'loss': 0.6326, 'learning_rate': 0.0007642943166829156, 'epoch': 0.71}
{'loss': 0.6666, 'learning_rate': 0.0007631473303894019, 'epoch': 0.72}
{'loss': 0.6457, 'learning_rate': 0.000762000344095888, 'epoch': 0.72}
{'loss': 0.6171, 'learning_rate': 0.0007608533578023743, 'epoch': 0.72}
{'loss': 0.6228, 'learning_rate': 0.0007597063715088604, 'epoch': 0.73}
{'eval_loss': 0.5277249217033386, 'eval_bce': 0.5183005681581342, 'eval_n_pos': 2024.0, 'eval_pos_rate': 0.09120814744716327, 'eval_auroc': 0.6366087732649767, 'eval_auprc': 0.18661948574466036, 'eval_mcc': 0.15048765851543786, 'eval_precision': 0.2974413646055437, 'eval_recall': 0.13784584980237155, 'eval_f1': 0.18838622552329506, 'eval_runtime': 20.3704, 'eval_samples_per_second': 1089.372, 'eval_steps_per_second': 17.034, 'epoch': 0.73}
{'loss': 0.6363, 'learning_rate': 0.0007585593852153467, 'epoch': 0.73}
{'loss': 0.6424, 'learning_rate': 0.0007574123989218329, 'epoch': 0.73}
{'loss': 0.6274, 'learning_rate': 0.0007562654126283192, 'epoch': 0.74}
{'loss': 0.6077, 'learning_rate': 0.0007551184263348053, 'epoch': 0.74}
{'loss': 0.636, 'learning_rate': 0.0007539714400412915, 'epoch': 0.74}
{'loss': 0.6541, 'learning_rate': 0.0007528244537477778, 'epoch': 0.75}
{'loss': 0.6176, 'learning_rate': 0.000751677467454264, 'epoch': 0.75}
{'loss': 0.6195, 'learning_rate': 0.0007505304811607501, 'epoch': 0.75}
{'loss': 0.6324, 'learning_rate': 0.0007493834948672363, 'epoch': 0.76}
{'loss': 0.6268, 'learning_rate': 0.0007482365085737226, 'epoch': 0.76}
{'loss': 0.6253, 'learning_rate': 0.0007470895222802088, 'epoch': 0.77}
{'loss': 0.6159, 'learning_rate': 0.0007459425359866949, 'epoch': 0.77}
{'loss': 0.6424, 'learning_rate': 0.0007447955496931812, 'epoch': 0.77}
{'eval_loss': 0.5232589840888977, 'eval_bce': 0.5129807615519074, 'eval_n_pos': 2024.0, 'eval_pos_rate': 0.09120814744716327, 'eval_auroc': 0.6351452893046619, 'eval_auprc': 0.1880559069911959, 'eval_mcc': 0.1488859393386381, 'eval_precision': 0.3040462427745665, 'eval_recall': 0.1299407114624506, 'eval_f1': 0.18206992038767741, 'eval_runtime': 20.3826, 'eval_samples_per_second': 1088.724, 'eval_steps_per_second': 17.024, 'epoch': 0.77}
{'loss': 0.6358, 'learning_rate': 0.0007436485633996674, 'epoch': 0.78}
{'loss': 0.6411, 'learning_rate': 0.0007425015771061537, 'epoch': 0.78}
{'loss': 0.6202, 'learning_rate': 0.0007413545908126398, 'epoch': 0.78}
{'loss': 0.6135, 'learning_rate': 0.000740207604519126, 'epoch': 0.79}
{'loss': 0.615, 'learning_rate': 0.0007390606182256122, 'epoch': 0.79}
{'loss': 0.6486, 'learning_rate': 0.0007379136319320984, 'epoch': 0.79}
{'loss': 0.6337, 'learning_rate': 0.0007367666456385846, 'epoch': 0.8}
{'loss': 0.6354, 'learning_rate': 0.0007356196593450708, 'epoch': 0.8}
{'loss': 0.6107, 'learning_rate': 0.0007344726730515571, 'epoch': 0.8}
{'loss': 0.6282, 'learning_rate': 0.0007333256867580432, 'epoch': 0.81}
{'loss': 0.6255, 'learning_rate': 0.0007321787004645295, 'epoch': 0.81}
{'loss': 0.6245, 'learning_rate': 0.0007310317141710157, 'epoch': 0.81}
{'eval_loss': 0.5302077531814575, 'eval_bce': 0.5202420800815387, 'eval_n_pos': 2024.0, 'eval_pos_rate': 0.09120814744716327, 'eval_auroc': 0.6416631600444588, 'eval_auprc': 0.19126283331214655, 'eval_mcc': 0.1519185744391037, 'eval_precision': 0.2827272727272727, 'eval_recall': 0.15365612648221344, 'eval_f1': 0.19910371318822023, 'eval_runtime': 20.3813, 'eval_samples_per_second': 1088.791, 'eval_steps_per_second': 17.025, 'epoch': 0.81}
{'loss': 0.6467, 'learning_rate': 0.000729884727877502, 'epoch': 0.82}
{'loss': 0.6369, 'learning_rate': 0.000728737741583988, 'epoch': 0.82}
{'loss': 0.6328, 'learning_rate': 0.0007275907552904742, 'epoch': 0.82}
{'loss': 0.6092, 'learning_rate': 0.0007264437689969605, 'epoch': 0.83}
{'loss': 0.6162, 'learning_rate': 0.0007252967827034467, 'epoch': 0.83}
{'loss': 0.6216, 'learning_rate': 0.0007241497964099329, 'epoch': 0.83}
{'loss': 0.6181, 'learning_rate': 0.0007230028101164191, 'epoch': 0.84}
{'loss': 0.6045, 'learning_rate': 0.0007218558238229054, 'epoch': 0.84}
{'loss': 0.592, 'learning_rate': 0.0007207088375293916, 'epoch': 0.84}
{'loss': 0.6245, 'learning_rate': 0.0007195618512358776, 'epoch': 0.85}
{'loss': 0.6392, 'learning_rate': 0.0007184148649423639, 'epoch': 0.85}
{'loss': 0.6154, 'learning_rate': 0.0007172678786488501, 'epoch': 0.85}
{'loss': 0.634, 'learning_rate': 0.0007161208923553364, 'epoch': 0.86}
{'eval_loss': 0.5300819873809814, 'eval_bce': 0.5200232717995853, 'eval_n_pos': 2024.0, 'eval_pos_rate': 0.09120814744716327, 'eval_auroc': 0.6413164748265031, 'eval_auprc': 0.19172866413788986, 'eval_mcc': 0.14980062795354598, 'eval_precision': 0.2747631352282515, 'eval_recall': 0.15760869565217392, 'eval_f1': 0.2003139717425432, 'eval_runtime': 20.3602, 'eval_samples_per_second': 1089.918, 'eval_steps_per_second': 17.043, 'epoch': 0.86}
{'loss': 0.6412, 'learning_rate': 0.0007149739060618225, 'epoch': 0.86}
{'loss': 0.6272, 'learning_rate': 0.0007138269197683088, 'epoch': 0.86}
{'loss': 0.6348, 'learning_rate': 0.000712679933474795, 'epoch': 0.87}
{'loss': 0.6317, 'learning_rate': 0.0007115329471812813, 'epoch': 0.87}
{'loss': 0.6288, 'learning_rate': 0.0007103859608877674, 'epoch': 0.87}
{'loss': 0.6529, 'learning_rate': 0.0007092389745942536, 'epoch': 0.88}
{'loss': 0.6344, 'learning_rate': 0.0007080919883007399, 'epoch': 0.88}
{'loss': 0.6216, 'learning_rate': 0.000706945002007226, 'epoch': 0.89}
{'loss': 0.6146, 'learning_rate': 0.0007057980157137122, 'epoch': 0.89}
{'loss': 0.6555, 'learning_rate': 0.0007046510294201984, 'epoch': 0.89}
{'loss': 0.635, 'learning_rate': 0.0007035040431266847, 'epoch': 0.9}
{'loss': 0.6443, 'learning_rate': 0.0007023570568331709, 'epoch': 0.9}
{'eval_loss': 0.5167645215988159, 'eval_bce': 0.5054436685682542, 'eval_n_pos': 2024.0, 'eval_pos_rate': 0.09120814744716327, 'eval_auroc': 0.6345185071255804, 'eval_auprc': 0.1941721388016583, 'eval_mcc': 0.1477675203685156, 'eval_precision': 0.3141025641025641, 'eval_recall': 0.12104743083003952, 'eval_f1': 0.17475035663338087, 'eval_runtime': 20.3804, 'eval_samples_per_second': 1088.838, 'eval_steps_per_second': 17.026, 'epoch': 0.9}
{'loss': 0.6518, 'learning_rate': 0.000701210070539657, 'epoch': 0.9}
{'loss': 0.6239, 'learning_rate': 0.0007000630842461433, 'epoch': 0.91}
{'loss': 0.6644, 'learning_rate': 0.0006989160979526295, 'epoch': 0.91}
{'loss': 0.6257, 'learning_rate': 0.0006977691116591158, 'epoch': 0.91}
{'loss': 0.6162, 'learning_rate': 0.0006966221253656018, 'epoch': 0.92}
{'loss': 0.6382, 'learning_rate': 0.0006954751390720881, 'epoch': 0.92}
{'loss': 0.6243, 'learning_rate': 0.0006943281527785743, 'epoch': 0.92}
{'loss': 0.6254, 'learning_rate': 0.0006931811664850605, 'epoch': 0.93}
{'loss': 0.6565, 'learning_rate': 0.0006920341801915467, 'epoch': 0.93}
{'loss': 0.6464, 'learning_rate': 0.0006908871938980329, 'epoch': 0.93}
{'loss': 0.6127, 'learning_rate': 0.0006897402076045192, 'epoch': 0.94}
{'loss': 0.6307, 'learning_rate': 0.0006885932213110054, 'epoch': 0.94}
{'loss': 0.6574, 'learning_rate': 0.0006874462350174916, 'epoch': 0.94}
{'eval_loss': 0.5197694897651672, 'eval_bce': 0.5089040290613048, 'eval_n_pos': 2024.0, 'eval_pos_rate': 0.09120814744716327, 'eval_auroc': 0.6308409391266716, 'eval_auprc': 0.18238132133602974, 'eval_mcc': 0.1357387398089064, 'eval_precision': 0.28896882494004794, 'eval_recall': 0.1190711462450593, 'eval_f1': 0.16864940517844645, 'eval_runtime': 20.3638, 'eval_samples_per_second': 1089.725, 'eval_steps_per_second': 17.04, 'epoch': 0.94}
{'loss': 0.6283, 'learning_rate': 0.0006862992487239777, 'epoch': 0.95}
{'loss': 0.6514, 'learning_rate': 0.000685152262430464, 'epoch': 0.95}
{'loss': 0.6248, 'learning_rate': 0.0006840052761369502, 'epoch': 0.95}
{'loss': 0.6318, 'learning_rate': 0.0006828582898434363, 'epoch': 0.96}
{'loss': 0.636, 'learning_rate': 0.0006817113035499226, 'epoch': 0.96}
{'loss': 0.6229, 'learning_rate': 0.0006805643172564088, 'epoch': 0.96}
{'loss': 0.6565, 'learning_rate': 0.0006794173309628951, 'epoch': 0.97}
{'loss': 0.6266, 'learning_rate': 0.0006782703446693812, 'epoch': 0.97}
{'loss': 0.6098, 'learning_rate': 0.0006771233583758675, 'epoch': 0.97}
{'loss': 0.6086, 'learning_rate': 0.0006759763720823537, 'epoch': 0.98}
{'loss': 0.6288, 'learning_rate': 0.0006748293857888398, 'epoch': 0.98}
{'loss': 0.633, 'learning_rate': 0.000673682399495326, 'epoch': 0.98}
{'eval_loss': 0.5196067690849304, 'eval_bce': 0.5092006489931802, 'eval_n_pos': 2024.0, 'eval_pos_rate': 0.09120814744716327, 'eval_auroc': 0.6426655362505687, 'eval_auprc': 0.18730579388174587, 'eval_mcc': 0.1480208897953493, 'eval_precision': 0.29577464788732394, 'eval_recall': 0.13488142292490118, 'eval_f1': 0.18527315914489312, 'eval_runtime': 20.3595, 'eval_samples_per_second': 1089.96, 'eval_steps_per_second': 17.044, 'epoch': 0.99}
{'loss': 0.6376, 'learning_rate': 0.0006725354132018122, 'epoch': 0.99}
{'loss': 0.6471, 'learning_rate': 0.0006713884269082985, 'epoch': 0.99}
{'loss': 0.6356, 'learning_rate': 0.0006702414406147847, 'epoch': 1.0}
{'loss': 0.6301, 'learning_rate': 0.0006690944543212709, 'epoch': 1.0}
{'loss': 0.621, 'learning_rate': 0.0006679474680277571, 'epoch': 1.0}
{'loss': 0.6199, 'learning_rate': 0.0006668004817342433, 'epoch': 1.01}
{'loss': 0.6171, 'learning_rate': 0.0006656534954407296, 'epoch': 1.01}
{'loss': 0.656, 'learning_rate': 0.0006645065091472156, 'epoch': 1.01}
{'loss': 0.6264, 'learning_rate': 0.0006633595228537019, 'epoch': 1.02}
{'loss': 0.6313, 'learning_rate': 0.0006622125365601881, 'epoch': 1.02}
{'loss': 0.6313, 'learning_rate': 0.0006610655502666744, 'epoch': 1.02}
{'loss': 0.6461, 'learning_rate': 0.0006599185639731605, 'epoch': 1.03}
{'loss': 0.6134, 'learning_rate': 0.0006587715776796468, 'epoch': 1.03}
{'eval_loss': 0.5203341841697693, 'eval_bce': 0.5089362756448593, 'eval_n_pos': 2024.0, 'eval_pos_rate': 0.09120814744716327, 'eval_auroc': 0.644170607247664, 'eval_auprc': 0.20010592177399594, 'eval_mcc': 0.16732903990853837, 'eval_precision': 0.3241758241758242, 'eval_recall': 0.14575098814229248, 'eval_f1': 0.20109066121336058, 'eval_runtime': 20.3738, 'eval_samples_per_second': 1089.193, 'eval_steps_per_second': 17.032, 'epoch': 1.03}
{'loss': 0.6241, 'learning_rate': 0.000657624591386133, 'epoch': 1.03}
{'loss': 0.6334, 'learning_rate': 0.0006564776050926191, 'epoch': 1.04}
{'loss': 0.6476, 'learning_rate': 0.0006553306187991054, 'epoch': 1.04}
{'loss': 0.6359, 'learning_rate': 0.0006541836325055915, 'epoch': 1.04}
{'loss': 0.6221, 'learning_rate': 0.0006530366462120778, 'epoch': 1.05}
{'loss': 0.6331, 'learning_rate': 0.0006518896599185639, 'epoch': 1.05}
{'loss': 0.6255, 'learning_rate': 0.0006507426736250502, 'epoch': 1.05}
{'loss': 0.6227, 'learning_rate': 0.0006495956873315364, 'epoch': 1.06}
{'loss': 0.6237, 'learning_rate': 0.0006484487010380226, 'epoch': 1.06}
{'loss': 0.6478, 'learning_rate': 0.0006473017147445088, 'epoch': 1.06}
{'loss': 0.6372, 'learning_rate': 0.000646154728450995, 'epoch': 1.07}
{'loss': 0.6108, 'learning_rate': 0.0006450077421574813, 'epoch': 1.07}
{'eval_loss': 0.5146363973617554, 'eval_bce': 0.502867336750705, 'eval_n_pos': 2024.0, 'eval_pos_rate': 0.09120814744716327, 'eval_auroc': 0.649260897298075, 'eval_auprc': 0.1994777368592221, 'eval_mcc': 0.16245707891055933, 'eval_precision': 0.32968369829683697, 'eval_recall': 0.13389328063241107, 'eval_f1': 0.1904427266338721, 'eval_runtime': 20.383, 'eval_samples_per_second': 1088.704, 'eval_steps_per_second': 17.024, 'epoch': 1.07}
{'loss': 0.6363, 'learning_rate': 0.0006438607558639675, 'epoch': 1.07}
{'loss': 0.6205, 'learning_rate': 0.0006427137695704536, 'epoch': 1.08}
{'loss': 0.6577, 'learning_rate': 0.0006415667832769398, 'epoch': 1.08}
{'loss': 0.61, 'learning_rate': 0.000640419796983426, 'epoch': 1.08}
{'loss': 0.6496, 'learning_rate': 0.0006392728106899123, 'epoch': 1.09}
{'loss': 0.6338, 'learning_rate': 0.0006381258243963984, 'epoch': 1.09}
{'loss': 0.6425, 'learning_rate': 0.0006369788381028847, 'epoch': 1.09}
{'loss': 0.6055, 'learning_rate': 0.0006358318518093709, 'epoch': 1.1}
{'loss': 0.6267, 'learning_rate': 0.0006346848655158572, 'epoch': 1.1}
{'loss': 0.6254, 'learning_rate': 0.0006335378792223432, 'epoch': 1.1}
{'loss': 0.6266, 'learning_rate': 0.0006323908929288295, 'epoch': 1.11}
{'loss': 0.6444, 'learning_rate': 0.0006312439066353157, 'epoch': 1.11}
{'loss': 0.636, 'learning_rate': 0.0006300969203418019, 'epoch': 1.12}
{'eval_loss': 0.5164700746536255, 'eval_bce': 0.505538308522077, 'eval_n_pos': 2024.0, 'eval_pos_rate': 0.09120814744716327, 'eval_auroc': 0.6458064293583361, 'eval_auprc': 0.19771425992675062, 'eval_mcc': 0.15958338086993454, 'eval_precision': 0.3141592920353982, 'eval_recall': 0.14031620553359683, 'eval_f1': 0.19398907103825136, 'eval_runtime': 20.3951, 'eval_samples_per_second': 1088.054, 'eval_steps_per_second': 17.014, 'epoch': 1.12}
{'loss': 0.6612, 'learning_rate': 0.0006289499340482881, 'epoch': 1.12}
{'loss': 0.6257, 'learning_rate': 0.0006278029477547743, 'epoch': 1.12}
{'loss': 0.6234, 'learning_rate': 0.0006266559614612606, 'epoch': 1.13}
{'loss': 0.6008, 'learning_rate': 0.0006255089751677468, 'epoch': 1.13}
{'loss': 0.6361, 'learning_rate': 0.000624361988874233, 'epoch': 1.13}
{'loss': 0.6159, 'learning_rate': 0.0006232150025807192, 'epoch': 1.14}
{'loss': 0.6316, 'learning_rate': 0.0006220680162872053, 'epoch': 1.14}
{'loss': 0.6392, 'learning_rate': 0.0006209210299936916, 'epoch': 1.14}
{'loss': 0.6165, 'learning_rate': 0.0006197740437001777, 'epoch': 1.15}
{'loss': 0.618, 'learning_rate': 0.000618627057406664, 'epoch': 1.15}
{'loss': 0.6484, 'learning_rate': 0.0006174800711131502, 'epoch': 1.15}
{'loss': 0.6382, 'learning_rate': 0.0006163330848196365, 'epoch': 1.16}
{'eval_loss': 0.512633204460144, 'eval_bce': 0.5016298278994106, 'eval_n_pos': 2024.0, 'eval_pos_rate': 0.09120814744716327, 'eval_auroc': 0.6420004254004751, 'eval_auprc': 0.19072112435296248, 'eval_mcc': 0.1493253516369178, 'eval_precision': 0.31265508684863524, 'eval_recall': 0.12450592885375494, 'eval_f1': 0.17809187279151945, 'eval_runtime': 20.3725, 'eval_samples_per_second': 1089.262, 'eval_steps_per_second': 17.033, 'epoch': 1.16}
{'loss': 0.6471, 'learning_rate': 0.0006151860985261226, 'epoch': 1.16}
{'loss': 0.6361, 'learning_rate': 0.0006140391122326089, 'epoch': 1.16}
{'loss': 0.613, 'learning_rate': 0.0006128921259390951, 'epoch': 1.17}
{'loss': 0.6401, 'learning_rate': 0.0006117451396455813, 'epoch': 1.17}
{'loss': 0.6198, 'learning_rate': 0.0006105981533520674, 'epoch': 1.17}
{'loss': 0.6312, 'learning_rate': 0.0006094511670585536, 'epoch': 1.18}
{'loss': 0.6238, 'learning_rate': 0.0006083041807650399, 'epoch': 1.18}
{'loss': 0.6405, 'learning_rate': 0.0006071571944715261, 'epoch': 1.18}
{'loss': 0.6353, 'learning_rate': 0.0006060102081780123, 'epoch': 1.19}
{'loss': 0.6381, 'learning_rate': 0.0006048632218844985, 'epoch': 1.19}
{'loss': 0.64, 'learning_rate': 0.0006037162355909847, 'epoch': 1.19}
{'loss': 0.615, 'learning_rate': 0.000602569249297471, 'epoch': 1.2}
{'loss': 0.6383, 'learning_rate': 0.000601422263003957, 'epoch': 1.2}
{'eval_loss': 0.5196481347084045, 'eval_bce': 0.5091087614991698, 'eval_n_pos': 2024.0, 'eval_pos_rate': 0.09120814744716327, 'eval_auroc': 0.6411431322175252, 'eval_auprc': 0.1931822739716391, 'eval_mcc': 0.15330110866789293, 'eval_precision': 0.3041575492341357, 'eval_recall': 0.1373517786561265, 'eval_f1': 0.18924438393464943, 'eval_runtime': 20.3833, 'eval_samples_per_second': 1088.686, 'eval_steps_per_second': 17.024, 'epoch': 1.2}
{'loss': 0.6255, 'learning_rate': 0.0006002752767104433, 'epoch': 1.2}
{'loss': 0.629, 'learning_rate': 0.0005991282904169295, 'epoch': 1.21}
{'loss': 0.6473, 'learning_rate': 0.0005979813041234158, 'epoch': 1.21}
{'loss': 0.6216, 'learning_rate': 0.0005968343178299019, 'epoch': 1.21}
{'loss': 0.6121, 'learning_rate': 0.0005956873315363881, 'epoch': 1.22}
{'loss': 0.6264, 'learning_rate': 0.0005945403452428744, 'epoch': 1.22}
{'loss': 0.6253, 'learning_rate': 0.0005933933589493606, 'epoch': 1.22}
{'loss': 0.6232, 'learning_rate': 0.0005922463726558468, 'epoch': 1.23}
{'loss': 0.6208, 'learning_rate': 0.000591099386362333, 'epoch': 1.23}
{'loss': 0.6343, 'learning_rate': 0.0005899524000688193, 'epoch': 1.24}
{'loss': 0.6321, 'learning_rate': 0.0005888054137753054, 'epoch': 1.24}
{'loss': 0.6398, 'learning_rate': 0.0005876584274817916, 'epoch': 1.24}
{'eval_loss': 0.5205740928649902, 'eval_bce': 0.5098828505654038, 'eval_n_pos': 2024.0, 'eval_pos_rate': 0.09120814744716327, 'eval_auroc': 0.6399949625175241, 'eval_auprc': 0.18965353075038954, 'eval_mcc': 0.14133761521001656, 'eval_precision': 0.28102564102564104, 'eval_recall': 0.13537549407114624, 'eval_f1': 0.18272757585861954, 'eval_runtime': 20.4087, 'eval_samples_per_second': 1087.329, 'eval_steps_per_second': 17.003, 'epoch': 1.24}
{'loss': 0.6139, 'learning_rate': 0.0005865114411882778, 'epoch': 1.25}
{'loss': 0.6197, 'learning_rate': 0.000585364454894764, 'epoch': 1.25}
{'loss': 0.6265, 'learning_rate': 0.0005842174686012503, 'epoch': 1.25}
{'loss': 0.6257, 'learning_rate': 0.0005830704823077364, 'epoch': 1.26}
{'loss': 0.6223, 'learning_rate': 0.0005819234960142227, 'epoch': 1.26}
{'loss': 0.6581, 'learning_rate': 0.0005807765097207089, 'epoch': 1.26}
{'loss': 0.6074, 'learning_rate': 0.0005796295234271952, 'epoch': 1.27}
{'loss': 0.6348, 'learning_rate': 0.0005784825371336812, 'epoch': 1.27}
{'loss': 0.6199, 'learning_rate': 0.0005773355508401674, 'epoch': 1.27}
{'loss': 0.6199, 'learning_rate': 0.0005761885645466537, 'epoch': 1.28}
{'loss': 0.6416, 'learning_rate': 0.0005750415782531398, 'epoch': 1.28}
{'loss': 0.625, 'learning_rate': 0.0005738945919596261, 'epoch': 1.28}
{'loss': 0.6086, 'learning_rate': 0.0005727476056661123, 'epoch': 1.29}
{'eval_loss': 0.5242509245872498, 'eval_bce': 0.5139741067213129, 'eval_n_pos': 2024.0, 'eval_pos_rate': 0.09120814744716327, 'eval_auroc': 0.6425714846251195, 'eval_auprc': 0.18892941845617472, 'eval_mcc': 0.14822815155595895, 'eval_precision': 0.279520295202952, 'eval_recall': 0.14970355731225296, 'eval_f1': 0.19498069498069495, 'eval_runtime': 20.3693, 'eval_samples_per_second': 1089.435, 'eval_steps_per_second': 17.035, 'epoch': 1.29}
{'loss': 0.6588, 'learning_rate': 0.0005716006193725986, 'epoch': 1.29}
{'loss': 0.6174, 'learning_rate': 0.0005704536330790847, 'epoch': 1.29}
{'loss': 0.6354, 'learning_rate': 0.0005693066467855708, 'epoch': 1.3}
{'loss': 0.6411, 'learning_rate': 0.0005681596604920571, 'epoch': 1.3}
{'loss': 0.6257, 'learning_rate': 0.0005670126741985433, 'epoch': 1.3}
{'loss': 0.6307, 'learning_rate': 0.0005658656879050295, 'epoch': 1.31}
{'loss': 0.601, 'learning_rate': 0.0005647187016115157, 'epoch': 1.31}
{'loss': 0.6387, 'learning_rate': 0.000563571715318002, 'epoch': 1.31}
{'loss': 0.6057, 'learning_rate': 0.0005624247290244882, 'epoch': 1.32}
{'loss': 0.6394, 'learning_rate': 0.0005612777427309744, 'epoch': 1.32}
{'loss': 0.621, 'learning_rate': 0.0005601307564374606, 'epoch': 1.32}
{'loss': 0.6297, 'learning_rate': 0.0005589837701439468, 'epoch': 1.33}
{'eval_loss': 0.5168797373771667, 'eval_bce': 0.5057424098885505, 'eval_n_pos': 2024.0, 'eval_pos_rate': 0.09120814744716327, 'eval_auroc': 0.6389186116088761, 'eval_auprc': 0.198651572743572, 'eval_mcc': 0.1587538441318862, 'eval_precision': 0.3169336384439359, 'eval_recall': 0.1368577075098814, 'eval_f1': 0.1911663216011042, 'eval_runtime': 20.3636, 'eval_samples_per_second': 1089.738, 'eval_steps_per_second': 17.04, 'epoch': 1.33}
{'loss': 0.6242, 'learning_rate': 0.000557836783850433, 'epoch': 1.33}
{'loss': 0.6416, 'learning_rate': 0.0005566897975569191, 'epoch': 1.33}
{'loss': 0.6098, 'learning_rate': 0.0005555428112634054, 'epoch': 1.34}
{'loss': 0.654, 'learning_rate': 0.0005543958249698916, 'epoch': 1.34}
{'loss': 0.6317, 'learning_rate': 0.0005532488386763779, 'epoch': 1.34}
{'loss': 0.6366, 'learning_rate': 0.000552101852382864, 'epoch': 1.35}
{'loss': 0.6084, 'learning_rate': 0.0005509548660893502, 'epoch': 1.35}
{'loss': 0.6288, 'learning_rate': 0.0005498078797958365, 'epoch': 1.36}
{'loss': 0.6281, 'learning_rate': 0.0005486608935023227, 'epoch': 1.36}
{'loss': 0.6158, 'learning_rate': 0.0005475139072088088, 'epoch': 1.36}
{'loss': 0.6304, 'learning_rate': 0.000546366920915295, 'epoch': 1.37}
{'loss': 0.6182, 'learning_rate': 0.0005452199346217813, 'epoch': 1.37}
{'loss': 0.5972, 'learning_rate': 0.0005440729483282675, 'epoch': 1.37}
{'eval_loss': 0.5295990109443665, 'eval_bce': 0.5195131219500794, 'eval_n_pos': 2024.0, 'eval_pos_rate': 0.09120814744716327, 'eval_auroc': 0.6391416136720831, 'eval_auprc': 0.19256586122233693, 'eval_mcc': 0.1558067814438114, 'eval_precision': 0.2823834196891192, 'eval_recall': 0.1615612648221344, 'eval_f1': 0.2055311125078567, 'eval_runtime': 20.3497, 'eval_samples_per_second': 1090.481, 'eval_steps_per_second': 17.052, 'epoch': 1.37}
{'loss': 0.6274, 'learning_rate': 0.0005429259620347537, 'epoch': 1.38}
{'loss': 0.6509, 'learning_rate': 0.0005417789757412399, 'epoch': 1.38}
{'loss': 0.6247, 'learning_rate': 0.0005406319894477261, 'epoch': 1.38}
{'loss': 0.6455, 'learning_rate': 0.0005394850031542124, 'epoch': 1.39}
{'loss': 0.6115, 'learning_rate': 0.0005383380168606985, 'epoch': 1.39}
{'loss': 0.6416, 'learning_rate': 0.0005371910305671848, 'epoch': 1.39}
{'loss': 0.644, 'learning_rate': 0.0005360440442736709, 'epoch': 1.4}
{'loss': 0.6111, 'learning_rate': 0.0005348970579801572, 'epoch': 1.4}
{'loss': 0.6068, 'learning_rate': 0.0005337500716866433, 'epoch': 1.4}
{'loss': 0.6238, 'learning_rate': 0.0005326030853931295, 'epoch': 1.41}
{'loss': 0.6296, 'learning_rate': 0.0005314560990996158, 'epoch': 1.41}
{'loss': 0.6158, 'learning_rate': 0.000530309112806102, 'epoch': 1.41}
{'eval_loss': 0.5198671817779541, 'eval_bce': 0.5089087790521427, 'eval_n_pos': 2024.0, 'eval_pos_rate': 0.09120814744716327, 'eval_auroc': 0.6430941215945669, 'eval_auprc': 0.19627604941317756, 'eval_mcc': 0.1476181321633279, 'eval_precision': 0.2925026399155227, 'eval_recall': 0.1368577075098814, 'eval_f1': 0.18646920228879166, 'eval_runtime': 20.4064, 'eval_samples_per_second': 1087.455, 'eval_steps_per_second': 17.005, 'epoch': 1.42}
{'loss': 0.6288, 'learning_rate': 0.0005291621265125882, 'epoch': 1.42}
{'loss': 0.6121, 'learning_rate': 0.0005280151402190744, 'epoch': 1.42}
{'loss': 0.6411, 'learning_rate': 0.0005268681539255607, 'epoch': 1.42}
{'loss': 0.6183, 'learning_rate': 0.0005257211676320469, 'epoch': 1.43}
{'loss': 0.5861, 'learning_rate': 0.0005245741813385329, 'epoch': 1.43}
{'loss': 0.6374, 'learning_rate': 0.0005234271950450192, 'epoch': 1.43}
{'loss': 0.623, 'learning_rate': 0.0005222802087515054, 'epoch': 1.44}
{'loss': 0.6165, 'learning_rate': 0.0005211332224579917, 'epoch': 1.44}
{'loss': 0.6432, 'learning_rate': 0.0005199862361644778, 'epoch': 1.44}
{'loss': 0.6099, 'learning_rate': 0.0005188392498709641, 'epoch': 1.45}
{'loss': 0.6413, 'learning_rate': 0.0005176922635774503, 'epoch': 1.45}
{'loss': 0.6227, 'learning_rate': 0.0005165452772839366, 'epoch': 1.45}
{'loss': 0.6339, 'learning_rate': 0.0005153982909904226, 'epoch': 1.46}
{'eval_loss': 0.5134955644607544, 'eval_bce': 0.5019198914218516, 'eval_n_pos': 2024.0, 'eval_pos_rate': 0.09120814744716327, 'eval_auroc': 0.6422760267968001, 'eval_auprc': 0.1985089113746746, 'eval_mcc': 0.1543941402515333, 'eval_precision': 0.323943661971831, 'eval_recall': 0.125, 'eval_f1': 0.1803921568627451, 'eval_runtime': 20.384, 'eval_samples_per_second': 1088.649, 'eval_steps_per_second': 17.023, 'epoch': 1.46}
{'loss': 0.6292, 'learning_rate': 0.0005142513046969088, 'epoch': 1.46}
{'loss': 0.6296, 'learning_rate': 0.0005131043184033951, 'epoch': 1.47}
{'loss': 0.6459, 'learning_rate': 0.0005119573321098813, 'epoch': 1.47}
{'loss': 0.6432, 'learning_rate': 0.0005108103458163675, 'epoch': 1.47}
{'loss': 0.6261, 'learning_rate': 0.0005096633595228537, 'epoch': 1.48}
{'loss': 0.6264, 'learning_rate': 0.00050851637322934, 'epoch': 1.48}
{'loss': 0.6397, 'learning_rate': 0.0005073693869358262, 'epoch': 1.48}
{'loss': 0.6307, 'learning_rate': 0.0005062224006423123, 'epoch': 1.49}
{'loss': 0.6407, 'learning_rate': 0.0005050754143487986, 'epoch': 1.49}
{'loss': 0.6203, 'learning_rate': 0.0005039284280552847, 'epoch': 1.49}
{'loss': 0.6277, 'learning_rate': 0.0005027814417617709, 'epoch': 1.5}
{'loss': 0.6282, 'learning_rate': 0.0005016344554682571, 'epoch': 1.5}
{'eval_loss': 0.5122846961021423, 'eval_bce': 0.5002617112281154, 'eval_n_pos': 2024.0, 'eval_pos_rate': 0.09120814744716327, 'eval_auroc': 0.6457492242149592, 'eval_auprc': 0.2044844887996702, 'eval_mcc': 0.16730555518800413, 'eval_precision': 0.34595300261096606, 'eval_recall': 0.1309288537549407, 'eval_f1': 0.18996415770609318, 'eval_runtime': 20.3883, 'eval_samples_per_second': 1088.419, 'eval_steps_per_second': 17.02, 'epoch': 1.5}
{'loss': 0.6587, 'learning_rate': 0.0005004874691747434, 'epoch': 1.5}
{'loss': 0.6166, 'learning_rate': 0.0004993404828812296, 'epoch': 1.51}
{'loss': 0.6527, 'learning_rate': 0.0004981934965877158, 'epoch': 1.51}
{'loss': 0.6206, 'learning_rate': 0.000497046510294202, 'epoch': 1.51}
{'loss': 0.6253, 'learning_rate': 0.0004958995240006882, 'epoch': 1.52}
{'loss': 0.641, 'learning_rate': 0.0004947525377071745, 'epoch': 1.52}
{'loss': 0.6174, 'learning_rate': 0.0004936055514136605, 'epoch': 1.52}
{'loss': 0.6149, 'learning_rate': 0.0004924585651201468, 'epoch': 1.53}
{'loss': 0.6314, 'learning_rate': 0.000491311578826633, 'epoch': 1.53}
{'loss': 0.6214, 'learning_rate': 0.0004901645925331192, 'epoch': 1.53}
{'loss': 0.6466, 'learning_rate': 0.0004890176062396054, 'epoch': 1.54}
{'loss': 0.6245, 'learning_rate': 0.00048787061994609164, 'epoch': 1.54}
{'loss': 0.6196, 'learning_rate': 0.0004867236336525779, 'epoch': 1.54}
{'eval_loss': 0.515792191028595, 'eval_bce': 0.5046470786547884, 'eval_n_pos': 2024.0, 'eval_pos_rate': 0.09120814744716327, 'eval_auroc': 0.6396479098147072, 'eval_auprc': 0.19988635505666089, 'eval_mcc': 0.1561553569062439, 'eval_precision': 0.32, 'eval_recall': 0.13043478260869565, 'eval_f1': 0.18532818532818532, 'eval_runtime': 20.3725, 'eval_samples_per_second': 1089.264, 'eval_steps_per_second': 17.033, 'epoch': 1.54}
{'loss': 0.603, 'learning_rate': 0.0004855766473590641, 'epoch': 1.55}
{'loss': 0.6387, 'learning_rate': 0.00048442966106555026, 'epoch': 1.55}
{'loss': 0.6579, 'learning_rate': 0.00048328267477203645, 'epoch': 1.55}
{'loss': 0.6502, 'learning_rate': 0.0004821356884785227, 'epoch': 1.56}
{'loss': 0.6322, 'learning_rate': 0.0004809887021850089, 'epoch': 1.56}
{'loss': 0.6397, 'learning_rate': 0.0004798417158914951, 'epoch': 1.56}
{'loss': 0.6159, 'learning_rate': 0.0004786947295979813, 'epoch': 1.57}
{'loss': 0.6013, 'learning_rate': 0.00047754774330446755, 'epoch': 1.57}
{'loss': 0.6264, 'learning_rate': 0.00047640075701095374, 'epoch': 1.57}
{'loss': 0.6281, 'learning_rate': 0.0004752537707174399, 'epoch': 1.58}
{'loss': 0.6386, 'learning_rate': 0.0004741067844239261, 'epoch': 1.58}
{'loss': 0.5957, 'learning_rate': 0.00047295979813041236, 'epoch': 1.59}
{'eval_loss': 0.5233274698257446, 'eval_bce': 0.513156102481783, 'eval_n_pos': 2024.0, 'eval_pos_rate': 0.09120814744716327, 'eval_auroc': 0.6403906824654452, 'eval_auprc': 0.19191994808063645, 'eval_mcc': 0.149131108380016, 'eval_precision': 0.2898989898989899, 'eval_recall': 0.141798418972332, 'eval_f1': 0.1904445919044459, 'eval_runtime': 20.3865, 'eval_samples_per_second': 1088.513, 'eval_steps_per_second': 17.021, 'epoch': 1.59}
{'loss': 0.643, 'learning_rate': 0.00047181281183689854, 'epoch': 1.59}
{'loss': 0.6577, 'learning_rate': 0.0004706658255433848, 'epoch': 1.59}
{'loss': 0.6332, 'learning_rate': 0.000469518839249871, 'epoch': 1.6}
{'loss': 0.6501, 'learning_rate': 0.0004683718529563572, 'epoch': 1.6}
{'loss': 0.6274, 'learning_rate': 0.00046722486666284335, 'epoch': 1.6}
{'loss': 0.6377, 'learning_rate': 0.0004660778803693296, 'epoch': 1.61}
{'loss': 0.61, 'learning_rate': 0.0004649308940758158, 'epoch': 1.61}
{'loss': 0.627, 'learning_rate': 0.000463783907782302, 'epoch': 1.61}
{'loss': 0.6363, 'learning_rate': 0.0004626369214887882, 'epoch': 1.62}
{'loss': 0.6064, 'learning_rate': 0.00046148993519527445, 'epoch': 1.62}
{'loss': 0.5945, 'learning_rate': 0.00046034294890176064, 'epoch': 1.62}
{'loss': 0.6192, 'learning_rate': 0.0004591959626082469, 'epoch': 1.63}
{'loss': 0.6047, 'learning_rate': 0.000458048976314733, 'epoch': 1.63}
{'eval_loss': 0.5257640480995178, 'eval_bce': 0.515575800121725, 'eval_n_pos': 2024.0, 'eval_pos_rate': 0.09120814744716327, 'eval_auroc': 0.6440475610666742, 'eval_auprc': 0.20039065890231983, 'eval_mcc': 0.16323604354653853, 'eval_precision': 0.30219256434699715, 'eval_recall': 0.1566205533596838, 'eval_f1': 0.2063130491376505, 'eval_runtime': 20.3848, 'eval_samples_per_second': 1088.606, 'eval_steps_per_second': 17.023, 'epoch': 1.63}
{'loss': 0.6364, 'learning_rate': 0.00045690199002121926, 'epoch': 1.63}
{'loss': 0.6352, 'learning_rate': 0.00045575500372770544, 'epoch': 1.64}
{'loss': 0.6159, 'learning_rate': 0.0004546080174341917, 'epoch': 1.64}
{'loss': 0.6296, 'learning_rate': 0.0004534610311406779, 'epoch': 1.64}
{'loss': 0.6274, 'learning_rate': 0.0004523140448471641, 'epoch': 1.65}
{'loss': 0.6087, 'learning_rate': 0.0004511670585536503, 'epoch': 1.65}
{'loss': 0.6344, 'learning_rate': 0.00045002007226013655, 'epoch': 1.65}
{'loss': 0.6335, 'learning_rate': 0.0004488730859666227, 'epoch': 1.66}
{'loss': 0.6383, 'learning_rate': 0.0004477260996731089, 'epoch': 1.66}
{'loss': 0.6418, 'learning_rate': 0.0004465791133795951, 'epoch': 1.66}
{'loss': 0.6455, 'learning_rate': 0.00044543212708608135, 'epoch': 1.67}
{'loss': 0.6191, 'learning_rate': 0.00044428514079256754, 'epoch': 1.67}
{'eval_loss': 0.5170912146568298, 'eval_bce': 0.506422285599443, 'eval_n_pos': 2024.0, 'eval_pos_rate': 0.09120814744716327, 'eval_auroc': 0.6427565867496522, 'eval_auprc': 0.19762380956808978, 'eval_mcc': 0.1638648903516528, 'eval_precision': 0.3210702341137124, 'eval_recall': 0.1422924901185771, 'eval_f1': 0.19719274221157138, 'eval_runtime': 20.4037, 'eval_samples_per_second': 1087.598, 'eval_steps_per_second': 17.007, 'epoch': 1.67}
{'loss': 0.6272, 'learning_rate': 0.0004431381544990538, 'epoch': 1.67}
{'loss': 0.6132, 'learning_rate': 0.00044199116820553997, 'epoch': 1.68}
{'loss': 0.6245, 'learning_rate': 0.0004408441819120262, 'epoch': 1.68}
{'loss': 0.6216, 'learning_rate': 0.00043969719561851234, 'epoch': 1.68}
{'loss': 0.6369, 'learning_rate': 0.0004385502093249986, 'epoch': 1.69}
{'loss': 0.6498, 'learning_rate': 0.0004374032230314848, 'epoch': 1.69}
{'loss': 0.618, 'learning_rate': 0.000436256236737971, 'epoch': 1.69}
{'loss': 0.625, 'learning_rate': 0.0004351092504444572, 'epoch': 1.7}
{'loss': 0.6273, 'learning_rate': 0.00043396226415094345, 'epoch': 1.7}
{'loss': 0.6115, 'learning_rate': 0.00043281527785742963, 'epoch': 1.71}
{'loss': 0.6414, 'learning_rate': 0.0004316682915639158, 'epoch': 1.71}
{'loss': 0.6456, 'learning_rate': 0.000430521305270402, 'epoch': 1.71}
{'loss': 0.6387, 'learning_rate': 0.0004293743189768882, 'epoch': 1.72}
{'eval_loss': 0.5116562843322754, 'eval_bce': 0.5002622376192251, 'eval_n_pos': 2024.0, 'eval_pos_rate': 0.09120814744716327, 'eval_auroc': 0.6379339481730711, 'eval_auprc': 0.2012264668027278, 'eval_mcc': 0.16881024423027471, 'eval_precision': 0.3521505376344086, 'eval_recall': 0.12944664031620554, 'eval_f1': 0.1893063583815029, 'eval_runtime': 20.39, 'eval_samples_per_second': 1088.326, 'eval_steps_per_second': 17.018, 'epoch': 1.72}
{'loss': 0.6148, 'learning_rate': 0.00042822733268337444, 'epoch': 1.72}
{'loss': 0.6088, 'learning_rate': 0.0004270803463898606, 'epoch': 1.72}
{'loss': 0.6394, 'learning_rate': 0.00042593336009634687, 'epoch': 1.73}
{'loss': 0.6599, 'learning_rate': 0.00042478637380283306, 'epoch': 1.73}
{'loss': 0.6153, 'learning_rate': 0.0004236393875093193, 'epoch': 1.73}
{'loss': 0.6212, 'learning_rate': 0.00042249240121580543, 'epoch': 1.74}
{'loss': 0.6348, 'learning_rate': 0.0004213454149222917, 'epoch': 1.74}
{'loss': 0.6234, 'learning_rate': 0.00042019842862877786, 'epoch': 1.74}
{'loss': 0.6182, 'learning_rate': 0.0004190514423352641, 'epoch': 1.75}
{'loss': 0.647, 'learning_rate': 0.0004179044560417503, 'epoch': 1.75}
{'loss': 0.6219, 'learning_rate': 0.00041675746974823653, 'epoch': 1.75}
{'loss': 0.6489, 'learning_rate': 0.0004156104834547227, 'epoch': 1.76}
{'eval_loss': 0.5137824416160583, 'eval_bce': 0.5025189031821908, 'eval_n_pos': 2024.0, 'eval_pos_rate': 0.09120814744716327, 'eval_auroc': 0.6420623221005787, 'eval_auprc': 0.19725668966394927, 'eval_mcc': 0.15581990112744543, 'eval_precision': 0.3171021377672209, 'eval_recall': 0.13191699604743082, 'eval_f1': 0.18632240055826935, 'eval_runtime': 20.4231, 'eval_samples_per_second': 1086.561, 'eval_steps_per_second': 16.991, 'epoch': 1.76}
{'loss': 0.6383, 'learning_rate': 0.00041446349716120896, 'epoch': 1.76}
{'loss': 0.5997, 'learning_rate': 0.0004133165108676951, 'epoch': 1.76}
{'loss': 0.6221, 'learning_rate': 0.00041216952457418134, 'epoch': 1.77}
{'loss': 0.6225, 'learning_rate': 0.0004110225382806675, 'epoch': 1.77}
{'loss': 0.6125, 'learning_rate': 0.00040987555198715377, 'epoch': 1.77}
{'loss': 0.6499, 'learning_rate': 0.00040872856569363996, 'epoch': 1.78}
{'loss': 0.6301, 'learning_rate': 0.0004075815794001262, 'epoch': 1.78}
{'loss': 0.6045, 'learning_rate': 0.0004064345931066124, 'epoch': 1.78}
{'loss': 0.6287, 'learning_rate': 0.00040528760681309863, 'epoch': 1.79}
{'loss': 0.6189, 'learning_rate': 0.00040414062051958476, 'epoch': 1.79}
{'loss': 0.6155, 'learning_rate': 0.000402993634226071, 'epoch': 1.79}
{'loss': 0.5959, 'learning_rate': 0.0004018466479325572, 'epoch': 1.8}
{'loss': 0.621, 'learning_rate': 0.00040069966163904343, 'epoch': 1.8}
{'eval_loss': 0.523719310760498, 'eval_bce': 0.5137032508791662, 'eval_n_pos': 2024.0, 'eval_pos_rate': 0.09120814744716327, 'eval_auroc': 0.6418297899299741, 'eval_auprc': 0.19390898196326795, 'eval_mcc': 0.1598946027975637, 'eval_precision': 0.2954333643988816, 'eval_recall': 0.1566205533596838, 'eval_f1': 0.20471423958669682, 'eval_runtime': 20.4247, 'eval_samples_per_second': 1086.481, 'eval_steps_per_second': 16.989, 'epoch': 1.8}
{'loss': 0.6222, 'learning_rate': 0.0003995526753455296, 'epoch': 1.8}
{'loss': 0.6175, 'learning_rate': 0.00039840568905201586, 'epoch': 1.81}
{'loss': 0.6048, 'learning_rate': 0.00039725870275850205, 'epoch': 1.81}
{'loss': 0.6147, 'learning_rate': 0.00039611171646498824, 'epoch': 1.82}
{'loss': 0.6545, 'learning_rate': 0.0003949647301714744, 'epoch': 1.82}
{'loss': 0.6379, 'learning_rate': 0.00039381774387796067, 'epoch': 1.82}
{'loss': 0.6374, 'learning_rate': 0.00039267075758444686, 'epoch': 1.83}
{'loss': 0.6324, 'learning_rate': 0.0003915237712909331, 'epoch': 1.83}
{'loss': 0.6332, 'learning_rate': 0.0003903767849974193, 'epoch': 1.83}
{'loss': 0.623, 'learning_rate': 0.00038922979870390553, 'epoch': 1.84}
{'loss': 0.622, 'learning_rate': 0.0003880828124103917, 'epoch': 1.84}
{'loss': 0.6082, 'learning_rate': 0.0003869358261168779, 'epoch': 1.84}
{'eval_loss': 0.5196177363395691, 'eval_bce': 0.5088410046485486, 'eval_n_pos': 2024.0, 'eval_pos_rate': 0.09120814744716327, 'eval_auroc': 0.6415470103293623, 'eval_auprc': 0.199141835204083, 'eval_mcc': 0.16883345294901353, 'eval_precision': 0.3173469387755102, 'eval_recall': 0.15365612648221344, 'eval_f1': 0.2070572569906791, 'eval_runtime': 20.3929, 'eval_samples_per_second': 1088.172, 'eval_steps_per_second': 17.016, 'epoch': 1.84}
{'loss': 0.6305, 'learning_rate': 0.0003857888398233641, 'epoch': 1.85}
{'loss': 0.6694, 'learning_rate': 0.00038464185352985033, 'epoch': 1.85}
{'loss': 0.6236, 'learning_rate': 0.0003834948672363365, 'epoch': 1.85}
{'loss': 0.6105, 'learning_rate': 0.00038234788094282276, 'epoch': 1.86}
{'loss': 0.6254, 'learning_rate': 0.00038120089464930895, 'epoch': 1.86}
{'loss': 0.6442, 'learning_rate': 0.0003800539083557952, 'epoch': 1.86}
{'loss': 0.6309, 'learning_rate': 0.0003789069220622814, 'epoch': 1.87}
{'loss': 0.6354, 'learning_rate': 0.00037775993576876757, 'epoch': 1.87}
{'loss': 0.6286, 'learning_rate': 0.00037661294947525376, 'epoch': 1.87}
{'loss': 0.6363, 'learning_rate': 0.00037546596318174, 'epoch': 1.88}
{'loss': 0.6148, 'learning_rate': 0.0003743189768882262, 'epoch': 1.88}
{'loss': 0.6251, 'learning_rate': 0.00037317199059471243, 'epoch': 1.88}
{'loss': 0.6327, 'learning_rate': 0.0003720250043011986, 'epoch': 1.89}
{'eval_loss': 0.5176006555557251, 'eval_bce': 0.5066766336258198, 'eval_n_pos': 2024.0, 'eval_pos_rate': 0.09120814744716327, 'eval_auroc': 0.6404430735571418, 'eval_auprc': 0.19793623888632733, 'eval_mcc': 0.16761956891810037, 'eval_precision': 0.3228602383531961, 'eval_recall': 0.14723320158102768, 'eval_f1': 0.2022395656599932, 'eval_runtime': 20.3773, 'eval_samples_per_second': 1089.005, 'eval_steps_per_second': 17.029, 'epoch': 1.89}
{'loss': 0.6439, 'learning_rate': 0.00037087801800768486, 'epoch': 1.89}
{'loss': 0.6484, 'learning_rate': 0.00036973103171417104, 'epoch': 1.89}
{'loss': 0.6155, 'learning_rate': 0.00036858404542065723, 'epoch': 1.9}
{'loss': 0.5947, 'learning_rate': 0.0003674370591271434, 'epoch': 1.9}
{'loss': 0.6067, 'learning_rate': 0.00036629007283362966, 'epoch': 1.9}
{'loss': 0.6352, 'learning_rate': 0.00036514308654011585, 'epoch': 1.91}
{'loss': 0.6425, 'learning_rate': 0.0003639961002466021, 'epoch': 1.91}
{'loss': 0.6554, 'learning_rate': 0.0003628491139530883, 'epoch': 1.91}
{'loss': 0.6341, 'learning_rate': 0.0003617021276595745, 'epoch': 1.92}
{'loss': 0.6205, 'learning_rate': 0.00036055514136606066, 'epoch': 1.92}
{'loss': 0.6144, 'learning_rate': 0.0003594081550725469, 'epoch': 1.92}
{'loss': 0.6342, 'learning_rate': 0.0003582611687790331, 'epoch': 1.93}
{'eval_loss': 0.5190385580062866, 'eval_bce': 0.5083669405563105, 'eval_n_pos': 2024.0, 'eval_pos_rate': 0.09120814744716327, 'eval_auroc': 0.6408711566718298, 'eval_auprc': 0.19359608095750158, 'eval_mcc': 0.1589363990543802, 'eval_precision': 0.30119284294234594, 'eval_recall': 0.14970355731225296, 'eval_f1': 0.2, 'eval_runtime': 20.3875, 'eval_samples_per_second': 1088.46, 'eval_steps_per_second': 17.02, 'epoch': 1.93}
{'loss': 0.6009, 'learning_rate': 0.0003571141824855193, 'epoch': 1.93}
{'loss': 0.6335, 'learning_rate': 0.0003559671961920055, 'epoch': 1.94}
{'loss': 0.6207, 'learning_rate': 0.00035482020989849176, 'epoch': 1.94}
{'loss': 0.612, 'learning_rate': 0.00035367322360497794, 'epoch': 1.94}
{'loss': 0.6357, 'learning_rate': 0.0003525262373114642, 'epoch': 1.95}
{'loss': 0.6224, 'learning_rate': 0.0003513792510179503, 'epoch': 1.95}
{'loss': 0.6466, 'learning_rate': 0.0003502322647244365, 'epoch': 1.95}
{'loss': 0.6292, 'learning_rate': 0.00034908527843092275, 'epoch': 1.96}
{'loss': 0.6132, 'learning_rate': 0.00034793829213740894, 'epoch': 1.96}
{'loss': 0.6122, 'learning_rate': 0.0003467913058438952, 'epoch': 1.96}
{'loss': 0.6128, 'learning_rate': 0.00034564431955038137, 'epoch': 1.97}
{'loss': 0.6124, 'learning_rate': 0.0003444973332568676, 'epoch': 1.97}
{'loss': 0.6081, 'learning_rate': 0.0003433503469633538, 'epoch': 1.97}
{'eval_loss': 0.5191379189491272, 'eval_bce': 0.5081507144858365, 'eval_n_pos': 2024.0, 'eval_pos_rate': 0.09120814744716327, 'eval_auroc': 0.6432644018297022, 'eval_auprc': 0.19818884003001958, 'eval_mcc': 0.16431153319112596, 'eval_precision': 0.30954773869346736, 'eval_recall': 0.15217391304347827, 'eval_f1': 0.2040410732030474, 'eval_runtime': 20.4261, 'eval_samples_per_second': 1086.402, 'eval_steps_per_second': 16.988, 'epoch': 1.97}
{'loss': 0.6294, 'learning_rate': 0.00034220336066984, 'epoch': 1.98}
{'loss': 0.6185, 'learning_rate': 0.00034105637437632617, 'epoch': 1.98}
{'loss': 0.6265, 'learning_rate': 0.0003399093880828124, 'epoch': 1.98}
{'loss': 0.6416, 'learning_rate': 0.0003387624017892986, 'epoch': 1.99}
{'loss': 0.6205, 'learning_rate': 0.00033761541549578484, 'epoch': 1.99}
{'loss': 0.6288, 'learning_rate': 0.00033646842920227103, 'epoch': 1.99}
{'loss': 0.6374, 'learning_rate': 0.0003353214429087573, 'epoch': 2.0}
{'loss': 0.6016, 'learning_rate': 0.0003341744566152434, 'epoch': 2.0}
{'loss': 0.6134, 'learning_rate': 0.00033302747032172965, 'epoch': 2.0}
{'loss': 0.6241, 'learning_rate': 0.00033188048402821584, 'epoch': 2.01}
{'loss': 0.6195, 'learning_rate': 0.0003307334977347021, 'epoch': 2.01}
{'loss': 0.6364, 'learning_rate': 0.00032958651144118827, 'epoch': 2.01}
{'eval_loss': 0.5184007287025452, 'eval_bce': 0.5074276366723856, 'eval_n_pos': 2024.0, 'eval_pos_rate': 0.09120814744716327, 'eval_auroc': 0.6422812205828369, 'eval_auprc': 0.19988074153332114, 'eval_mcc': 0.16576637461275878, 'eval_precision': 0.31443298969072164, 'eval_recall': 0.15069169960474307, 'eval_f1': 0.20374081496325985, 'eval_runtime': 20.4069, 'eval_samples_per_second': 1087.426, 'eval_steps_per_second': 17.004, 'epoch': 2.02}
{'loss': 0.6199, 'learning_rate': 0.0003284395251476745, 'epoch': 2.02}
{'loss': 0.634, 'learning_rate': 0.0003272925388541607, 'epoch': 2.02}
{'loss': 0.623, 'learning_rate': 0.00032614555256064694, 'epoch': 2.02}
{'loss': 0.6058, 'learning_rate': 0.00032499856626713307, 'epoch': 2.03}
{'loss': 0.6092, 'learning_rate': 0.0003238515799736193, 'epoch': 2.03}
{'loss': 0.6271, 'learning_rate': 0.0003227045936801055, 'epoch': 2.03}
{'loss': 0.6166, 'learning_rate': 0.00032155760738659174, 'epoch': 2.04}
{'loss': 0.6286, 'learning_rate': 0.00032041062109307793, 'epoch': 2.04}
{'loss': 0.6484, 'learning_rate': 0.0003192636347995642, 'epoch': 2.04}
{'loss': 0.634, 'learning_rate': 0.00031811664850605036, 'epoch': 2.05}
{'loss': 0.6316, 'learning_rate': 0.0003169696622125366, 'epoch': 2.05}
{'loss': 0.6029, 'learning_rate': 0.00031582267591902274, 'epoch': 2.06}
{'loss': 0.6133, 'learning_rate': 0.000314675689625509, 'epoch': 2.06}
{'eval_loss': 0.5212496519088745, 'eval_bce': 0.5108462033468945, 'eval_n_pos': 2024.0, 'eval_pos_rate': 0.09120814744716327, 'eval_auroc': 0.6406314585464337, 'eval_auprc': 0.19697956727777888, 'eval_mcc': 0.1630206466281174, 'eval_precision': 0.3006597549481621, 'eval_recall': 0.15760869565217392, 'eval_f1': 0.20680713128038897, 'eval_runtime': 20.4003, 'eval_samples_per_second': 1087.776, 'eval_steps_per_second': 17.01, 'epoch': 2.06}
{'loss': 0.6126, 'learning_rate': 0.00031352870333199517, 'epoch': 2.06}
{'loss': 0.5895, 'learning_rate': 0.0003123817170384814, 'epoch': 2.07}
{'loss': 0.6229, 'learning_rate': 0.0003112347307449676, 'epoch': 2.07}
{'loss': 0.6138, 'learning_rate': 0.00031008774445145384, 'epoch': 2.07}
{'loss': 0.6113, 'learning_rate': 0.00030894075815794, 'epoch': 2.08}
{'loss': 0.6257, 'learning_rate': 0.00030779377186442627, 'epoch': 2.08}
{'loss': 0.6283, 'learning_rate': 0.0003066467855709124, 'epoch': 2.08}
{'loss': 0.6488, 'learning_rate': 0.00030549979927739864, 'epoch': 2.09}
{'loss': 0.6262, 'learning_rate': 0.00030435281298388483, 'epoch': 2.09}
{'loss': 0.6232, 'learning_rate': 0.0003032058266903711, 'epoch': 2.09}
{'loss': 0.6029, 'learning_rate': 0.00030205884039685726, 'epoch': 2.1}
{'loss': 0.6291, 'learning_rate': 0.0003009118541033435, 'epoch': 2.1}
{'eval_loss': 0.517088770866394, 'eval_bce': 0.5063785284835772, 'eval_n_pos': 2024.0, 'eval_pos_rate': 0.09120814744716327, 'eval_auroc': 0.639322673463144, 'eval_auprc': 0.19837352620964066, 'eval_mcc': 0.15578285065108793, 'eval_precision': 0.3045793397231097, 'eval_recall': 0.14130434782608695, 'eval_f1': 0.1930475869051637, 'eval_runtime': 20.4022, 'eval_samples_per_second': 1087.674, 'eval_steps_per_second': 17.008, 'epoch': 2.1}
{'loss': 0.6058, 'learning_rate': 0.0002997648678098297, 'epoch': 2.1}
{'loss': 0.6499, 'learning_rate': 0.0002986178815163159, 'epoch': 2.11}
{'loss': 0.6136, 'learning_rate': 0.00029747089522280207, 'epoch': 2.11}
{'loss': 0.628, 'learning_rate': 0.0002963239089292883, 'epoch': 2.11}
{'loss': 0.6295, 'learning_rate': 0.0002951769226357745, 'epoch': 2.12}
{'loss': 0.6364, 'learning_rate': 0.00029402993634226074, 'epoch': 2.12}
{'loss': 0.6135, 'learning_rate': 0.0002928829500487469, 'epoch': 2.12}
{'loss': 0.6285, 'learning_rate': 0.00029173596375523317, 'epoch': 2.13}
{'loss': 0.6136, 'learning_rate': 0.00029058897746171936, 'epoch': 2.13}
{'loss': 0.6442, 'learning_rate': 0.00028944199116820554, 'epoch': 2.13}
{'loss': 0.6074, 'learning_rate': 0.00028829500487469173, 'epoch': 2.14}
{'loss': 0.6259, 'learning_rate': 0.000287148018581178, 'epoch': 2.14}
{'loss': 0.5948, 'learning_rate': 0.00028600103228766416, 'epoch': 2.14}
{'eval_loss': 0.5186360478401184, 'eval_bce': 0.5081905802117038, 'eval_n_pos': 2024.0, 'eval_pos_rate': 0.09120814744716327, 'eval_auroc': 0.639340533227393, 'eval_auprc': 0.19732075305599306, 'eval_mcc': 0.15784511645468696, 'eval_precision': 0.3029682702149437, 'eval_recall': 0.14624505928853754, 'eval_f1': 0.19726757747417525, 'eval_runtime': 20.4226, 'eval_samples_per_second': 1086.59, 'eval_steps_per_second': 16.991, 'epoch': 2.14}
{'loss': 0.6227, 'learning_rate': 0.0002848540459941504, 'epoch': 2.15}
{'loss': 0.6273, 'learning_rate': 0.0002837070597006366, 'epoch': 2.15}
{'loss': 0.6278, 'learning_rate': 0.00028256007340712283, 'epoch': 2.15}
{'loss': 0.6334, 'learning_rate': 0.000281413087113609, 'epoch': 2.16}
{'loss': 0.6207, 'learning_rate': 0.0002802661008200952, 'epoch': 2.16}
{'loss': 0.6496, 'learning_rate': 0.0002791191145265814, 'epoch': 2.17}
{'loss': 0.628, 'learning_rate': 0.0002779721282330676, 'epoch': 2.17}
{'loss': 0.6269, 'learning_rate': 0.0002768251419395538, 'epoch': 2.17}
{'loss': 0.6079, 'learning_rate': 0.00027567815564604, 'epoch': 2.18}
{'loss': 0.629, 'learning_rate': 0.00027453116935252626, 'epoch': 2.18}
{'loss': 0.6102, 'learning_rate': 0.00027338418305901244, 'epoch': 2.18}
{'loss': 0.593, 'learning_rate': 0.0002722371967654987, 'epoch': 2.19}
{'eval_loss': 0.5134693384170532, 'eval_bce': 0.5022549784242295, 'eval_n_pos': 2024.0, 'eval_pos_rate': 0.09120814744716327, 'eval_auroc': 0.6383831739167674, 'eval_auprc': 0.19940578944187565, 'eval_mcc': 0.159569984521686, 'eval_precision': 0.32084309133489464, 'eval_recall': 0.13537549407114624, 'eval_f1': 0.19041000694927032, 'eval_runtime': 20.4187, 'eval_samples_per_second': 1086.797, 'eval_steps_per_second': 16.994, 'epoch': 2.19}
{'loss': 0.647, 'learning_rate': 0.0002710902104719848, 'epoch': 2.19}
{'loss': 0.6185, 'learning_rate': 0.00026994322417847106, 'epoch': 2.19}
{'loss': 0.6242, 'learning_rate': 0.00026879623788495725, 'epoch': 2.2}
{'loss': 0.6211, 'learning_rate': 0.0002676492515914435, 'epoch': 2.2}
{'loss': 0.6148, 'learning_rate': 0.0002665022652979297, 'epoch': 2.2}
{'loss': 0.6688, 'learning_rate': 0.0002653552790044159, 'epoch': 2.21}
{'loss': 0.6381, 'learning_rate': 0.0002642082927109021, 'epoch': 2.21}
{'loss': 0.6263, 'learning_rate': 0.0002630613064173883, 'epoch': 2.21}
{'loss': 0.6132, 'learning_rate': 0.0002619143201238745, 'epoch': 2.22}
{'loss': 0.6274, 'learning_rate': 0.0002607673338303607, 'epoch': 2.22}
{'loss': 0.614, 'learning_rate': 0.0002596203475368469, 'epoch': 2.22}
{'loss': 0.6169, 'learning_rate': 0.00025847336124333316, 'epoch': 2.23}
{'loss': 0.6044, 'learning_rate': 0.00025732637494981934, 'epoch': 2.23}
{'eval_loss': 0.5155923962593079, 'eval_bce': 0.5048080629730326, 'eval_n_pos': 2024.0, 'eval_pos_rate': 0.09120814744716327, 'eval_auroc': 0.6383703364456199, 'eval_auprc': 0.19677437778089163, 'eval_mcc': 0.15754800928140253, 'eval_precision': 0.31030701754385964, 'eval_recall': 0.13982213438735178, 'eval_f1': 0.19277929155313353, 'eval_runtime': 20.4143, 'eval_samples_per_second': 1087.033, 'eval_steps_per_second': 16.998, 'epoch': 2.23}
{'loss': 0.6098, 'learning_rate': 0.0002561793886563056, 'epoch': 2.23}
{'loss': 0.6261, 'learning_rate': 0.0002550324023627918, 'epoch': 2.24}
{'loss': 0.5821, 'learning_rate': 0.00025388541606927796, 'epoch': 2.24}
{'loss': 0.6335, 'learning_rate': 0.00025273842977576415, 'epoch': 2.24}
{'loss': 0.6265, 'learning_rate': 0.0002515914434822504, 'epoch': 2.25}
{'loss': 0.5987, 'learning_rate': 0.0002504444571887366, 'epoch': 2.25}
{'loss': 0.6076, 'learning_rate': 0.0002492974708952228, 'epoch': 2.25}
{'loss': 0.6244, 'learning_rate': 0.000248150484601709, 'epoch': 2.26}
{'loss': 0.6073, 'learning_rate': 0.0002470034983081952, 'epoch': 2.26}
{'loss': 0.6302, 'learning_rate': 0.00024585651201468144, 'epoch': 2.26}
{'loss': 0.6477, 'learning_rate': 0.0002447095257211676, 'epoch': 2.27}
{'loss': 0.6124, 'learning_rate': 0.00024356253942765387, 'epoch': 2.27}
{'eval_loss': 0.5119003057479858, 'eval_bce': 0.5004999247335445, 'eval_n_pos': 2024.0, 'eval_pos_rate': 0.09120814744716327, 'eval_auroc': 0.6418978848747348, 'eval_auprc': 0.20172668258966797, 'eval_mcc': 0.16308988969479257, 'eval_precision': 0.32971014492753625, 'eval_recall': 0.13488142292490118, 'eval_f1': 0.19144460028050492, 'eval_runtime': 20.4203, 'eval_samples_per_second': 1086.71, 'eval_steps_per_second': 16.993, 'epoch': 2.27}
{'loss': 0.6415, 'learning_rate': 0.00024241555313414006, 'epoch': 2.27}
{'loss': 0.6357, 'learning_rate': 0.00024126856684062627, 'epoch': 2.28}
{'loss': 0.6147, 'learning_rate': 0.00024012158054711249, 'epoch': 2.28}
{'loss': 0.6011, 'learning_rate': 0.0002389745942535987, 'epoch': 2.29}
{'loss': 0.5912, 'learning_rate': 0.00023782760796008486, 'epoch': 2.29}
{'loss': 0.6125, 'learning_rate': 0.00023668062166657108, 'epoch': 2.29}
{'loss': 0.6041, 'learning_rate': 0.0002355336353730573, 'epoch': 2.3}
{'loss': 0.6306, 'learning_rate': 0.0002343866490795435, 'epoch': 2.3}
{'loss': 0.6371, 'learning_rate': 0.0002332396627860297, 'epoch': 2.3}
{'loss': 0.6163, 'learning_rate': 0.0002320926764925159, 'epoch': 2.31}
{'loss': 0.6066, 'learning_rate': 0.00023094569019900212, 'epoch': 2.31}
{'loss': 0.6553, 'learning_rate': 0.0002297987039054883, 'epoch': 2.31}
{'loss': 0.6259, 'learning_rate': 0.00022865171761197453, 'epoch': 2.32}
{'eval_loss': 0.5114432573318481, 'eval_bce': 0.4996989473439217, 'eval_n_pos': 2024.0, 'eval_pos_rate': 0.09120814744716327, 'eval_auroc': 0.643848004537605, 'eval_auprc': 0.20169151723137468, 'eval_mcc': 0.16494332559289776, 'eval_precision': 0.3333333333333333, 'eval_recall': 0.13537549407114624, 'eval_f1': 0.19255094869992972, 'eval_runtime': 20.4263, 'eval_samples_per_second': 1086.392, 'eval_steps_per_second': 16.988, 'epoch': 2.32}
{'loss': 0.6077, 'learning_rate': 0.00022750473131846074, 'epoch': 2.32}
{'loss': 0.6314, 'learning_rate': 0.00022635774502494696, 'epoch': 2.32}
{'loss': 0.605, 'learning_rate': 0.00022521075873143314, 'epoch': 2.33}
{'loss': 0.6516, 'learning_rate': 0.00022406377243791936, 'epoch': 2.33}
{'loss': 0.6329, 'learning_rate': 0.00022291678614440557, 'epoch': 2.33}
{'loss': 0.6075, 'learning_rate': 0.0002217697998508918, 'epoch': 2.34}
{'loss': 0.6254, 'learning_rate': 0.00022062281355737798, 'epoch': 2.34}
{'loss': 0.6593, 'learning_rate': 0.0002194758272638642, 'epoch': 2.34}
{'loss': 0.6171, 'learning_rate': 0.0002183288409703504, 'epoch': 2.35}
{'loss': 0.6267, 'learning_rate': 0.00021718185467683662, 'epoch': 2.35}
{'loss': 0.6183, 'learning_rate': 0.0002160348683833228, 'epoch': 2.35}
{'loss': 0.6321, 'learning_rate': 0.00021488788208980902, 'epoch': 2.36}
{'eval_loss': 0.5089882612228394, 'eval_bce': 0.4971438155358488, 'eval_n_pos': 2024.0, 'eval_pos_rate': 0.09120814744716327, 'eval_auroc': 0.6435222169587502, 'eval_auprc': 0.2031384786786815, 'eval_mcc': 0.16458846186737966, 'eval_precision': 0.3449197860962567, 'eval_recall': 0.1274703557312253, 'eval_f1': 0.18614718614718617, 'eval_runtime': 20.4186, 'eval_samples_per_second': 1086.804, 'eval_steps_per_second': 16.994, 'epoch': 2.36}
{'loss': 0.6317, 'learning_rate': 0.00021374089579629524, 'epoch': 2.36}
{'loss': 0.6463, 'learning_rate': 0.00021259390950278145, 'epoch': 2.36}
{'loss': 0.6195, 'learning_rate': 0.00021144692320926764, 'epoch': 2.37}
{'loss': 0.6214, 'learning_rate': 0.00021029993691575386, 'epoch': 2.37}
{'loss': 0.6188, 'learning_rate': 0.00020915295062224007, 'epoch': 2.37}
{'loss': 0.5988, 'learning_rate': 0.00020800596432872629, 'epoch': 2.38}
{'loss': 0.6195, 'learning_rate': 0.00020685897803521247, 'epoch': 2.38}
{'loss': 0.6229, 'learning_rate': 0.0002057119917416987, 'epoch': 2.38}
{'loss': 0.6145, 'learning_rate': 0.0002045650054481849, 'epoch': 2.39}
{'loss': 0.6171, 'learning_rate': 0.00020341801915467112, 'epoch': 2.39}
{'loss': 0.6015, 'learning_rate': 0.0002022710328611573, 'epoch': 2.39}
{'loss': 0.6078, 'learning_rate': 0.00020112404656764352, 'epoch': 2.4}
{'loss': 0.6356, 'learning_rate': 0.00019997706027412974, 'epoch': 2.4}
{'eval_loss': 0.5131912231445312, 'eval_bce': 0.5018763656211707, 'eval_n_pos': 2024.0, 'eval_pos_rate': 0.09120814744716327, 'eval_auroc': 0.6420728689160922, 'eval_auprc': 0.2006975234686606, 'eval_mcc': 0.161387769201469, 'eval_precision': 0.3250296559905101, 'eval_recall': 0.13537549407114624, 'eval_f1': 0.19114056505057553, 'eval_runtime': 20.4154, 'eval_samples_per_second': 1086.972, 'eval_steps_per_second': 16.997, 'epoch': 2.4}
{'loss': 0.6381, 'learning_rate': 0.00019883007398061592, 'epoch': 2.41}
{'loss': 0.6398, 'learning_rate': 0.00019768308768710214, 'epoch': 2.41}
{'loss': 0.6317, 'learning_rate': 0.00019653610139358835, 'epoch': 2.41}
{'loss': 0.6112, 'learning_rate': 0.00019538911510007457, 'epoch': 2.42}
{'loss': 0.6187, 'learning_rate': 0.00019424212880656076, 'epoch': 2.42}
{'loss': 0.6391, 'learning_rate': 0.00019309514251304697, 'epoch': 2.42}
{'loss': 0.6184, 'learning_rate': 0.00019194815621953319, 'epoch': 2.43}
{'loss': 0.6317, 'learning_rate': 0.0001908011699260194, 'epoch': 2.43}
{'loss': 0.6004, 'learning_rate': 0.0001896541836325056, 'epoch': 2.43}
{'loss': 0.6431, 'learning_rate': 0.0001885071973389918, 'epoch': 2.44}
{'loss': 0.6028, 'learning_rate': 0.00018736021104547802, 'epoch': 2.44}
{'loss': 0.6282, 'learning_rate': 0.00018621322475196423, 'epoch': 2.44}
{'eval_loss': 0.5127167701721191, 'eval_bce': 0.5014678283449437, 'eval_n_pos': 2024.0, 'eval_pos_rate': 0.09120814744716327, 'eval_auroc': 0.6447437978845024, 'eval_auprc': 0.2011916850811007, 'eval_mcc': 0.1597238562441819, 'eval_precision': 0.31981460023174973, 'eval_recall': 0.13636363636363635, 'eval_f1': 0.19120193972982333, 'eval_runtime': 20.4165, 'eval_samples_per_second': 1086.913, 'eval_steps_per_second': 16.996, 'epoch': 2.44}
{'loss': 0.643, 'learning_rate': 0.00018506623845845042, 'epoch': 2.45}
{'loss': 0.6086, 'learning_rate': 0.00018391925216493664, 'epoch': 2.45}
{'loss': 0.6294, 'learning_rate': 0.00018277226587142285, 'epoch': 2.45}
{'loss': 0.6366, 'learning_rate': 0.00018162527957790907, 'epoch': 2.46}
{'loss': 0.6323, 'learning_rate': 0.00018047829328439525, 'epoch': 2.46}
{'loss': 0.6185, 'learning_rate': 0.00017933130699088147, 'epoch': 2.46}
{'loss': 0.6072, 'learning_rate': 0.00017818432069736768, 'epoch': 2.47}
{'loss': 0.6149, 'learning_rate': 0.0001770373344038539, 'epoch': 2.47}
{'loss': 0.6299, 'learning_rate': 0.00017589034811034009, 'epoch': 2.47}
{'loss': 0.6253, 'learning_rate': 0.0001747433618168263, 'epoch': 2.48}
{'loss': 0.6075, 'learning_rate': 0.00017359637552331252, 'epoch': 2.48}
{'loss': 0.6349, 'learning_rate': 0.00017244938922979873, 'epoch': 2.48}
{'loss': 0.6099, 'learning_rate': 0.00017130240293628492, 'epoch': 2.49}
{'eval_loss': 0.5105006694793701, 'eval_bce': 0.4988261612416146, 'eval_n_pos': 2024.0, 'eval_pos_rate': 0.09120814744716327, 'eval_auroc': 0.6432337168438012, 'eval_auprc': 0.20111013367380376, 'eval_mcc': 0.1601044911127385, 'eval_precision': 0.33080808080808083, 'eval_recall': 0.12944664031620554, 'eval_f1': 0.18607954545454547, 'eval_runtime': 20.4153, 'eval_samples_per_second': 1086.981, 'eval_steps_per_second': 16.997, 'epoch': 2.49}
{'loss': 0.6137, 'learning_rate': 0.00017015541664277113, 'epoch': 2.49}
{'loss': 0.5958, 'learning_rate': 0.00016900843034925735, 'epoch': 2.49}
{'loss': 0.6394, 'learning_rate': 0.00016786144405574356, 'epoch': 2.5}
{'loss': 0.6307, 'learning_rate': 0.00016671445776222975, 'epoch': 2.5}
{'loss': 0.6053, 'learning_rate': 0.00016556747146871597, 'epoch': 2.5}
{'loss': 0.6137, 'learning_rate': 0.00016442048517520218, 'epoch': 2.51}
{'loss': 0.6235, 'learning_rate': 0.00016327349888168834, 'epoch': 2.51}
{'loss': 0.606, 'learning_rate': 0.00016212651258817456, 'epoch': 2.52}
{'loss': 0.6295, 'learning_rate': 0.00016097952629466077, 'epoch': 2.52}
{'loss': 0.6369, 'learning_rate': 0.00015983254000114699, 'epoch': 2.52}
{'loss': 0.6206, 'learning_rate': 0.00015868555370763317, 'epoch': 2.53}
{'loss': 0.6288, 'learning_rate': 0.0001575385674141194, 'epoch': 2.53}
{'eval_loss': 0.5119521021842957, 'eval_bce': 0.5006323688738611, 'eval_n_pos': 2024.0, 'eval_pos_rate': 0.09120814744716327, 'eval_auroc': 0.6426717834932072, 'eval_auprc': 0.19915536670001113, 'eval_mcc': 0.15924266978978444, 'eval_precision': 0.32009345794392524, 'eval_recall': 0.13537549407114624, 'eval_f1': 0.19027777777777777, 'eval_runtime': 20.402, 'eval_samples_per_second': 1087.686, 'eval_steps_per_second': 17.008, 'epoch': 2.53}
{'loss': 0.6346, 'learning_rate': 0.0001563915811206056, 'epoch': 2.53}
{'loss': 0.6234, 'learning_rate': 0.00015524459482709182, 'epoch': 2.54}
{'loss': 0.6505, 'learning_rate': 0.000154097608533578, 'epoch': 2.54}
{'loss': 0.6234, 'learning_rate': 0.00015295062224006422, 'epoch': 2.54}
{'loss': 0.6433, 'learning_rate': 0.00015180363594655044, 'epoch': 2.55}
{'loss': 0.6293, 'learning_rate': 0.00015065664965303665, 'epoch': 2.55}
{'loss': 0.6174, 'learning_rate': 0.00014950966335952284, 'epoch': 2.55}
{'loss': 0.6004, 'learning_rate': 0.00014836267706600905, 'epoch': 2.56}
{'loss': 0.6158, 'learning_rate': 0.00014721569077249527, 'epoch': 2.56}
{'loss': 0.6152, 'learning_rate': 0.00014606870447898148, 'epoch': 2.56}
{'loss': 0.619, 'learning_rate': 0.00014492171818546767, 'epoch': 2.57}
{'loss': 0.619, 'learning_rate': 0.00014377473189195389, 'epoch': 2.57}
{'loss': 0.6138, 'learning_rate': 0.0001426277455984401, 'epoch': 2.57}
{'eval_loss': 0.5134263038635254, 'eval_bce': 0.5023049401370503, 'eval_n_pos': 2024.0, 'eval_pos_rate': 0.09120814744716327, 'eval_auroc': 0.6410144022706843, 'eval_auprc': 0.1983960970357884, 'eval_mcc': 0.15778921311047847, 'eval_precision': 0.31542857142857145, 'eval_recall': 0.13636363636363635, 'eval_f1': 0.19041048637461191, 'eval_runtime': 20.3958, 'eval_samples_per_second': 1088.017, 'eval_steps_per_second': 17.013, 'epoch': 2.57}
{'loss': 0.6301, 'learning_rate': 0.00014148075930492631, 'epoch': 2.58}
{'loss': 0.6122, 'learning_rate': 0.0001403337730114125, 'epoch': 2.58}
{'loss': 0.6446, 'learning_rate': 0.00013918678671789872, 'epoch': 2.58}
{'loss': 0.6166, 'learning_rate': 0.00013803980042438493, 'epoch': 2.59}
{'loss': 0.6162, 'learning_rate': 0.00013689281413087115, 'epoch': 2.59}
{'loss': 0.6176, 'learning_rate': 0.00013574582783735734, 'epoch': 2.59}
{'loss': 0.6216, 'learning_rate': 0.00013459884154384355, 'epoch': 2.6}
{'loss': 0.6064, 'learning_rate': 0.00013345185525032976, 'epoch': 2.6}
{'loss': 0.6156, 'learning_rate': 0.00013230486895681598, 'epoch': 2.6}
{'loss': 0.6311, 'learning_rate': 0.00013115788266330217, 'epoch': 2.61}
{'loss': 0.6293, 'learning_rate': 0.00013001089636978838, 'epoch': 2.61}
{'loss': 0.6269, 'learning_rate': 0.0001288639100762746, 'epoch': 2.61}
{'eval_loss': 0.5116258859634399, 'eval_bce': 0.5003271850651007, 'eval_n_pos': 2024.0, 'eval_pos_rate': 0.09120814744716327, 'eval_auroc': 0.6420660091986851, 'eval_auprc': 0.19989318652651786, 'eval_mcc': 0.156480741953001, 'eval_precision': 0.31585081585081587, 'eval_recall': 0.13389328063241107, 'eval_f1': 0.18806384455239417, 'eval_runtime': 20.4135, 'eval_samples_per_second': 1087.076, 'eval_steps_per_second': 16.999, 'epoch': 2.62}
{'loss': 0.6119, 'learning_rate': 0.00012771692378276079, 'epoch': 2.62}
{'loss': 0.6565, 'learning_rate': 0.000126569937489247, 'epoch': 2.62}
{'loss': 0.6289, 'learning_rate': 0.00012542295119573321, 'epoch': 2.62}
{'loss': 0.5978, 'learning_rate': 0.0001242759649022194, 'epoch': 2.63}
{'loss': 0.5976, 'learning_rate': 0.00012312897860870562, 'epoch': 2.63}
{'loss': 0.6319, 'learning_rate': 0.00012198199231519183, 'epoch': 2.64}
{'loss': 0.6459, 'learning_rate': 0.00012083500602167805, 'epoch': 2.64}
{'loss': 0.5943, 'learning_rate': 0.00011968801972816425, 'epoch': 2.64}
{'loss': 0.6205, 'learning_rate': 0.00011854103343465046, 'epoch': 2.65}
{'loss': 0.6224, 'learning_rate': 0.00011739404714113666, 'epoch': 2.65}
{'loss': 0.6061, 'learning_rate': 0.00011624706084762288, 'epoch': 2.65}
{'loss': 0.6614, 'learning_rate': 0.00011510007455410908, 'epoch': 2.66}
{'loss': 0.598, 'learning_rate': 0.0001139530882605953, 'epoch': 2.66}
{'eval_loss': 0.5134044885635376, 'eval_bce': 0.5023796154324031, 'eval_n_pos': 2024.0, 'eval_pos_rate': 0.09120814744716327, 'eval_auroc': 0.64244695625519, 'eval_auprc': 0.2005382730768772, 'eval_mcc': 0.15718168628158638, 'eval_precision': 0.31208053691275167, 'eval_recall': 0.13784584980237155, 'eval_f1': 0.19122686771761482, 'eval_runtime': 20.4082, 'eval_samples_per_second': 1087.356, 'eval_steps_per_second': 17.003, 'epoch': 2.66}
{'loss': 0.6193, 'learning_rate': 0.0001128061019670815, 'epoch': 2.66}
{'loss': 0.6443, 'learning_rate': 0.00011165911567356771, 'epoch': 2.67}
{'loss': 0.639, 'learning_rate': 0.00011051212938005391, 'epoch': 2.67}
{'loss': 0.6055, 'learning_rate': 0.00010936514308654013, 'epoch': 2.67}
{'loss': 0.6352, 'learning_rate': 0.00010821815679302633, 'epoch': 2.68}
{'loss': 0.6186, 'learning_rate': 0.00010707117049951254, 'epoch': 2.68}
{'loss': 0.6332, 'learning_rate': 0.00010592418420599873, 'epoch': 2.68}
{'loss': 0.6254, 'learning_rate': 0.00010477719791248495, 'epoch': 2.69}
{'loss': 0.623, 'learning_rate': 0.00010363021161897115, 'epoch': 2.69}
{'loss': 0.6201, 'learning_rate': 0.00010248322532545736, 'epoch': 2.69}
{'loss': 0.6314, 'learning_rate': 0.00010133623903194356, 'epoch': 2.7}
{'loss': 0.6192, 'learning_rate': 0.00010018925273842978, 'epoch': 2.7}
{'eval_loss': 0.513209342956543, 'eval_bce': 0.5020418876924346, 'eval_n_pos': 2024.0, 'eval_pos_rate': 0.09120814744716327, 'eval_auroc': 0.642921869190677, 'eval_auprc': 0.20042314942451384, 'eval_mcc': 0.1614806645774432, 'eval_precision': 0.3177257525083612, 'eval_recall': 0.1408102766798419, 'eval_f1': 0.1951386511468675, 'eval_runtime': 20.41, 'eval_samples_per_second': 1087.263, 'eval_steps_per_second': 17.001, 'epoch': 2.7}
{'loss': 0.6285, 'learning_rate': 9.904226644491598e-05, 'epoch': 2.7}
{'loss': 0.6051, 'learning_rate': 9.78952801514022e-05, 'epoch': 2.71}
{'loss': 0.6451, 'learning_rate': 9.67482938578884e-05, 'epoch': 2.71}
{'loss': 0.6162, 'learning_rate': 9.56013075643746e-05, 'epoch': 2.71}
{'loss': 0.6137, 'learning_rate': 9.445432127086081e-05, 'epoch': 2.72}
{'loss': 0.624, 'learning_rate': 9.330733497734701e-05, 'epoch': 2.72}
{'loss': 0.6207, 'learning_rate': 9.216034868383323e-05, 'epoch': 2.72}
{'loss': 0.6234, 'learning_rate': 9.101336239031943e-05, 'epoch': 2.73}
{'loss': 0.6461, 'learning_rate': 8.986637609680565e-05, 'epoch': 2.73}
{'loss': 0.6178, 'learning_rate': 8.871938980329185e-05, 'epoch': 2.73}
{'loss': 0.623, 'learning_rate': 8.757240350977806e-05, 'epoch': 2.74}
{'loss': 0.6322, 'learning_rate': 8.642541721626426e-05, 'epoch': 2.74}
{'loss': 0.6245, 'learning_rate': 8.527843092275048e-05, 'epoch': 2.74}
{'eval_loss': 0.5114282369613647, 'eval_bce': 0.49991783550049856, 'eval_n_pos': 2024.0, 'eval_pos_rate': 0.09120814744716327, 'eval_auroc': 0.6441844614269271, 'eval_auprc': 0.2027877931024458, 'eval_mcc': 0.16384406033483748, 'eval_precision': 0.32858837485172004, 'eval_recall': 0.1368577075098814, 'eval_f1': 0.19323334495988836, 'eval_runtime': 20.4175, 'eval_samples_per_second': 1086.864, 'eval_steps_per_second': 16.995, 'epoch': 2.74}
{'loss': 0.6165, 'learning_rate': 8.413144462923668e-05, 'epoch': 2.75}
{'loss': 0.6039, 'learning_rate': 8.29844583357229e-05, 'epoch': 2.75}
{'loss': 0.6067, 'learning_rate': 8.18374720422091e-05, 'epoch': 2.76}
{'loss': 0.6527, 'learning_rate': 8.069048574869531e-05, 'epoch': 2.76}
{'loss': 0.6184, 'learning_rate': 7.954349945518151e-05, 'epoch': 2.76}
{'loss': 0.6073, 'learning_rate': 7.839651316166773e-05, 'epoch': 2.77}
{'loss': 0.646, 'learning_rate': 7.724952686815393e-05, 'epoch': 2.77}
{'loss': 0.6365, 'learning_rate': 7.610254057464014e-05, 'epoch': 2.77}
{'loss': 0.6314, 'learning_rate': 7.495555428112634e-05, 'epoch': 2.78}
{'loss': 0.6068, 'learning_rate': 7.380856798761256e-05, 'epoch': 2.78}
{'loss': 0.61, 'learning_rate': 7.266158169409876e-05, 'epoch': 2.78}
{'loss': 0.6314, 'learning_rate': 7.151459540058498e-05, 'epoch': 2.79}
{'eval_loss': 0.5136783123016357, 'eval_bce': 0.5024061699897028, 'eval_n_pos': 2024.0, 'eval_pos_rate': 0.09120814744716327, 'eval_auroc': 0.6448550967994323, 'eval_auprc': 0.20144828621145022, 'eval_mcc': 0.16436332272599605, 'eval_precision': 0.3235294117647059, 'eval_recall': 0.14130434782608695, 'eval_f1': 0.1966987620357634, 'eval_runtime': 20.414, 'eval_samples_per_second': 1087.048, 'eval_steps_per_second': 16.998, 'epoch': 2.79}
{'loss': 0.6178, 'learning_rate': 7.036760910707118e-05, 'epoch': 2.79}
{'loss': 0.6009, 'learning_rate': 6.922062281355739e-05, 'epoch': 2.79}
{'loss': 0.6365, 'learning_rate': 6.807363652004358e-05, 'epoch': 2.8}
{'loss': 0.62, 'learning_rate': 6.69266502265298e-05, 'epoch': 2.8}
{'loss': 0.6143, 'learning_rate': 6.5779663933016e-05, 'epoch': 2.8}
{'loss': 0.6147, 'learning_rate': 6.463267763950221e-05, 'epoch': 2.81}
{'loss': 0.6122, 'learning_rate': 6.348569134598841e-05, 'epoch': 2.81}
{'loss': 0.6051, 'learning_rate': 6.233870505247463e-05, 'epoch': 2.81}
{'loss': 0.612, 'learning_rate': 6.119171875896083e-05, 'epoch': 2.82}
{'loss': 0.6173, 'learning_rate': 6.004473246544704e-05, 'epoch': 2.82}
{'loss': 0.6219, 'learning_rate': 5.889774617193325e-05, 'epoch': 2.82}
{'loss': 0.6226, 'learning_rate': 5.775075987841945e-05, 'epoch': 2.83}
{'loss': 0.6081, 'learning_rate': 5.660377358490566e-05, 'epoch': 2.83}
{'eval_loss': 0.5132485032081604, 'eval_bce': 0.5019186807594548, 'eval_n_pos': 2024.0, 'eval_pos_rate': 0.09120814744716327, 'eval_auroc': 0.6466425309142964, 'eval_auprc': 0.2022290824834438, 'eval_mcc': 0.16672096098761416, 'eval_precision': 0.3248053392658509, 'eval_recall': 0.1442687747035573, 'eval_f1': 0.19979473144030105, 'eval_runtime': 20.4161, 'eval_samples_per_second': 1086.937, 'eval_steps_per_second': 16.996, 'epoch': 2.83}
{'loss': 0.6173, 'learning_rate': 5.545678729139187e-05, 'epoch': 2.83}
{'loss': 0.637, 'learning_rate': 5.4309800997878076e-05, 'epoch': 2.84}
{'loss': 0.6102, 'learning_rate': 5.3162814704364285e-05, 'epoch': 2.84}
{'loss': 0.6359, 'learning_rate': 5.201582841085049e-05, 'epoch': 2.84}
{'loss': 0.6374, 'learning_rate': 5.08688421173367e-05, 'epoch': 2.85}
{'loss': 0.6289, 'learning_rate': 4.972185582382291e-05, 'epoch': 2.85}
{'loss': 0.6274, 'learning_rate': 4.857486953030912e-05, 'epoch': 2.85}
{'loss': 0.6247, 'learning_rate': 4.7427883236795325e-05, 'epoch': 2.86}
{'loss': 0.6318, 'learning_rate': 4.628089694328153e-05, 'epoch': 2.86}
{'loss': 0.6295, 'learning_rate': 4.5133910649767735e-05, 'epoch': 2.86}
{'loss': 0.6148, 'learning_rate': 4.398692435625394e-05, 'epoch': 2.87}
{'loss': 0.6228, 'learning_rate': 4.283993806274015e-05, 'epoch': 2.87}
{'eval_loss': 0.5117263793945312, 'eval_bce': 0.5001811569367842, 'eval_n_pos': 2024.0, 'eval_pos_rate': 0.09120814744716327, 'eval_auroc': 0.6470821775526137, 'eval_auprc': 0.20307563373407025, 'eval_mcc': 0.16568456418398161, 'eval_precision': 0.32721010332950634, 'eval_recall': 0.1408102766798419, 'eval_f1': 0.19689119170984457, 'eval_runtime': 20.4139, 'eval_samples_per_second': 1087.056, 'eval_steps_per_second': 16.998, 'epoch': 2.87}
{'loss': 0.6432, 'learning_rate': 4.169295176922636e-05, 'epoch': 2.88}
{'loss': 0.6001, 'learning_rate': 4.054596547571257e-05, 'epoch': 2.88}
{'loss': 0.6141, 'learning_rate': 3.939897918219877e-05, 'epoch': 2.88}
{'loss': 0.6275, 'learning_rate': 3.8251992888684976e-05, 'epoch': 2.89}
{'loss': 0.6313, 'learning_rate': 3.7105006595171184e-05, 'epoch': 2.89}
{'loss': 0.6391, 'learning_rate': 3.595802030165739e-05, 'epoch': 2.89}
{'loss': 0.6294, 'learning_rate': 3.48110340081436e-05, 'epoch': 2.9}
{'loss': 0.6167, 'learning_rate': 3.366404771462981e-05, 'epoch': 2.9}
{'loss': 0.6273, 'learning_rate': 3.251706142111602e-05, 'epoch': 2.9}
{'loss': 0.6151, 'learning_rate': 3.1370075127602225e-05, 'epoch': 2.91}
{'loss': 0.6152, 'learning_rate': 3.0223088834088433e-05, 'epoch': 2.91}
{'loss': 0.6272, 'learning_rate': 2.907610254057464e-05, 'epoch': 2.91}
{'loss': 0.6267, 'learning_rate': 2.792911624706085e-05, 'epoch': 2.92}
{'eval_loss': 0.5119558572769165, 'eval_bce': 0.5004111580592994, 'eval_n_pos': 2024.0, 'eval_pos_rate': 0.09120814744716327, 'eval_auroc': 0.6465014779751133, 'eval_auprc': 0.20288243566958192, 'eval_mcc': 0.16793668586250413, 'eval_precision': 0.3302752293577982, 'eval_recall': 0.1422924901185771, 'eval_f1': 0.1988950276243094, 'eval_runtime': 20.3888, 'eval_samples_per_second': 1088.391, 'eval_steps_per_second': 17.019, 'epoch': 2.92}
{'loss': 0.6217, 'learning_rate': 2.6782129953547057e-05, 'epoch': 2.92}
{'loss': 0.6449, 'learning_rate': 2.5635143660033266e-05, 'epoch': 2.92}
{'loss': 0.6552, 'learning_rate': 2.448815736651947e-05, 'epoch': 2.93}
{'loss': 0.6217, 'learning_rate': 2.334117107300568e-05, 'epoch': 2.93}
{'loss': 0.6346, 'learning_rate': 2.2194184779491886e-05, 'epoch': 2.93}
{'loss': 0.6456, 'learning_rate': 2.1047198485978095e-05, 'epoch': 2.94}
{'loss': 0.6172, 'learning_rate': 1.99002121924643e-05, 'epoch': 2.94}
{'loss': 0.5925, 'learning_rate': 1.8753225898950507e-05, 'epoch': 2.94}
{'loss': 0.6231, 'learning_rate': 1.7606239605436715e-05, 'epoch': 2.95}
{'loss': 0.6314, 'learning_rate': 1.6459253311922924e-05, 'epoch': 2.95}
{'loss': 0.6364, 'learning_rate': 1.5312267018409128e-05, 'epoch': 2.95}
{'loss': 0.6143, 'learning_rate': 1.4165280724895338e-05, 'epoch': 2.96}
{'eval_loss': 0.5117682814598083, 'eval_bce': 0.5002135341318487, 'eval_n_pos': 2024.0, 'eval_pos_rate': 0.09120814744716327, 'eval_auroc': 0.6465141929513072, 'eval_auprc': 0.20264913531074835, 'eval_mcc': 0.16474691629177182, 'eval_precision': 0.3271461716937355, 'eval_recall': 0.13932806324110672, 'eval_f1': 0.19542619542619544, 'eval_runtime': 20.4086, 'eval_samples_per_second': 1087.334, 'eval_steps_per_second': 17.003, 'epoch': 2.96}
{'loss': 0.6353, 'learning_rate': 1.3018294431381544e-05, 'epoch': 2.96}
{'loss': 0.6321, 'learning_rate': 1.1871308137867753e-05, 'epoch': 2.96}
{'loss': 0.6085, 'learning_rate': 1.072432184435396e-05, 'epoch': 2.97}
{'loss': 0.6244, 'learning_rate': 9.577335550840169e-06, 'epoch': 2.97}
{'loss': 0.6208, 'learning_rate': 8.430349257326375e-06, 'epoch': 2.97}
{'loss': 0.6223, 'learning_rate': 7.2833629638125824e-06, 'epoch': 2.98}
{'loss': 0.6251, 'learning_rate': 6.1363766702987905e-06, 'epoch': 2.98}
{'loss': 0.626, 'learning_rate': 4.989390376784997e-06, 'epoch': 2.99}
{'loss': 0.6351, 'learning_rate': 3.842404083271205e-06, 'epoch': 2.99}
{'loss': 0.6078, 'learning_rate': 2.6954177897574127e-06, 'epoch': 2.99}
{'loss': 0.6082, 'learning_rate': 1.5484314962436198e-06, 'epoch': 3.0}
{'loss': 0.613, 'learning_rate': 4.014452027298274e-07, 'epoch': 3.0}
{'train_runtime': 2201.8352, 'train_samples_per_second': 254.106, 'train_steps_per_second': 7.942, 'train_loss': 0.62865024101893, 'epoch': 3.0}
    [a1] dev AUROC = 0.649260897298075
--- [a1] Stage-2a s=100 -> /home/asm242/palmer_scratch/entexBERT-2_experiments/EN-TEx/experiments/ctcf_a1_multitrack/stage2_a1/runs/clf_2a_s100 ---
{'loss': 0.6656, 'learning_rate': 0.0004, 'epoch': 0.0}
{'loss': 0.6417, 'learning_rate': 0.0008, 'epoch': 0.01}
{'loss': 0.6146, 'learning_rate': 0.000999426506853243, 'epoch': 0.01}
{'loss': 0.6664, 'learning_rate': 0.0009982795205597294, 'epoch': 0.01}
{'loss': 0.6524, 'learning_rate': 0.0009971325342662154, 'epoch': 0.02}
{'loss': 0.6171, 'learning_rate': 0.0009959855479727017, 'epoch': 0.02}
{'loss': 0.636, 'learning_rate': 0.000994838561679188, 'epoch': 0.02}
{'loss': 0.6607, 'learning_rate': 0.000993691575385674, 'epoch': 0.03}
{'loss': 0.669, 'learning_rate': 0.0009925445890921604, 'epoch': 0.03}
{'loss': 0.6695, 'learning_rate': 0.0009913976027986465, 'epoch': 0.03}
{'loss': 0.6269, 'learning_rate': 0.0009902506165051328, 'epoch': 0.04}
{'loss': 0.6706, 'learning_rate': 0.000989103630211619, 'epoch': 0.04}
{'eval_loss': 0.6942883729934692, 'eval_bce': 0.6952348426577852, 'eval_n_pos': 2024.0, 'eval_pos_rate': 0.09120814744716327, 'eval_auroc': 0.6117640895165681, 'eval_auprc': 0.17615594861514813, 'eval_mcc': 0.11489286454459807, 'eval_precision': 0.14690632561354994, 'eval_recall': 0.4199604743083004, 'eval_f1': 0.21766965428937257, 'eval_runtime': 20.3283, 'eval_samples_per_second': 1091.631, 'eval_steps_per_second': 17.07, 'epoch': 0.04}
{'loss': 0.6445, 'learning_rate': 0.0009879566439181052, 'epoch': 0.04}
{'loss': 0.618, 'learning_rate': 0.0009868096576245915, 'epoch': 0.05}
{'loss': 0.6684, 'learning_rate': 0.0009856626713310775, 'epoch': 0.05}
{'loss': 0.6316, 'learning_rate': 0.0009845156850375638, 'epoch': 0.05}
{'loss': 0.6449, 'learning_rate': 0.00098336869874405, 'epoch': 0.06}
{'loss': 0.6136, 'learning_rate': 0.0009822217124505362, 'epoch': 0.06}
{'loss': 0.643, 'learning_rate': 0.0009810747261570225, 'epoch': 0.07}
{'loss': 0.6324, 'learning_rate': 0.0009799277398635088, 'epoch': 0.07}
{'loss': 0.635, 'learning_rate': 0.0009787807535699949, 'epoch': 0.07}
{'loss': 0.6727, 'learning_rate': 0.000977633767276481, 'epoch': 0.08}
{'loss': 0.6254, 'learning_rate': 0.0009764867809829672, 'epoch': 0.08}
{'loss': 0.6506, 'learning_rate': 0.0009753397946894534, 'epoch': 0.08}
{'loss': 0.6211, 'learning_rate': 0.0009741928083959397, 'epoch': 0.09}
{'eval_loss': 0.6675117611885071, 'eval_bce': 0.6670329903755959, 'eval_n_pos': 2024.0, 'eval_pos_rate': 0.09120814744716327, 'eval_auroc': 0.6140898399549531, 'eval_auprc': 0.17038839787707516, 'eval_mcc': 0.1298871859122905, 'eval_precision': 0.17997010463378177, 'eval_recall': 0.2974308300395257, 'eval_f1': 0.2242503259452412, 'eval_runtime': 20.3548, 'eval_samples_per_second': 1090.208, 'eval_steps_per_second': 17.048, 'epoch': 0.09}
{'loss': 0.6397, 'learning_rate': 0.0009730458221024259, 'epoch': 0.09}
{'loss': 0.6179, 'learning_rate': 0.0009718988358089121, 'epoch': 0.09}
{'loss': 0.639, 'learning_rate': 0.0009707518495153983, 'epoch': 0.1}
{'loss': 0.6391, 'learning_rate': 0.0009696048632218846, 'epoch': 0.1}
{'loss': 0.6446, 'learning_rate': 0.0009684578769283708, 'epoch': 0.1}
{'loss': 0.6286, 'learning_rate': 0.0009673108906348569, 'epoch': 0.11}
{'loss': 0.6551, 'learning_rate': 0.0009661639043413432, 'epoch': 0.11}
{'loss': 0.6058, 'learning_rate': 0.0009650169180478293, 'epoch': 0.11}
{'loss': 0.6278, 'learning_rate': 0.0009638699317543156, 'epoch': 0.12}
{'loss': 0.6389, 'learning_rate': 0.0009627229454608017, 'epoch': 0.12}
{'loss': 0.65, 'learning_rate': 0.000961575959167288, 'epoch': 0.12}
{'loss': 0.6514, 'learning_rate': 0.0009604289728737742, 'epoch': 0.13}
{'eval_loss': 0.6411317586898804, 'eval_bce': 0.6377413135577155, 'eval_n_pos': 2024.0, 'eval_pos_rate': 0.09120814744716327, 'eval_auroc': 0.6169692553345573, 'eval_auprc': 0.17953202975247778, 'eval_mcc': 0.13468763040154266, 'eval_precision': 0.2127867252318204, 'eval_recall': 0.21541501976284586, 'eval_f1': 0.21409280628529342, 'eval_runtime': 20.4078, 'eval_samples_per_second': 1087.379, 'eval_steps_per_second': 17.003, 'epoch': 0.13}
{'loss': 0.6187, 'learning_rate': 0.0009592819865802603, 'epoch': 0.13}
{'loss': 0.6478, 'learning_rate': 0.0009581350002867466, 'epoch': 0.13}
{'loss': 0.6433, 'learning_rate': 0.0009569880139932328, 'epoch': 0.14}
{'loss': 0.6226, 'learning_rate': 0.0009558410276997191, 'epoch': 0.14}
{'loss': 0.6417, 'learning_rate': 0.0009546940414062051, 'epoch': 0.14}
{'loss': 0.6325, 'learning_rate': 0.0009535470551126914, 'epoch': 0.15}
{'loss': 0.642, 'learning_rate': 0.0009524000688191776, 'epoch': 0.15}
{'loss': 0.6253, 'learning_rate': 0.0009512530825256639, 'epoch': 0.15}
{'loss': 0.6471, 'learning_rate': 0.00095010609623215, 'epoch': 0.16}
{'loss': 0.6343, 'learning_rate': 0.0009489591099386362, 'epoch': 0.16}
{'loss': 0.6357, 'learning_rate': 0.0009478121236451225, 'epoch': 0.16}
{'loss': 0.6256, 'learning_rate': 0.0009466651373516087, 'epoch': 0.17}
{'loss': 0.6437, 'learning_rate': 0.0009455181510580949, 'epoch': 0.17}
{'eval_loss': 0.6267423033714294, 'eval_bce': 0.6214016133123308, 'eval_n_pos': 2024.0, 'eval_pos_rate': 0.09120814744716327, 'eval_auroc': 0.6263697385722498, 'eval_auprc': 0.18291626045907883, 'eval_mcc': 0.1412332260071343, 'eval_precision': 0.22302904564315354, 'eval_recall': 0.2124505928853755, 'eval_f1': 0.2176113360323887, 'eval_runtime': 20.4182, 'eval_samples_per_second': 1086.822, 'eval_steps_per_second': 16.995, 'epoch': 0.17}
{'loss': 0.6231, 'learning_rate': 0.000944371164764581, 'epoch': 0.17}
{'loss': 0.6523, 'learning_rate': 0.0009432241784710673, 'epoch': 0.18}
{'loss': 0.6355, 'learning_rate': 0.0009420771921775535, 'epoch': 0.18}
{'loss': 0.6494, 'learning_rate': 0.0009409302058840396, 'epoch': 0.19}
{'loss': 0.6146, 'learning_rate': 0.0009397832195905259, 'epoch': 0.19}
{'loss': 0.6189, 'learning_rate': 0.0009386362332970121, 'epoch': 0.19}
{'loss': 0.6425, 'learning_rate': 0.0009374892470034984, 'epoch': 0.2}
{'loss': 0.6085, 'learning_rate': 0.0009363422607099845, 'epoch': 0.2}
{'loss': 0.627, 'learning_rate': 0.0009351952744164708, 'epoch': 0.2}
{'loss': 0.6347, 'learning_rate': 0.000934048288122957, 'epoch': 0.21}
{'loss': 0.622, 'learning_rate': 0.0009329013018294431, 'epoch': 0.21}
{'loss': 0.638, 'learning_rate': 0.0009317543155359293, 'epoch': 0.21}
{'eval_loss': 0.6117054224014282, 'eval_bce': 0.6057863317943459, 'eval_n_pos': 2024.0, 'eval_pos_rate': 0.09120814744716327, 'eval_auroc': 0.6116226935915148, 'eval_auprc': 0.18247898232465284, 'eval_mcc': 0.1362148193486866, 'eval_precision': 0.23251417769376181, 'eval_recall': 0.18231225296442688, 'eval_f1': 0.20437551924674607, 'eval_runtime': 20.4153, 'eval_samples_per_second': 1086.981, 'eval_steps_per_second': 16.997, 'epoch': 0.21}
{'loss': 0.6522, 'learning_rate': 0.0009306073292424155, 'epoch': 0.22}
{'loss': 0.6111, 'learning_rate': 0.0009294603429489018, 'epoch': 0.22}
{'loss': 0.6299, 'learning_rate': 0.000928313356655388, 'epoch': 0.22}
{'loss': 0.6272, 'learning_rate': 0.0009271663703618742, 'epoch': 0.23}
{'loss': 0.6282, 'learning_rate': 0.0009260193840683604, 'epoch': 0.23}
{'loss': 0.6426, 'learning_rate': 0.0009248723977748467, 'epoch': 0.23}
{'loss': 0.6395, 'learning_rate': 0.0009237254114813329, 'epoch': 0.24}
{'loss': 0.6302, 'learning_rate': 0.0009225784251878189, 'epoch': 0.24}
{'loss': 0.6344, 'learning_rate': 0.0009214314388943052, 'epoch': 0.24}
{'loss': 0.6562, 'learning_rate': 0.0009202844526007914, 'epoch': 0.25}
{'loss': 0.6342, 'learning_rate': 0.0009191374663072777, 'epoch': 0.25}
{'loss': 0.6408, 'learning_rate': 0.0009179904800137638, 'epoch': 0.25}
{'loss': 0.6557, 'learning_rate': 0.0009168434937202501, 'epoch': 0.26}
{'eval_loss': 0.5868420004844666, 'eval_bce': 0.578192118398149, 'eval_n_pos': 2024.0, 'eval_pos_rate': 0.09120814744716327, 'eval_auroc': 0.6129812606239873, 'eval_auprc': 0.18040381337803582, 'eval_mcc': 0.1375621419769956, 'eval_precision': 0.2776617954070981, 'eval_recall': 0.13142292490118576, 'eval_f1': 0.1784037558685446, 'eval_runtime': 20.4123, 'eval_samples_per_second': 1087.136, 'eval_steps_per_second': 17.0, 'epoch': 0.26}
{'loss': 0.6339, 'learning_rate': 0.0009156965074267363, 'epoch': 0.26}
{'loss': 0.6354, 'learning_rate': 0.0009145495211332225, 'epoch': 0.26}
{'loss': 0.6399, 'learning_rate': 0.0009134025348397087, 'epoch': 0.27}
{'loss': 0.622, 'learning_rate': 0.0009122555485461948, 'epoch': 0.27}
{'loss': 0.6402, 'learning_rate': 0.0009111085622526811, 'epoch': 0.27}
{'loss': 0.6246, 'learning_rate': 0.0009099615759591673, 'epoch': 0.28}
{'loss': 0.6147, 'learning_rate': 0.0009088145896656535, 'epoch': 0.28}
{'loss': 0.6331, 'learning_rate': 0.0009076676033721397, 'epoch': 0.28}
{'loss': 0.6203, 'learning_rate': 0.0009065206170786259, 'epoch': 0.29}
{'loss': 0.6351, 'learning_rate': 0.0009053736307851122, 'epoch': 0.29}
{'loss': 0.6414, 'learning_rate': 0.0009042266444915983, 'epoch': 0.3}
{'loss': 0.5884, 'learning_rate': 0.0009030796581980846, 'epoch': 0.3}
{'eval_loss': 0.5886483192443848, 'eval_bce': 0.5804763431265871, 'eval_n_pos': 2024.0, 'eval_pos_rate': 0.09120814744716327, 'eval_auroc': 0.6274154412434826, 'eval_auprc': 0.1846338525689863, 'eval_mcc': 0.1451450779052609, 'eval_precision': 0.2473045822102426, 'eval_recall': 0.18132411067193677, 'eval_f1': 0.20923603192702397, 'eval_runtime': 20.4199, 'eval_samples_per_second': 1086.733, 'eval_steps_per_second': 16.993, 'epoch': 0.3}
{'loss': 0.626, 'learning_rate': 0.0009019326719045708, 'epoch': 0.3}
{'loss': 0.6072, 'learning_rate': 0.000900785685611057, 'epoch': 0.31}
{'loss': 0.6421, 'learning_rate': 0.0008996386993175431, 'epoch': 0.31}
{'loss': 0.6484, 'learning_rate': 0.0008984917130240294, 'epoch': 0.31}
{'loss': 0.6363, 'learning_rate': 0.0008973447267305156, 'epoch': 0.32}
{'loss': 0.6332, 'learning_rate': 0.0008961977404370018, 'epoch': 0.32}
{'loss': 0.6328, 'learning_rate': 0.000895050754143488, 'epoch': 0.32}
{'loss': 0.6435, 'learning_rate': 0.0008939037678499742, 'epoch': 0.33}
{'loss': 0.6174, 'learning_rate': 0.0008927567815564605, 'epoch': 0.33}
{'loss': 0.6451, 'learning_rate': 0.0008916097952629467, 'epoch': 0.33}
{'loss': 0.6254, 'learning_rate': 0.0008904628089694329, 'epoch': 0.34}
{'loss': 0.6246, 'learning_rate': 0.000889315822675919, 'epoch': 0.34}
{'loss': 0.6144, 'learning_rate': 0.0008881688363824052, 'epoch': 0.34}
{'eval_loss': 0.5776074528694153, 'eval_bce': 0.5689636030657488, 'eval_n_pos': 2024.0, 'eval_pos_rate': 0.09120814744716327, 'eval_auroc': 0.6280989263366306, 'eval_auprc': 0.18526720456588253, 'eval_mcc': 0.14926653694348205, 'eval_precision': 0.25815808556925307, 'eval_recall': 0.17588932806324112, 'eval_f1': 0.20922715251248897, 'eval_runtime': 20.4195, 'eval_samples_per_second': 1086.757, 'eval_steps_per_second': 16.994, 'epoch': 0.34}
{'loss': 0.6545, 'learning_rate': 0.0008870218500888915, 'epoch': 0.35}
{'loss': 0.6244, 'learning_rate': 0.0008858748637953776, 'epoch': 0.35}
{'loss': 0.613, 'learning_rate': 0.0008847278775018639, 'epoch': 0.35}
{'loss': 0.6165, 'learning_rate': 0.0008835808912083501, 'epoch': 0.36}
{'loss': 0.649, 'learning_rate': 0.0008824339049148363, 'epoch': 0.36}
{'loss': 0.5999, 'learning_rate': 0.0008812869186213225, 'epoch': 0.36}
{'loss': 0.6368, 'learning_rate': 0.0008801399323278086, 'epoch': 0.37}
{'loss': 0.6571, 'learning_rate': 0.0008789929460342949, 'epoch': 0.37}
{'loss': 0.6188, 'learning_rate': 0.000877845959740781, 'epoch': 0.37}
{'loss': 0.6268, 'learning_rate': 0.0008766989734472673, 'epoch': 0.38}
{'loss': 0.6631, 'learning_rate': 0.0008755519871537535, 'epoch': 0.38}
{'loss': 0.612, 'learning_rate': 0.0008744050008602398, 'epoch': 0.38}
{'eval_loss': 0.5739516019821167, 'eval_bce': 0.5641801216148931, 'eval_n_pos': 2024.0, 'eval_pos_rate': 0.09120814744716327, 'eval_auroc': 0.6297479166548255, 'eval_auprc': 0.1932685543701374, 'eval_mcc': 0.16039394484352731, 'eval_precision': 0.27557251908396946, 'eval_recall': 0.1783596837944664, 'eval_f1': 0.21655668866226754, 'eval_runtime': 20.4193, 'eval_samples_per_second': 1086.764, 'eval_steps_per_second': 16.994, 'epoch': 0.39}
{'loss': 0.6299, 'learning_rate': 0.0008732580145667259, 'epoch': 0.39}
{'loss': 0.6176, 'learning_rate': 0.0008721110282732122, 'epoch': 0.39}
{'loss': 0.6257, 'learning_rate': 0.0008709640419796984, 'epoch': 0.39}
{'loss': 0.6532, 'learning_rate': 0.0008698170556861846, 'epoch': 0.4}
{'loss': 0.6222, 'learning_rate': 0.0008686700693926707, 'epoch': 0.4}
{'loss': 0.6285, 'learning_rate': 0.0008675230830991569, 'epoch': 0.4}
{'loss': 0.6399, 'learning_rate': 0.0008663760968056432, 'epoch': 0.41}
{'loss': 0.6076, 'learning_rate': 0.0008652291105121294, 'epoch': 0.41}
{'loss': 0.6078, 'learning_rate': 0.0008640821242186156, 'epoch': 0.42}
{'loss': 0.6404, 'learning_rate': 0.0008629351379251018, 'epoch': 0.42}
{'loss': 0.6361, 'learning_rate': 0.000861788151631588, 'epoch': 0.42}
{'loss': 0.6502, 'learning_rate': 0.0008606411653380743, 'epoch': 0.43}
{'loss': 0.6382, 'learning_rate': 0.0008594941790445604, 'epoch': 0.43}
{'eval_loss': 0.5725231170654297, 'eval_bce': 0.5636685848974867, 'eval_n_pos': 2024.0, 'eval_pos_rate': 0.09120814744716327, 'eval_auroc': 0.6255927653304396, 'eval_auprc': 0.17086794156492735, 'eval_mcc': 0.1314815322269591, 'eval_precision': 0.23533519553072627, 'eval_recall': 0.166501976284585, 'eval_f1': 0.19502314814814817, 'eval_runtime': 20.4293, 'eval_samples_per_second': 1086.235, 'eval_steps_per_second': 16.985, 'epoch': 0.43}
{'loss': 0.6384, 'learning_rate': 0.0008583471927510467, 'epoch': 0.43}
{'loss': 0.616, 'learning_rate': 0.0008572002064575328, 'epoch': 0.44}
{'loss': 0.6348, 'learning_rate': 0.0008560532201640191, 'epoch': 0.44}
{'loss': 0.628, 'learning_rate': 0.0008549062338705052, 'epoch': 0.44}
{'loss': 0.6507, 'learning_rate': 0.0008537592475769915, 'epoch': 0.45}
{'loss': 0.6236, 'learning_rate': 0.0008526122612834777, 'epoch': 0.45}
{'loss': 0.6183, 'learning_rate': 0.0008514652749899639, 'epoch': 0.45}
{'loss': 0.6064, 'learning_rate': 0.0008503182886964501, 'epoch': 0.46}
{'loss': 0.6506, 'learning_rate': 0.0008491713024029363, 'epoch': 0.46}
{'loss': 0.6392, 'learning_rate': 0.0008480243161094226, 'epoch': 0.46}
{'loss': 0.6231, 'learning_rate': 0.0008468773298159087, 'epoch': 0.47}
{'loss': 0.6115, 'learning_rate': 0.0008457303435223949, 'epoch': 0.47}
{'eval_loss': 0.565390408039093, 'eval_bce': 0.5532223488316349, 'eval_n_pos': 2024.0, 'eval_pos_rate': 0.09120814744716327, 'eval_auroc': 0.6376866553605458, 'eval_auprc': 0.1958605937011248, 'eval_mcc': 0.1641595667026269, 'eval_precision': 0.2836767036450079, 'eval_recall': 0.17687747035573123, 'eval_f1': 0.2178940961655508, 'eval_runtime': 20.4363, 'eval_samples_per_second': 1085.861, 'eval_steps_per_second': 16.98, 'epoch': 0.47}
{'loss': 0.6247, 'learning_rate': 0.0008445833572288811, 'epoch': 0.47}
{'loss': 0.6281, 'learning_rate': 0.0008434363709353673, 'epoch': 0.48}
{'loss': 0.618, 'learning_rate': 0.0008422893846418536, 'epoch': 0.48}
{'loss': 0.623, 'learning_rate': 0.0008411423983483397, 'epoch': 0.48}
{'loss': 0.6341, 'learning_rate': 0.000839995412054826, 'epoch': 0.49}
{'loss': 0.6237, 'learning_rate': 0.0008388484257613122, 'epoch': 0.49}
{'loss': 0.6339, 'learning_rate': 0.0008377014394677985, 'epoch': 0.49}
{'loss': 0.6312, 'learning_rate': 0.0008365544531742845, 'epoch': 0.5}
{'loss': 0.6177, 'learning_rate': 0.0008354074668807707, 'epoch': 0.5}
{'loss': 0.6097, 'learning_rate': 0.000834260480587257, 'epoch': 0.5}
{'loss': 0.6968, 'learning_rate': 0.0008331134942937432, 'epoch': 0.51}
{'loss': 0.6391, 'learning_rate': 0.0008319665080002294, 'epoch': 0.51}
{'loss': 0.6329, 'learning_rate': 0.0008308195217067156, 'epoch': 0.51}
{'eval_loss': 0.5621240735054016, 'eval_bce': 0.5513329297877128, 'eval_n_pos': 2024.0, 'eval_pos_rate': 0.09120814744716327, 'eval_auroc': 0.626076289661171, 'eval_auprc': 0.1791274055741211, 'eval_mcc': 0.13960196433399968, 'eval_precision': 0.254746835443038, 'eval_recall': 0.1590909090909091, 'eval_f1': 0.1958637469586375, 'eval_runtime': 20.3981, 'eval_samples_per_second': 1087.897, 'eval_steps_per_second': 17.011, 'epoch': 0.51}
{'loss': 0.6391, 'learning_rate': 0.0008296725354132019, 'epoch': 0.52}
{'loss': 0.6098, 'learning_rate': 0.0008285255491196881, 'epoch': 0.52}
{'loss': 0.6249, 'learning_rate': 0.0008273785628261743, 'epoch': 0.52}
{'loss': 0.6532, 'learning_rate': 0.0008262315765326605, 'epoch': 0.53}
{'loss': 0.6362, 'learning_rate': 0.0008250845902391466, 'epoch': 0.53}
{'loss': 0.6343, 'learning_rate': 0.0008239376039456329, 'epoch': 0.54}
{'loss': 0.6227, 'learning_rate': 0.000822790617652119, 'epoch': 0.54}
{'loss': 0.6148, 'learning_rate': 0.0008216436313586053, 'epoch': 0.54}
{'loss': 0.613, 'learning_rate': 0.0008204966450650915, 'epoch': 0.55}
{'loss': 0.582, 'learning_rate': 0.0008193496587715778, 'epoch': 0.55}
{'loss': 0.6546, 'learning_rate': 0.0008182026724780639, 'epoch': 0.55}
{'loss': 0.6502, 'learning_rate': 0.0008170556861845501, 'epoch': 0.56}
{'eval_loss': 0.5538151264190674, 'eval_bce': 0.5415755426289275, 'eval_n_pos': 2024.0, 'eval_pos_rate': 0.09120814744716327, 'eval_auroc': 0.632595581342431, 'eval_auprc': 0.19112132489273975, 'eval_mcc': 0.14844415311351838, 'eval_precision': 0.29132231404958675, 'eval_recall': 0.13932806324110672, 'eval_f1': 0.18850267379679145, 'eval_runtime': 20.4117, 'eval_samples_per_second': 1087.17, 'eval_steps_per_second': 17.0, 'epoch': 0.56}
{'loss': 0.6263, 'learning_rate': 0.0008159086998910364, 'epoch': 0.56}
{'loss': 0.6129, 'learning_rate': 0.0008147617135975225, 'epoch': 0.56}
{'loss': 0.6391, 'learning_rate': 0.0008136147273040087, 'epoch': 0.57}
{'loss': 0.6209, 'learning_rate': 0.0008124677410104949, 'epoch': 0.57}
{'loss': 0.6446, 'learning_rate': 0.0008113207547169812, 'epoch': 0.57}
{'loss': 0.6312, 'learning_rate': 0.0008101737684234673, 'epoch': 0.58}
{'loss': 0.6445, 'learning_rate': 0.0008090267821299535, 'epoch': 0.58}
{'loss': 0.6101, 'learning_rate': 0.0008078797958364398, 'epoch': 0.58}
{'loss': 0.6411, 'learning_rate': 0.000806732809542926, 'epoch': 0.59}
{'loss': 0.6266, 'learning_rate': 0.0008055858232494122, 'epoch': 0.59}
{'loss': 0.6516, 'learning_rate': 0.0008044388369558983, 'epoch': 0.59}
{'loss': 0.6191, 'learning_rate': 0.0008032918506623846, 'epoch': 0.6}
{'loss': 0.6455, 'learning_rate': 0.0008021448643688708, 'epoch': 0.6}
{'eval_loss': 0.5622879266738892, 'eval_bce': 0.5516136330234199, 'eval_n_pos': 2024.0, 'eval_pos_rate': 0.09120814744716327, 'eval_auroc': 0.6380215688134511, 'eval_auprc': 0.1857126479735832, 'eval_mcc': 0.15087775248815335, 'eval_precision': 0.2665627435697584, 'eval_recall': 0.16897233201581027, 'eval_f1': 0.20683398850922283, 'eval_runtime': 20.4, 'eval_samples_per_second': 1087.796, 'eval_steps_per_second': 17.01, 'epoch': 0.6}
{'loss': 0.6337, 'learning_rate': 0.000800997878075357, 'epoch': 0.6}
{'loss': 0.6228, 'learning_rate': 0.0007998508917818432, 'epoch': 0.61}
{'loss': 0.5991, 'learning_rate': 0.0007987039054883294, 'epoch': 0.61}
{'loss': 0.6072, 'learning_rate': 0.0007975569191948157, 'epoch': 0.61}
{'loss': 0.6276, 'learning_rate': 0.0007964099329013018, 'epoch': 0.62}
{'loss': 0.646, 'learning_rate': 0.0007952629466077881, 'epoch': 0.62}
{'loss': 0.6273, 'learning_rate': 0.0007941159603142742, 'epoch': 0.62}
{'loss': 0.6206, 'learning_rate': 0.0007929689740207605, 'epoch': 0.63}
{'loss': 0.635, 'learning_rate': 0.0007918219877272466, 'epoch': 0.63}
{'loss': 0.6438, 'learning_rate': 0.0007906750014337328, 'epoch': 0.63}
{'loss': 0.6134, 'learning_rate': 0.0007895280151402191, 'epoch': 0.64}
{'loss': 0.6489, 'learning_rate': 0.0007883810288467053, 'epoch': 0.64}
{'eval_loss': 0.5607739686965942, 'eval_bce': 0.5507299831408529, 'eval_n_pos': 2024.0, 'eval_pos_rate': 0.09120814744716327, 'eval_auroc': 0.6330700287970935, 'eval_auprc': 0.17654731584075828, 'eval_mcc': 0.13080855273593348, 'eval_precision': 0.24024024024024024, 'eval_recall': 0.15810276679841898, 'eval_f1': 0.1907032181168057, 'eval_runtime': 20.3985, 'eval_samples_per_second': 1087.873, 'eval_steps_per_second': 17.011, 'epoch': 0.64}
{'loss': 0.616, 'learning_rate': 0.0007872340425531915, 'epoch': 0.65}
{'loss': 0.6037, 'learning_rate': 0.0007860870562596777, 'epoch': 0.65}
{'loss': 0.6394, 'learning_rate': 0.000784940069966164, 'epoch': 0.65}
{'loss': 0.6183, 'learning_rate': 0.0007837930836726502, 'epoch': 0.66}
{'loss': 0.618, 'learning_rate': 0.0007826460973791363, 'epoch': 0.66}
{'loss': 0.604, 'learning_rate': 0.0007814991110856225, 'epoch': 0.66}
{'loss': 0.6492, 'learning_rate': 0.0007803521247921087, 'epoch': 0.67}
{'loss': 0.6284, 'learning_rate': 0.000779205138498595, 'epoch': 0.67}
{'loss': 0.6308, 'learning_rate': 0.0007780581522050811, 'epoch': 0.67}
{'loss': 0.6323, 'learning_rate': 0.0007769111659115674, 'epoch': 0.68}
{'loss': 0.6269, 'learning_rate': 0.0007757641796180536, 'epoch': 0.68}
{'loss': 0.63, 'learning_rate': 0.0007746171933245399, 'epoch': 0.68}
{'loss': 0.6339, 'learning_rate': 0.000773470207031026, 'epoch': 0.69}
{'eval_loss': 0.5569412112236023, 'eval_bce': 0.5455274223694724, 'eval_n_pos': 2024.0, 'eval_pos_rate': 0.09120814744716327, 'eval_auroc': 0.6341631370154075, 'eval_auprc': 0.1873193119227943, 'eval_mcc': 0.15670367736819235, 'eval_precision': 0.28218243819266836, 'eval_recall': 0.16353754940711462, 'eval_f1': 0.20706912730685015, 'eval_runtime': 20.4071, 'eval_samples_per_second': 1087.416, 'eval_steps_per_second': 17.004, 'epoch': 0.69}
{'loss': 0.6281, 'learning_rate': 0.0007723232207375121, 'epoch': 0.69}
{'loss': 0.6058, 'learning_rate': 0.0007711762344439984, 'epoch': 0.69}
{'loss': 0.6065, 'learning_rate': 0.0007700292481504846, 'epoch': 0.7}
{'loss': 0.5948, 'learning_rate': 0.0007688822618569708, 'epoch': 0.7}
{'loss': 0.6204, 'learning_rate': 0.000767735275563457, 'epoch': 0.7}
{'loss': 0.6167, 'learning_rate': 0.0007665882892699433, 'epoch': 0.71}
{'loss': 0.6407, 'learning_rate': 0.0007654413029764295, 'epoch': 0.71}
{'loss': 0.6117, 'learning_rate': 0.0007642943166829156, 'epoch': 0.71}
{'loss': 0.6623, 'learning_rate': 0.0007631473303894019, 'epoch': 0.72}
{'loss': 0.6567, 'learning_rate': 0.000762000344095888, 'epoch': 0.72}
{'loss': 0.6329, 'learning_rate': 0.0007608533578023743, 'epoch': 0.72}
{'loss': 0.6165, 'learning_rate': 0.0007597063715088604, 'epoch': 0.73}
{'eval_loss': 0.5614525675773621, 'eval_bce': 0.550917176299895, 'eval_n_pos': 2024.0, 'eval_pos_rate': 0.09120814744716327, 'eval_auroc': 0.6435748775393448, 'eval_auprc': 0.1873053326692594, 'eval_mcc': 0.15059665248071302, 'eval_precision': 0.2631975867269985, 'eval_recall': 0.1724308300395257, 'eval_f1': 0.2083582089552239, 'eval_runtime': 20.4115, 'eval_samples_per_second': 1087.181, 'eval_steps_per_second': 17.0, 'epoch': 0.73}
{'loss': 0.6335, 'learning_rate': 0.0007585593852153467, 'epoch': 0.73}
{'loss': 0.6259, 'learning_rate': 0.0007574123989218329, 'epoch': 0.73}
{'loss': 0.6035, 'learning_rate': 0.0007562654126283192, 'epoch': 0.74}
{'loss': 0.6027, 'learning_rate': 0.0007551184263348053, 'epoch': 0.74}
{'loss': 0.649, 'learning_rate': 0.0007539714400412915, 'epoch': 0.74}
{'loss': 0.6545, 'learning_rate': 0.0007528244537477778, 'epoch': 0.75}
{'loss': 0.6143, 'learning_rate': 0.000751677467454264, 'epoch': 0.75}
{'loss': 0.6121, 'learning_rate': 0.0007505304811607501, 'epoch': 0.75}
{'loss': 0.6491, 'learning_rate': 0.0007493834948672363, 'epoch': 0.76}
{'loss': 0.6058, 'learning_rate': 0.0007482365085737226, 'epoch': 0.76}
{'loss': 0.6195, 'learning_rate': 0.0007470895222802088, 'epoch': 0.77}
{'loss': 0.6075, 'learning_rate': 0.0007459425359866949, 'epoch': 0.77}
{'loss': 0.6416, 'learning_rate': 0.0007447955496931812, 'epoch': 0.77}
{'eval_loss': 0.55942302942276, 'eval_bce': 0.5481567394985458, 'eval_n_pos': 2024.0, 'eval_pos_rate': 0.09120814744716327, 'eval_auroc': 0.637545051194071, 'eval_auprc': 0.19202276835799648, 'eval_mcc': 0.15477758742826206, 'eval_precision': 0.27229676400947117, 'eval_recall': 0.17045454545454544, 'eval_f1': 0.20966271649954418, 'eval_runtime': 20.394, 'eval_samples_per_second': 1088.115, 'eval_steps_per_second': 17.015, 'epoch': 0.77}
{'loss': 0.6246, 'learning_rate': 0.0007436485633996674, 'epoch': 0.78}
{'loss': 0.6318, 'learning_rate': 0.0007425015771061537, 'epoch': 0.78}
{'loss': 0.6216, 'learning_rate': 0.0007413545908126398, 'epoch': 0.78}
{'loss': 0.6035, 'learning_rate': 0.000740207604519126, 'epoch': 0.79}
{'loss': 0.605, 'learning_rate': 0.0007390606182256122, 'epoch': 0.79}
{'loss': 0.6509, 'learning_rate': 0.0007379136319320984, 'epoch': 0.79}
{'loss': 0.6224, 'learning_rate': 0.0007367666456385846, 'epoch': 0.8}
{'loss': 0.6309, 'learning_rate': 0.0007356196593450708, 'epoch': 0.8}
{'loss': 0.6074, 'learning_rate': 0.0007344726730515571, 'epoch': 0.8}
{'loss': 0.608, 'learning_rate': 0.0007333256867580432, 'epoch': 0.81}
{'loss': 0.6111, 'learning_rate': 0.0007321787004645295, 'epoch': 0.81}
{'loss': 0.6143, 'learning_rate': 0.0007310317141710157, 'epoch': 0.81}
{'eval_loss': 0.5615874528884888, 'eval_bce': 0.5501250158439929, 'eval_n_pos': 2024.0, 'eval_pos_rate': 0.09120814744716327, 'eval_auroc': 0.6405916966844634, 'eval_auprc': 0.18884073119056022, 'eval_mcc': 0.14952941285718396, 'eval_precision': 0.25487465181058494, 'eval_recall': 0.1808300395256917, 'eval_f1': 0.21156069364161847, 'eval_runtime': 20.3998, 'eval_samples_per_second': 1087.807, 'eval_steps_per_second': 17.01, 'epoch': 0.81}
{'loss': 0.6326, 'learning_rate': 0.000729884727877502, 'epoch': 0.82}
{'loss': 0.6324, 'learning_rate': 0.000728737741583988, 'epoch': 0.82}
{'loss': 0.6354, 'learning_rate': 0.0007275907552904742, 'epoch': 0.82}
{'loss': 0.6062, 'learning_rate': 0.0007264437689969605, 'epoch': 0.83}
{'loss': 0.6198, 'learning_rate': 0.0007252967827034467, 'epoch': 0.83}
{'loss': 0.6183, 'learning_rate': 0.0007241497964099329, 'epoch': 0.83}
{'loss': 0.6258, 'learning_rate': 0.0007230028101164191, 'epoch': 0.84}
{'loss': 0.597, 'learning_rate': 0.0007218558238229054, 'epoch': 0.84}
{'loss': 0.5742, 'learning_rate': 0.0007207088375293916, 'epoch': 0.84}
{'loss': 0.6065, 'learning_rate': 0.0007195618512358776, 'epoch': 0.85}
{'loss': 0.6385, 'learning_rate': 0.0007184148649423639, 'epoch': 0.85}
{'loss': 0.6024, 'learning_rate': 0.0007172678786488501, 'epoch': 0.85}
{'loss': 0.6245, 'learning_rate': 0.0007161208923553364, 'epoch': 0.86}
{'eval_loss': 0.5582435131072998, 'eval_bce': 0.5477086324078875, 'eval_n_pos': 2024.0, 'eval_pos_rate': 0.09120814744716327, 'eval_auroc': 0.6348698104032906, 'eval_auprc': 0.18153714275081115, 'eval_mcc': 0.14061672248538687, 'eval_precision': 0.2487272727272727, 'eval_recall': 0.16897233201581027, 'eval_f1': 0.20123565754633715, 'eval_runtime': 20.4033, 'eval_samples_per_second': 1087.616, 'eval_steps_per_second': 17.007, 'epoch': 0.86}
{'loss': 0.6447, 'learning_rate': 0.0007149739060618225, 'epoch': 0.86}
{'loss': 0.6378, 'learning_rate': 0.0007138269197683088, 'epoch': 0.86}
{'loss': 0.6357, 'learning_rate': 0.000712679933474795, 'epoch': 0.87}
{'loss': 0.6287, 'learning_rate': 0.0007115329471812813, 'epoch': 0.87}
{'loss': 0.6342, 'learning_rate': 0.0007103859608877674, 'epoch': 0.87}
{'loss': 0.6524, 'learning_rate': 0.0007092389745942536, 'epoch': 0.88}
{'loss': 0.6408, 'learning_rate': 0.0007080919883007399, 'epoch': 0.88}
{'loss': 0.6054, 'learning_rate': 0.000706945002007226, 'epoch': 0.89}
{'loss': 0.6123, 'learning_rate': 0.0007057980157137122, 'epoch': 0.89}
{'loss': 0.6526, 'learning_rate': 0.0007046510294201984, 'epoch': 0.89}
{'loss': 0.6321, 'learning_rate': 0.0007035040431266847, 'epoch': 0.9}
{'loss': 0.6396, 'learning_rate': 0.0007023570568331709, 'epoch': 0.9}
{'eval_loss': 0.5504913330078125, 'eval_bce': 0.5386547295512497, 'eval_n_pos': 2024.0, 'eval_pos_rate': 0.09120814744716327, 'eval_auroc': 0.6355266160955233, 'eval_auprc': 0.1829809863137406, 'eval_mcc': 0.14574828160136957, 'eval_precision': 0.2732142857142857, 'eval_recall': 0.15118577075098813, 'eval_f1': 0.1946564885496183, 'eval_runtime': 20.4017, 'eval_samples_per_second': 1087.703, 'eval_steps_per_second': 17.008, 'epoch': 0.9}
{'loss': 0.6428, 'learning_rate': 0.000701210070539657, 'epoch': 0.9}
{'loss': 0.6082, 'learning_rate': 0.0007000630842461433, 'epoch': 0.91}
{'loss': 0.6843, 'learning_rate': 0.0006989160979526295, 'epoch': 0.91}
{'loss': 0.6388, 'learning_rate': 0.0006977691116591158, 'epoch': 0.91}
{'loss': 0.6145, 'learning_rate': 0.0006966221253656018, 'epoch': 0.92}
{'loss': 0.629, 'learning_rate': 0.0006954751390720881, 'epoch': 0.92}
{'loss': 0.6213, 'learning_rate': 0.0006943281527785743, 'epoch': 0.92}
{'loss': 0.6315, 'learning_rate': 0.0006931811664850605, 'epoch': 0.93}
{'loss': 0.6488, 'learning_rate': 0.0006920341801915467, 'epoch': 0.93}
{'loss': 0.6428, 'learning_rate': 0.0006908871938980329, 'epoch': 0.93}
{'loss': 0.6061, 'learning_rate': 0.0006897402076045192, 'epoch': 0.94}
{'loss': 0.6373, 'learning_rate': 0.0006885932213110054, 'epoch': 0.94}
{'loss': 0.646, 'learning_rate': 0.0006874462350174916, 'epoch': 0.94}
{'eval_loss': 0.5507495403289795, 'eval_bce': 0.5386203122529223, 'eval_n_pos': 2024.0, 'eval_pos_rate': 0.09120814744716327, 'eval_auroc': 0.6347071003562939, 'eval_auprc': 0.1893200462960553, 'eval_mcc': 0.15182322147046295, 'eval_precision': 0.28666035950804164, 'eval_recall': 0.14970355731225296, 'eval_f1': 0.19668938656280427, 'eval_runtime': 20.4091, 'eval_samples_per_second': 1087.312, 'eval_steps_per_second': 17.002, 'epoch': 0.94}
{'loss': 0.6324, 'learning_rate': 0.0006862992487239777, 'epoch': 0.95}
{'loss': 0.642, 'learning_rate': 0.000685152262430464, 'epoch': 0.95}
{'loss': 0.614, 'learning_rate': 0.0006840052761369502, 'epoch': 0.95}
{'loss': 0.6258, 'learning_rate': 0.0006828582898434363, 'epoch': 0.96}
{'loss': 0.6258, 'learning_rate': 0.0006817113035499226, 'epoch': 0.96}
{'loss': 0.6165, 'learning_rate': 0.0006805643172564088, 'epoch': 0.96}
{'loss': 0.6599, 'learning_rate': 0.0006794173309628951, 'epoch': 0.97}
{'loss': 0.621, 'learning_rate': 0.0006782703446693812, 'epoch': 0.97}
{'loss': 0.6028, 'learning_rate': 0.0006771233583758675, 'epoch': 0.97}
{'loss': 0.5978, 'learning_rate': 0.0006759763720823537, 'epoch': 0.98}
{'loss': 0.6369, 'learning_rate': 0.0006748293857888398, 'epoch': 0.98}
{'loss': 0.6231, 'learning_rate': 0.000673682399495326, 'epoch': 0.98}
{'eval_loss': 0.552075207233429, 'eval_bce': 0.5401148904196662, 'eval_n_pos': 2024.0, 'eval_pos_rate': 0.09120814744716327, 'eval_auroc': 0.6394883111395344, 'eval_auprc': 0.18543439457651356, 'eval_mcc': 0.14268575265669142, 'eval_precision': 0.26463104325699743, 'eval_recall': 0.1541501976284585, 'eval_f1': 0.19481735872619418, 'eval_runtime': 20.3966, 'eval_samples_per_second': 1087.977, 'eval_steps_per_second': 17.013, 'epoch': 0.99}
{'loss': 0.6292, 'learning_rate': 0.0006725354132018122, 'epoch': 0.99}
{'loss': 0.656, 'learning_rate': 0.0006713884269082985, 'epoch': 0.99}
{'loss': 0.6329, 'learning_rate': 0.0006702414406147847, 'epoch': 1.0}
{'loss': 0.6298, 'learning_rate': 0.0006690944543212709, 'epoch': 1.0}
{'loss': 0.6108, 'learning_rate': 0.0006679474680277571, 'epoch': 1.0}
{'loss': 0.6192, 'learning_rate': 0.0006668004817342433, 'epoch': 1.01}
{'loss': 0.61, 'learning_rate': 0.0006656534954407296, 'epoch': 1.01}
{'loss': 0.6465, 'learning_rate': 0.0006645065091472156, 'epoch': 1.01}
{'loss': 0.6166, 'learning_rate': 0.0006633595228537019, 'epoch': 1.02}
{'loss': 0.6438, 'learning_rate': 0.0006622125365601881, 'epoch': 1.02}
{'loss': 0.6374, 'learning_rate': 0.0006610655502666744, 'epoch': 1.02}
{'loss': 0.6447, 'learning_rate': 0.0006599185639731605, 'epoch': 1.03}
{'loss': 0.6078, 'learning_rate': 0.0006587715776796468, 'epoch': 1.03}
{'eval_loss': 0.5476000905036926, 'eval_bce': 0.5337255637429278, 'eval_n_pos': 2024.0, 'eval_pos_rate': 0.09120814744716327, 'eval_auroc': 0.6383673965667311, 'eval_auprc': 0.19657341420662547, 'eval_mcc': 0.16042985664319687, 'eval_precision': 0.30666666666666664, 'eval_recall': 0.14772727272727273, 'eval_f1': 0.1993997999333111, 'eval_runtime': 20.418, 'eval_samples_per_second': 1086.834, 'eval_steps_per_second': 16.995, 'epoch': 1.03}
{'loss': 0.6083, 'learning_rate': 0.000657624591386133, 'epoch': 1.03}
{'loss': 0.6149, 'learning_rate': 0.0006564776050926191, 'epoch': 1.04}
{'loss': 0.6621, 'learning_rate': 0.0006553306187991054, 'epoch': 1.04}
{'loss': 0.6266, 'learning_rate': 0.0006541836325055915, 'epoch': 1.04}
{'loss': 0.6185, 'learning_rate': 0.0006530366462120778, 'epoch': 1.05}
{'loss': 0.6296, 'learning_rate': 0.0006518896599185639, 'epoch': 1.05}
{'loss': 0.6218, 'learning_rate': 0.0006507426736250502, 'epoch': 1.05}
{'loss': 0.6218, 'learning_rate': 0.0006495956873315364, 'epoch': 1.06}
{'loss': 0.6079, 'learning_rate': 0.0006484487010380226, 'epoch': 1.06}
{'loss': 0.6364, 'learning_rate': 0.0006473017147445088, 'epoch': 1.06}
{'loss': 0.6466, 'learning_rate': 0.000646154728450995, 'epoch': 1.07}
{'loss': 0.6105, 'learning_rate': 0.0006450077421574813, 'epoch': 1.07}
{'eval_loss': 0.5435555577278137, 'eval_bce': 0.5296988689606318, 'eval_n_pos': 2024.0, 'eval_pos_rate': 0.09120814744716327, 'eval_auroc': 0.6408998204909951, 'eval_auprc': 0.1952890872128195, 'eval_mcc': 0.16167526901871396, 'eval_precision': 0.31364124597207305, 'eval_recall': 0.1442687747035573, 'eval_f1': 0.19763113367174281, 'eval_runtime': 20.3971, 'eval_samples_per_second': 1087.951, 'eval_steps_per_second': 17.012, 'epoch': 1.07}
{'loss': 0.6221, 'learning_rate': 0.0006438607558639675, 'epoch': 1.07}
{'loss': 0.6256, 'learning_rate': 0.0006427137695704536, 'epoch': 1.08}
{'loss': 0.6593, 'learning_rate': 0.0006415667832769398, 'epoch': 1.08}
{'loss': 0.6073, 'learning_rate': 0.000640419796983426, 'epoch': 1.08}
{'loss': 0.6463, 'learning_rate': 0.0006392728106899123, 'epoch': 1.09}
{'loss': 0.6326, 'learning_rate': 0.0006381258243963984, 'epoch': 1.09}
{'loss': 0.6379, 'learning_rate': 0.0006369788381028847, 'epoch': 1.09}
{'loss': 0.6002, 'learning_rate': 0.0006358318518093709, 'epoch': 1.1}
{'loss': 0.6218, 'learning_rate': 0.0006346848655158572, 'epoch': 1.1}
{'loss': 0.6237, 'learning_rate': 0.0006335378792223432, 'epoch': 1.1}
{'loss': 0.619, 'learning_rate': 0.0006323908929288295, 'epoch': 1.11}
{'loss': 0.64, 'learning_rate': 0.0006312439066353157, 'epoch': 1.11}
{'loss': 0.6364, 'learning_rate': 0.0006300969203418019, 'epoch': 1.12}
{'eval_loss': 0.5474298000335693, 'eval_bce': 0.5348071097767544, 'eval_n_pos': 2024.0, 'eval_pos_rate': 0.09120814744716327, 'eval_auroc': 0.6399235847080044, 'eval_auprc': 0.19773620581286833, 'eval_mcc': 0.1622994681357493, 'eval_precision': 0.2975970425138632, 'eval_recall': 0.1590909090909091, 'eval_f1': 0.20734063103670317, 'eval_runtime': 20.3901, 'eval_samples_per_second': 1088.323, 'eval_steps_per_second': 17.018, 'epoch': 1.12}
{'loss': 0.6457, 'learning_rate': 0.0006289499340482881, 'epoch': 1.12}
{'loss': 0.6175, 'learning_rate': 0.0006278029477547743, 'epoch': 1.12}
{'loss': 0.6071, 'learning_rate': 0.0006266559614612606, 'epoch': 1.13}
{'loss': 0.5966, 'learning_rate': 0.0006255089751677468, 'epoch': 1.13}
{'loss': 0.6233, 'learning_rate': 0.000624361988874233, 'epoch': 1.13}
{'loss': 0.6079, 'learning_rate': 0.0006232150025807192, 'epoch': 1.14}
{'loss': 0.6287, 'learning_rate': 0.0006220680162872053, 'epoch': 1.14}
{'loss': 0.6371, 'learning_rate': 0.0006209210299936916, 'epoch': 1.14}
{'loss': 0.6121, 'learning_rate': 0.0006197740437001777, 'epoch': 1.15}
{'loss': 0.606, 'learning_rate': 0.000618627057406664, 'epoch': 1.15}
{'loss': 0.6487, 'learning_rate': 0.0006174800711131502, 'epoch': 1.15}
{'loss': 0.6302, 'learning_rate': 0.0006163330848196365, 'epoch': 1.16}
{'eval_loss': 0.5439913272857666, 'eval_bce': 0.5314378361004024, 'eval_n_pos': 2024.0, 'eval_pos_rate': 0.09120814744716327, 'eval_auroc': 0.6386380124184403, 'eval_auprc': 0.19294967634512783, 'eval_mcc': 0.1512994888751844, 'eval_precision': 0.2866666666666667, 'eval_recall': 0.14871541501976285, 'eval_f1': 0.1958360442420299, 'eval_runtime': 20.4109, 'eval_samples_per_second': 1087.215, 'eval_steps_per_second': 17.001, 'epoch': 1.16}
{'loss': 0.6627, 'learning_rate': 0.0006151860985261226, 'epoch': 1.16}
{'loss': 0.6355, 'learning_rate': 0.0006140391122326089, 'epoch': 1.16}
{'loss': 0.6178, 'learning_rate': 0.0006128921259390951, 'epoch': 1.17}
{'loss': 0.6458, 'learning_rate': 0.0006117451396455813, 'epoch': 1.17}
{'loss': 0.6154, 'learning_rate': 0.0006105981533520674, 'epoch': 1.17}
{'loss': 0.6236, 'learning_rate': 0.0006094511670585536, 'epoch': 1.18}
{'loss': 0.6269, 'learning_rate': 0.0006083041807650399, 'epoch': 1.18}
{'loss': 0.6369, 'learning_rate': 0.0006071571944715261, 'epoch': 1.18}
{'loss': 0.6201, 'learning_rate': 0.0006060102081780123, 'epoch': 1.19}
{'loss': 0.6277, 'learning_rate': 0.0006048632218844985, 'epoch': 1.19}
{'loss': 0.6292, 'learning_rate': 0.0006037162355909847, 'epoch': 1.19}
{'loss': 0.6113, 'learning_rate': 0.000602569249297471, 'epoch': 1.2}
{'loss': 0.6385, 'learning_rate': 0.000601422263003957, 'epoch': 1.2}
{'eval_loss': 0.5498340129852295, 'eval_bce': 0.5373829580535083, 'eval_n_pos': 2024.0, 'eval_pos_rate': 0.09120814744716327, 'eval_auroc': 0.6395436053616335, 'eval_auprc': 0.1925021161153288, 'eval_mcc': 0.15238751207795967, 'eval_precision': 0.2801762114537445, 'eval_recall': 0.15711462450592886, 'eval_f1': 0.20132953466286801, 'eval_runtime': 20.4346, 'eval_samples_per_second': 1085.95, 'eval_steps_per_second': 16.981, 'epoch': 1.2}
{'loss': 0.623, 'learning_rate': 0.0006002752767104433, 'epoch': 1.2}
{'loss': 0.626, 'learning_rate': 0.0005991282904169295, 'epoch': 1.21}
{'loss': 0.6429, 'learning_rate': 0.0005979813041234158, 'epoch': 1.21}
{'loss': 0.6101, 'learning_rate': 0.0005968343178299019, 'epoch': 1.21}
{'loss': 0.6127, 'learning_rate': 0.0005956873315363881, 'epoch': 1.22}
{'loss': 0.6105, 'learning_rate': 0.0005945403452428744, 'epoch': 1.22}
{'loss': 0.6265, 'learning_rate': 0.0005933933589493606, 'epoch': 1.22}
{'loss': 0.6259, 'learning_rate': 0.0005922463726558468, 'epoch': 1.23}
{'loss': 0.6103, 'learning_rate': 0.000591099386362333, 'epoch': 1.23}
{'loss': 0.6343, 'learning_rate': 0.0005899524000688193, 'epoch': 1.24}
{'loss': 0.6366, 'learning_rate': 0.0005888054137753054, 'epoch': 1.24}
{'loss': 0.6279, 'learning_rate': 0.0005876584274817916, 'epoch': 1.24}
{'eval_loss': 0.5531399250030518, 'eval_bce': 0.5410108433574021, 'eval_n_pos': 2024.0, 'eval_pos_rate': 0.09120814744716327, 'eval_auroc': 0.634443527964422, 'eval_auprc': 0.18502677061344805, 'eval_mcc': 0.1484905311205216, 'eval_precision': 0.2669354838709677, 'eval_recall': 0.16353754940711462, 'eval_f1': 0.20281862745098037, 'eval_runtime': 20.4114, 'eval_samples_per_second': 1087.186, 'eval_steps_per_second': 17.0, 'epoch': 1.24}
{'loss': 0.6125, 'learning_rate': 0.0005865114411882778, 'epoch': 1.25}
{'loss': 0.617, 'learning_rate': 0.000585364454894764, 'epoch': 1.25}
{'loss': 0.6176, 'learning_rate': 0.0005842174686012503, 'epoch': 1.25}
{'loss': 0.6184, 'learning_rate': 0.0005830704823077364, 'epoch': 1.26}
{'loss': 0.6136, 'learning_rate': 0.0005819234960142227, 'epoch': 1.26}
{'loss': 0.644, 'learning_rate': 0.0005807765097207089, 'epoch': 1.26}
{'loss': 0.6193, 'learning_rate': 0.0005796295234271952, 'epoch': 1.27}
{'loss': 0.62, 'learning_rate': 0.0005784825371336812, 'epoch': 1.27}
{'loss': 0.617, 'learning_rate': 0.0005773355508401674, 'epoch': 1.27}
{'loss': 0.6058, 'learning_rate': 0.0005761885645466537, 'epoch': 1.28}
{'loss': 0.6359, 'learning_rate': 0.0005750415782531398, 'epoch': 1.28}
{'loss': 0.6236, 'learning_rate': 0.0005738945919596261, 'epoch': 1.28}
{'loss': 0.613, 'learning_rate': 0.0005727476056661123, 'epoch': 1.29}
{'eval_loss': 0.5587466955184937, 'eval_bce': 0.5478608760645068, 'eval_n_pos': 2024.0, 'eval_pos_rate': 0.09120814744716327, 'eval_auroc': 0.642397100809035, 'eval_auprc': 0.18923437959518633, 'eval_mcc': 0.15120311883582935, 'eval_precision': 0.2544097693351425, 'eval_recall': 0.18527667984189725, 'eval_f1': 0.21440823327615785, 'eval_runtime': 20.4196, 'eval_samples_per_second': 1086.748, 'eval_steps_per_second': 16.993, 'epoch': 1.29}
{'loss': 0.6563, 'learning_rate': 0.0005716006193725986, 'epoch': 1.29}
{'loss': 0.617, 'learning_rate': 0.0005704536330790847, 'epoch': 1.29}
{'loss': 0.6279, 'learning_rate': 0.0005693066467855708, 'epoch': 1.3}
{'loss': 0.6391, 'learning_rate': 0.0005681596604920571, 'epoch': 1.3}
{'loss': 0.6196, 'learning_rate': 0.0005670126741985433, 'epoch': 1.3}
{'loss': 0.6255, 'learning_rate': 0.0005658656879050295, 'epoch': 1.31}
{'loss': 0.5945, 'learning_rate': 0.0005647187016115157, 'epoch': 1.31}
{'loss': 0.6374, 'learning_rate': 0.000563571715318002, 'epoch': 1.31}
{'loss': 0.5959, 'learning_rate': 0.0005624247290244882, 'epoch': 1.32}
{'loss': 0.633, 'learning_rate': 0.0005612777427309744, 'epoch': 1.32}
{'loss': 0.6108, 'learning_rate': 0.0005601307564374606, 'epoch': 1.32}
{'loss': 0.6178, 'learning_rate': 0.0005589837701439468, 'epoch': 1.33}
{'eval_loss': 0.5506784319877625, 'eval_bce': 0.5382088458260702, 'eval_n_pos': 2024.0, 'eval_pos_rate': 0.09120814744716327, 'eval_auroc': 0.6399861796293439, 'eval_auprc': 0.19239797643489082, 'eval_mcc': 0.15165184872938442, 'eval_precision': 0.27183673469387754, 'eval_recall': 0.16452569169960474, 'eval_f1': 0.20498614958448752, 'eval_runtime': 20.428, 'eval_samples_per_second': 1086.305, 'eval_steps_per_second': 16.987, 'epoch': 1.33}
{'loss': 0.6152, 'learning_rate': 0.000557836783850433, 'epoch': 1.33}
{'loss': 0.6317, 'learning_rate': 0.0005566897975569191, 'epoch': 1.33}
{'loss': 0.5955, 'learning_rate': 0.0005555428112634054, 'epoch': 1.34}
{'loss': 0.6526, 'learning_rate': 0.0005543958249698916, 'epoch': 1.34}
{'loss': 0.6307, 'learning_rate': 0.0005532488386763779, 'epoch': 1.34}
{'loss': 0.6453, 'learning_rate': 0.000552101852382864, 'epoch': 1.35}
{'loss': 0.6135, 'learning_rate': 0.0005509548660893502, 'epoch': 1.35}
{'loss': 0.623, 'learning_rate': 0.0005498078797958365, 'epoch': 1.36}
{'loss': 0.6265, 'learning_rate': 0.0005486608935023227, 'epoch': 1.36}
{'loss': 0.6014, 'learning_rate': 0.0005475139072088088, 'epoch': 1.36}
{'loss': 0.6366, 'learning_rate': 0.000546366920915295, 'epoch': 1.37}
{'loss': 0.5997, 'learning_rate': 0.0005452199346217813, 'epoch': 1.37}
{'loss': 0.584, 'learning_rate': 0.0005440729483282675, 'epoch': 1.37}
{'eval_loss': 0.5576976537704468, 'eval_bce': 0.5460378204260532, 'eval_n_pos': 2024.0, 'eval_pos_rate': 0.09120814744716327, 'eval_auroc': 0.6401329163343789, 'eval_auprc': 0.19084608038137735, 'eval_mcc': 0.15402762275300777, 'eval_precision': 0.2636165577342048, 'eval_recall': 0.1793478260869565, 'eval_f1': 0.213466627462511, 'eval_runtime': 20.4229, 'eval_samples_per_second': 1086.576, 'eval_steps_per_second': 16.991, 'epoch': 1.37}
{'loss': 0.6232, 'learning_rate': 0.0005429259620347537, 'epoch': 1.38}
{'loss': 0.6466, 'learning_rate': 0.0005417789757412399, 'epoch': 1.38}
{'loss': 0.6282, 'learning_rate': 0.0005406319894477261, 'epoch': 1.38}
{'loss': 0.6297, 'learning_rate': 0.0005394850031542124, 'epoch': 1.39}
{'loss': 0.6078, 'learning_rate': 0.0005383380168606985, 'epoch': 1.39}
{'loss': 0.6315, 'learning_rate': 0.0005371910305671848, 'epoch': 1.39}
{'loss': 0.6366, 'learning_rate': 0.0005360440442736709, 'epoch': 1.4}
{'loss': 0.5998, 'learning_rate': 0.0005348970579801572, 'epoch': 1.4}
{'loss': 0.5964, 'learning_rate': 0.0005337500716866433, 'epoch': 1.4}
{'loss': 0.6185, 'learning_rate': 0.0005326030853931295, 'epoch': 1.41}
{'loss': 0.6309, 'learning_rate': 0.0005314560990996158, 'epoch': 1.41}
{'loss': 0.6056, 'learning_rate': 0.000530309112806102, 'epoch': 1.41}
{'eval_loss': 0.54657381772995, 'eval_bce': 0.5334271502728608, 'eval_n_pos': 2024.0, 'eval_pos_rate': 0.09120814744716327, 'eval_auroc': 0.6437968261459501, 'eval_auprc': 0.19788631690870706, 'eval_mcc': 0.15696639701660628, 'eval_precision': 0.28909090909090907, 'eval_recall': 0.15711462450592886, 'eval_f1': 0.2035851472471191, 'eval_runtime': 20.4095, 'eval_samples_per_second': 1087.286, 'eval_steps_per_second': 17.002, 'epoch': 1.42}
{'loss': 0.6316, 'learning_rate': 0.0005291621265125882, 'epoch': 1.42}
{'loss': 0.6016, 'learning_rate': 0.0005280151402190744, 'epoch': 1.42}
{'loss': 0.6361, 'learning_rate': 0.0005268681539255607, 'epoch': 1.42}
{'loss': 0.6024, 'learning_rate': 0.0005257211676320469, 'epoch': 1.43}
{'loss': 0.577, 'learning_rate': 0.0005245741813385329, 'epoch': 1.43}
{'loss': 0.633, 'learning_rate': 0.0005234271950450192, 'epoch': 1.43}
{'loss': 0.6025, 'learning_rate': 0.0005222802087515054, 'epoch': 1.44}
{'loss': 0.6139, 'learning_rate': 0.0005211332224579917, 'epoch': 1.44}
{'loss': 0.6489, 'learning_rate': 0.0005199862361644778, 'epoch': 1.44}
{'loss': 0.6005, 'learning_rate': 0.0005188392498709641, 'epoch': 1.45}
{'loss': 0.6289, 'learning_rate': 0.0005176922635774503, 'epoch': 1.45}
{'loss': 0.6194, 'learning_rate': 0.0005165452772839366, 'epoch': 1.45}
{'loss': 0.6215, 'learning_rate': 0.0005153982909904226, 'epoch': 1.46}
{'eval_loss': 0.5433328747749329, 'eval_bce': 0.5294767559322502, 'eval_n_pos': 2024.0, 'eval_pos_rate': 0.09120814744716327, 'eval_auroc': 0.6464777507025821, 'eval_auprc': 0.19893718537269928, 'eval_mcc': 0.15608982536973842, 'eval_precision': 0.29366602687140114, 'eval_recall': 0.15118577075098813, 'eval_f1': 0.19960861056751467, 'eval_runtime': 20.4229, 'eval_samples_per_second': 1086.575, 'eval_steps_per_second': 16.991, 'epoch': 1.46}
{'loss': 0.6249, 'learning_rate': 0.0005142513046969088, 'epoch': 1.46}
{'loss': 0.6289, 'learning_rate': 0.0005131043184033951, 'epoch': 1.47}
{'loss': 0.6377, 'learning_rate': 0.0005119573321098813, 'epoch': 1.47}
{'loss': 0.65, 'learning_rate': 0.0005108103458163675, 'epoch': 1.47}
{'loss': 0.6229, 'learning_rate': 0.0005096633595228537, 'epoch': 1.48}
{'loss': 0.6195, 'learning_rate': 0.00050851637322934, 'epoch': 1.48}
{'loss': 0.6418, 'learning_rate': 0.0005073693869358262, 'epoch': 1.48}
{'loss': 0.6285, 'learning_rate': 0.0005062224006423123, 'epoch': 1.49}
{'loss': 0.6385, 'learning_rate': 0.0005050754143487986, 'epoch': 1.49}
{'loss': 0.61, 'learning_rate': 0.0005039284280552847, 'epoch': 1.49}
{'loss': 0.6092, 'learning_rate': 0.0005027814417617709, 'epoch': 1.5}
{'loss': 0.6317, 'learning_rate': 0.0005016344554682571, 'epoch': 1.5}
{'eval_loss': 0.5403558015823364, 'eval_bce': 0.5256206263683743, 'eval_n_pos': 2024.0, 'eval_pos_rate': 0.09120814744716327, 'eval_auroc': 0.6453189239416093, 'eval_auprc': 0.20276540302625834, 'eval_mcc': 0.16511663280779904, 'eval_precision': 0.3167372881355932, 'eval_recall': 0.14772727272727273, 'eval_f1': 0.2014824797843666, 'eval_runtime': 20.4266, 'eval_samples_per_second': 1086.375, 'eval_steps_per_second': 16.988, 'epoch': 1.5}
{'loss': 0.6434, 'learning_rate': 0.0005004874691747434, 'epoch': 1.5}
{'loss': 0.5975, 'learning_rate': 0.0004993404828812296, 'epoch': 1.51}
{'loss': 0.6441, 'learning_rate': 0.0004981934965877158, 'epoch': 1.51}
{'loss': 0.6129, 'learning_rate': 0.000497046510294202, 'epoch': 1.51}
{'loss': 0.6258, 'learning_rate': 0.0004958995240006882, 'epoch': 1.52}
{'loss': 0.6399, 'learning_rate': 0.0004947525377071745, 'epoch': 1.52}
{'loss': 0.6104, 'learning_rate': 0.0004936055514136605, 'epoch': 1.52}
{'loss': 0.616, 'learning_rate': 0.0004924585651201468, 'epoch': 1.53}
{'loss': 0.6236, 'learning_rate': 0.000491311578826633, 'epoch': 1.53}
{'loss': 0.6107, 'learning_rate': 0.0004901645925331192, 'epoch': 1.53}
{'loss': 0.6568, 'learning_rate': 0.0004890176062396054, 'epoch': 1.54}
{'loss': 0.6185, 'learning_rate': 0.00048787061994609164, 'epoch': 1.54}
{'loss': 0.6176, 'learning_rate': 0.0004867236336525779, 'epoch': 1.54}
{'eval_loss': 0.543128252029419, 'eval_bce': 0.5295226361500119, 'eval_n_pos': 2024.0, 'eval_pos_rate': 0.09120814744716327, 'eval_auroc': 0.6366409404398176, 'eval_auprc': 0.19446466540180918, 'eval_mcc': 0.1488262384749672, 'eval_precision': 0.28434197886647455, 'eval_recall': 0.14624505928853754, 'eval_f1': 0.1931484502446982, 'eval_runtime': 20.4324, 'eval_samples_per_second': 1086.067, 'eval_steps_per_second': 16.983, 'epoch': 1.54}
{'loss': 0.5933, 'learning_rate': 0.0004855766473590641, 'epoch': 1.55}
{'loss': 0.6206, 'learning_rate': 0.00048442966106555026, 'epoch': 1.55}
{'loss': 0.6534, 'learning_rate': 0.00048328267477203645, 'epoch': 1.55}
{'loss': 0.6352, 'learning_rate': 0.0004821356884785227, 'epoch': 1.56}
{'loss': 0.6279, 'learning_rate': 0.0004809887021850089, 'epoch': 1.56}
{'loss': 0.6406, 'learning_rate': 0.0004798417158914951, 'epoch': 1.56}
{'loss': 0.6079, 'learning_rate': 0.0004786947295979813, 'epoch': 1.57}
{'loss': 0.5975, 'learning_rate': 0.00047754774330446755, 'epoch': 1.57}
{'loss': 0.6095, 'learning_rate': 0.00047640075701095374, 'epoch': 1.57}
{'loss': 0.6273, 'learning_rate': 0.0004752537707174399, 'epoch': 1.58}
{'loss': 0.6311, 'learning_rate': 0.0004741067844239261, 'epoch': 1.58}
{'loss': 0.5823, 'learning_rate': 0.00047295979813041236, 'epoch': 1.59}
{'eval_loss': 0.5462031960487366, 'eval_bce': 0.5329960218122458, 'eval_n_pos': 2024.0, 'eval_pos_rate': 0.09120814744716327, 'eval_auroc': 0.6431608200968552, 'eval_auprc': 0.19411596711649826, 'eval_mcc': 0.1520735781174431, 'eval_precision': 0.279090113735783, 'eval_recall': 0.15760869565217392, 'eval_f1': 0.20145247868645408, 'eval_runtime': 20.4251, 'eval_samples_per_second': 1086.456, 'eval_steps_per_second': 16.989, 'epoch': 1.59}
{'loss': 0.635, 'learning_rate': 0.00047181281183689854, 'epoch': 1.59}
{'loss': 0.6484, 'learning_rate': 0.0004706658255433848, 'epoch': 1.59}
{'loss': 0.625, 'learning_rate': 0.000469518839249871, 'epoch': 1.6}
{'loss': 0.6432, 'learning_rate': 0.0004683718529563572, 'epoch': 1.6}
{'loss': 0.6226, 'learning_rate': 0.00046722486666284335, 'epoch': 1.6}
{'loss': 0.625, 'learning_rate': 0.0004660778803693296, 'epoch': 1.61}
{'loss': 0.6156, 'learning_rate': 0.0004649308940758158, 'epoch': 1.61}
{'loss': 0.6314, 'learning_rate': 0.000463783907782302, 'epoch': 1.61}
{'loss': 0.6321, 'learning_rate': 0.0004626369214887882, 'epoch': 1.62}
{'loss': 0.5976, 'learning_rate': 0.00046148993519527445, 'epoch': 1.62}
{'loss': 0.5961, 'learning_rate': 0.00046034294890176064, 'epoch': 1.62}
{'loss': 0.6111, 'learning_rate': 0.0004591959626082469, 'epoch': 1.63}
{'loss': 0.5906, 'learning_rate': 0.000458048976314733, 'epoch': 1.63}
{'eval_loss': 0.5582492351531982, 'eval_bce': 0.5467438686137498, 'eval_n_pos': 2024.0, 'eval_pos_rate': 0.09120814744716327, 'eval_auroc': 0.6450964853551894, 'eval_auprc': 0.19404017708563198, 'eval_mcc': 0.15819183169178694, 'eval_precision': 0.2657243816254417, 'eval_recall': 0.1857707509881423, 'eval_f1': 0.2186682175050887, 'eval_runtime': 20.4193, 'eval_samples_per_second': 1086.767, 'eval_steps_per_second': 16.994, 'epoch': 1.63}
{'loss': 0.6229, 'learning_rate': 0.00045690199002121926, 'epoch': 1.63}
{'loss': 0.6408, 'learning_rate': 0.00045575500372770544, 'epoch': 1.64}
{'loss': 0.6079, 'learning_rate': 0.0004546080174341917, 'epoch': 1.64}
{'loss': 0.6284, 'learning_rate': 0.0004534610311406779, 'epoch': 1.64}
{'loss': 0.6251, 'learning_rate': 0.0004523140448471641, 'epoch': 1.65}
{'loss': 0.6106, 'learning_rate': 0.0004511670585536503, 'epoch': 1.65}
{'loss': 0.6223, 'learning_rate': 0.00045002007226013655, 'epoch': 1.65}
{'loss': 0.6279, 'learning_rate': 0.0004488730859666227, 'epoch': 1.66}
{'loss': 0.6295, 'learning_rate': 0.0004477260996731089, 'epoch': 1.66}
{'loss': 0.6523, 'learning_rate': 0.0004465791133795951, 'epoch': 1.66}
{'loss': 0.6394, 'learning_rate': 0.00044543212708608135, 'epoch': 1.67}
{'loss': 0.6134, 'learning_rate': 0.00044428514079256754, 'epoch': 1.67}
{'eval_loss': 0.5425223112106323, 'eval_bce': 0.5293638626137821, 'eval_n_pos': 2024.0, 'eval_pos_rate': 0.09120814744716327, 'eval_auroc': 0.6401743441277193, 'eval_auprc': 0.19558061636735932, 'eval_mcc': 0.1586136040495449, 'eval_precision': 0.298828125, 'eval_recall': 0.15118577075098813, 'eval_f1': 0.20078740157480313, 'eval_runtime': 20.4261, 'eval_samples_per_second': 1086.403, 'eval_steps_per_second': 16.988, 'epoch': 1.67}
{'loss': 0.6221, 'learning_rate': 0.0004431381544990538, 'epoch': 1.67}
{'loss': 0.5961, 'learning_rate': 0.00044199116820553997, 'epoch': 1.68}
{'loss': 0.6148, 'learning_rate': 0.0004408441819120262, 'epoch': 1.68}
{'loss': 0.6167, 'learning_rate': 0.00043969719561851234, 'epoch': 1.68}
{'loss': 0.6336, 'learning_rate': 0.0004385502093249986, 'epoch': 1.69}
{'loss': 0.6423, 'learning_rate': 0.0004374032230314848, 'epoch': 1.69}
{'loss': 0.6194, 'learning_rate': 0.000436256236737971, 'epoch': 1.69}
{'loss': 0.6219, 'learning_rate': 0.0004351092504444572, 'epoch': 1.7}
{'loss': 0.6208, 'learning_rate': 0.00043396226415094345, 'epoch': 1.7}
{'loss': 0.5958, 'learning_rate': 0.00043281527785742963, 'epoch': 1.71}
{'loss': 0.6339, 'learning_rate': 0.0004316682915639158, 'epoch': 1.71}
{'loss': 0.6404, 'learning_rate': 0.000430521305270402, 'epoch': 1.71}
{'loss': 0.6297, 'learning_rate': 0.0004293743189768882, 'epoch': 1.72}
{'eval_loss': 0.5407076478004456, 'eval_bce': 0.5272848417410148, 'eval_n_pos': 2024.0, 'eval_pos_rate': 0.09120814744716327, 'eval_auroc': 0.6433323007825369, 'eval_auprc': 0.1974270676214077, 'eval_mcc': 0.15494754141381503, 'eval_precision': 0.30157068062827225, 'eval_recall': 0.1422924901185771, 'eval_f1': 0.1933534743202417, 'eval_runtime': 20.4352, 'eval_samples_per_second': 1085.918, 'eval_steps_per_second': 16.98, 'epoch': 1.72}
{'loss': 0.6239, 'learning_rate': 0.00042822733268337444, 'epoch': 1.72}
{'loss': 0.6047, 'learning_rate': 0.0004270803463898606, 'epoch': 1.72}
{'loss': 0.6379, 'learning_rate': 0.00042593336009634687, 'epoch': 1.73}
{'loss': 0.6531, 'learning_rate': 0.00042478637380283306, 'epoch': 1.73}
{'loss': 0.6041, 'learning_rate': 0.0004236393875093193, 'epoch': 1.73}
{'loss': 0.613, 'learning_rate': 0.00042249240121580543, 'epoch': 1.74}
{'loss': 0.6256, 'learning_rate': 0.0004213454149222917, 'epoch': 1.74}
{'loss': 0.6069, 'learning_rate': 0.00042019842862877786, 'epoch': 1.74}
{'loss': 0.6125, 'learning_rate': 0.0004190514423352641, 'epoch': 1.75}
{'loss': 0.6385, 'learning_rate': 0.0004179044560417503, 'epoch': 1.75}
{'loss': 0.6246, 'learning_rate': 0.00041675746974823653, 'epoch': 1.75}
{'loss': 0.65, 'learning_rate': 0.0004156104834547227, 'epoch': 1.76}
{'eval_loss': 0.5395562648773193, 'eval_bce': 0.5258060287179751, 'eval_n_pos': 2024.0, 'eval_pos_rate': 0.09120814744716327, 'eval_auroc': 0.6423042741331227, 'eval_auprc': 0.19493550272090066, 'eval_mcc': 0.14983809065230982, 'eval_precision': 0.2913705583756345, 'eval_recall': 0.141798418972332, 'eval_f1': 0.19076105018278494, 'eval_runtime': 20.431, 'eval_samples_per_second': 1086.144, 'eval_steps_per_second': 16.984, 'epoch': 1.76}
{'loss': 0.6264, 'learning_rate': 0.00041446349716120896, 'epoch': 1.76}
{'loss': 0.5939, 'learning_rate': 0.0004133165108676951, 'epoch': 1.76}
{'loss': 0.615, 'learning_rate': 0.00041216952457418134, 'epoch': 1.77}
{'loss': 0.6127, 'learning_rate': 0.0004110225382806675, 'epoch': 1.77}
{'loss': 0.6129, 'learning_rate': 0.00040987555198715377, 'epoch': 1.77}
{'loss': 0.6614, 'learning_rate': 0.00040872856569363996, 'epoch': 1.78}
{'loss': 0.6176, 'learning_rate': 0.0004075815794001262, 'epoch': 1.78}
{'loss': 0.6053, 'learning_rate': 0.0004064345931066124, 'epoch': 1.78}
{'loss': 0.6274, 'learning_rate': 0.00040528760681309863, 'epoch': 1.79}
{'loss': 0.6216, 'learning_rate': 0.00040414062051958476, 'epoch': 1.79}
{'loss': 0.6168, 'learning_rate': 0.000402993634226071, 'epoch': 1.79}
{'loss': 0.5837, 'learning_rate': 0.0004018466479325572, 'epoch': 1.8}
{'loss': 0.6096, 'learning_rate': 0.00040069966163904343, 'epoch': 1.8}
{'eval_loss': 0.5553832650184631, 'eval_bce': 0.5446286063863807, 'eval_n_pos': 2024.0, 'eval_pos_rate': 0.09120814744716327, 'eval_auroc': 0.6436037006019499, 'eval_auprc': 0.18654943026264348, 'eval_mcc': 0.1466863687584747, 'eval_precision': 0.2501708817498291, 'eval_recall': 0.1808300395256917, 'eval_f1': 0.20992256954402067, 'eval_runtime': 20.4293, 'eval_samples_per_second': 1086.233, 'eval_steps_per_second': 16.985, 'epoch': 1.8}
{'loss': 0.6407, 'learning_rate': 0.0003995526753455296, 'epoch': 1.8}
{'loss': 0.6073, 'learning_rate': 0.00039840568905201586, 'epoch': 1.81}
{'loss': 0.599, 'learning_rate': 0.00039725870275850205, 'epoch': 1.81}
{'loss': 0.6045, 'learning_rate': 0.00039611171646498824, 'epoch': 1.82}
{'loss': 0.6409, 'learning_rate': 0.0003949647301714744, 'epoch': 1.82}
{'loss': 0.6384, 'learning_rate': 0.00039381774387796067, 'epoch': 1.82}
{'loss': 0.6319, 'learning_rate': 0.00039267075758444686, 'epoch': 1.83}
{'loss': 0.6198, 'learning_rate': 0.0003915237712909331, 'epoch': 1.83}
{'loss': 0.6516, 'learning_rate': 0.0003903767849974193, 'epoch': 1.83}
{'loss': 0.6187, 'learning_rate': 0.00038922979870390553, 'epoch': 1.84}
{'loss': 0.6189, 'learning_rate': 0.0003880828124103917, 'epoch': 1.84}
{'loss': 0.6029, 'learning_rate': 0.0003869358261168779, 'epoch': 1.84}
{'eval_loss': 0.5485394597053528, 'eval_bce': 0.5359365635083627, 'eval_n_pos': 2024.0, 'eval_pos_rate': 0.09120814744716327, 'eval_auroc': 0.6432963117651403, 'eval_auprc': 0.19617193992340748, 'eval_mcc': 0.15547227145702588, 'eval_precision': 0.275750202757502, 'eval_recall': 0.16798418972332016, 'eval_f1': 0.20878108688977587, 'eval_runtime': 20.426, 'eval_samples_per_second': 1086.408, 'eval_steps_per_second': 16.988, 'epoch': 1.84}
{'loss': 0.6208, 'learning_rate': 0.0003857888398233641, 'epoch': 1.85}
{'loss': 0.6734, 'learning_rate': 0.00038464185352985033, 'epoch': 1.85}
{'loss': 0.6163, 'learning_rate': 0.0003834948672363365, 'epoch': 1.85}
{'loss': 0.599, 'learning_rate': 0.00038234788094282276, 'epoch': 1.86}
{'loss': 0.6191, 'learning_rate': 0.00038120089464930895, 'epoch': 1.86}
{'loss': 0.6414, 'learning_rate': 0.0003800539083557952, 'epoch': 1.86}
{'loss': 0.6211, 'learning_rate': 0.0003789069220622814, 'epoch': 1.87}
{'loss': 0.6311, 'learning_rate': 0.00037775993576876757, 'epoch': 1.87}
{'loss': 0.6143, 'learning_rate': 0.00037661294947525376, 'epoch': 1.87}
{'loss': 0.6276, 'learning_rate': 0.00037546596318174, 'epoch': 1.88}
{'loss': 0.6045, 'learning_rate': 0.0003743189768882262, 'epoch': 1.88}
{'loss': 0.6186, 'learning_rate': 0.00037317199059471243, 'epoch': 1.88}
{'loss': 0.6203, 'learning_rate': 0.0003720250043011986, 'epoch': 1.89}
{'eval_loss': 0.5487032532691956, 'eval_bce': 0.5359839793873576, 'eval_n_pos': 2024.0, 'eval_pos_rate': 0.09120814744716327, 'eval_auroc': 0.6441700560203721, 'eval_auprc': 0.1958167085709475, 'eval_mcc': 0.15791402312273944, 'eval_precision': 0.28211586901763225, 'eval_recall': 0.16600790513833993, 'eval_f1': 0.2090202177293935, 'eval_runtime': 20.422, 'eval_samples_per_second': 1086.621, 'eval_steps_per_second': 16.991, 'epoch': 1.89}
{'loss': 0.6368, 'learning_rate': 0.00037087801800768486, 'epoch': 1.89}
{'loss': 0.6495, 'learning_rate': 0.00036973103171417104, 'epoch': 1.89}
{'loss': 0.618, 'learning_rate': 0.00036858404542065723, 'epoch': 1.9}
{'loss': 0.5916, 'learning_rate': 0.0003674370591271434, 'epoch': 1.9}
{'loss': 0.6052, 'learning_rate': 0.00036629007283362966, 'epoch': 1.9}
{'loss': 0.6249, 'learning_rate': 0.00036514308654011585, 'epoch': 1.91}
{'loss': 0.63, 'learning_rate': 0.0003639961002466021, 'epoch': 1.91}
{'loss': 0.6513, 'learning_rate': 0.0003628491139530883, 'epoch': 1.91}
{'loss': 0.6389, 'learning_rate': 0.0003617021276595745, 'epoch': 1.92}
{'loss': 0.6144, 'learning_rate': 0.00036055514136606066, 'epoch': 1.92}
{'loss': 0.6042, 'learning_rate': 0.0003594081550725469, 'epoch': 1.92}
{'loss': 0.6285, 'learning_rate': 0.0003582611687790331, 'epoch': 1.93}
{'eval_loss': 0.5496322512626648, 'eval_bce': 0.5373081167524922, 'eval_n_pos': 2024.0, 'eval_pos_rate': 0.09120814744716327, 'eval_auroc': 0.6424716757368463, 'eval_auprc': 0.1891003505512142, 'eval_mcc': 0.1477302263573057, 'eval_precision': 0.2647058823529412, 'eval_recall': 0.16452569169960474, 'eval_f1': 0.20292504570383912, 'eval_runtime': 20.4265, 'eval_samples_per_second': 1086.385, 'eval_steps_per_second': 16.988, 'epoch': 1.93}
{'loss': 0.5942, 'learning_rate': 0.0003571141824855193, 'epoch': 1.93}
{'loss': 0.6273, 'learning_rate': 0.0003559671961920055, 'epoch': 1.94}
{'loss': 0.6251, 'learning_rate': 0.00035482020989849176, 'epoch': 1.94}
{'loss': 0.614, 'learning_rate': 0.00035367322360497794, 'epoch': 1.94}
{'loss': 0.635, 'learning_rate': 0.0003525262373114642, 'epoch': 1.95}
{'loss': 0.6147, 'learning_rate': 0.0003513792510179503, 'epoch': 1.95}
{'loss': 0.632, 'learning_rate': 0.0003502322647244365, 'epoch': 1.95}
{'loss': 0.6264, 'learning_rate': 0.00034908527843092275, 'epoch': 1.96}
{'loss': 0.602, 'learning_rate': 0.00034793829213740894, 'epoch': 1.96}
{'loss': 0.6066, 'learning_rate': 0.0003467913058438952, 'epoch': 1.96}
{'loss': 0.613, 'learning_rate': 0.00034564431955038137, 'epoch': 1.97}
{'loss': 0.605, 'learning_rate': 0.0003444973332568676, 'epoch': 1.97}
{'loss': 0.6025, 'learning_rate': 0.0003433503469633538, 'epoch': 1.97}
{'eval_loss': 0.5459365844726562, 'eval_bce': 0.5325263034525951, 'eval_n_pos': 2024.0, 'eval_pos_rate': 0.09120814744716327, 'eval_auroc': 0.6474220520511438, 'eval_auprc': 0.19834747496431362, 'eval_mcc': 0.15750787790366425, 'eval_precision': 0.28762243989314334, 'eval_recall': 0.15958498023715414, 'eval_f1': 0.20527486495074676, 'eval_runtime': 20.4267, 'eval_samples_per_second': 1086.374, 'eval_steps_per_second': 16.988, 'epoch': 1.97}
{'loss': 0.6305, 'learning_rate': 0.00034220336066984, 'epoch': 1.98}
{'loss': 0.6113, 'learning_rate': 0.00034105637437632617, 'epoch': 1.98}
{'loss': 0.6246, 'learning_rate': 0.0003399093880828124, 'epoch': 1.98}
{'loss': 0.6298, 'learning_rate': 0.0003387624017892986, 'epoch': 1.99}
{'loss': 0.6118, 'learning_rate': 0.00033761541549578484, 'epoch': 1.99}
{'loss': 0.6375, 'learning_rate': 0.00033646842920227103, 'epoch': 1.99}
{'loss': 0.6458, 'learning_rate': 0.0003353214429087573, 'epoch': 2.0}
{'loss': 0.6039, 'learning_rate': 0.0003341744566152434, 'epoch': 2.0}
{'loss': 0.6057, 'learning_rate': 0.00033302747032172965, 'epoch': 2.0}
{'loss': 0.6121, 'learning_rate': 0.00033188048402821584, 'epoch': 2.01}
{'loss': 0.6146, 'learning_rate': 0.0003307334977347021, 'epoch': 2.01}
{'loss': 0.6295, 'learning_rate': 0.00032958651144118827, 'epoch': 2.01}
{'eval_loss': 0.5492143034934998, 'eval_bce': 0.5366799599903098, 'eval_n_pos': 2024.0, 'eval_pos_rate': 0.09120814744716327, 'eval_auroc': 0.6422250933950526, 'eval_auprc': 0.19277525004522086, 'eval_mcc': 0.14423400657208477, 'eval_precision': 0.26706484641638223, 'eval_recall': 0.15464426877470355, 'eval_f1': 0.19586983729662077, 'eval_runtime': 20.4257, 'eval_samples_per_second': 1086.425, 'eval_steps_per_second': 16.988, 'epoch': 2.02}
{'loss': 0.6101, 'learning_rate': 0.0003284395251476745, 'epoch': 2.02}
{'loss': 0.6179, 'learning_rate': 0.0003272925388541607, 'epoch': 2.02}
{'loss': 0.625, 'learning_rate': 0.00032614555256064694, 'epoch': 2.02}
{'loss': 0.609, 'learning_rate': 0.00032499856626713307, 'epoch': 2.03}
{'loss': 0.6066, 'learning_rate': 0.0003238515799736193, 'epoch': 2.03}
{'loss': 0.6277, 'learning_rate': 0.0003227045936801055, 'epoch': 2.03}
{'loss': 0.6131, 'learning_rate': 0.00032155760738659174, 'epoch': 2.04}
{'loss': 0.6274, 'learning_rate': 0.00032041062109307793, 'epoch': 2.04}
{'loss': 0.6519, 'learning_rate': 0.0003192636347995642, 'epoch': 2.04}
{'loss': 0.6365, 'learning_rate': 0.00031811664850605036, 'epoch': 2.05}
{'loss': 0.6185, 'learning_rate': 0.0003169696622125366, 'epoch': 2.05}
{'loss': 0.6067, 'learning_rate': 0.00031582267591902274, 'epoch': 2.06}
{'loss': 0.6136, 'learning_rate': 0.000314675689625509, 'epoch': 2.06}
{'eval_loss': 0.5487498641014099, 'eval_bce': 0.536089946721753, 'eval_n_pos': 2024.0, 'eval_pos_rate': 0.09120814744716327, 'eval_auroc': 0.6432313771901853, 'eval_auprc': 0.1961834090691072, 'eval_mcc': 0.15280472048291976, 'eval_precision': 0.2757753562447611, 'eval_recall': 0.1625494071146245, 'eval_f1': 0.20453838980416536, 'eval_runtime': 20.4227, 'eval_samples_per_second': 1086.586, 'eval_steps_per_second': 16.991, 'epoch': 2.06}
{'loss': 0.6061, 'learning_rate': 0.00031352870333199517, 'epoch': 2.06}
{'loss': 0.5824, 'learning_rate': 0.0003123817170384814, 'epoch': 2.07}
{'loss': 0.6192, 'learning_rate': 0.0003112347307449676, 'epoch': 2.07}
{'loss': 0.6139, 'learning_rate': 0.00031008774445145384, 'epoch': 2.07}
{'loss': 0.6163, 'learning_rate': 0.00030894075815794, 'epoch': 2.08}
{'loss': 0.6205, 'learning_rate': 0.00030779377186442627, 'epoch': 2.08}
{'loss': 0.6268, 'learning_rate': 0.0003066467855709124, 'epoch': 2.08}
{'loss': 0.6357, 'learning_rate': 0.00030549979927739864, 'epoch': 2.09}
{'loss': 0.6152, 'learning_rate': 0.00030435281298388483, 'epoch': 2.09}
{'loss': 0.6109, 'learning_rate': 0.0003032058266903711, 'epoch': 2.09}
{'loss': 0.5971, 'learning_rate': 0.00030205884039685726, 'epoch': 2.1}
{'loss': 0.6175, 'learning_rate': 0.0003009118541033435, 'epoch': 2.1}
{'eval_loss': 0.54823237657547, 'eval_bce': 0.5356505928110138, 'eval_n_pos': 2024.0, 'eval_pos_rate': 0.09120814744716327, 'eval_auroc': 0.6418135838475998, 'eval_auprc': 0.1952058824191641, 'eval_mcc': 0.1482703303002863, 'eval_precision': 0.2728055077452668, 'eval_recall': 0.1566205533596838, 'eval_f1': 0.1989956057752668, 'eval_runtime': 20.4298, 'eval_samples_per_second': 1086.21, 'eval_steps_per_second': 16.985, 'epoch': 2.1}
{'loss': 0.5966, 'learning_rate': 0.0002997648678098297, 'epoch': 2.1}
{'loss': 0.6378, 'learning_rate': 0.0002986178815163159, 'epoch': 2.11}
{'loss': 0.6079, 'learning_rate': 0.00029747089522280207, 'epoch': 2.11}
{'loss': 0.6313, 'learning_rate': 0.0002963239089292883, 'epoch': 2.11}
{'loss': 0.6185, 'learning_rate': 0.0002951769226357745, 'epoch': 2.12}
{'loss': 0.6292, 'learning_rate': 0.00029402993634226074, 'epoch': 2.12}
{'loss': 0.6014, 'learning_rate': 0.0002928829500487469, 'epoch': 2.12}
{'loss': 0.6147, 'learning_rate': 0.00029173596375523317, 'epoch': 2.13}
{'loss': 0.603, 'learning_rate': 0.00029058897746171936, 'epoch': 2.13}
{'loss': 0.634, 'learning_rate': 0.00028944199116820554, 'epoch': 2.13}
{'loss': 0.6105, 'learning_rate': 0.00028829500487469173, 'epoch': 2.14}
{'loss': 0.6192, 'learning_rate': 0.000287148018581178, 'epoch': 2.14}
{'loss': 0.584, 'learning_rate': 0.00028600103228766416, 'epoch': 2.14}
{'eval_loss': 0.5474441647529602, 'eval_bce': 0.534638002756202, 'eval_n_pos': 2024.0, 'eval_pos_rate': 0.09120814744716327, 'eval_auroc': 0.6438639533805766, 'eval_auprc': 0.19781478246031803, 'eval_mcc': 0.15593530701618782, 'eval_precision': 0.2835951134380454, 'eval_recall': 0.16057312252964426, 'eval_f1': 0.20504731861198738, 'eval_runtime': 20.4294, 'eval_samples_per_second': 1086.226, 'eval_steps_per_second': 16.985, 'epoch': 2.14}
{'loss': 0.612, 'learning_rate': 0.0002848540459941504, 'epoch': 2.15}
{'loss': 0.6101, 'learning_rate': 0.0002837070597006366, 'epoch': 2.15}
{'loss': 0.6115, 'learning_rate': 0.00028256007340712283, 'epoch': 2.15}
{'loss': 0.628, 'learning_rate': 0.000281413087113609, 'epoch': 2.16}
{'loss': 0.6282, 'learning_rate': 0.0002802661008200952, 'epoch': 2.16}
{'loss': 0.6478, 'learning_rate': 0.0002791191145265814, 'epoch': 2.17}
{'loss': 0.6234, 'learning_rate': 0.0002779721282330676, 'epoch': 2.17}
{'loss': 0.6318, 'learning_rate': 0.0002768251419395538, 'epoch': 2.17}
{'loss': 0.6016, 'learning_rate': 0.00027567815564604, 'epoch': 2.18}
{'loss': 0.6248, 'learning_rate': 0.00027453116935252626, 'epoch': 2.18}
{'loss': 0.5992, 'learning_rate': 0.00027338418305901244, 'epoch': 2.18}
{'loss': 0.5856, 'learning_rate': 0.0002722371967654987, 'epoch': 2.19}
{'eval_loss': 0.5445582270622253, 'eval_bce': 0.531096927790045, 'eval_n_pos': 2024.0, 'eval_pos_rate': 0.09120814744716327, 'eval_auroc': 0.6438346035896704, 'eval_auprc': 0.1998166299322874, 'eval_mcc': 0.16177136183944069, 'eval_precision': 0.3025291828793774, 'eval_recall': 0.15365612648221344, 'eval_f1': 0.20380078636959373, 'eval_runtime': 20.4366, 'eval_samples_per_second': 1085.847, 'eval_steps_per_second': 16.979, 'epoch': 2.19}
{'loss': 0.6487, 'learning_rate': 0.0002710902104719848, 'epoch': 2.19}
{'loss': 0.6232, 'learning_rate': 0.00026994322417847106, 'epoch': 2.19}
{'loss': 0.624, 'learning_rate': 0.00026879623788495725, 'epoch': 2.2}
{'loss': 0.6177, 'learning_rate': 0.0002676492515914435, 'epoch': 2.2}
{'loss': 0.5989, 'learning_rate': 0.0002665022652979297, 'epoch': 2.2}
{'loss': 0.6715, 'learning_rate': 0.0002653552790044159, 'epoch': 2.21}
{'loss': 0.6361, 'learning_rate': 0.0002642082927109021, 'epoch': 2.21}
{'loss': 0.618, 'learning_rate': 0.0002630613064173883, 'epoch': 2.21}
{'loss': 0.6133, 'learning_rate': 0.0002619143201238745, 'epoch': 2.22}
{'loss': 0.6213, 'learning_rate': 0.0002607673338303607, 'epoch': 2.22}
{'loss': 0.6094, 'learning_rate': 0.0002596203475368469, 'epoch': 2.22}
{'loss': 0.6111, 'learning_rate': 0.00025847336124333316, 'epoch': 2.23}
{'loss': 0.5992, 'learning_rate': 0.00025732637494981934, 'epoch': 2.23}
{'eval_loss': 0.5458970069885254, 'eval_bce': 0.5329141374004701, 'eval_n_pos': 2024.0, 'eval_pos_rate': 0.09120814744716327, 'eval_auroc': 0.6413453713860804, 'eval_auprc': 0.19548105647171468, 'eval_mcc': 0.15382955006972662, 'eval_precision': 0.2859761686526123, 'eval_recall': 0.1541501976284585, 'eval_f1': 0.20032102728731943, 'eval_runtime': 20.4202, 'eval_samples_per_second': 1086.72, 'eval_steps_per_second': 16.993, 'epoch': 2.23}
{'loss': 0.5936, 'learning_rate': 0.0002561793886563056, 'epoch': 2.23}
{'loss': 0.6123, 'learning_rate': 0.0002550324023627918, 'epoch': 2.24}
{'loss': 0.5691, 'learning_rate': 0.00025388541606927796, 'epoch': 2.24}
{'loss': 0.6364, 'learning_rate': 0.00025273842977576415, 'epoch': 2.24}
{'loss': 0.6119, 'learning_rate': 0.0002515914434822504, 'epoch': 2.25}
{'loss': 0.5913, 'learning_rate': 0.0002504444571887366, 'epoch': 2.25}
{'loss': 0.601, 'learning_rate': 0.0002492974708952228, 'epoch': 2.25}
{'loss': 0.6243, 'learning_rate': 0.000248150484601709, 'epoch': 2.26}
{'loss': 0.6062, 'learning_rate': 0.0002470034983081952, 'epoch': 2.26}
{'loss': 0.6228, 'learning_rate': 0.00024585651201468144, 'epoch': 2.26}
{'loss': 0.6387, 'learning_rate': 0.0002447095257211676, 'epoch': 2.27}
{'loss': 0.6005, 'learning_rate': 0.00024356253942765387, 'epoch': 2.27}
{'eval_loss': 0.5418490171432495, 'eval_bce': 0.5279095603210479, 'eval_n_pos': 2024.0, 'eval_pos_rate': 0.09120814744716327, 'eval_auroc': 0.6450797647940095, 'eval_auprc': 0.20052310896079148, 'eval_mcc': 0.1614837739196879, 'eval_precision': 0.3047808764940239, 'eval_recall': 0.15118577075098813, 'eval_f1': 0.202113606340819, 'eval_runtime': 20.4351, 'eval_samples_per_second': 1085.928, 'eval_steps_per_second': 16.981, 'epoch': 2.27}
{'loss': 0.6411, 'learning_rate': 0.00024241555313414006, 'epoch': 2.27}
{'loss': 0.637, 'learning_rate': 0.00024126856684062627, 'epoch': 2.28}
{'loss': 0.619, 'learning_rate': 0.00024012158054711249, 'epoch': 2.28}
{'loss': 0.6031, 'learning_rate': 0.0002389745942535987, 'epoch': 2.29}
{'loss': 0.5813, 'learning_rate': 0.00023782760796008486, 'epoch': 2.29}
{'loss': 0.6121, 'learning_rate': 0.00023668062166657108, 'epoch': 2.29}
{'loss': 0.5998, 'learning_rate': 0.0002355336353730573, 'epoch': 2.3}
{'loss': 0.6308, 'learning_rate': 0.0002343866490795435, 'epoch': 2.3}
{'loss': 0.6359, 'learning_rate': 0.0002332396627860297, 'epoch': 2.3}
{'loss': 0.6155, 'learning_rate': 0.0002320926764925159, 'epoch': 2.31}
{'loss': 0.6007, 'learning_rate': 0.00023094569019900212, 'epoch': 2.31}
{'loss': 0.6533, 'learning_rate': 0.0002297987039054883, 'epoch': 2.31}
{'loss': 0.6277, 'learning_rate': 0.00022865171761197453, 'epoch': 2.32}
{'eval_loss': 0.5401570200920105, 'eval_bce': 0.5258649278520553, 'eval_n_pos': 2024.0, 'eval_pos_rate': 0.09120814744716327, 'eval_auroc': 0.6479948262051396, 'eval_auprc': 0.2018481052103415, 'eval_mcc': 0.16240478196173191, 'eval_precision': 0.3096707818930041, 'eval_recall': 0.14871541501976285, 'eval_f1': 0.20093457943925233, 'eval_runtime': 20.4346, 'eval_samples_per_second': 1085.952, 'eval_steps_per_second': 16.981, 'epoch': 2.32}
{'loss': 0.601, 'learning_rate': 0.00022750473131846074, 'epoch': 2.32}
{'loss': 0.6273, 'learning_rate': 0.00022635774502494696, 'epoch': 2.32}
{'loss': 0.6036, 'learning_rate': 0.00022521075873143314, 'epoch': 2.33}
{'loss': 0.6458, 'learning_rate': 0.00022406377243791936, 'epoch': 2.33}
{'loss': 0.6194, 'learning_rate': 0.00022291678614440557, 'epoch': 2.33}
{'loss': 0.6102, 'learning_rate': 0.0002217697998508918, 'epoch': 2.34}
{'loss': 0.6163, 'learning_rate': 0.00022062281355737798, 'epoch': 2.34}
{'loss': 0.6635, 'learning_rate': 0.0002194758272638642, 'epoch': 2.34}
{'loss': 0.6272, 'learning_rate': 0.0002183288409703504, 'epoch': 2.35}
{'loss': 0.6256, 'learning_rate': 0.00021718185467683662, 'epoch': 2.35}
{'loss': 0.6183, 'learning_rate': 0.0002160348683833228, 'epoch': 2.35}
{'loss': 0.6215, 'learning_rate': 0.00021488788208980902, 'epoch': 2.36}
{'eval_loss': 0.5393593311309814, 'eval_bce': 0.5250960173149238, 'eval_n_pos': 2024.0, 'eval_pos_rate': 0.09120814744716327, 'eval_auroc': 0.6493842007184671, 'eval_auprc': 0.20365622922100485, 'eval_mcc': 0.16046326464182784, 'eval_precision': 0.3103813559322034, 'eval_recall': 0.14476284584980237, 'eval_f1': 0.19743935309973046, 'eval_runtime': 20.4357, 'eval_samples_per_second': 1085.896, 'eval_steps_per_second': 16.98, 'epoch': 2.36}
{'loss': 0.6293, 'learning_rate': 0.00021374089579629524, 'epoch': 2.36}
{'loss': 0.6485, 'learning_rate': 0.00021259390950278145, 'epoch': 2.36}
{'loss': 0.6212, 'learning_rate': 0.00021144692320926764, 'epoch': 2.37}
{'loss': 0.6177, 'learning_rate': 0.00021029993691575386, 'epoch': 2.37}
{'loss': 0.6127, 'learning_rate': 0.00020915295062224007, 'epoch': 2.37}
{'loss': 0.5894, 'learning_rate': 0.00020800596432872629, 'epoch': 2.38}
{'loss': 0.6104, 'learning_rate': 0.00020685897803521247, 'epoch': 2.38}
{'loss': 0.6165, 'learning_rate': 0.0002057119917416987, 'epoch': 2.38}
{'loss': 0.6093, 'learning_rate': 0.0002045650054481849, 'epoch': 2.39}
{'loss': 0.6115, 'learning_rate': 0.00020341801915467112, 'epoch': 2.39}
{'loss': 0.5847, 'learning_rate': 0.0002022710328611573, 'epoch': 2.39}
{'loss': 0.6078, 'learning_rate': 0.00020112404656764352, 'epoch': 2.4}
{'loss': 0.6276, 'learning_rate': 0.00019997706027412974, 'epoch': 2.4}
{'eval_loss': 0.5450415015220642, 'eval_bce': 0.531780934810447, 'eval_n_pos': 2024.0, 'eval_pos_rate': 0.09120814744716327, 'eval_auroc': 0.648102560516917, 'eval_auprc': 0.20012468769095718, 'eval_mcc': 0.16288856620733272, 'eval_precision': 0.2982456140350877, 'eval_recall': 0.15958498023715414, 'eval_f1': 0.20791760540714518, 'eval_runtime': 20.4408, 'eval_samples_per_second': 1085.623, 'eval_steps_per_second': 16.976, 'epoch': 2.4}
{'loss': 0.6523, 'learning_rate': 0.00019883007398061592, 'epoch': 2.41}
{'loss': 0.6347, 'learning_rate': 0.00019768308768710214, 'epoch': 2.41}
{'loss': 0.6243, 'learning_rate': 0.00019653610139358835, 'epoch': 2.41}
{'loss': 0.6081, 'learning_rate': 0.00019538911510007457, 'epoch': 2.42}
{'loss': 0.6104, 'learning_rate': 0.00019424212880656076, 'epoch': 2.42}
{'loss': 0.6344, 'learning_rate': 0.00019309514251304697, 'epoch': 2.42}
{'loss': 0.6176, 'learning_rate': 0.00019194815621953319, 'epoch': 2.43}
{'loss': 0.6243, 'learning_rate': 0.0001908011699260194, 'epoch': 2.43}
{'loss': 0.587, 'learning_rate': 0.0001896541836325056, 'epoch': 2.43}
{'loss': 0.6395, 'learning_rate': 0.0001885071973389918, 'epoch': 2.44}
{'loss': 0.6019, 'learning_rate': 0.00018736021104547802, 'epoch': 2.44}
{'loss': 0.6256, 'learning_rate': 0.00018621322475196423, 'epoch': 2.44}
{'eval_loss': 0.5432246327400208, 'eval_bce': 0.529895955938561, 'eval_n_pos': 2024.0, 'eval_pos_rate': 0.09120814744716327, 'eval_auroc': 0.6484569506674602, 'eval_auprc': 0.20013635565158394, 'eval_mcc': 0.1588011476391732, 'eval_precision': 0.2948356807511737, 'eval_recall': 0.1551383399209486, 'eval_f1': 0.20330203949498218, 'eval_runtime': 20.4189, 'eval_samples_per_second': 1086.786, 'eval_steps_per_second': 16.994, 'epoch': 2.44}
{'loss': 0.6434, 'learning_rate': 0.00018506623845845042, 'epoch': 2.45}
{'loss': 0.6074, 'learning_rate': 0.00018391925216493664, 'epoch': 2.45}
{'loss': 0.6159, 'learning_rate': 0.00018277226587142285, 'epoch': 2.45}
{'loss': 0.6384, 'learning_rate': 0.00018162527957790907, 'epoch': 2.46}
{'loss': 0.6358, 'learning_rate': 0.00018047829328439525, 'epoch': 2.46}
{'loss': 0.6057, 'learning_rate': 0.00017933130699088147, 'epoch': 2.46}
{'loss': 0.5941, 'learning_rate': 0.00017818432069736768, 'epoch': 2.47}
{'loss': 0.6082, 'learning_rate': 0.0001770373344038539, 'epoch': 2.47}
{'loss': 0.6204, 'learning_rate': 0.00017589034811034009, 'epoch': 2.47}
{'loss': 0.6223, 'learning_rate': 0.0001747433618168263, 'epoch': 2.48}
{'loss': 0.6085, 'learning_rate': 0.00017359637552331252, 'epoch': 2.48}
{'loss': 0.6364, 'learning_rate': 0.00017244938922979873, 'epoch': 2.48}
{'loss': 0.6064, 'learning_rate': 0.00017130240293628492, 'epoch': 2.49}
{'eval_loss': 0.5404689908027649, 'eval_bce': 0.5265410221839961, 'eval_n_pos': 2024.0, 'eval_pos_rate': 0.09120814744716327, 'eval_auroc': 0.6460972078794243, 'eval_auprc': 0.20122231769681725, 'eval_mcc': 0.1622554068695234, 'eval_precision': 0.30935251798561153, 'eval_recall': 0.14871541501976285, 'eval_f1': 0.20086753420086753, 'eval_runtime': 20.4351, 'eval_samples_per_second': 1085.925, 'eval_steps_per_second': 16.981, 'epoch': 2.49}
{'loss': 0.6101, 'learning_rate': 0.00017015541664277113, 'epoch': 2.49}
{'loss': 0.5916, 'learning_rate': 0.00016900843034925735, 'epoch': 2.49}
{'loss': 0.6242, 'learning_rate': 0.00016786144405574356, 'epoch': 2.5}
{'loss': 0.6394, 'learning_rate': 0.00016671445776222975, 'epoch': 2.5}
{'loss': 0.6008, 'learning_rate': 0.00016556747146871597, 'epoch': 2.5}
{'loss': 0.6161, 'learning_rate': 0.00016442048517520218, 'epoch': 2.51}
{'loss': 0.615, 'learning_rate': 0.00016327349888168834, 'epoch': 2.51}
{'loss': 0.6087, 'learning_rate': 0.00016212651258817456, 'epoch': 2.52}
{'loss': 0.6301, 'learning_rate': 0.00016097952629466077, 'epoch': 2.52}
{'loss': 0.6335, 'learning_rate': 0.00015983254000114699, 'epoch': 2.52}
{'loss': 0.6088, 'learning_rate': 0.00015868555370763317, 'epoch': 2.53}
{'loss': 0.6263, 'learning_rate': 0.0001575385674141194, 'epoch': 2.53}
{'eval_loss': 0.5415402054786682, 'eval_bce': 0.5278421231739117, 'eval_n_pos': 2024.0, 'eval_pos_rate': 0.09120814744716327, 'eval_auroc': 0.6478330593692861, 'eval_auprc': 0.20279373540437343, 'eval_mcc': 0.16255274704854053, 'eval_precision': 0.3058589870903674, 'eval_recall': 0.15217391304347827, 'eval_f1': 0.20323325635103925, 'eval_runtime': 20.4378, 'eval_samples_per_second': 1085.785, 'eval_steps_per_second': 16.978, 'epoch': 2.53}
{'loss': 0.6274, 'learning_rate': 0.0001563915811206056, 'epoch': 2.53}
{'loss': 0.6288, 'learning_rate': 0.00015524459482709182, 'epoch': 2.54}
{'loss': 0.6391, 'learning_rate': 0.000154097608533578, 'epoch': 2.54}
{'loss': 0.625, 'learning_rate': 0.00015295062224006422, 'epoch': 2.54}
{'loss': 0.6463, 'learning_rate': 0.00015180363594655044, 'epoch': 2.55}
{'loss': 0.626, 'learning_rate': 0.00015065664965303665, 'epoch': 2.55}
{'loss': 0.6114, 'learning_rate': 0.00014950966335952284, 'epoch': 2.55}
{'loss': 0.5972, 'learning_rate': 0.00014836267706600905, 'epoch': 2.56}
{'loss': 0.6091, 'learning_rate': 0.00014721569077249527, 'epoch': 2.56}
{'loss': 0.6054, 'learning_rate': 0.00014606870447898148, 'epoch': 2.56}
{'loss': 0.6175, 'learning_rate': 0.00014492171818546767, 'epoch': 2.57}
{'loss': 0.6181, 'learning_rate': 0.00014377473189195389, 'epoch': 2.57}
{'loss': 0.6045, 'learning_rate': 0.0001426277455984401, 'epoch': 2.57}
{'eval_loss': 0.544751763343811, 'eval_bce': 0.5314911734713476, 'eval_n_pos': 2024.0, 'eval_pos_rate': 0.09120814744716327, 'eval_auroc': 0.6460478914110654, 'eval_auprc': 0.20076964437739617, 'eval_mcc': 0.16043619584269078, 'eval_precision': 0.29493087557603687, 'eval_recall': 0.15810276679841898, 'eval_f1': 0.20585397233837247, 'eval_runtime': 20.4228, 'eval_samples_per_second': 1086.579, 'eval_steps_per_second': 16.991, 'epoch': 2.57}
{'loss': 0.6341, 'learning_rate': 0.00014148075930492631, 'epoch': 2.58}
{'loss': 0.6099, 'learning_rate': 0.0001403337730114125, 'epoch': 2.58}
{'loss': 0.6327, 'learning_rate': 0.00013918678671789872, 'epoch': 2.58}
{'loss': 0.6018, 'learning_rate': 0.00013803980042438493, 'epoch': 2.59}
{'loss': 0.6062, 'learning_rate': 0.00013689281413087115, 'epoch': 2.59}
{'loss': 0.6127, 'learning_rate': 0.00013574582783735734, 'epoch': 2.59}
{'loss': 0.6184, 'learning_rate': 0.00013459884154384355, 'epoch': 2.6}
{'loss': 0.6002, 'learning_rate': 0.00013345185525032976, 'epoch': 2.6}
{'loss': 0.6113, 'learning_rate': 0.00013230486895681598, 'epoch': 2.6}
{'loss': 0.6275, 'learning_rate': 0.00013115788266330217, 'epoch': 2.61}
{'loss': 0.6251, 'learning_rate': 0.00013001089636978838, 'epoch': 2.61}
{'loss': 0.6314, 'learning_rate': 0.0001288639100762746, 'epoch': 2.61}
{'eval_loss': 0.5423038005828857, 'eval_bce': 0.5286968427976912, 'eval_n_pos': 2024.0, 'eval_pos_rate': 0.09120814744716327, 'eval_auroc': 0.6453022278794204, 'eval_auprc': 0.20124815385694414, 'eval_mcc': 0.15786754820496599, 'eval_precision': 0.2978515625, 'eval_recall': 0.15069169960474307, 'eval_f1': 0.20013123359580054, 'eval_runtime': 20.4159, 'eval_samples_per_second': 1086.948, 'eval_steps_per_second': 16.997, 'epoch': 2.62}
{'loss': 0.604, 'learning_rate': 0.00012771692378276079, 'epoch': 2.62}
{'loss': 0.6483, 'learning_rate': 0.000126569937489247, 'epoch': 2.62}
{'loss': 0.6348, 'learning_rate': 0.00012542295119573321, 'epoch': 2.62}
{'loss': 0.5852, 'learning_rate': 0.0001242759649022194, 'epoch': 2.63}
{'loss': 0.5919, 'learning_rate': 0.00012312897860870562, 'epoch': 2.63}
{'loss': 0.6251, 'learning_rate': 0.00012198199231519183, 'epoch': 2.64}
{'loss': 0.6383, 'learning_rate': 0.00012083500602167805, 'epoch': 2.64}
{'loss': 0.5802, 'learning_rate': 0.00011968801972816425, 'epoch': 2.64}
{'loss': 0.6181, 'learning_rate': 0.00011854103343465046, 'epoch': 2.65}
{'loss': 0.6242, 'learning_rate': 0.00011739404714113666, 'epoch': 2.65}
{'loss': 0.6041, 'learning_rate': 0.00011624706084762288, 'epoch': 2.65}
{'loss': 0.6609, 'learning_rate': 0.00011510007455410908, 'epoch': 2.66}
{'loss': 0.5933, 'learning_rate': 0.0001139530882605953, 'epoch': 2.66}
{'eval_loss': 0.543016791343689, 'eval_bce': 0.5295641958172032, 'eval_n_pos': 2024.0, 'eval_pos_rate': 0.09120814744716327, 'eval_auroc': 0.6458089282553916, 'eval_auprc': 0.20091005229076947, 'eval_mcc': 0.15986696419598942, 'eval_precision': 0.2975285171102662, 'eval_recall': 0.15464426877470355, 'eval_f1': 0.2035110533159948, 'eval_runtime': 20.4297, 'eval_samples_per_second': 1086.214, 'eval_steps_per_second': 16.985, 'epoch': 2.66}
{'loss': 0.6118, 'learning_rate': 0.0001128061019670815, 'epoch': 2.66}
{'loss': 0.6358, 'learning_rate': 0.00011165911567356771, 'epoch': 2.67}
{'loss': 0.6382, 'learning_rate': 0.00011051212938005391, 'epoch': 2.67}
{'loss': 0.6016, 'learning_rate': 0.00010936514308654013, 'epoch': 2.67}
{'loss': 0.639, 'learning_rate': 0.00010821815679302633, 'epoch': 2.68}
{'loss': 0.6037, 'learning_rate': 0.00010707117049951254, 'epoch': 2.68}
{'loss': 0.6395, 'learning_rate': 0.00010592418420599873, 'epoch': 2.68}
{'loss': 0.6184, 'learning_rate': 0.00010477719791248495, 'epoch': 2.69}
{'loss': 0.6234, 'learning_rate': 0.00010363021161897115, 'epoch': 2.69}
{'loss': 0.6123, 'learning_rate': 0.00010248322532545736, 'epoch': 2.69}
{'loss': 0.6238, 'learning_rate': 0.00010133623903194356, 'epoch': 2.7}
{'loss': 0.6089, 'learning_rate': 0.00010018925273842978, 'epoch': 2.7}
{'eval_loss': 0.5442171692848206, 'eval_bce': 0.5308397430454108, 'eval_n_pos': 2024.0, 'eval_pos_rate': 0.09120814744716327, 'eval_auroc': 0.6452320627699422, 'eval_auprc': 0.20051956809396174, 'eval_mcc': 0.15949109411466567, 'eval_precision': 0.2962264150943396, 'eval_recall': 0.1551383399209486, 'eval_f1': 0.20363164721141372, 'eval_runtime': 20.4216, 'eval_samples_per_second': 1086.641, 'eval_steps_per_second': 16.992, 'epoch': 2.7}
{'loss': 0.6277, 'learning_rate': 9.904226644491598e-05, 'epoch': 2.7}
{'loss': 0.6038, 'learning_rate': 9.78952801514022e-05, 'epoch': 2.71}
{'loss': 0.6317, 'learning_rate': 9.67482938578884e-05, 'epoch': 2.71}
{'loss': 0.6181, 'learning_rate': 9.56013075643746e-05, 'epoch': 2.71}
{'loss': 0.6054, 'learning_rate': 9.445432127086081e-05, 'epoch': 2.72}
{'loss': 0.6268, 'learning_rate': 9.330733497734701e-05, 'epoch': 2.72}
{'loss': 0.6116, 'learning_rate': 9.216034868383323e-05, 'epoch': 2.72}
{'loss': 0.6139, 'learning_rate': 9.101336239031943e-05, 'epoch': 2.73}
{'loss': 0.6347, 'learning_rate': 8.986637609680565e-05, 'epoch': 2.73}
{'loss': 0.6105, 'learning_rate': 8.871938980329185e-05, 'epoch': 2.73}
{'loss': 0.6187, 'learning_rate': 8.757240350977806e-05, 'epoch': 2.74}
{'loss': 0.6178, 'learning_rate': 8.642541721626426e-05, 'epoch': 2.74}
{'loss': 0.626, 'learning_rate': 8.527843092275048e-05, 'epoch': 2.74}
{'eval_loss': 0.5427024364471436, 'eval_bce': 0.5289820016929047, 'eval_n_pos': 2024.0, 'eval_pos_rate': 0.09120814744716327, 'eval_auroc': 0.6449722754721396, 'eval_auprc': 0.20079743312790382, 'eval_mcc': 0.1581506963807656, 'eval_precision': 0.2984344422700587, 'eval_recall': 0.15069169960474307, 'eval_f1': 0.20026263952724882, 'eval_runtime': 20.4043, 'eval_samples_per_second': 1087.565, 'eval_steps_per_second': 17.006, 'epoch': 2.74}
{'loss': 0.6055, 'learning_rate': 8.413144462923668e-05, 'epoch': 2.75}
{'loss': 0.5989, 'learning_rate': 8.29844583357229e-05, 'epoch': 2.75}
{'loss': 0.6068, 'learning_rate': 8.18374720422091e-05, 'epoch': 2.76}
{'loss': 0.654, 'learning_rate': 8.069048574869531e-05, 'epoch': 2.76}
{'loss': 0.6117, 'learning_rate': 7.954349945518151e-05, 'epoch': 2.76}
{'loss': 0.5996, 'learning_rate': 7.839651316166773e-05, 'epoch': 2.77}
{'loss': 0.6374, 'learning_rate': 7.724952686815393e-05, 'epoch': 2.77}
{'loss': 0.6318, 'learning_rate': 7.610254057464014e-05, 'epoch': 2.77}
{'loss': 0.6344, 'learning_rate': 7.495555428112634e-05, 'epoch': 2.78}
{'loss': 0.595, 'learning_rate': 7.380856798761256e-05, 'epoch': 2.78}
{'loss': 0.594, 'learning_rate': 7.266158169409876e-05, 'epoch': 2.78}
{'loss': 0.6174, 'learning_rate': 7.151459540058498e-05, 'epoch': 2.79}
{'eval_loss': 0.5444070100784302, 'eval_bce': 0.5310053766728554, 'eval_n_pos': 2024.0, 'eval_pos_rate': 0.09120814744716327, 'eval_auroc': 0.6456202737772014, 'eval_auprc': 0.20050506036735305, 'eval_mcc': 0.16263786597364163, 'eval_precision': 0.2993451824134705, 'eval_recall': 0.15810276679841898, 'eval_f1': 0.20691884901390237, 'eval_runtime': 20.435, 'eval_samples_per_second': 1085.928, 'eval_steps_per_second': 16.981, 'epoch': 2.79}
{'loss': 0.6147, 'learning_rate': 7.036760910707118e-05, 'epoch': 2.79}
{'loss': 0.5934, 'learning_rate': 6.922062281355739e-05, 'epoch': 2.79}
{'loss': 0.6305, 'learning_rate': 6.807363652004358e-05, 'epoch': 2.8}
{'loss': 0.6172, 'learning_rate': 6.69266502265298e-05, 'epoch': 2.8}
{'loss': 0.6134, 'learning_rate': 6.5779663933016e-05, 'epoch': 2.8}
{'loss': 0.6044, 'learning_rate': 6.463267763950221e-05, 'epoch': 2.81}
{'loss': 0.603, 'learning_rate': 6.348569134598841e-05, 'epoch': 2.81}
{'loss': 0.6098, 'learning_rate': 6.233870505247463e-05, 'epoch': 2.81}
{'loss': 0.6015, 'learning_rate': 6.119171875896083e-05, 'epoch': 2.82}
{'loss': 0.6176, 'learning_rate': 6.004473246544704e-05, 'epoch': 2.82}
{'loss': 0.6084, 'learning_rate': 5.889774617193325e-05, 'epoch': 2.82}
{'loss': 0.6158, 'learning_rate': 5.775075987841945e-05, 'epoch': 2.83}
{'loss': 0.6081, 'learning_rate': 5.660377358490566e-05, 'epoch': 2.83}
{'eval_loss': 0.5457963347434998, 'eval_bce': 0.5325206528335048, 'eval_n_pos': 2024.0, 'eval_pos_rate': 0.09120814744716327, 'eval_auroc': 0.6472055422204827, 'eval_auprc': 0.20088620617767503, 'eval_mcc': 0.16147804050714254, 'eval_precision': 0.29285714285714287, 'eval_recall': 0.16205533596837945, 'eval_f1': 0.20865139949109415, 'eval_runtime': 20.4295, 'eval_samples_per_second': 1086.223, 'eval_steps_per_second': 16.985, 'epoch': 2.83}
{'loss': 0.6114, 'learning_rate': 5.545678729139187e-05, 'epoch': 2.83}
{'loss': 0.6276, 'learning_rate': 5.4309800997878076e-05, 'epoch': 2.84}
{'loss': 0.6108, 'learning_rate': 5.3162814704364285e-05, 'epoch': 2.84}
{'loss': 0.6411, 'learning_rate': 5.201582841085049e-05, 'epoch': 2.84}
{'loss': 0.6275, 'learning_rate': 5.08688421173367e-05, 'epoch': 2.85}
{'loss': 0.6203, 'learning_rate': 4.972185582382291e-05, 'epoch': 2.85}
{'loss': 0.6239, 'learning_rate': 4.857486953030912e-05, 'epoch': 2.85}
{'loss': 0.6179, 'learning_rate': 4.7427883236795325e-05, 'epoch': 2.86}
{'loss': 0.6295, 'learning_rate': 4.628089694328153e-05, 'epoch': 2.86}
{'loss': 0.6283, 'learning_rate': 4.5133910649767735e-05, 'epoch': 2.86}
{'loss': 0.601, 'learning_rate': 4.398692435625394e-05, 'epoch': 2.87}
{'loss': 0.6277, 'learning_rate': 4.283993806274015e-05, 'epoch': 2.87}
{'eval_loss': 0.5435299873352051, 'eval_bce': 0.5299347045026395, 'eval_n_pos': 2024.0, 'eval_pos_rate': 0.09120814744716327, 'eval_auroc': 0.6466143815739367, 'eval_auprc': 0.20146338781820725, 'eval_mcc': 0.1645693403706918, 'eval_precision': 0.3038095238095238, 'eval_recall': 0.15760869565217392, 'eval_f1': 0.20754716981132076, 'eval_runtime': 20.4381, 'eval_samples_per_second': 1085.765, 'eval_steps_per_second': 16.978, 'epoch': 2.87}
{'loss': 0.6322, 'learning_rate': 4.169295176922636e-05, 'epoch': 2.88}
{'loss': 0.5909, 'learning_rate': 4.054596547571257e-05, 'epoch': 2.88}
{'loss': 0.6161, 'learning_rate': 3.939897918219877e-05, 'epoch': 2.88}
{'loss': 0.6268, 'learning_rate': 3.8251992888684976e-05, 'epoch': 2.89}
{'loss': 0.6307, 'learning_rate': 3.7105006595171184e-05, 'epoch': 2.89}
{'loss': 0.6354, 'learning_rate': 3.595802030165739e-05, 'epoch': 2.89}
{'loss': 0.6226, 'learning_rate': 3.48110340081436e-05, 'epoch': 2.9}
{'loss': 0.6153, 'learning_rate': 3.366404771462981e-05, 'epoch': 2.9}
{'loss': 0.6268, 'learning_rate': 3.251706142111602e-05, 'epoch': 2.9}
{'loss': 0.6077, 'learning_rate': 3.1370075127602225e-05, 'epoch': 2.91}
{'loss': 0.6062, 'learning_rate': 3.0223088834088433e-05, 'epoch': 2.91}
{'loss': 0.6218, 'learning_rate': 2.907610254057464e-05, 'epoch': 2.91}
{'loss': 0.6235, 'learning_rate': 2.792911624706085e-05, 'epoch': 2.92}
{'eval_loss': 0.5436531901359558, 'eval_bce': 0.5300337743756358, 'eval_n_pos': 2024.0, 'eval_pos_rate': 0.09120814744716327, 'eval_auroc': 0.6459266581553906, 'eval_auprc': 0.2010390724460284, 'eval_mcc': 0.16420130354393117, 'eval_precision': 0.304725168756027, 'eval_recall': 0.15612648221343872, 'eval_f1': 0.20646847435478602, 'eval_runtime': 20.4391, 'eval_samples_per_second': 1085.715, 'eval_steps_per_second': 16.977, 'epoch': 2.92}
{'loss': 0.6161, 'learning_rate': 2.6782129953547057e-05, 'epoch': 2.92}
{'loss': 0.6398, 'learning_rate': 2.5635143660033266e-05, 'epoch': 2.92}
{'loss': 0.652, 'learning_rate': 2.448815736651947e-05, 'epoch': 2.93}
{'loss': 0.6322, 'learning_rate': 2.334117107300568e-05, 'epoch': 2.93}
{'loss': 0.6206, 'learning_rate': 2.2194184779491886e-05, 'epoch': 2.93}
{'loss': 0.6365, 'learning_rate': 2.1047198485978095e-05, 'epoch': 2.94}
{'loss': 0.6147, 'learning_rate': 1.99002121924643e-05, 'epoch': 2.94}
{'loss': 0.5857, 'learning_rate': 1.8753225898950507e-05, 'epoch': 2.94}
{'loss': 0.6211, 'learning_rate': 1.7606239605436715e-05, 'epoch': 2.95}
{'loss': 0.6378, 'learning_rate': 1.6459253311922924e-05, 'epoch': 2.95}
{'loss': 0.6395, 'learning_rate': 1.5312267018409128e-05, 'epoch': 2.95}
{'loss': 0.6122, 'learning_rate': 1.4165280724895338e-05, 'epoch': 2.96}
{'eval_loss': 0.5433445572853088, 'eval_bce': 0.5296954666407157, 'eval_n_pos': 2024.0, 'eval_pos_rate': 0.09120814744716327, 'eval_auroc': 0.645824975094326, 'eval_auprc': 0.20079958912586826, 'eval_mcc': 0.16300296204132841, 'eval_precision': 0.3033816425120773, 'eval_recall': 0.1551383399209486, 'eval_f1': 0.20529584831644326, 'eval_runtime': 20.4222, 'eval_samples_per_second': 1086.613, 'eval_steps_per_second': 16.991, 'epoch': 2.96}
{'loss': 0.6279, 'learning_rate': 1.3018294431381544e-05, 'epoch': 2.96}
{'loss': 0.6191, 'learning_rate': 1.1871308137867753e-05, 'epoch': 2.96}
{'loss': 0.6116, 'learning_rate': 1.072432184435396e-05, 'epoch': 2.97}
{'loss': 0.6214, 'learning_rate': 9.577335550840169e-06, 'epoch': 2.97}
{'loss': 0.6148, 'learning_rate': 8.430349257326375e-06, 'epoch': 2.97}
{'loss': 0.6295, 'learning_rate': 7.2833629638125824e-06, 'epoch': 2.98}
{'loss': 0.6086, 'learning_rate': 6.1363766702987905e-06, 'epoch': 2.98}
{'loss': 0.6255, 'learning_rate': 4.989390376784997e-06, 'epoch': 2.99}
{'loss': 0.6263, 'learning_rate': 3.842404083271205e-06, 'epoch': 2.99}
{'loss': 0.6043, 'learning_rate': 2.6954177897574127e-06, 'epoch': 2.99}
{'loss': 0.6027, 'learning_rate': 1.5484314962436198e-06, 'epoch': 3.0}
{'loss': 0.6109, 'learning_rate': 4.014452027298274e-07, 'epoch': 3.0}
{'train_runtime': 2204.0397, 'train_samples_per_second': 253.852, 'train_steps_per_second': 7.934, 'train_loss': 0.623750220088421, 'epoch': 3.0}
    [a1] dev AUROC = 0.6493842007184671
[STEP 4[a1]] BEST 2a: s=100 dev_AUROC=0.6493842007184671 ckpt=/home/asm242/palmer_scratch/entexBERT-2_experiments/EN-TEx/experiments/ctcf_a1_multitrack/stage2_a1/runs/clf_2a_s100
=== STEP 5[a1]: score leak-free (a1, best 2a) ===
[load] ADASTRA eval: 251791 rows (pos=9071, neg=242720)
[windows] built 251791/251791  (dropped: 0 out-of-bounds, 0 bad-chrom; hg38-base!=ref on 0 kept rows)
[score] running twin inference on 251791 variants (dump_embeddings=False)...
Loaded weights from /home/asm242/palmer_scratch/entexBERT-2_experiments/EN-TEx/experiments/ctcf_a1_multitrack/stage2_a1/runs/clf_2a_s100/pytorch_model.bin
  missing keys: 0 | unexpected keys: 0
[score] task=classification -> ranking AUROC on 'delta'
[leakage] train.meta.csv: +16193 bins, 16193 seen total
[leakage] dev.meta.csv: +2019 bins, 18212 seen total
[leakage] 206210/251791 eval variants (81.90%) in a seen bin; 7480 ASB-positive. Dropped for leak_free.
[AUROC:full] balanced 9071 pos + 9071 neg  AUROC=0.6992 95%CI[0.6919,0.7066]  AUPRC=0.7270
[AUROC:leak_free] balanced 1591 pos + 1591 neg  AUROC=0.7082 95%CI[0.6913,0.7252]  AUPRC=0.7298

=== entexBERT-2 vs benchmark models (CTCF_AUROC, 11 models) ===
      Sei                  DNN       0.7668
      DeepSEA              DNN       0.7664
      Enformer             DNN       0.7338
  >>> entexBERT-2 (this run)   0.7082  <<<
      DeepBind_ChIP-seq    DNN       0.6596
      DeepBind_HT-SELEX    DNN       0.6296
      deltaSVM_ChIP-seq    kmer/gkm  0.6118
      tRap                 PWM       0.6076
      FABIAN-variant       PWM       0.5514
      Beluga               DNN       0.5423
      atSNP                PWM       0.5312
      motifbreakR          PWM       0.5283

[done] wrote /home/asm242/palmer_scratch/entexBERT-2_experiments/EN-TEx/experiments/ctcf_a1_multitrack/score_a1_adastra_metrics.json + /home/asm242/palmer_scratch/entexBERT-2_experiments/EN-TEx/experiments/ctcf_a1_multitrack/score_a1_adastra_perVariant.csv.gz
[filter] total_reads>=20: 790085/2391015 rows kept
[load] 790085 hetSNV rows over donors=['ENC-001', 'ENC-002', 'ENC-003', 'ENC-004']
[leakage] train.meta.csv: +16193 bins, 16193 seen total
[leakage] dev.meta.csv: +2019 bins, 18212 seen total

===== donor ENC-001: 176390 rows (pos=11296, neg=165094) =====
[windows] built 176390/176390  (dropped: 0 out-of-bounds, 0 bad-chrom; hg38-base!=ref on 0 kept rows)
[score] running twin inference on 176390 variants (dump_embeddings=False)...
Loaded weights from /home/asm242/palmer_scratch/entexBERT-2_experiments/EN-TEx/experiments/ctcf_a1_multitrack/stage2_a1/runs/clf_2a_s100/pytorch_model.bin
  missing keys: 0 | unexpected keys: 0
[leakage] 158545/176390 ENC-001 (cross-donor) variants in a seen bin (10090 positive).
  [ENC-001:full] AUROC=0.6641 CI[0.6569,0.6702] AUPRC=0.6978 n_pos=11296 | mag_Spearman=nan signed_Spearman=nan
  [ENC-001:leak_free] AUROC=0.6457 CI[0.6247,0.6660] AUPRC=0.6601 n_pos=1206 | mag_Spearman=nan signed_Spearman=nan
  --- per-tissue [leak_free] (>= 20 pos & neg) ---
    Peyers_patch                     AUROC=0.6148 n_pos=68 mag_Sp=nan
    adrenal_gland                    AUROC=0.7036 n_pos=78 mag_Sp=nan
    body_of_pancreas                 AUROC=0.7181 n_pos=189 mag_Sp=nan
    esophagus_muscularis_mucosa      AUROC=0.6420 n_pos=50 mag_Sp=nan
    esophagus_squamous_epithelium    AUROC=0.6051 n_pos=70 mag_Sp=nan
    gastroesophageal_sphincter       AUROC=0.7022 n_pos=38 mag_Sp=nan
    prostate_gland                   AUROC=0.6502 n_pos=98 mag_Sp=nan
    spleen                           AUROC=0.6384 n_pos=25 mag_Sp=nan
    testis                           AUROC=0.6181 n_pos=34 mag_Sp=nan
    thoracic_aorta                   AUROC=0.7105 n_pos=106 mag_Sp=nan
    tibial_artery                    AUROC=0.6481 n_pos=91 mag_Sp=nan
    tibial_nerve                     AUROC=0.6191 n_pos=52 mag_Sp=nan
    transverse_colon                 AUROC=0.6730 n_pos=143 mag_Sp=nan
    upper_lobe_of_left_lung          AUROC=0.6331 n_pos=110 mag_Sp=nan

===== donor ENC-002: 202506 rows (pos=10877, neg=191629) =====
[windows] built 202506/202506  (dropped: 0 out-of-bounds, 0 bad-chrom; hg38-base!=ref on 0 kept rows)
[score] running twin inference on 202506 variants (dump_embeddings=False)...
Loaded weights from /home/asm242/palmer_scratch/entexBERT-2_experiments/EN-TEx/experiments/ctcf_a1_multitrack/stage2_a1/runs/clf_2a_s100/pytorch_model.bin
  missing keys: 0 | unexpected keys: 0
[leakage] 180810/202506 ENC-002 (matched) variants in a seen bin (9668 positive).
  [ENC-002:full] AUROC=0.6890 CI[0.6824,0.6958] AUPRC=0.7319 n_pos=10877 | mag_Spearman=nan signed_Spearman=nan
  [ENC-002:leak_free] AUROC=0.7315 CI[0.7134,0.7509] AUPRC=0.7521 n_pos=1209 | mag_Spearman=nan signed_Spearman=nan
  --- per-tissue [leak_free] (>= 20 pos & neg) ---
    Peyers_patch                     AUROC=0.7151 n_pos=101 mag_Sp=nan
    adrenal_gland                    AUROC=0.7218 n_pos=81 mag_Sp=nan
    body_of_pancreas                 AUROC=0.6401 n_pos=138 mag_Sp=nan
    breast_epithelium                AUROC=0.6602 n_pos=32 mag_Sp=nan
    esophagus_muscularis_mucosa      AUROC=0.7439 n_pos=84 mag_Sp=nan
    esophagus_squamous_epithelium    AUROC=0.7714 n_pos=107 mag_Sp=nan
    gastroesophageal_sphincter       AUROC=0.6826 n_pos=49 mag_Sp=nan
    prostate_gland                   AUROC=0.7047 n_pos=56 mag_Sp=nan
    sigmoid_colon                    AUROC=0.7659 n_pos=42 mag_Sp=nan
    spleen                           AUROC=0.6920 n_pos=183 mag_Sp=nan
    testis                           AUROC=0.6896 n_pos=25 mag_Sp=nan
    thyroid_gland                    AUROC=0.7802 n_pos=101 mag_Sp=nan
    transverse_colon                 AUROC=0.7549 n_pos=73 mag_Sp=nan
    upper_lobe_of_left_lung          AUROC=0.7128 n_pos=98 mag_Sp=nan

===== donor ENC-003: 196350 rows (pos=10462, neg=185888) =====
[windows] built 196350/196350  (dropped: 0 out-of-bounds, 0 bad-chrom; hg38-base!=ref on 0 kept rows)
[score] running twin inference on 196350 variants (dump_embeddings=False)...
Loaded weights from /home/asm242/palmer_scratch/entexBERT-2_experiments/EN-TEx/experiments/ctcf_a1_multitrack/stage2_a1/runs/clf_2a_s100/pytorch_model.bin
  missing keys: 0 | unexpected keys: 0
[leakage] 175316/196350 ENC-003 (cross-donor) variants in a seen bin (9351 positive).
  [ENC-003:full] AUROC=0.6659 CI[0.6589,0.6732] AUPRC=0.7045 n_pos=10462 | mag_Spearman=nan signed_Spearman=nan
  [ENC-003:leak_free] AUROC=0.6925 CI[0.6695,0.7142] AUPRC=0.7105 n_pos=1111 | mag_Spearman=nan signed_Spearman=nan
  --- per-tissue [leak_free] (>= 20 pos & neg) ---
    Peyers_patch                     AUROC=0.7074 n_pos=85 mag_Sp=nan
    adrenal_gland                    AUROC=0.6166 n_pos=66 mag_Sp=nan
    body_of_pancreas                 AUROC=0.6649 n_pos=70 mag_Sp=nan
    coronary_artery                  AUROC=0.6129 n_pos=46 mag_Sp=nan
    esophagus_squamous_epithelium    AUROC=0.6807 n_pos=79 mag_Sp=nan
    gastrocnemius_medialis           AUROC=0.7033 n_pos=58 mag_Sp=nan
    gastroesophageal_sphincter       AUROC=0.7350 n_pos=57 mag_Sp=nan
    heart_left_ventricle             AUROC=0.6702 n_pos=85 mag_Sp=nan
    ovary                            AUROC=0.6181 n_pos=41 mag_Sp=nan
    right_lobe_of_liver              AUROC=0.6617 n_pos=76 mag_Sp=nan
    spleen                           AUROC=0.7630 n_pos=91 mag_Sp=nan
    thyroid_gland                    AUROC=0.6318 n_pos=32 mag_Sp=nan
    tibial_nerve                     AUROC=0.6784 n_pos=69 mag_Sp=nan
    transverse_colon                 AUROC=0.7650 n_pos=59 mag_Sp=nan
    upper_lobe_of_left_lung          AUROC=0.6547 n_pos=49 mag_Sp=nan
    uterus                           AUROC=0.7010 n_pos=79 mag_Sp=nan

===== donor ENC-004: 214839 rows (pos=10629, neg=204210) =====
[windows] built 214839/214839  (dropped: 0 out-of-bounds, 0 bad-chrom; hg38-base!=ref on 0 kept rows)
[score] running twin inference on 214839 variants (dump_embeddings=False)...
Loaded weights from /home/asm242/palmer_scratch/entexBERT-2_experiments/EN-TEx/experiments/ctcf_a1_multitrack/stage2_a1/runs/clf_2a_s100/pytorch_model.bin
  missing keys: 0 | unexpected keys: 0
[leakage] 191967/214839 ENC-004 (cross-donor) variants in a seen bin (9514 positive).
  [ENC-004:full] AUROC=0.6819 CI[0.6746,0.6893] AUPRC=0.7097 n_pos=10629 | mag_Spearman=nan signed_Spearman=nan
  [ENC-004:leak_free] AUROC=0.6714 CI[0.6493,0.6902] AUPRC=0.7003 n_pos=1115 | mag_Spearman=nan signed_Spearman=nan
  --- per-tissue [leak_free] (>= 20 pos & neg) ---
    adrenal_gland                    AUROC=0.5969 n_pos=46 mag_Sp=nan
    ascending_aorta                  AUROC=0.6868 n_pos=49 mag_Sp=nan
    body_of_pancreas                 AUROC=0.6797 n_pos=107 mag_Sp=nan
    breast_epithelium                AUROC=0.6920 n_pos=29 mag_Sp=nan
    esophagus_muscularis_mucosa      AUROC=0.6575 n_pos=28 mag_Sp=nan
    esophagus_squamous_epithelium    AUROC=0.6208 n_pos=50 mag_Sp=nan
    gastrocnemius_medialis           AUROC=0.6490 n_pos=66 mag_Sp=nan
    gastroesophageal_sphincter       AUROC=0.7621 n_pos=74 mag_Sp=nan
    heart_left_ventricle             AUROC=0.7809 n_pos=69 mag_Sp=nan
    ovary                            AUROC=0.5666 n_pos=26 mag_Sp=nan
    right_atrium_auricular_region    AUROC=0.7064 n_pos=49 mag_Sp=nan
    spleen                           AUROC=0.7042 n_pos=100 mag_Sp=nan
    stomach                          AUROC=0.7859 n_pos=52 mag_Sp=nan
    thyroid_gland                    AUROC=0.7146 n_pos=95 mag_Sp=nan
    tibial_nerve                     AUROC=0.6894 n_pos=75 mag_Sp=nan
    upper_lobe_of_left_lung          AUROC=0.6755 n_pos=71 mag_Sp=nan
    uterus                           AUROC=0.6668 n_pos=59 mag_Sp=nan

[write] /home/asm242/palmer_scratch/entexBERT-2_experiments/EN-TEx/experiments/ctcf_a1_multitrack/score_a1_hetsnv_perVariant.csv.gz  (790085 scored variants)
[write] /home/asm242/palmer_scratch/entexBERT-2_experiments/EN-TEx/experiments/ctcf_a1_multitrack/score_a1_hetsnv_summary.csv

=== donor-level (ALL-tissue) summary ===
  donor  donor_kind    regime    auroc  n_pos  mag_spearman  signed_spearman
ENC-001 cross-donor      full 0.664065  11296           NaN              NaN
ENC-001 cross-donor leak_free 0.645709   1206           NaN              NaN
ENC-002     matched      full 0.688956  10877           NaN              NaN
ENC-002     matched leak_free 0.731538   1209           NaN              NaN
ENC-003 cross-donor      full 0.665865  10462           NaN              NaN
ENC-003 cross-donor leak_free 0.692539   1111           NaN              NaN
ENC-004 cross-donor      full 0.681909  10629           NaN              NaN
ENC-004 cross-donor leak_free 0.671360   1115           NaN              NaN
[STEP 5[a1]] scored -> /home/asm242/palmer_scratch/entexBERT-2_experiments/EN-TEx/experiments/ctcf_a1_multitrack/score_a1_adastra*

=== STEP 4[nodapt]: Stage-2a s-sweep (nodapt) ===
--- [nodapt] Stage-2a s=31.6 -> /home/asm242/palmer_scratch/entexBERT-2_experiments/EN-TEx/experiments/ctcf_a1_multitrack/stage2_nodapt/runs/clf_2a_s31.6 ---
{'loss': 0.6856, 'learning_rate': 0.0004, 'epoch': 0.0}
{'loss': 0.6846, 'learning_rate': 0.0008, 'epoch': 0.01}
{'loss': 0.6881, 'learning_rate': 0.000999426506853243, 'epoch': 0.01}
{'loss': 0.7001, 'learning_rate': 0.0009982795205597294, 'epoch': 0.01}
{'loss': 0.6971, 'learning_rate': 0.0009971325342662154, 'epoch': 0.02}
{'loss': 0.6883, 'learning_rate': 0.0009959855479727017, 'epoch': 0.02}
{'loss': 0.6863, 'learning_rate': 0.000994838561679188, 'epoch': 0.02}
{'loss': 0.6921, 'learning_rate': 0.000993691575385674, 'epoch': 0.03}
{'loss': 0.692, 'learning_rate': 0.0009925445890921604, 'epoch': 0.03}
{'loss': 0.6936, 'learning_rate': 0.0009913976027986465, 'epoch': 0.03}
{'loss': 0.6854, 'learning_rate': 0.0009902506165051328, 'epoch': 0.04}
{'loss': 0.6936, 'learning_rate': 0.000989103630211619, 'epoch': 0.04}
{'eval_loss': 0.6730912923812866, 'eval_bce': 0.6721641307992111, 'eval_n_pos': 2024.0, 'eval_pos_rate': 0.09120814744716327, 'eval_auroc': 0.5035761299277516, 'eval_auprc': 0.09156774030424658, 'eval_mcc': 0.0, 'eval_precision': 0.0, 'eval_recall': 0.0, 'eval_f1': 0.0, 'eval_runtime': 19.9153, 'eval_samples_per_second': 1114.268, 'eval_steps_per_second': 17.424, 'epoch': 0.04}
{'loss': 0.6903, 'learning_rate': 0.0009879566439181052, 'epoch': 0.04}
{'loss': 0.6828, 'learning_rate': 0.0009868096576245915, 'epoch': 0.05}
{'loss': 0.6921, 'learning_rate': 0.0009856626713310775, 'epoch': 0.05}
{'loss': 0.6875, 'learning_rate': 0.0009845156850375638, 'epoch': 0.05}
{'loss': 0.6885, 'learning_rate': 0.00098336869874405, 'epoch': 0.06}
{'loss': 0.679, 'learning_rate': 0.0009822217124505362, 'epoch': 0.06}
{'loss': 0.6893, 'learning_rate': 0.0009810747261570225, 'epoch': 0.07}
{'loss': 0.6865, 'learning_rate': 0.0009799277398635088, 'epoch': 0.07}
{'loss': 0.6838, 'learning_rate': 0.0009787807535699949, 'epoch': 0.07}
{'loss': 0.6949, 'learning_rate': 0.000977633767276481, 'epoch': 0.08}
{'loss': 0.6867, 'learning_rate': 0.0009764867809829672, 'epoch': 0.08}
{'loss': 0.6984, 'learning_rate': 0.0009753397946894534, 'epoch': 0.08}
{'loss': 0.6823, 'learning_rate': 0.0009741928083959397, 'epoch': 0.09}
{'eval_loss': 0.6705012321472168, 'eval_bce': 0.6694521717362729, 'eval_n_pos': 2024.0, 'eval_pos_rate': 0.09120814744716327, 'eval_auroc': 0.5067143281465377, 'eval_auprc': 0.09249121656422057, 'eval_mcc': 0.0, 'eval_precision': 0.0, 'eval_recall': 0.0, 'eval_f1': 0.0, 'eval_runtime': 19.9577, 'eval_samples_per_second': 1111.901, 'eval_steps_per_second': 17.387, 'epoch': 0.09}
{'loss': 0.6822, 'learning_rate': 0.0009730458221024259, 'epoch': 0.09}
{'loss': 0.6945, 'learning_rate': 0.0009718988358089121, 'epoch': 0.09}
{'loss': 0.6847, 'learning_rate': 0.0009707518495153983, 'epoch': 0.1}
{'loss': 0.6924, 'learning_rate': 0.0009696048632218846, 'epoch': 0.1}
{'loss': 0.6866, 'learning_rate': 0.0009684578769283708, 'epoch': 0.1}
{'loss': 0.6931, 'learning_rate': 0.0009673108906348569, 'epoch': 0.11}
{'loss': 0.6925, 'learning_rate': 0.0009661639043413432, 'epoch': 0.11}
{'loss': 0.6797, 'learning_rate': 0.0009650169180478293, 'epoch': 0.11}
{'loss': 0.6907, 'learning_rate': 0.0009638699317543156, 'epoch': 0.12}
{'loss': 0.6905, 'learning_rate': 0.0009627229454608017, 'epoch': 0.12}
{'loss': 0.687, 'learning_rate': 0.000961575959167288, 'epoch': 0.12}
{'loss': 0.6894, 'learning_rate': 0.0009604289728737742, 'epoch': 0.13}
{'eval_loss': 0.6726417541503906, 'eval_bce': 0.6716937877718449, 'eval_n_pos': 2024.0, 'eval_pos_rate': 0.09120814744716327, 'eval_auroc': 0.5059987003775392, 'eval_auprc': 0.09342980487341414, 'eval_mcc': 0.0, 'eval_precision': 0.0, 'eval_recall': 0.0, 'eval_f1': 0.0, 'eval_runtime': 19.9764, 'eval_samples_per_second': 1110.863, 'eval_steps_per_second': 17.371, 'epoch': 0.13}
{'loss': 0.6795, 'learning_rate': 0.0009592819865802603, 'epoch': 0.13}
{'loss': 0.6946, 'learning_rate': 0.0009581350002867466, 'epoch': 0.13}
{'loss': 0.6871, 'learning_rate': 0.0009569880139932328, 'epoch': 0.14}
{'loss': 0.6829, 'learning_rate': 0.0009558410276997191, 'epoch': 0.14}
{'loss': 0.6921, 'learning_rate': 0.0009546940414062051, 'epoch': 0.14}
{'loss': 0.6871, 'learning_rate': 0.0009535470551126914, 'epoch': 0.15}
{'loss': 0.6874, 'learning_rate': 0.0009524000688191776, 'epoch': 0.15}
{'loss': 0.6897, 'learning_rate': 0.0009512530825256639, 'epoch': 0.15}
{'loss': 0.6963, 'learning_rate': 0.00095010609623215, 'epoch': 0.16}
{'loss': 0.6901, 'learning_rate': 0.0009489591099386362, 'epoch': 0.16}
{'loss': 0.6894, 'learning_rate': 0.0009478121236451225, 'epoch': 0.16}
{'loss': 0.687, 'learning_rate': 0.0009466651373516087, 'epoch': 0.17}
{'loss': 0.6972, 'learning_rate': 0.0009455181510580949, 'epoch': 0.17}
{'eval_loss': 0.6689841747283936, 'eval_bce': 0.6678632153485292, 'eval_n_pos': 2024.0, 'eval_pos_rate': 0.09120814744716327, 'eval_auroc': 0.4959986655889723, 'eval_auprc': 0.09041427916988345, 'eval_mcc': 0.0, 'eval_precision': 0.0, 'eval_recall': 0.0, 'eval_f1': 0.0, 'eval_runtime': 19.9633, 'eval_samples_per_second': 1111.59, 'eval_steps_per_second': 17.382, 'epoch': 0.17}
{'loss': 0.6857, 'learning_rate': 0.000944371164764581, 'epoch': 0.17}
{'loss': 0.6965, 'learning_rate': 0.0009432241784710673, 'epoch': 0.18}
{'loss': 0.6867, 'learning_rate': 0.0009420771921775535, 'epoch': 0.18}
{'loss': 0.6936, 'learning_rate': 0.0009409302058840396, 'epoch': 0.19}
{'loss': 0.6806, 'learning_rate': 0.0009397832195905259, 'epoch': 0.19}
{'loss': 0.6908, 'learning_rate': 0.0009386362332970121, 'epoch': 0.19}
{'loss': 0.6893, 'learning_rate': 0.0009374892470034984, 'epoch': 0.2}
{'loss': 0.6889, 'learning_rate': 0.0009363422607099845, 'epoch': 0.2}
{'loss': 0.6907, 'learning_rate': 0.0009351952744164708, 'epoch': 0.2}
{'loss': 0.6971, 'learning_rate': 0.000934048288122957, 'epoch': 0.21}
{'loss': 0.6891, 'learning_rate': 0.0009329013018294431, 'epoch': 0.21}
{'loss': 0.6826, 'learning_rate': 0.0009317543155359293, 'epoch': 0.21}
{'eval_loss': 0.6680031418800354, 'eval_bce': 0.6668363597940956, 'eval_n_pos': 2024.0, 'eval_pos_rate': 0.09120814744716327, 'eval_auroc': 0.4887030743881475, 'eval_auprc': 0.08910747347748883, 'eval_mcc': 0.0, 'eval_precision': 0.0, 'eval_recall': 0.0, 'eval_f1': 0.0, 'eval_runtime': 19.9805, 'eval_samples_per_second': 1110.635, 'eval_steps_per_second': 17.367, 'epoch': 0.21}
{'loss': 0.6884, 'learning_rate': 0.0009306073292424155, 'epoch': 0.22}
{'loss': 0.6938, 'learning_rate': 0.0009294603429489018, 'epoch': 0.22}
{'loss': 0.6885, 'learning_rate': 0.000928313356655388, 'epoch': 0.22}
{'loss': 0.6947, 'learning_rate': 0.0009271663703618742, 'epoch': 0.23}
{'loss': 0.6935, 'learning_rate': 0.0009260193840683604, 'epoch': 0.23}
{'loss': 0.6896, 'learning_rate': 0.0009248723977748467, 'epoch': 0.23}
{'loss': 0.6871, 'learning_rate': 0.0009237254114813329, 'epoch': 0.24}
{'loss': 0.689, 'learning_rate': 0.0009225784251878189, 'epoch': 0.24}
{'loss': 0.6931, 'learning_rate': 0.0009214314388943052, 'epoch': 0.24}
{'loss': 0.6944, 'learning_rate': 0.0009202844526007914, 'epoch': 0.25}
{'loss': 0.6898, 'learning_rate': 0.0009191374663072777, 'epoch': 0.25}
{'loss': 0.6894, 'learning_rate': 0.0009179904800137638, 'epoch': 0.25}
{'loss': 0.6948, 'learning_rate': 0.0009168434937202501, 'epoch': 0.26}
{'eval_loss': 0.6628269553184509, 'eval_bce': 0.6614131769686352, 'eval_n_pos': 2024.0, 'eval_pos_rate': 0.09120814744716327, 'eval_auroc': 0.5005137683347998, 'eval_auprc': 0.09116027860523629, 'eval_mcc': 0.0, 'eval_precision': 0.0, 'eval_recall': 0.0, 'eval_f1': 0.0, 'eval_runtime': 19.9709, 'eval_samples_per_second': 1111.165, 'eval_steps_per_second': 17.375, 'epoch': 0.26}
{'loss': 0.69, 'learning_rate': 0.0009156965074267363, 'epoch': 0.26}
{'loss': 0.6933, 'learning_rate': 0.0009145495211332225, 'epoch': 0.26}
{'loss': 0.6893, 'learning_rate': 0.0009134025348397087, 'epoch': 0.27}
{'loss': 0.6893, 'learning_rate': 0.0009122555485461948, 'epoch': 0.27}
{'loss': 0.6907, 'learning_rate': 0.0009111085622526811, 'epoch': 0.27}
{'loss': 0.6901, 'learning_rate': 0.0009099615759591673, 'epoch': 0.28}
{'loss': 0.689, 'learning_rate': 0.0009088145896656535, 'epoch': 0.28}
{'loss': 0.6886, 'learning_rate': 0.0009076676033721397, 'epoch': 0.28}
{'loss': 0.6923, 'learning_rate': 0.0009065206170786259, 'epoch': 0.29}
{'loss': 0.6934, 'learning_rate': 0.0009053736307851122, 'epoch': 0.29}
{'loss': 0.6938, 'learning_rate': 0.0009042266444915983, 'epoch': 0.3}
{'loss': 0.6912, 'learning_rate': 0.0009030796581980846, 'epoch': 0.3}
{'eval_loss': 0.6619827151298523, 'eval_bce': 0.6605285551478765, 'eval_n_pos': 2024.0, 'eval_pos_rate': 0.09120814744716327, 'eval_auroc': 0.5223149424636303, 'eval_auprc': 0.0961050368666134, 'eval_mcc': 0.0, 'eval_precision': 0.0, 'eval_recall': 0.0, 'eval_f1': 0.0, 'eval_runtime': 19.9819, 'eval_samples_per_second': 1110.555, 'eval_steps_per_second': 17.366, 'epoch': 0.3}
{'loss': 0.6913, 'learning_rate': 0.0009019326719045708, 'epoch': 0.3}
{'loss': 0.6858, 'learning_rate': 0.000900785685611057, 'epoch': 0.31}
{'loss': 0.6932, 'learning_rate': 0.0008996386993175431, 'epoch': 0.31}
{'loss': 0.6919, 'learning_rate': 0.0008984917130240294, 'epoch': 0.31}
{'loss': 0.6874, 'learning_rate': 0.0008973447267305156, 'epoch': 0.32}
{'loss': 0.689, 'learning_rate': 0.0008961977404370018, 'epoch': 0.32}
{'loss': 0.6935, 'learning_rate': 0.000895050754143488, 'epoch': 0.32}
{'loss': 0.6909, 'learning_rate': 0.0008939037678499742, 'epoch': 0.33}
{'loss': 0.6857, 'learning_rate': 0.0008927567815564605, 'epoch': 0.33}
{'loss': 0.6792, 'learning_rate': 0.0008916097952629467, 'epoch': 0.33}
{'loss': 0.6893, 'learning_rate': 0.0008904628089694329, 'epoch': 0.34}
{'loss': 0.689, 'learning_rate': 0.000889315822675919, 'epoch': 0.34}
{'loss': 0.6923, 'learning_rate': 0.0008881688363824052, 'epoch': 0.34}
{'eval_loss': 0.6578524708747864, 'eval_bce': 0.6561988946621088, 'eval_n_pos': 2024.0, 'eval_pos_rate': 0.09120814744716327, 'eval_auroc': 0.5039102839119439, 'eval_auprc': 0.09187424609552003, 'eval_mcc': 0.0, 'eval_precision': 0.0, 'eval_recall': 0.0, 'eval_f1': 0.0, 'eval_runtime': 19.9848, 'eval_samples_per_second': 1110.394, 'eval_steps_per_second': 17.363, 'epoch': 0.34}
{'loss': 0.6879, 'learning_rate': 0.0008870218500888915, 'epoch': 0.35}
{'loss': 0.6915, 'learning_rate': 0.0008858748637953776, 'epoch': 0.35}
{'loss': 0.688, 'learning_rate': 0.0008847278775018639, 'epoch': 0.35}
{'loss': 0.6924, 'learning_rate': 0.0008835808912083501, 'epoch': 0.36}
{'loss': 0.6981, 'learning_rate': 0.0008824339049148363, 'epoch': 0.36}
{'loss': 0.6893, 'learning_rate': 0.0008812869186213225, 'epoch': 0.36}
{'loss': 0.6869, 'learning_rate': 0.0008801399323278086, 'epoch': 0.37}
{'loss': 0.69, 'learning_rate': 0.0008789929460342949, 'epoch': 0.37}
{'loss': 0.6843, 'learning_rate': 0.000877845959740781, 'epoch': 0.37}
{'loss': 0.692, 'learning_rate': 0.0008766989734472673, 'epoch': 0.38}
{'loss': 0.6925, 'learning_rate': 0.0008755519871537535, 'epoch': 0.38}
{'loss': 0.6873, 'learning_rate': 0.0008744050008602398, 'epoch': 0.38}
{'eval_loss': 0.658292829990387, 'eval_bce': 0.656660270539086, 'eval_n_pos': 2024.0, 'eval_pos_rate': 0.09120814744716327, 'eval_auroc': 0.49711747324857203, 'eval_auprc': 0.09067232544566159, 'eval_mcc': 0.0, 'eval_precision': 0.0, 'eval_recall': 0.0, 'eval_f1': 0.0, 'eval_runtime': 19.9703, 'eval_samples_per_second': 1111.202, 'eval_steps_per_second': 17.376, 'epoch': 0.39}
{'loss': 0.6867, 'learning_rate': 0.0008732580145667259, 'epoch': 0.39}
{'loss': 0.6942, 'learning_rate': 0.0008721110282732122, 'epoch': 0.39}
{'loss': 0.6888, 'learning_rate': 0.0008709640419796984, 'epoch': 0.39}
{'loss': 0.6929, 'learning_rate': 0.0008698170556861846, 'epoch': 0.4}
{'loss': 0.6921, 'learning_rate': 0.0008686700693926707, 'epoch': 0.4}
{'loss': 0.6882, 'learning_rate': 0.0008675230830991569, 'epoch': 0.4}
{'loss': 0.6925, 'learning_rate': 0.0008663760968056432, 'epoch': 0.41}
{'loss': 0.6881, 'learning_rate': 0.0008652291105121294, 'epoch': 0.41}
{'loss': 0.6829, 'learning_rate': 0.0008640821242186156, 'epoch': 0.42}
{'loss': 0.6937, 'learning_rate': 0.0008629351379251018, 'epoch': 0.42}
{'loss': 0.6907, 'learning_rate': 0.000861788151631588, 'epoch': 0.42}
{'loss': 0.6887, 'learning_rate': 0.0008606411653380743, 'epoch': 0.43}
{'loss': 0.6906, 'learning_rate': 0.0008594941790445604, 'epoch': 0.43}
{'eval_loss': 0.6555551886558533, 'eval_bce': 0.6537908288088764, 'eval_n_pos': 2024.0, 'eval_pos_rate': 0.09120814744716327, 'eval_auroc': 0.504098999637611, 'eval_auprc': 0.09190117961954501, 'eval_mcc': 0.0, 'eval_precision': 0.0, 'eval_recall': 0.0, 'eval_f1': 0.0, 'eval_runtime': 19.9451, 'eval_samples_per_second': 1112.604, 'eval_steps_per_second': 17.398, 'epoch': 0.43}
{'loss': 0.6916, 'learning_rate': 0.0008583471927510467, 'epoch': 0.43}
{'loss': 0.6907, 'learning_rate': 0.0008572002064575328, 'epoch': 0.44}
{'loss': 0.6835, 'learning_rate': 0.0008560532201640191, 'epoch': 0.44}
{'loss': 0.6851, 'learning_rate': 0.0008549062338705052, 'epoch': 0.44}
{'loss': 0.6907, 'learning_rate': 0.0008537592475769915, 'epoch': 0.45}
{'loss': 0.6848, 'learning_rate': 0.0008526122612834777, 'epoch': 0.45}
{'loss': 0.688, 'learning_rate': 0.0008514652749899639, 'epoch': 0.45}
{'loss': 0.6877, 'learning_rate': 0.0008503182886964501, 'epoch': 0.46}
{'loss': 0.6945, 'learning_rate': 0.0008491713024029363, 'epoch': 0.46}
{'loss': 0.6923, 'learning_rate': 0.0008480243161094226, 'epoch': 0.46}
{'loss': 0.6911, 'learning_rate': 0.0008468773298159087, 'epoch': 0.47}
{'loss': 0.687, 'learning_rate': 0.0008457303435223949, 'epoch': 0.47}
{'eval_loss': 0.6537943482398987, 'eval_bce': 0.6519438946224948, 'eval_n_pos': 2024.0, 'eval_pos_rate': 0.09120814744716327, 'eval_auroc': 0.4933822101264716, 'eval_auprc': 0.08996418165342387, 'eval_mcc': 0.0, 'eval_precision': 0.0, 'eval_recall': 0.0, 'eval_f1': 0.0, 'eval_runtime': 19.9706, 'eval_samples_per_second': 1111.184, 'eval_steps_per_second': 17.376, 'epoch': 0.47}
{'loss': 0.6892, 'learning_rate': 0.0008445833572288811, 'epoch': 0.47}
{'loss': 0.6955, 'learning_rate': 0.0008434363709353673, 'epoch': 0.48}
{'loss': 0.6926, 'learning_rate': 0.0008422893846418536, 'epoch': 0.48}
{'loss': 0.6889, 'learning_rate': 0.0008411423983483397, 'epoch': 0.48}
{'loss': 0.6919, 'learning_rate': 0.000839995412054826, 'epoch': 0.49}
{'loss': 0.6901, 'learning_rate': 0.0008388484257613122, 'epoch': 0.49}
{'loss': 0.6825, 'learning_rate': 0.0008377014394677985, 'epoch': 0.49}
{'loss': 0.69, 'learning_rate': 0.0008365544531742845, 'epoch': 0.5}
{'loss': 0.6877, 'learning_rate': 0.0008354074668807707, 'epoch': 0.5}
{'loss': 0.6915, 'learning_rate': 0.000834260480587257, 'epoch': 0.5}
{'loss': 0.6975, 'learning_rate': 0.0008331134942937432, 'epoch': 0.51}
{'loss': 0.6901, 'learning_rate': 0.0008319665080002294, 'epoch': 0.51}
{'loss': 0.6877, 'learning_rate': 0.0008308195217067156, 'epoch': 0.51}
{'eval_loss': 0.651763379573822, 'eval_bce': 0.6498135606764319, 'eval_n_pos': 2024.0, 'eval_pos_rate': 0.09120814744716327, 'eval_auroc': 0.4892521212696121, 'eval_auprc': 0.08949957347271724, 'eval_mcc': 0.0, 'eval_precision': 0.0, 'eval_recall': 0.0, 'eval_f1': 0.0, 'eval_runtime': 19.9662, 'eval_samples_per_second': 1111.431, 'eval_steps_per_second': 17.379, 'epoch': 0.51}
{'loss': 0.6913, 'learning_rate': 0.0008296725354132019, 'epoch': 0.52}
{'loss': 0.6843, 'learning_rate': 0.0008285255491196881, 'epoch': 0.52}
{'loss': 0.6871, 'learning_rate': 0.0008273785628261743, 'epoch': 0.52}
{'loss': 0.6878, 'learning_rate': 0.0008262315765326605, 'epoch': 0.53}
{'loss': 0.6913, 'learning_rate': 0.0008250845902391466, 'epoch': 0.53}
{'loss': 0.6948, 'learning_rate': 0.0008239376039456329, 'epoch': 0.54}
{'loss': 0.6816, 'learning_rate': 0.000822790617652119, 'epoch': 0.54}
{'loss': 0.6889, 'learning_rate': 0.0008216436313586053, 'epoch': 0.54}
{'loss': 0.6887, 'learning_rate': 0.0008204966450650915, 'epoch': 0.55}
{'loss': 0.6809, 'learning_rate': 0.0008193496587715778, 'epoch': 0.55}
{'loss': 0.6911, 'learning_rate': 0.0008182026724780639, 'epoch': 0.55}
{'loss': 0.6839, 'learning_rate': 0.0008170556861845501, 'epoch': 0.56}
{'eval_loss': 0.6537187695503235, 'eval_bce': 0.6518643257098021, 'eval_n_pos': 2024.0, 'eval_pos_rate': 0.09120814744716327, 'eval_auroc': 0.5049900524298001, 'eval_auprc': 0.09239975415482828, 'eval_mcc': 0.0, 'eval_precision': 0.0, 'eval_recall': 0.0, 'eval_f1': 0.0, 'eval_runtime': 19.9947, 'eval_samples_per_second': 1109.842, 'eval_steps_per_second': 17.355, 'epoch': 0.56}
{'loss': 0.6907, 'learning_rate': 0.0008159086998910364, 'epoch': 0.56}
{'loss': 0.69, 'learning_rate': 0.0008147617135975225, 'epoch': 0.56}
{'loss': 0.6868, 'learning_rate': 0.0008136147273040087, 'epoch': 0.57}
{'loss': 0.6862, 'learning_rate': 0.0008124677410104949, 'epoch': 0.57}
{'loss': 0.6843, 'learning_rate': 0.0008113207547169812, 'epoch': 0.57}
{'loss': 0.6873, 'learning_rate': 0.0008101737684234673, 'epoch': 0.58}
{'loss': 0.6928, 'learning_rate': 0.0008090267821299535, 'epoch': 0.58}
{'loss': 0.6898, 'learning_rate': 0.0008078797958364398, 'epoch': 0.58}
{'loss': 0.6903, 'learning_rate': 0.000806732809542926, 'epoch': 0.59}
{'loss': 0.6884, 'learning_rate': 0.0008055858232494122, 'epoch': 0.59}
{'loss': 0.7004, 'learning_rate': 0.0008044388369558983, 'epoch': 0.59}
{'loss': 0.6831, 'learning_rate': 0.0008032918506623846, 'epoch': 0.6}
{'loss': 0.6911, 'learning_rate': 0.0008021448643688708, 'epoch': 0.6}
{'eval_loss': 0.6507311463356018, 'eval_bce': 0.6487307295968965, 'eval_n_pos': 2024.0, 'eval_pos_rate': 0.09120814744716327, 'eval_auroc': 0.5050505771864222, 'eval_auprc': 0.09224372278132555, 'eval_mcc': 0.0, 'eval_precision': 0.0, 'eval_recall': 0.0, 'eval_f1': 0.0, 'eval_runtime': 19.9812, 'eval_samples_per_second': 1110.594, 'eval_steps_per_second': 17.366, 'epoch': 0.6}
{'loss': 0.6953, 'learning_rate': 0.000800997878075357, 'epoch': 0.6}
{'loss': 0.6913, 'learning_rate': 0.0007998508917818432, 'epoch': 0.61}
{'loss': 0.6848, 'learning_rate': 0.0007987039054883294, 'epoch': 0.61}
{'loss': 0.688, 'learning_rate': 0.0007975569191948157, 'epoch': 0.61}
{'loss': 0.6928, 'learning_rate': 0.0007964099329013018, 'epoch': 0.62}
{'loss': 0.6922, 'learning_rate': 0.0007952629466077881, 'epoch': 0.62}
{'loss': 0.6885, 'learning_rate': 0.0007941159603142742, 'epoch': 0.62}
{'loss': 0.6889, 'learning_rate': 0.0007929689740207605, 'epoch': 0.63}
{'loss': 0.6898, 'learning_rate': 0.0007918219877272466, 'epoch': 0.63}
{'loss': 0.6918, 'learning_rate': 0.0007906750014337328, 'epoch': 0.63}
{'loss': 0.6875, 'learning_rate': 0.0007895280151402191, 'epoch': 0.64}
{'loss': 0.691, 'learning_rate': 0.0007883810288467053, 'epoch': 0.64}
{'eval_loss': 0.6492189168930054, 'eval_bce': 0.6471450963948124, 'eval_n_pos': 2024.0, 'eval_pos_rate': 0.09120814744716327, 'eval_auroc': 0.5062238706014266, 'eval_auprc': 0.09237247843713273, 'eval_mcc': 0.0, 'eval_precision': 0.0, 'eval_recall': 0.0, 'eval_f1': 0.0, 'eval_runtime': 19.9852, 'eval_samples_per_second': 1110.37, 'eval_steps_per_second': 17.363, 'epoch': 0.64}
{'loss': 0.6853, 'learning_rate': 0.0007872340425531915, 'epoch': 0.65}
{'loss': 0.6872, 'learning_rate': 0.0007860870562596777, 'epoch': 0.65}
{'loss': 0.6934, 'learning_rate': 0.000784940069966164, 'epoch': 0.65}
{'loss': 0.6881, 'learning_rate': 0.0007837930836726502, 'epoch': 0.66}
{'loss': 0.693, 'learning_rate': 0.0007826460973791363, 'epoch': 0.66}
{'loss': 0.6855, 'learning_rate': 0.0007814991110856225, 'epoch': 0.66}
{'loss': 0.6941, 'learning_rate': 0.0007803521247921087, 'epoch': 0.67}
{'loss': 0.6922, 'learning_rate': 0.000779205138498595, 'epoch': 0.67}
{'loss': 0.6899, 'learning_rate': 0.0007780581522050811, 'epoch': 0.67}
{'loss': 0.6924, 'learning_rate': 0.0007769111659115674, 'epoch': 0.68}
{'loss': 0.6843, 'learning_rate': 0.0007757641796180536, 'epoch': 0.68}
{'loss': 0.6864, 'learning_rate': 0.0007746171933245399, 'epoch': 0.68}
{'loss': 0.6881, 'learning_rate': 0.000773470207031026, 'epoch': 0.69}
{'eval_loss': 0.6493322849273682, 'eval_bce': 0.647264936236789, 'eval_n_pos': 2024.0, 'eval_pos_rate': 0.09120814744716327, 'eval_auroc': 0.49967555986563583, 'eval_auprc': 0.09117856096715339, 'eval_mcc': 0.0, 'eval_precision': 0.0, 'eval_recall': 0.0, 'eval_f1': 0.0, 'eval_runtime': 19.9652, 'eval_samples_per_second': 1111.485, 'eval_steps_per_second': 17.38, 'epoch': 0.69}
{'loss': 0.6864, 'learning_rate': 0.0007723232207375121, 'epoch': 0.69}
{'loss': 0.6919, 'learning_rate': 0.0007711762344439984, 'epoch': 0.69}
{'loss': 0.6919, 'learning_rate': 0.0007700292481504846, 'epoch': 0.7}
{'loss': 0.6889, 'learning_rate': 0.0007688822618569708, 'epoch': 0.7}
{'loss': 0.6796, 'learning_rate': 0.000767735275563457, 'epoch': 0.7}
{'loss': 0.6882, 'learning_rate': 0.0007665882892699433, 'epoch': 0.71}
{'loss': 0.6908, 'learning_rate': 0.0007654413029764295, 'epoch': 0.71}
{'loss': 0.6871, 'learning_rate': 0.0007642943166829156, 'epoch': 0.71}
{'loss': 0.6903, 'learning_rate': 0.0007631473303894019, 'epoch': 0.72}
{'loss': 0.6917, 'learning_rate': 0.000762000344095888, 'epoch': 0.72}
{'loss': 0.6924, 'learning_rate': 0.0007608533578023743, 'epoch': 0.72}
{'loss': 0.6883, 'learning_rate': 0.0007597063715088604, 'epoch': 0.73}
{'eval_loss': 0.6493573784828186, 'eval_bce': 0.6472895602480438, 'eval_n_pos': 2024.0, 'eval_pos_rate': 0.09120814744716327, 'eval_auroc': 0.4906855204692987, 'eval_auprc': 0.08889363597670144, 'eval_mcc': 0.0, 'eval_precision': 0.0, 'eval_recall': 0.0, 'eval_f1': 0.0, 'eval_runtime': 19.9667, 'eval_samples_per_second': 1111.403, 'eval_steps_per_second': 17.379, 'epoch': 0.73}
{'loss': 0.6901, 'learning_rate': 0.0007585593852153467, 'epoch': 0.73}
{'loss': 0.6895, 'learning_rate': 0.0007574123989218329, 'epoch': 0.73}
{'loss': 0.6896, 'learning_rate': 0.0007562654126283192, 'epoch': 0.74}
{'loss': 0.6835, 'learning_rate': 0.0007551184263348053, 'epoch': 0.74}
{'loss': 0.692, 'learning_rate': 0.0007539714400412915, 'epoch': 0.74}
{'loss': 0.6971, 'learning_rate': 0.0007528244537477778, 'epoch': 0.75}
{'loss': 0.681, 'learning_rate': 0.000751677467454264, 'epoch': 0.75}
{'loss': 0.6815, 'learning_rate': 0.0007505304811607501, 'epoch': 0.75}
{'loss': 0.6901, 'learning_rate': 0.0007493834948672363, 'epoch': 0.76}
{'loss': 0.6899, 'learning_rate': 0.0007482365085737226, 'epoch': 0.76}
{'loss': 0.6786, 'learning_rate': 0.0007470895222802088, 'epoch': 0.77}
{'loss': 0.6896, 'learning_rate': 0.0007459425359866949, 'epoch': 0.77}
{'loss': 0.697, 'learning_rate': 0.0007447955496931812, 'epoch': 0.77}
{'eval_loss': 0.6493319272994995, 'eval_bce': 0.6472624130955063, 'eval_n_pos': 2024.0, 'eval_pos_rate': 0.09120814744716327, 'eval_auroc': 0.5093433025933063, 'eval_auprc': 0.09300358793497819, 'eval_mcc': 0.0, 'eval_precision': 0.0, 'eval_recall': 0.0, 'eval_f1': 0.0, 'eval_runtime': 19.9794, 'eval_samples_per_second': 1110.693, 'eval_steps_per_second': 17.368, 'epoch': 0.77}
{'loss': 0.6897, 'learning_rate': 0.0007436485633996674, 'epoch': 0.78}
{'loss': 0.6872, 'learning_rate': 0.0007425015771061537, 'epoch': 0.78}
{'loss': 0.6896, 'learning_rate': 0.0007413545908126398, 'epoch': 0.78}
{'loss': 0.6794, 'learning_rate': 0.000740207604519126, 'epoch': 0.79}
{'loss': 0.6978, 'learning_rate': 0.0007390606182256122, 'epoch': 0.79}
{'loss': 0.6934, 'learning_rate': 0.0007379136319320984, 'epoch': 0.79}
{'loss': 0.6906, 'learning_rate': 0.0007367666456385846, 'epoch': 0.8}
{'loss': 0.6824, 'learning_rate': 0.0007356196593450708, 'epoch': 0.8}
{'loss': 0.6854, 'learning_rate': 0.0007344726730515571, 'epoch': 0.8}
{'loss': 0.6961, 'learning_rate': 0.0007333256867580432, 'epoch': 0.81}
{'loss': 0.6923, 'learning_rate': 0.0007321787004645295, 'epoch': 0.81}
{'loss': 0.6859, 'learning_rate': 0.0007310317141710157, 'epoch': 0.81}
{'eval_loss': 0.6472434997558594, 'eval_bce': 0.6450725512001555, 'eval_n_pos': 2024.0, 'eval_pos_rate': 0.09120814744716327, 'eval_auroc': 0.49893026381885175, 'eval_auprc': 0.09093132084205033, 'eval_mcc': 0.0, 'eval_precision': 0.0, 'eval_recall': 0.0, 'eval_f1': 0.0, 'eval_runtime': 19.9916, 'eval_samples_per_second': 1110.017, 'eval_steps_per_second': 17.357, 'epoch': 0.81}
{'loss': 0.693, 'learning_rate': 0.000729884727877502, 'epoch': 0.82}
{'loss': 0.6918, 'learning_rate': 0.000728737741583988, 'epoch': 0.82}
{'loss': 0.6872, 'learning_rate': 0.0007275907552904742, 'epoch': 0.82}
{'loss': 0.6853, 'learning_rate': 0.0007264437689969605, 'epoch': 0.83}
{'loss': 0.6852, 'learning_rate': 0.0007252967827034467, 'epoch': 0.83}
{'loss': 0.6807, 'learning_rate': 0.0007241497964099329, 'epoch': 0.83}
{'loss': 0.6895, 'learning_rate': 0.0007230028101164191, 'epoch': 0.84}
{'loss': 0.6894, 'learning_rate': 0.0007218558238229054, 'epoch': 0.84}
{'loss': 0.6812, 'learning_rate': 0.0007207088375293916, 'epoch': 0.84}
{'loss': 0.6923, 'learning_rate': 0.0007195618512358776, 'epoch': 0.85}
{'loss': 0.692, 'learning_rate': 0.0007184148649423639, 'epoch': 0.85}
{'loss': 0.686, 'learning_rate': 0.0007172678786488501, 'epoch': 0.85}
{'loss': 0.6856, 'learning_rate': 0.0007161208923553364, 'epoch': 0.86}
{'eval_loss': 0.6457343101501465, 'eval_bce': 0.6434896559722255, 'eval_n_pos': 2024.0, 'eval_pos_rate': 0.09120814744716327, 'eval_auroc': 0.5075233460682355, 'eval_auprc': 0.09256053157540511, 'eval_mcc': 0.0, 'eval_precision': 0.0, 'eval_recall': 0.0, 'eval_f1': 0.0, 'eval_runtime': 19.965, 'eval_samples_per_second': 1111.494, 'eval_steps_per_second': 17.38, 'epoch': 0.86}
{'loss': 0.6971, 'learning_rate': 0.0007149739060618225, 'epoch': 0.86}
{'loss': 0.6916, 'learning_rate': 0.0007138269197683088, 'epoch': 0.86}
{'loss': 0.6887, 'learning_rate': 0.000712679933474795, 'epoch': 0.87}
{'loss': 0.6849, 'learning_rate': 0.0007115329471812813, 'epoch': 0.87}
{'loss': 0.6862, 'learning_rate': 0.0007103859608877674, 'epoch': 0.87}
{'loss': 0.6903, 'learning_rate': 0.0007092389745942536, 'epoch': 0.88}
{'loss': 0.69, 'learning_rate': 0.0007080919883007399, 'epoch': 0.88}
{'loss': 0.6762, 'learning_rate': 0.000706945002007226, 'epoch': 0.89}
{'loss': 0.6868, 'learning_rate': 0.0007057980157137122, 'epoch': 0.89}
{'loss': 0.6948, 'learning_rate': 0.0007046510294201984, 'epoch': 0.89}
{'loss': 0.6927, 'learning_rate': 0.0007035040431266847, 'epoch': 0.9}
{'loss': 0.6922, 'learning_rate': 0.0007023570568331709, 'epoch': 0.9}
{'eval_loss': 0.6432181596755981, 'eval_bce': 0.640848618425379, 'eval_n_pos': 2024.0, 'eval_pos_rate': 0.09120814744716327, 'eval_auroc': 0.4968486825716728, 'eval_auprc': 0.09101643127029259, 'eval_mcc': 0.0, 'eval_precision': 0.0, 'eval_recall': 0.0, 'eval_f1': 0.0, 'eval_runtime': 19.9676, 'eval_samples_per_second': 1111.348, 'eval_steps_per_second': 17.378, 'epoch': 0.9}
{'loss': 0.6876, 'learning_rate': 0.000701210070539657, 'epoch': 0.9}
{'loss': 0.6839, 'learning_rate': 0.0007000630842461433, 'epoch': 0.91}
{'loss': 0.694, 'learning_rate': 0.0006989160979526295, 'epoch': 0.91}
{'loss': 0.6872, 'learning_rate': 0.0006977691116591158, 'epoch': 0.91}
{'loss': 0.6848, 'learning_rate': 0.0006966221253656018, 'epoch': 0.92}
{'loss': 0.6928, 'learning_rate': 0.0006954751390720881, 'epoch': 0.92}
{'loss': 0.6818, 'learning_rate': 0.0006943281527785743, 'epoch': 0.92}
{'loss': 0.6778, 'learning_rate': 0.0006931811664850605, 'epoch': 0.93}
{'loss': 0.6941, 'learning_rate': 0.0006920341801915467, 'epoch': 0.93}
{'loss': 0.6871, 'learning_rate': 0.0006908871938980329, 'epoch': 0.93}
{'loss': 0.6862, 'learning_rate': 0.0006897402076045192, 'epoch': 0.94}
{'loss': 0.6931, 'learning_rate': 0.0006885932213110054, 'epoch': 0.94}
{'loss': 0.6912, 'learning_rate': 0.0006874462350174916, 'epoch': 0.94}
{'eval_loss': 0.6452146768569946, 'eval_bce': 0.6429443868384874, 'eval_n_pos': 2024.0, 'eval_pos_rate': 0.09120814744716327, 'eval_auroc': 0.5076154990219023, 'eval_auprc': 0.09303964686812968, 'eval_mcc': 0.0, 'eval_precision': 0.0, 'eval_recall': 0.0, 'eval_f1': 0.0, 'eval_runtime': 19.9629, 'eval_samples_per_second': 1111.614, 'eval_steps_per_second': 17.382, 'epoch': 0.94}
{'loss': 0.6897, 'learning_rate': 0.0006862992487239777, 'epoch': 0.95}
{'loss': 0.6879, 'learning_rate': 0.000685152262430464, 'epoch': 0.95}
{'loss': 0.6888, 'learning_rate': 0.0006840052761369502, 'epoch': 0.95}
{'loss': 0.6929, 'learning_rate': 0.0006828582898434363, 'epoch': 0.96}
{'loss': 0.6857, 'learning_rate': 0.0006817113035499226, 'epoch': 0.96}
{'loss': 0.6942, 'learning_rate': 0.0006805643172564088, 'epoch': 0.96}
{'loss': 0.692, 'learning_rate': 0.0006794173309628951, 'epoch': 0.97}
{'loss': 0.689, 'learning_rate': 0.0006782703446693812, 'epoch': 0.97}
{'loss': 0.6842, 'learning_rate': 0.0006771233583758675, 'epoch': 0.97}
{'loss': 0.685, 'learning_rate': 0.0006759763720823537, 'epoch': 0.98}
{'loss': 0.6916, 'learning_rate': 0.0006748293857888398, 'epoch': 0.98}
{'loss': 0.6892, 'learning_rate': 0.000673682399495326, 'epoch': 0.98}
{'eval_loss': 0.6437835097312927, 'eval_bce': 0.6414415618596456, 'eval_n_pos': 2024.0, 'eval_pos_rate': 0.09120814744716327, 'eval_auroc': 0.5053424949105796, 'eval_auprc': 0.09214242842346257, 'eval_mcc': 0.0, 'eval_precision': 0.0, 'eval_recall': 0.0, 'eval_f1': 0.0, 'eval_runtime': 19.9681, 'eval_samples_per_second': 1111.323, 'eval_steps_per_second': 17.378, 'epoch': 0.99}
{'loss': 0.6876, 'learning_rate': 0.0006725354132018122, 'epoch': 0.99}
{'loss': 0.6946, 'learning_rate': 0.0006713884269082985, 'epoch': 0.99}
{'loss': 0.6925, 'learning_rate': 0.0006702414406147847, 'epoch': 1.0}
{'loss': 0.6961, 'learning_rate': 0.0006690944543212709, 'epoch': 1.0}
{'loss': 0.6905, 'learning_rate': 0.0006679474680277571, 'epoch': 1.0}
{'loss': 0.6855, 'learning_rate': 0.0006668004817342433, 'epoch': 1.01}
{'loss': 0.6902, 'learning_rate': 0.0006656534954407296, 'epoch': 1.01}
{'loss': 0.6911, 'learning_rate': 0.0006645065091472156, 'epoch': 1.01}
{'loss': 0.6932, 'learning_rate': 0.0006633595228537019, 'epoch': 1.02}
{'loss': 0.6868, 'learning_rate': 0.0006622125365601881, 'epoch': 1.02}
{'loss': 0.693, 'learning_rate': 0.0006610655502666744, 'epoch': 1.02}
{'loss': 0.6847, 'learning_rate': 0.0006599185639731605, 'epoch': 1.03}
{'loss': 0.6877, 'learning_rate': 0.0006587715776796468, 'epoch': 1.03}
{'eval_loss': 0.6410872340202332, 'eval_bce': 0.6386110809719082, 'eval_n_pos': 2024.0, 'eval_pos_rate': 0.09120814744716327, 'eval_auroc': 0.4880339089550867, 'eval_auprc': 0.08936552632392089, 'eval_mcc': 0.0, 'eval_precision': 0.0, 'eval_recall': 0.0, 'eval_f1': 0.0, 'eval_runtime': 20.0054, 'eval_samples_per_second': 1109.248, 'eval_steps_per_second': 17.345, 'epoch': 1.03}
{'loss': 0.6806, 'learning_rate': 0.000657624591386133, 'epoch': 1.03}
{'loss': 0.6842, 'learning_rate': 0.0006564776050926191, 'epoch': 1.04}
{'loss': 0.6889, 'learning_rate': 0.0006553306187991054, 'epoch': 1.04}
{'loss': 0.6957, 'learning_rate': 0.0006541836325055915, 'epoch': 1.04}
{'loss': 0.6926, 'learning_rate': 0.0006530366462120778, 'epoch': 1.05}
{'loss': 0.6952, 'learning_rate': 0.0006518896599185639, 'epoch': 1.05}
{'loss': 0.6888, 'learning_rate': 0.0006507426736250502, 'epoch': 1.05}
{'loss': 0.689, 'learning_rate': 0.0006495956873315364, 'epoch': 1.06}
{'loss': 0.6911, 'learning_rate': 0.0006484487010380226, 'epoch': 1.06}
{'loss': 0.6886, 'learning_rate': 0.0006473017147445088, 'epoch': 1.06}
{'loss': 0.6906, 'learning_rate': 0.000646154728450995, 'epoch': 1.07}
{'loss': 0.6873, 'learning_rate': 0.0006450077421574813, 'epoch': 1.07}
{'eval_loss': 0.6406146287918091, 'eval_bce': 0.6381151242238953, 'eval_n_pos': 2024.0, 'eval_pos_rate': 0.09120814744716327, 'eval_auroc': 0.5005246091382021, 'eval_auprc': 0.09147609255738189, 'eval_mcc': 0.0, 'eval_precision': 0.0, 'eval_recall': 0.0, 'eval_f1': 0.0, 'eval_runtime': 19.9976, 'eval_samples_per_second': 1109.685, 'eval_steps_per_second': 17.352, 'epoch': 1.07}
{'loss': 0.6913, 'learning_rate': 0.0006438607558639675, 'epoch': 1.07}
{'loss': 0.6901, 'learning_rate': 0.0006427137695704536, 'epoch': 1.08}
{'loss': 0.6954, 'learning_rate': 0.0006415667832769398, 'epoch': 1.08}
{'loss': 0.6895, 'learning_rate': 0.000640419796983426, 'epoch': 1.08}
{'loss': 0.6948, 'learning_rate': 0.0006392728106899123, 'epoch': 1.09}
{'loss': 0.6897, 'learning_rate': 0.0006381258243963984, 'epoch': 1.09}
{'loss': 0.6911, 'learning_rate': 0.0006369788381028847, 'epoch': 1.09}
{'loss': 0.6846, 'learning_rate': 0.0006358318518093709, 'epoch': 1.1}
{'loss': 0.6899, 'learning_rate': 0.0006346848655158572, 'epoch': 1.1}
{'loss': 0.6839, 'learning_rate': 0.0006335378792223432, 'epoch': 1.1}
{'loss': 0.6893, 'learning_rate': 0.0006323908929288295, 'epoch': 1.11}
{'loss': 0.6894, 'learning_rate': 0.0006312439066353157, 'epoch': 1.11}
{'loss': 0.6958, 'learning_rate': 0.0006300969203418019, 'epoch': 1.12}
{'eval_loss': 0.6397294998168945, 'eval_bce': 0.6371835885337633, 'eval_n_pos': 2024.0, 'eval_pos_rate': 0.09120814744716327, 'eval_auroc': 0.48482991869666936, 'eval_auprc': 0.08886853412442566, 'eval_mcc': 0.0, 'eval_precision': 0.0, 'eval_recall': 0.0, 'eval_f1': 0.0, 'eval_runtime': 19.9971, 'eval_samples_per_second': 1109.711, 'eval_steps_per_second': 17.353, 'epoch': 1.12}
{'loss': 0.6906, 'learning_rate': 0.0006289499340482881, 'epoch': 1.12}
{'loss': 0.6859, 'learning_rate': 0.0006278029477547743, 'epoch': 1.12}
{'loss': 0.687, 'learning_rate': 0.0006266559614612606, 'epoch': 1.13}
{'loss': 0.6895, 'learning_rate': 0.0006255089751677468, 'epoch': 1.13}
{'loss': 0.6883, 'learning_rate': 0.000624361988874233, 'epoch': 1.13}
{'loss': 0.6871, 'learning_rate': 0.0006232150025807192, 'epoch': 1.14}
{'loss': 0.6892, 'learning_rate': 0.0006220680162872053, 'epoch': 1.14}
{'loss': 0.6943, 'learning_rate': 0.0006209210299936916, 'epoch': 1.14}
{'loss': 0.689, 'learning_rate': 0.0006197740437001777, 'epoch': 1.15}
{'loss': 0.6857, 'learning_rate': 0.000618627057406664, 'epoch': 1.15}
{'loss': 0.6914, 'learning_rate': 0.0006174800711131502, 'epoch': 1.15}
{'loss': 0.6922, 'learning_rate': 0.0006163330848196365, 'epoch': 1.16}
{'eval_loss': 0.6399762034416199, 'eval_bce': 0.6374445456023915, 'eval_n_pos': 2024.0, 'eval_pos_rate': 0.09120814744716327, 'eval_auroc': 0.49847762046594724, 'eval_auprc': 0.09096169363579447, 'eval_mcc': 0.0, 'eval_precision': 0.0, 'eval_recall': 0.0, 'eval_f1': 0.0, 'eval_runtime': 20.0058, 'eval_samples_per_second': 1109.229, 'eval_steps_per_second': 17.345, 'epoch': 1.16}
{'loss': 0.6947, 'learning_rate': 0.0006151860985261226, 'epoch': 1.16}
{'loss': 0.6919, 'learning_rate': 0.0006140391122326089, 'epoch': 1.16}
{'loss': 0.6845, 'learning_rate': 0.0006128921259390951, 'epoch': 1.17}
{'loss': 0.6909, 'learning_rate': 0.0006117451396455813, 'epoch': 1.17}
{'loss': 0.6915, 'learning_rate': 0.0006105981533520674, 'epoch': 1.17}
{'loss': 0.6922, 'learning_rate': 0.0006094511670585536, 'epoch': 1.18}
{'loss': 0.694, 'learning_rate': 0.0006083041807650399, 'epoch': 1.18}
{'loss': 0.6877, 'learning_rate': 0.0006071571944715261, 'epoch': 1.18}
{'loss': 0.6845, 'learning_rate': 0.0006060102081780123, 'epoch': 1.19}
{'loss': 0.6888, 'learning_rate': 0.0006048632218844985, 'epoch': 1.19}
{'loss': 0.6941, 'learning_rate': 0.0006037162355909847, 'epoch': 1.19}
{'loss': 0.6892, 'learning_rate': 0.000602569249297471, 'epoch': 1.2}
{'loss': 0.6906, 'learning_rate': 0.000601422263003957, 'epoch': 1.2}
{'eval_loss': 0.6404194831848145, 'eval_bce': 0.6379094401379858, 'eval_n_pos': 2024.0, 'eval_pos_rate': 0.09120814744716327, 'eval_auroc': 0.49759924590146587, 'eval_auprc': 0.090899749132931, 'eval_mcc': 0.0, 'eval_precision': 0.0, 'eval_recall': 0.0, 'eval_f1': 0.0, 'eval_runtime': 19.996, 'eval_samples_per_second': 1109.773, 'eval_steps_per_second': 17.353, 'epoch': 1.2}
{'loss': 0.6866, 'learning_rate': 0.0006002752767104433, 'epoch': 1.2}
{'loss': 0.6931, 'learning_rate': 0.0005991282904169295, 'epoch': 1.21}
{'loss': 0.6904, 'learning_rate': 0.0005979813041234158, 'epoch': 1.21}
{'loss': 0.6905, 'learning_rate': 0.0005968343178299019, 'epoch': 1.21}
{'loss': 0.6842, 'learning_rate': 0.0005956873315363881, 'epoch': 1.22}
{'loss': 0.6907, 'learning_rate': 0.0005945403452428744, 'epoch': 1.22}
{'loss': 0.6965, 'learning_rate': 0.0005933933589493606, 'epoch': 1.22}
{'loss': 0.6899, 'learning_rate': 0.0005922463726558468, 'epoch': 1.23}
{'loss': 0.6812, 'learning_rate': 0.000591099386362333, 'epoch': 1.23}
{'loss': 0.693, 'learning_rate': 0.0005899524000688193, 'epoch': 1.24}
{'loss': 0.691, 'learning_rate': 0.0005888054137753054, 'epoch': 1.24}
{'loss': 0.6823, 'learning_rate': 0.0005876584274817916, 'epoch': 1.24}
{'eval_loss': 0.6386355757713318, 'eval_bce': 0.6360370836899534, 'eval_n_pos': 2024.0, 'eval_pos_rate': 0.09120814744716327, 'eval_auroc': 0.49269395997962473, 'eval_auprc': 0.09003899376497386, 'eval_mcc': 0.0, 'eval_precision': 0.0, 'eval_recall': 0.0, 'eval_f1': 0.0, 'eval_runtime': 19.9444, 'eval_samples_per_second': 1112.641, 'eval_steps_per_second': 17.398, 'epoch': 1.24}
{'loss': 0.684, 'learning_rate': 0.0005865114411882778, 'epoch': 1.25}
{'loss': 0.695, 'learning_rate': 0.000585364454894764, 'epoch': 1.25}
{'loss': 0.6836, 'learning_rate': 0.0005842174686012503, 'epoch': 1.25}
{'loss': 0.6945, 'learning_rate': 0.0005830704823077364, 'epoch': 1.26}
{'loss': 0.6831, 'learning_rate': 0.0005819234960142227, 'epoch': 1.26}
{'loss': 0.6893, 'learning_rate': 0.0005807765097207089, 'epoch': 1.26}
{'loss': 0.6969, 'learning_rate': 0.0005796295234271952, 'epoch': 1.27}
{'loss': 0.6908, 'learning_rate': 0.0005784825371336812, 'epoch': 1.27}
{'loss': 0.6843, 'learning_rate': 0.0005773355508401674, 'epoch': 1.27}
{'loss': 0.6912, 'learning_rate': 0.0005761885645466537, 'epoch': 1.28}
{'loss': 0.6901, 'learning_rate': 0.0005750415782531398, 'epoch': 1.28}
{'loss': 0.6867, 'learning_rate': 0.0005738945919596261, 'epoch': 1.28}
{'loss': 0.6898, 'learning_rate': 0.0005727476056661123, 'epoch': 1.29}
{'eval_loss': 0.636702835559845, 'eval_bce': 0.6340077961622529, 'eval_n_pos': 2024.0, 'eval_pos_rate': 0.09120814744716327, 'eval_auroc': 0.5057232214761681, 'eval_auprc': 0.09217182023127032, 'eval_mcc': 0.0, 'eval_precision': 0.0, 'eval_recall': 0.0, 'eval_f1': 0.0, 'eval_runtime': 19.9089, 'eval_samples_per_second': 1114.626, 'eval_steps_per_second': 17.429, 'epoch': 1.29}
{'loss': 0.6939, 'learning_rate': 0.0005716006193725986, 'epoch': 1.29}
{'loss': 0.6838, 'learning_rate': 0.0005704536330790847, 'epoch': 1.29}
{'loss': 0.6903, 'learning_rate': 0.0005693066467855708, 'epoch': 1.3}
{'loss': 0.686, 'learning_rate': 0.0005681596604920571, 'epoch': 1.3}
{'loss': 0.6919, 'learning_rate': 0.0005670126741985433, 'epoch': 1.3}
{'loss': 0.686, 'learning_rate': 0.0005658656879050295, 'epoch': 1.31}
{'loss': 0.6809, 'learning_rate': 0.0005647187016115157, 'epoch': 1.31}
{'loss': 0.6925, 'learning_rate': 0.000563571715318002, 'epoch': 1.31}
{'loss': 0.6813, 'learning_rate': 0.0005624247290244882, 'epoch': 1.32}
{'loss': 0.6858, 'learning_rate': 0.0005612777427309744, 'epoch': 1.32}
{'loss': 0.6933, 'learning_rate': 0.0005601307564374606, 'epoch': 1.32}
{'loss': 0.6885, 'learning_rate': 0.0005589837701439468, 'epoch': 1.33}
{'eval_loss': 0.6399616599082947, 'eval_bce': 0.6374292677098727, 'eval_n_pos': 2024.0, 'eval_pos_rate': 0.09120814744716327, 'eval_auroc': 0.4960345811093967, 'eval_auprc': 0.09061402899707384, 'eval_mcc': 0.0, 'eval_precision': 0.0, 'eval_recall': 0.0, 'eval_f1': 0.0, 'eval_runtime': 19.911, 'eval_samples_per_second': 1114.508, 'eval_steps_per_second': 17.428, 'epoch': 1.33}
{'loss': 0.6863, 'learning_rate': 0.000557836783850433, 'epoch': 1.33}
{'loss': 0.6937, 'learning_rate': 0.0005566897975569191, 'epoch': 1.33}
{'loss': 0.688, 'learning_rate': 0.0005555428112634054, 'epoch': 1.34}
{'loss': 0.6924, 'learning_rate': 0.0005543958249698916, 'epoch': 1.34}
{'loss': 0.6972, 'learning_rate': 0.0005532488386763779, 'epoch': 1.34}
{'loss': 0.69, 'learning_rate': 0.000552101852382864, 'epoch': 1.35}
{'loss': 0.6863, 'learning_rate': 0.0005509548660893502, 'epoch': 1.35}
{'loss': 0.6888, 'learning_rate': 0.0005498078797958365, 'epoch': 1.36}
{'loss': 0.6915, 'learning_rate': 0.0005486608935023227, 'epoch': 1.36}
{'loss': 0.6849, 'learning_rate': 0.0005475139072088088, 'epoch': 1.36}
{'loss': 0.6867, 'learning_rate': 0.000546366920915295, 'epoch': 1.37}
{'loss': 0.6814, 'learning_rate': 0.0005452199346217813, 'epoch': 1.37}
{'loss': 0.6847, 'learning_rate': 0.0005440729483282675, 'epoch': 1.37}
{'eval_loss': 0.6395947933197021, 'eval_bce': 0.6370439617294749, 'eval_n_pos': 2024.0, 'eval_pos_rate': 0.09120814744716327, 'eval_auroc': 0.5017926523998917, 'eval_auprc': 0.09155383571392445, 'eval_mcc': 0.0, 'eval_precision': 0.0, 'eval_recall': 0.0, 'eval_f1': 0.0, 'eval_runtime': 19.916, 'eval_samples_per_second': 1114.232, 'eval_steps_per_second': 17.423, 'epoch': 1.37}
{'loss': 0.6876, 'learning_rate': 0.0005429259620347537, 'epoch': 1.38}
{'loss': 0.6931, 'learning_rate': 0.0005417789757412399, 'epoch': 1.38}
{'loss': 0.6856, 'learning_rate': 0.0005406319894477261, 'epoch': 1.38}
{'loss': 0.6889, 'learning_rate': 0.0005394850031542124, 'epoch': 1.39}
{'loss': 0.6881, 'learning_rate': 0.0005383380168606985, 'epoch': 1.39}
{'loss': 0.6852, 'learning_rate': 0.0005371910305671848, 'epoch': 1.39}
{'loss': 0.6954, 'learning_rate': 0.0005360440442736709, 'epoch': 1.4}
{'loss': 0.6896, 'learning_rate': 0.0005348970579801572, 'epoch': 1.4}
{'loss': 0.6907, 'learning_rate': 0.0005337500716866433, 'epoch': 1.4}
{'loss': 0.6905, 'learning_rate': 0.0005326030853931295, 'epoch': 1.41}
{'loss': 0.6868, 'learning_rate': 0.0005314560990996158, 'epoch': 1.41}
{'loss': 0.6872, 'learning_rate': 0.000530309112806102, 'epoch': 1.41}
{'eval_loss': 0.6390630006790161, 'eval_bce': 0.6364861038974639, 'eval_n_pos': 2024.0, 'eval_pos_rate': 0.09120814744716327, 'eval_auroc': 0.5024016115632101, 'eval_auprc': 0.09146653390518959, 'eval_mcc': 0.0, 'eval_precision': 0.0, 'eval_recall': 0.0, 'eval_f1': 0.0, 'eval_runtime': 19.9027, 'eval_samples_per_second': 1114.973, 'eval_steps_per_second': 17.435, 'epoch': 1.42}
{'loss': 0.6816, 'learning_rate': 0.0005291621265125882, 'epoch': 1.42}
{'loss': 0.6864, 'learning_rate': 0.0005280151402190744, 'epoch': 1.42}
{'loss': 0.6875, 'learning_rate': 0.0005268681539255607, 'epoch': 1.42}
{'loss': 0.6831, 'learning_rate': 0.0005257211676320469, 'epoch': 1.43}
{'loss': 0.6911, 'learning_rate': 0.0005245741813385329, 'epoch': 1.43}
{'loss': 0.6991, 'learning_rate': 0.0005234271950450192, 'epoch': 1.43}
{'loss': 0.6884, 'learning_rate': 0.0005222802087515054, 'epoch': 1.44}
{'loss': 0.6907, 'learning_rate': 0.0005211332224579917, 'epoch': 1.44}
{'loss': 0.6969, 'learning_rate': 0.0005199862361644778, 'epoch': 1.44}
{'loss': 0.6841, 'learning_rate': 0.0005188392498709641, 'epoch': 1.45}
{'loss': 0.6909, 'learning_rate': 0.0005176922635774503, 'epoch': 1.45}
{'loss': 0.6967, 'learning_rate': 0.0005165452772839366, 'epoch': 1.45}
{'loss': 0.6896, 'learning_rate': 0.0005153982909904226, 'epoch': 1.46}
{'eval_loss': 0.6368651390075684, 'eval_bce': 0.6341778651685318, 'eval_n_pos': 2024.0, 'eval_pos_rate': 0.09120814744716327, 'eval_auroc': 0.5054696446725181, 'eval_auprc': 0.09218300705373195, 'eval_mcc': 0.0, 'eval_precision': 0.0, 'eval_recall': 0.0, 'eval_f1': 0.0, 'eval_runtime': 19.975, 'eval_samples_per_second': 1110.936, 'eval_steps_per_second': 17.372, 'epoch': 1.46}
{'loss': 0.6908, 'learning_rate': 0.0005142513046969088, 'epoch': 1.46}
{'loss': 0.6929, 'learning_rate': 0.0005131043184033951, 'epoch': 1.47}
{'loss': 0.6875, 'learning_rate': 0.0005119573321098813, 'epoch': 1.47}
{'loss': 0.6951, 'learning_rate': 0.0005108103458163675, 'epoch': 1.47}
{'loss': 0.6889, 'learning_rate': 0.0005096633595228537, 'epoch': 1.48}
{'loss': 0.6905, 'learning_rate': 0.00050851637322934, 'epoch': 1.48}
{'loss': 0.6903, 'learning_rate': 0.0005073693869358262, 'epoch': 1.48}
{'loss': 0.6929, 'learning_rate': 0.0005062224006423123, 'epoch': 1.49}
{'loss': 0.693, 'learning_rate': 0.0005050754143487986, 'epoch': 1.49}
{'loss': 0.6926, 'learning_rate': 0.0005039284280552847, 'epoch': 1.49}
{'loss': 0.6864, 'learning_rate': 0.0005027814417617709, 'epoch': 1.5}
{'loss': 0.6887, 'learning_rate': 0.0005016344554682571, 'epoch': 1.5}
{'eval_loss': 0.635158360004425, 'eval_bce': 0.6323848384316743, 'eval_n_pos': 2024.0, 'eval_pos_rate': 0.09120814744716327, 'eval_auroc': 0.5035713893730435, 'eval_auprc': 0.09182909268577526, 'eval_mcc': 0.0, 'eval_precision': 0.0, 'eval_recall': 0.0, 'eval_f1': 0.0, 'eval_runtime': 19.9264, 'eval_samples_per_second': 1113.65, 'eval_steps_per_second': 17.414, 'epoch': 1.5}
{'loss': 0.6852, 'learning_rate': 0.0005004874691747434, 'epoch': 1.5}
{'loss': 0.6885, 'learning_rate': 0.0004993404828812296, 'epoch': 1.51}
{'loss': 0.6957, 'learning_rate': 0.0004981934965877158, 'epoch': 1.51}
{'loss': 0.6832, 'learning_rate': 0.000497046510294202, 'epoch': 1.51}
{'loss': 0.6933, 'learning_rate': 0.0004958995240006882, 'epoch': 1.52}
{'loss': 0.6888, 'learning_rate': 0.0004947525377071745, 'epoch': 1.52}
{'loss': 0.6914, 'learning_rate': 0.0004936055514136605, 'epoch': 1.52}
{'loss': 0.6888, 'learning_rate': 0.0004924585651201468, 'epoch': 1.53}
{'loss': 0.6847, 'learning_rate': 0.000491311578826633, 'epoch': 1.53}
{'loss': 0.6866, 'learning_rate': 0.0004901645925331192, 'epoch': 1.53}
{'loss': 0.6938, 'learning_rate': 0.0004890176062396054, 'epoch': 1.54}
{'loss': 0.6868, 'learning_rate': 0.00048787061994609164, 'epoch': 1.54}
{'loss': 0.6872, 'learning_rate': 0.0004867236336525779, 'epoch': 1.54}
{'eval_loss': 0.637030303478241, 'eval_bce': 0.6343507593926777, 'eval_n_pos': 2024.0, 'eval_pos_rate': 0.09120814744716327, 'eval_auroc': 0.49863203760457886, 'eval_auprc': 0.09108873694675446, 'eval_mcc': 0.0, 'eval_precision': 0.0, 'eval_recall': 0.0, 'eval_f1': 0.0, 'eval_runtime': 19.904, 'eval_samples_per_second': 1114.9, 'eval_steps_per_second': 17.434, 'epoch': 1.54}
{'loss': 0.6839, 'learning_rate': 0.0004855766473590641, 'epoch': 1.55}
{'loss': 0.687, 'learning_rate': 0.00048442966106555026, 'epoch': 1.55}
{'loss': 0.6953, 'learning_rate': 0.00048328267477203645, 'epoch': 1.55}
{'loss': 0.6866, 'learning_rate': 0.0004821356884785227, 'epoch': 1.56}
{'loss': 0.6938, 'learning_rate': 0.0004809887021850089, 'epoch': 1.56}
{'loss': 0.6933, 'learning_rate': 0.0004798417158914951, 'epoch': 1.56}
{'loss': 0.6856, 'learning_rate': 0.0004786947295979813, 'epoch': 1.57}
{'loss': 0.6804, 'learning_rate': 0.00047754774330446755, 'epoch': 1.57}
{'loss': 0.6825, 'learning_rate': 0.00047640075701095374, 'epoch': 1.57}
{'loss': 0.6898, 'learning_rate': 0.0004752537707174399, 'epoch': 1.58}
{'loss': 0.6954, 'learning_rate': 0.0004741067844239261, 'epoch': 1.58}
{'loss': 0.6843, 'learning_rate': 0.00047295979813041236, 'epoch': 1.59}
{'eval_loss': 0.6378568410873413, 'eval_bce': 0.6352188265202566, 'eval_n_pos': 2024.0, 'eval_pos_rate': 0.09120814744716327, 'eval_auroc': 0.5, 'eval_auprc': 0.09120814744716327, 'eval_mcc': 0.0, 'eval_precision': 0.0, 'eval_recall': 0.0, 'eval_f1': 0.0, 'eval_runtime': 19.9167, 'eval_samples_per_second': 1114.193, 'eval_steps_per_second': 17.423, 'epoch': 1.59}
{'loss': 0.6874, 'learning_rate': 0.00047181281183689854, 'epoch': 1.59}
{'loss': 0.6951, 'learning_rate': 0.0004706658255433848, 'epoch': 1.59}
{'loss': 0.6844, 'learning_rate': 0.000469518839249871, 'epoch': 1.6}
{'loss': 0.6902, 'learning_rate': 0.0004683718529563572, 'epoch': 1.6}
{'loss': 0.6913, 'learning_rate': 0.00046722486666284335, 'epoch': 1.6}
{'loss': 0.6891, 'learning_rate': 0.0004660778803693296, 'epoch': 1.61}
{'loss': 0.6877, 'learning_rate': 0.0004649308940758158, 'epoch': 1.61}
{'loss': 0.6913, 'learning_rate': 0.000463783907782302, 'epoch': 1.61}
{'loss': 0.6914, 'learning_rate': 0.0004626369214887882, 'epoch': 1.62}
{'loss': 0.6862, 'learning_rate': 0.00046148993519527445, 'epoch': 1.62}
{'loss': 0.6854, 'learning_rate': 0.00046034294890176064, 'epoch': 1.62}
{'loss': 0.6929, 'learning_rate': 0.0004591959626082469, 'epoch': 1.63}
{'loss': 0.6871, 'learning_rate': 0.000458048976314733, 'epoch': 1.63}
{'eval_loss': 0.638258159160614, 'eval_bce': 0.6356406330135059, 'eval_n_pos': 2024.0, 'eval_pos_rate': 0.09120814744716327, 'eval_auroc': 0.49838899536694686, 'eval_auprc': 0.090947822252785, 'eval_mcc': 0.0, 'eval_precision': 0.0, 'eval_recall': 0.0, 'eval_f1': 0.0, 'eval_runtime': 19.9218, 'eval_samples_per_second': 1113.905, 'eval_steps_per_second': 17.418, 'epoch': 1.63}
{'loss': 0.6901, 'learning_rate': 0.00045690199002121926, 'epoch': 1.63}
{'loss': 0.6886, 'learning_rate': 0.00045575500372770544, 'epoch': 1.64}
{'loss': 0.6938, 'learning_rate': 0.0004546080174341917, 'epoch': 1.64}
{'loss': 0.6932, 'learning_rate': 0.0004534610311406779, 'epoch': 1.64}
{'loss': 0.6864, 'learning_rate': 0.0004523140448471641, 'epoch': 1.65}
{'loss': 0.6911, 'learning_rate': 0.0004511670585536503, 'epoch': 1.65}
{'loss': 0.6976, 'learning_rate': 0.00045002007226013655, 'epoch': 1.65}
{'loss': 0.6904, 'learning_rate': 0.0004488730859666227, 'epoch': 1.66}
{'loss': 0.6909, 'learning_rate': 0.0004477260996731089, 'epoch': 1.66}
{'loss': 0.6862, 'learning_rate': 0.0004465791133795951, 'epoch': 1.66}
{'loss': 0.6964, 'learning_rate': 0.00044543212708608135, 'epoch': 1.67}
{'loss': 0.682, 'learning_rate': 0.00044428514079256754, 'epoch': 1.67}
{'eval_loss': 0.6360238790512085, 'eval_bce': 0.6332932277445444, 'eval_n_pos': 2024.0, 'eval_pos_rate': 0.09120814744716327, 'eval_auroc': 0.5093957794314705, 'eval_auprc': 0.09381074219655698, 'eval_mcc': 0.0, 'eval_precision': 0.0, 'eval_recall': 0.0, 'eval_f1': 0.0, 'eval_runtime': 19.9037, 'eval_samples_per_second': 1114.92, 'eval_steps_per_second': 17.434, 'epoch': 1.67}
{'loss': 0.688, 'learning_rate': 0.0004431381544990538, 'epoch': 1.67}
{'loss': 0.6797, 'learning_rate': 0.00044199116820553997, 'epoch': 1.68}
{'loss': 0.6891, 'learning_rate': 0.0004408441819120262, 'epoch': 1.68}
{'loss': 0.6899, 'learning_rate': 0.00043969719561851234, 'epoch': 1.68}
{'loss': 0.6895, 'learning_rate': 0.0004385502093249986, 'epoch': 1.69}
{'loss': 0.6946, 'learning_rate': 0.0004374032230314848, 'epoch': 1.69}
{'loss': 0.6916, 'learning_rate': 0.000436256236737971, 'epoch': 1.69}
{'loss': 0.6861, 'learning_rate': 0.0004351092504444572, 'epoch': 1.7}
{'loss': 0.6852, 'learning_rate': 0.00043396226415094345, 'epoch': 1.7}
{'loss': 0.6832, 'learning_rate': 0.00043281527785742963, 'epoch': 1.71}
{'loss': 0.6862, 'learning_rate': 0.0004316682915639158, 'epoch': 1.71}
{'loss': 0.6896, 'learning_rate': 0.000430521305270402, 'epoch': 1.71}
{'loss': 0.6948, 'learning_rate': 0.0004293743189768882, 'epoch': 1.72}
{'eval_loss': 0.637122392654419, 'eval_bce': 0.6344478156468154, 'eval_n_pos': 2024.0, 'eval_pos_rate': 0.09120814744716327, 'eval_auroc': 0.5120620290926494, 'eval_auprc': 0.09331438726097575, 'eval_mcc': 0.0, 'eval_precision': 0.0, 'eval_recall': 0.0, 'eval_f1': 0.0, 'eval_runtime': 19.9226, 'eval_samples_per_second': 1113.861, 'eval_steps_per_second': 17.417, 'epoch': 1.72}
{'loss': 0.692, 'learning_rate': 0.00042822733268337444, 'epoch': 1.72}
{'loss': 0.6936, 'learning_rate': 0.0004270803463898606, 'epoch': 1.72}
{'loss': 0.6897, 'learning_rate': 0.00042593336009634687, 'epoch': 1.73}
{'loss': 0.6951, 'learning_rate': 0.00042478637380283306, 'epoch': 1.73}
{'loss': 0.689, 'learning_rate': 0.0004236393875093193, 'epoch': 1.73}
{'loss': 0.6876, 'learning_rate': 0.00042249240121580543, 'epoch': 1.74}
{'loss': 0.686, 'learning_rate': 0.0004213454149222917, 'epoch': 1.74}
{'loss': 0.694, 'learning_rate': 0.00042019842862877786, 'epoch': 1.74}
{'loss': 0.6928, 'learning_rate': 0.0004190514423352641, 'epoch': 1.75}
{'loss': 0.6967, 'learning_rate': 0.0004179044560417503, 'epoch': 1.75}
{'loss': 0.6836, 'learning_rate': 0.00041675746974823653, 'epoch': 1.75}
{'loss': 0.6941, 'learning_rate': 0.0004156104834547227, 'epoch': 1.76}
{'eval_loss': 0.6349513530731201, 'eval_bce': 0.6321675725468876, 'eval_n_pos': 2024.0, 'eval_pos_rate': 0.09120814744716327, 'eval_auroc': 0.4926726948556628, 'eval_auprc': 0.09002188694741389, 'eval_mcc': 0.0, 'eval_precision': 0.0, 'eval_recall': 0.0, 'eval_f1': 0.0, 'eval_runtime': 19.9417, 'eval_samples_per_second': 1112.791, 'eval_steps_per_second': 17.401, 'epoch': 1.76}
{'loss': 0.6899, 'learning_rate': 0.00041446349716120896, 'epoch': 1.76}
{'loss': 0.6934, 'learning_rate': 0.0004133165108676951, 'epoch': 1.76}
{'loss': 0.6885, 'learning_rate': 0.00041216952457418134, 'epoch': 1.77}
{'loss': 0.6889, 'learning_rate': 0.0004110225382806675, 'epoch': 1.77}
{'loss': 0.6956, 'learning_rate': 0.00040987555198715377, 'epoch': 1.77}
{'loss': 0.6986, 'learning_rate': 0.00040872856569363996, 'epoch': 1.78}
{'loss': 0.6862, 'learning_rate': 0.0004075815794001262, 'epoch': 1.78}
{'loss': 0.6885, 'learning_rate': 0.0004064345931066124, 'epoch': 1.78}
{'loss': 0.6918, 'learning_rate': 0.00040528760681309863, 'epoch': 1.79}
{'loss': 0.6888, 'learning_rate': 0.00040414062051958476, 'epoch': 1.79}
{'loss': 0.6806, 'learning_rate': 0.000402993634226071, 'epoch': 1.79}
{'loss': 0.6903, 'learning_rate': 0.0004018466479325572, 'epoch': 1.8}
{'loss': 0.6871, 'learning_rate': 0.00040069966163904343, 'epoch': 1.8}
{'eval_loss': 0.6363233923912048, 'eval_bce': 0.6336080016900231, 'eval_n_pos': 2024.0, 'eval_pos_rate': 0.09120814744716327, 'eval_auroc': 0.49661670162835975, 'eval_auprc': 0.09063940488562694, 'eval_mcc': 0.0, 'eval_precision': 0.0, 'eval_recall': 0.0, 'eval_f1': 0.0, 'eval_runtime': 19.9524, 'eval_samples_per_second': 1112.199, 'eval_steps_per_second': 17.391, 'epoch': 1.8}
{'loss': 0.6866, 'learning_rate': 0.0003995526753455296, 'epoch': 1.8}
{'loss': 0.6901, 'learning_rate': 0.00039840568905201586, 'epoch': 1.81}
{'loss': 0.6851, 'learning_rate': 0.00039725870275850205, 'epoch': 1.81}
{'loss': 0.6915, 'learning_rate': 0.00039611171646498824, 'epoch': 1.82}
{'loss': 0.6883, 'learning_rate': 0.0003949647301714744, 'epoch': 1.82}
{'loss': 0.6929, 'learning_rate': 0.00039381774387796067, 'epoch': 1.82}
{'loss': 0.6941, 'learning_rate': 0.00039267075758444686, 'epoch': 1.83}
{'loss': 0.6916, 'learning_rate': 0.0003915237712909331, 'epoch': 1.83}
{'loss': 0.6905, 'learning_rate': 0.0003903767849974193, 'epoch': 1.83}
{'loss': 0.6888, 'learning_rate': 0.00038922979870390553, 'epoch': 1.84}
{'loss': 0.6873, 'learning_rate': 0.0003880828124103917, 'epoch': 1.84}
{'loss': 0.6868, 'learning_rate': 0.0003869358261168779, 'epoch': 1.84}
{'eval_loss': 0.6372281908988953, 'eval_bce': 0.634558936872087, 'eval_n_pos': 2024.0, 'eval_pos_rate': 0.09120814744716327, 'eval_auroc': 0.5173033676704655, 'eval_auprc': 0.09455424533077383, 'eval_mcc': 0.0, 'eval_precision': 0.0, 'eval_recall': 0.0, 'eval_f1': 0.0, 'eval_runtime': 19.9211, 'eval_samples_per_second': 1113.943, 'eval_steps_per_second': 17.419, 'epoch': 1.84}
{'loss': 0.692, 'learning_rate': 0.0003857888398233641, 'epoch': 1.85}
{'loss': 0.6934, 'learning_rate': 0.00038464185352985033, 'epoch': 1.85}
{'loss': 0.6861, 'learning_rate': 0.0003834948672363365, 'epoch': 1.85}
{'loss': 0.6877, 'learning_rate': 0.00038234788094282276, 'epoch': 1.86}
{'loss': 0.6885, 'learning_rate': 0.00038120089464930895, 'epoch': 1.86}
{'loss': 0.6933, 'learning_rate': 0.0003800539083557952, 'epoch': 1.86}
{'loss': 0.6833, 'learning_rate': 0.0003789069220622814, 'epoch': 1.87}
{'loss': 0.6916, 'learning_rate': 0.00037775993576876757, 'epoch': 1.87}
{'loss': 0.6885, 'learning_rate': 0.00037661294947525376, 'epoch': 1.87}
{'loss': 0.6958, 'learning_rate': 0.00037546596318174, 'epoch': 1.88}
{'loss': 0.683, 'learning_rate': 0.0003743189768882262, 'epoch': 1.88}
{'loss': 0.6832, 'learning_rate': 0.00037317199059471243, 'epoch': 1.88}
{'loss': 0.6972, 'learning_rate': 0.0003720250043011986, 'epoch': 1.89}
{'eval_loss': 0.6388591527938843, 'eval_bce': 0.6362706816477911, 'eval_n_pos': 2024.0, 'eval_pos_rate': 0.09120814744716327, 'eval_auroc': 0.48668587648863215, 'eval_auprc': 0.08865993632141271, 'eval_mcc': 0.0, 'eval_precision': 0.0, 'eval_recall': 0.0, 'eval_f1': 0.0, 'eval_runtime': 19.9486, 'eval_samples_per_second': 1112.411, 'eval_steps_per_second': 17.395, 'epoch': 1.89}
{'loss': 0.6915, 'learning_rate': 0.00037087801800768486, 'epoch': 1.89}
{'loss': 0.6934, 'learning_rate': 0.00036973103171417104, 'epoch': 1.89}
{'loss': 0.6844, 'learning_rate': 0.00036858404542065723, 'epoch': 1.9}
{'loss': 0.6872, 'learning_rate': 0.0003674370591271434, 'epoch': 1.9}
{'loss': 0.6855, 'learning_rate': 0.00036629007283362966, 'epoch': 1.9}
{'loss': 0.6925, 'learning_rate': 0.00036514308654011585, 'epoch': 1.91}
{'loss': 0.693, 'learning_rate': 0.0003639961002466021, 'epoch': 1.91}
{'loss': 0.6947, 'learning_rate': 0.0003628491139530883, 'epoch': 1.91}
{'loss': 0.6868, 'learning_rate': 0.0003617021276595745, 'epoch': 1.92}
{'loss': 0.6886, 'learning_rate': 0.00036055514136606066, 'epoch': 1.92}
{'loss': 0.6835, 'learning_rate': 0.0003594081550725469, 'epoch': 1.92}
{'loss': 0.6901, 'learning_rate': 0.0003582611687790331, 'epoch': 1.93}
{'eval_loss': 0.639299750328064, 'eval_bce': 0.6367336987998927, 'eval_n_pos': 2024.0, 'eval_pos_rate': 0.09120814744716327, 'eval_auroc': 0.49305569982738984, 'eval_auprc': 0.08995716284849609, 'eval_mcc': 0.0, 'eval_precision': 0.0, 'eval_recall': 0.0, 'eval_f1': 0.0, 'eval_runtime': 19.9181, 'eval_samples_per_second': 1114.111, 'eval_steps_per_second': 17.421, 'epoch': 1.93}
{'loss': 0.6862, 'learning_rate': 0.0003571141824855193, 'epoch': 1.93}
{'loss': 0.6971, 'learning_rate': 0.0003559671961920055, 'epoch': 1.94}
{'loss': 0.6908, 'learning_rate': 0.00035482020989849176, 'epoch': 1.94}
{'loss': 0.6914, 'learning_rate': 0.00035367322360497794, 'epoch': 1.94}
{'loss': 0.6958, 'learning_rate': 0.0003525262373114642, 'epoch': 1.95}
{'loss': 0.6867, 'learning_rate': 0.0003513792510179503, 'epoch': 1.95}
{'loss': 0.6849, 'learning_rate': 0.0003502322647244365, 'epoch': 1.95}
{'loss': 0.6906, 'learning_rate': 0.00034908527843092275, 'epoch': 1.96}
{'loss': 0.6885, 'learning_rate': 0.00034793829213740894, 'epoch': 1.96}
{'loss': 0.6907, 'learning_rate': 0.0003467913058438952, 'epoch': 1.96}
{'loss': 0.6862, 'learning_rate': 0.00034564431955038137, 'epoch': 1.97}
{'loss': 0.68, 'learning_rate': 0.0003444973332568676, 'epoch': 1.97}
{'loss': 0.6917, 'learning_rate': 0.0003433503469633538, 'epoch': 1.97}
{'eval_loss': 0.640993058681488, 'eval_bce': 0.6385121075572824, 'eval_n_pos': 2024.0, 'eval_pos_rate': 0.09120814744716327, 'eval_auroc': 0.5024343667138289, 'eval_auprc': 0.09199351469679096, 'eval_mcc': 0.0, 'eval_precision': 0.0, 'eval_recall': 0.0, 'eval_f1': 0.0, 'eval_runtime': 19.9455, 'eval_samples_per_second': 1112.58, 'eval_steps_per_second': 17.397, 'epoch': 1.97}
{'loss': 0.6857, 'learning_rate': 0.00034220336066984, 'epoch': 1.98}
{'loss': 0.6921, 'learning_rate': 0.00034105637437632617, 'epoch': 1.98}
{'loss': 0.6832, 'learning_rate': 0.0003399093880828124, 'epoch': 1.98}
{'loss': 0.6859, 'learning_rate': 0.0003387624017892986, 'epoch': 1.99}
{'loss': 0.69, 'learning_rate': 0.00033761541549578484, 'epoch': 1.99}
{'loss': 0.6919, 'learning_rate': 0.00033646842920227103, 'epoch': 1.99}
{'loss': 0.694, 'learning_rate': 0.0003353214429087573, 'epoch': 2.0}
{'loss': 0.6857, 'learning_rate': 0.0003341744566152434, 'epoch': 2.0}
{'loss': 0.688, 'learning_rate': 0.00033302747032172965, 'epoch': 2.0}
{'loss': 0.6889, 'learning_rate': 0.00033188048402821584, 'epoch': 2.01}
{'loss': 0.6812, 'learning_rate': 0.0003307334977347021, 'epoch': 2.01}
{'loss': 0.6889, 'learning_rate': 0.00032958651144118827, 'epoch': 2.01}
{'eval_loss': 0.6422848701477051, 'eval_bce': 0.6398685722141888, 'eval_n_pos': 2024.0, 'eval_pos_rate': 0.09120814744716327, 'eval_auroc': 0.5013223330251687, 'eval_auprc': 0.09144087161856389, 'eval_mcc': 0.0, 'eval_precision': 0.0, 'eval_recall': 0.0, 'eval_f1': 0.0, 'eval_runtime': 19.9453, 'eval_samples_per_second': 1112.595, 'eval_steps_per_second': 17.398, 'epoch': 2.02}
{'loss': 0.6815, 'learning_rate': 0.0003284395251476745, 'epoch': 2.02}
{'loss': 0.6965, 'learning_rate': 0.0003272925388541607, 'epoch': 2.02}
{'loss': 0.6867, 'learning_rate': 0.00032614555256064694, 'epoch': 2.02}
{'loss': 0.6887, 'learning_rate': 0.00032499856626713307, 'epoch': 2.03}
{'loss': 0.6922, 'learning_rate': 0.0003238515799736193, 'epoch': 2.03}
{'loss': 0.692, 'learning_rate': 0.0003227045936801055, 'epoch': 2.03}
{'loss': 0.6936, 'learning_rate': 0.00032155760738659174, 'epoch': 2.04}
{'loss': 0.689, 'learning_rate': 0.00032041062109307793, 'epoch': 2.04}
{'loss': 0.6954, 'learning_rate': 0.0003192636347995642, 'epoch': 2.04}
{'loss': 0.6924, 'learning_rate': 0.00031811664850605036, 'epoch': 2.05}
{'loss': 0.6864, 'learning_rate': 0.0003169696622125366, 'epoch': 2.05}
{'loss': 0.6845, 'learning_rate': 0.00031582267591902274, 'epoch': 2.06}
{'loss': 0.6853, 'learning_rate': 0.000314675689625509, 'epoch': 2.06}
{'eval_loss': 0.6403679251670837, 'eval_bce': 0.6378560301573076, 'eval_n_pos': 2024.0, 'eval_pos_rate': 0.09120814744716327, 'eval_auroc': 0.501868023544902, 'eval_auprc': 0.09142490033138959, 'eval_mcc': 0.0, 'eval_precision': 0.0, 'eval_recall': 0.0, 'eval_f1': 0.0, 'eval_runtime': 19.9272, 'eval_samples_per_second': 1113.605, 'eval_steps_per_second': 17.413, 'epoch': 2.06}
{'loss': 0.6856, 'learning_rate': 0.00031352870333199517, 'epoch': 2.06}
{'loss': 0.6798, 'learning_rate': 0.0003123817170384814, 'epoch': 2.07}
{'loss': 0.6889, 'learning_rate': 0.0003112347307449676, 'epoch': 2.07}
{'loss': 0.6927, 'learning_rate': 0.00031008774445145384, 'epoch': 2.07}
{'loss': 0.6874, 'learning_rate': 0.00030894075815794, 'epoch': 2.08}
{'loss': 0.6918, 'learning_rate': 0.00030779377186442627, 'epoch': 2.08}
{'loss': 0.6832, 'learning_rate': 0.0003066467855709124, 'epoch': 2.08}
{'loss': 0.7011, 'learning_rate': 0.00030549979927739864, 'epoch': 2.09}
{'loss': 0.6875, 'learning_rate': 0.00030435281298388483, 'epoch': 2.09}
{'loss': 0.6858, 'learning_rate': 0.0003032058266903711, 'epoch': 2.09}
{'loss': 0.6819, 'learning_rate': 0.00030205884039685726, 'epoch': 2.1}
{'loss': 0.6911, 'learning_rate': 0.0003009118541033435, 'epoch': 2.1}
{'eval_loss': 0.6419628858566284, 'eval_bce': 0.6395297543794978, 'eval_n_pos': 2024.0, 'eval_pos_rate': 0.09120814744716327, 'eval_auroc': 0.495928757718897, 'eval_auprc': 0.09062124146184104, 'eval_mcc': 0.0, 'eval_precision': 0.0, 'eval_recall': 0.0, 'eval_f1': 0.0, 'eval_runtime': 19.9305, 'eval_samples_per_second': 1113.422, 'eval_steps_per_second': 17.411, 'epoch': 2.1}
{'loss': 0.6758, 'learning_rate': 0.0002997648678098297, 'epoch': 2.1}
{'loss': 0.688, 'learning_rate': 0.0002986178815163159, 'epoch': 2.11}
{'loss': 0.6861, 'learning_rate': 0.00029747089522280207, 'epoch': 2.11}
{'loss': 0.6894, 'learning_rate': 0.0002963239089292883, 'epoch': 2.11}
{'loss': 0.6887, 'learning_rate': 0.0002951769226357745, 'epoch': 2.12}
{'loss': 0.6881, 'learning_rate': 0.00029402993634226074, 'epoch': 2.12}
{'loss': 0.6853, 'learning_rate': 0.0002928829500487469, 'epoch': 2.12}
{'loss': 0.6921, 'learning_rate': 0.00029173596375523317, 'epoch': 2.13}
{'loss': 0.685, 'learning_rate': 0.00029058897746171936, 'epoch': 2.13}
{'loss': 0.6813, 'learning_rate': 0.00028944199116820554, 'epoch': 2.13}
{'loss': 0.6864, 'learning_rate': 0.00028829500487469173, 'epoch': 2.14}
{'loss': 0.6937, 'learning_rate': 0.000287148018581178, 'epoch': 2.14}
{'loss': 0.6886, 'learning_rate': 0.00028600103228766416, 'epoch': 2.14}
{'eval_loss': 0.6419281363487244, 'eval_bce': 0.6394931891601153, 'eval_n_pos': 2024.0, 'eval_pos_rate': 0.09120814744716327, 'eval_auroc': 0.5070812617803397, 'eval_auprc': 0.09263877176301574, 'eval_mcc': 0.0, 'eval_precision': 0.0, 'eval_recall': 0.0, 'eval_f1': 0.0, 'eval_runtime': 19.9207, 'eval_samples_per_second': 1113.969, 'eval_steps_per_second': 17.419, 'epoch': 2.14}
{'loss': 0.6842, 'learning_rate': 0.0002848540459941504, 'epoch': 2.15}
{'loss': 0.6936, 'learning_rate': 0.0002837070597006366, 'epoch': 2.15}
{'loss': 0.6898, 'learning_rate': 0.00028256007340712283, 'epoch': 2.15}
{'loss': 0.6925, 'learning_rate': 0.000281413087113609, 'epoch': 2.16}
{'loss': 0.6862, 'learning_rate': 0.0002802661008200952, 'epoch': 2.16}
{'loss': 0.6902, 'learning_rate': 0.0002791191145265814, 'epoch': 2.17}
{'loss': 0.6849, 'learning_rate': 0.0002779721282330676, 'epoch': 2.17}
{'loss': 0.7016, 'learning_rate': 0.0002768251419395538, 'epoch': 2.17}
{'loss': 0.6922, 'learning_rate': 0.00027567815564604, 'epoch': 2.18}
{'loss': 0.6938, 'learning_rate': 0.00027453116935252626, 'epoch': 2.18}
{'loss': 0.6836, 'learning_rate': 0.00027338418305901244, 'epoch': 2.18}
{'loss': 0.6853, 'learning_rate': 0.0002722371967654987, 'epoch': 2.19}
{'eval_loss': 0.6416777968406677, 'eval_bce': 0.6392296646726003, 'eval_n_pos': 2024.0, 'eval_pos_rate': 0.09120814744716327, 'eval_auroc': 0.5011984661279894, 'eval_auprc': 0.09129880660460454, 'eval_mcc': 0.0, 'eval_precision': 0.0, 'eval_recall': 0.0, 'eval_f1': 0.0, 'eval_runtime': 19.9156, 'eval_samples_per_second': 1114.255, 'eval_steps_per_second': 17.424, 'epoch': 2.19}
{'loss': 0.6963, 'learning_rate': 0.0002710902104719848, 'epoch': 2.19}
{'loss': 0.6852, 'learning_rate': 0.00026994322417847106, 'epoch': 2.19}
{'loss': 0.6845, 'learning_rate': 0.00026879623788495725, 'epoch': 2.2}
{'loss': 0.6891, 'learning_rate': 0.0002676492515914435, 'epoch': 2.2}
{'loss': 0.6953, 'learning_rate': 0.0002665022652979297, 'epoch': 2.2}
{'loss': 0.6892, 'learning_rate': 0.0002653552790044159, 'epoch': 2.21}
{'loss': 0.6901, 'learning_rate': 0.0002642082927109021, 'epoch': 2.21}
{'loss': 0.6871, 'learning_rate': 0.0002630613064173883, 'epoch': 2.21}
{'loss': 0.6873, 'learning_rate': 0.0002619143201238745, 'epoch': 2.22}
{'loss': 0.689, 'learning_rate': 0.0002607673338303607, 'epoch': 2.22}
{'loss': 0.6876, 'learning_rate': 0.0002596203475368469, 'epoch': 2.22}
{'loss': 0.6864, 'learning_rate': 0.00025847336124333316, 'epoch': 2.23}
{'loss': 0.6908, 'learning_rate': 0.00025732637494981934, 'epoch': 2.23}
{'eval_loss': 0.6411364674568176, 'eval_bce': 0.6386622672472522, 'eval_n_pos': 2024.0, 'eval_pos_rate': 0.09120814744716327, 'eval_auroc': 0.5107610224389196, 'eval_auprc': 0.09314103914362129, 'eval_mcc': 0.0, 'eval_precision': 0.0, 'eval_recall': 0.0, 'eval_f1': 0.0, 'eval_runtime': 19.9209, 'eval_samples_per_second': 1113.955, 'eval_steps_per_second': 17.419, 'epoch': 2.23}
{'loss': 0.6882, 'learning_rate': 0.0002561793886563056, 'epoch': 2.23}
{'loss': 0.6859, 'learning_rate': 0.0002550324023627918, 'epoch': 2.24}
{'loss': 0.6871, 'learning_rate': 0.00025388541606927796, 'epoch': 2.24}
{'loss': 0.6964, 'learning_rate': 0.00025273842977576415, 'epoch': 2.24}
{'loss': 0.6918, 'learning_rate': 0.0002515914434822504, 'epoch': 2.25}
{'loss': 0.6832, 'learning_rate': 0.0002504444571887366, 'epoch': 2.25}
{'loss': 0.6776, 'learning_rate': 0.0002492974708952228, 'epoch': 2.25}
{'loss': 0.6907, 'learning_rate': 0.000248150484601709, 'epoch': 2.26}
{'loss': 0.6864, 'learning_rate': 0.0002470034983081952, 'epoch': 2.26}
{'loss': 0.6981, 'learning_rate': 0.00024585651201468144, 'epoch': 2.26}
{'loss': 0.6869, 'learning_rate': 0.0002447095257211676, 'epoch': 2.27}
{'loss': 0.6834, 'learning_rate': 0.00024356253942765387, 'epoch': 2.27}
{'eval_loss': 0.6427017450332642, 'eval_bce': 0.6403066093467218, 'eval_n_pos': 2024.0, 'eval_pos_rate': 0.09120814744716327, 'eval_auroc': 0.5034434678928967, 'eval_auprc': 0.0918101030199337, 'eval_mcc': 0.0, 'eval_precision': 0.0, 'eval_recall': 0.0, 'eval_f1': 0.0, 'eval_runtime': 19.9339, 'eval_samples_per_second': 1113.228, 'eval_steps_per_second': 17.408, 'epoch': 2.27}
{'loss': 0.692, 'learning_rate': 0.00024241555313414006, 'epoch': 2.27}
{'loss': 0.6928, 'learning_rate': 0.00024126856684062627, 'epoch': 2.28}
{'loss': 0.6904, 'learning_rate': 0.00024012158054711249, 'epoch': 2.28}
{'loss': 0.6876, 'learning_rate': 0.0002389745942535987, 'epoch': 2.29}
{'loss': 0.6771, 'learning_rate': 0.00023782760796008486, 'epoch': 2.29}
{'loss': 0.6932, 'learning_rate': 0.00023668062166657108, 'epoch': 2.29}
{'loss': 0.6932, 'learning_rate': 0.0002355336353730573, 'epoch': 2.3}
{'loss': 0.6866, 'learning_rate': 0.0002343866490795435, 'epoch': 2.3}
{'loss': 0.69, 'learning_rate': 0.0002332396627860297, 'epoch': 2.3}
{'loss': 0.6883, 'learning_rate': 0.0002320926764925159, 'epoch': 2.31}
{'loss': 0.6893, 'learning_rate': 0.00023094569019900212, 'epoch': 2.31}
{'loss': 0.6875, 'learning_rate': 0.0002297987039054883, 'epoch': 2.31}
{'loss': 0.6943, 'learning_rate': 0.00022865171761197453, 'epoch': 2.32}
{'eval_loss': 0.6423463821411133, 'eval_bce': 0.6399320832217895, 'eval_n_pos': 2024.0, 'eval_pos_rate': 0.09120814744716327, 'eval_auroc': 0.49506107696387347, 'eval_auprc': 0.09017620942610241, 'eval_mcc': 0.0, 'eval_precision': 0.0, 'eval_recall': 0.0, 'eval_f1': 0.0, 'eval_runtime': 19.9437, 'eval_samples_per_second': 1112.683, 'eval_steps_per_second': 17.399, 'epoch': 2.32}
{'loss': 0.6849, 'learning_rate': 0.00022750473131846074, 'epoch': 2.32}
{'loss': 0.6907, 'learning_rate': 0.00022635774502494696, 'epoch': 2.32}
{'loss': 0.6911, 'learning_rate': 0.00022521075873143314, 'epoch': 2.33}
{'loss': 0.6903, 'learning_rate': 0.00022406377243791936, 'epoch': 2.33}
{'loss': 0.6911, 'learning_rate': 0.00022291678614440557, 'epoch': 2.33}
{'loss': 0.6849, 'learning_rate': 0.0002217697998508918, 'epoch': 2.34}
{'loss': 0.6844, 'learning_rate': 0.00022062281355737798, 'epoch': 2.34}
{'loss': 0.6988, 'learning_rate': 0.0002194758272638642, 'epoch': 2.34}
{'loss': 0.6926, 'learning_rate': 0.0002183288409703504, 'epoch': 2.35}
{'loss': 0.6886, 'learning_rate': 0.00021718185467683662, 'epoch': 2.35}
{'loss': 0.6885, 'learning_rate': 0.0002160348683833228, 'epoch': 2.35}
{'loss': 0.6912, 'learning_rate': 0.00021488788208980902, 'epoch': 2.36}
{'eval_loss': 0.6417538523674011, 'eval_bce': 0.639310760320979, 'eval_n_pos': 2024.0, 'eval_pos_rate': 0.09120814744716327, 'eval_auroc': 0.5015061122042016, 'eval_auprc': 0.09150817934445993, 'eval_mcc': 0.0, 'eval_precision': 0.0, 'eval_recall': 0.0, 'eval_f1': 0.0, 'eval_runtime': 19.9453, 'eval_samples_per_second': 1112.591, 'eval_steps_per_second': 17.398, 'epoch': 2.36}
{'loss': 0.6964, 'learning_rate': 0.00021374089579629524, 'epoch': 2.36}
{'loss': 0.688, 'learning_rate': 0.00021259390950278145, 'epoch': 2.36}
{'loss': 0.6875, 'learning_rate': 0.00021144692320926764, 'epoch': 2.37}
{'loss': 0.6911, 'learning_rate': 0.00021029993691575386, 'epoch': 2.37}
{'loss': 0.6864, 'learning_rate': 0.00020915295062224007, 'epoch': 2.37}
{'loss': 0.6881, 'learning_rate': 0.00020800596432872629, 'epoch': 2.38}
{'loss': 0.6877, 'learning_rate': 0.00020685897803521247, 'epoch': 2.38}
{'loss': 0.693, 'learning_rate': 0.0002057119917416987, 'epoch': 2.38}
{'loss': 0.691, 'learning_rate': 0.0002045650054481849, 'epoch': 2.39}
{'loss': 0.6867, 'learning_rate': 0.00020341801915467112, 'epoch': 2.39}
{'loss': 0.6815, 'learning_rate': 0.0002022710328611573, 'epoch': 2.39}
{'loss': 0.6876, 'learning_rate': 0.00020112404656764352, 'epoch': 2.4}
{'loss': 0.6957, 'learning_rate': 0.00019997706027412974, 'epoch': 2.4}
{'eval_loss': 0.6425506472587585, 'eval_bce': 0.6401475767824591, 'eval_n_pos': 2024.0, 'eval_pos_rate': 0.09120814744716327, 'eval_auroc': 0.49896995218384976, 'eval_auprc': 0.09103800705001923, 'eval_mcc': 0.0, 'eval_precision': 0.0, 'eval_recall': 0.0, 'eval_f1': 0.0, 'eval_runtime': 19.9014, 'eval_samples_per_second': 1115.049, 'eval_steps_per_second': 17.436, 'epoch': 2.4}
{'loss': 0.6937, 'learning_rate': 0.00019883007398061592, 'epoch': 2.41}
{'loss': 0.6877, 'learning_rate': 0.00019768308768710214, 'epoch': 2.41}
{'loss': 0.6849, 'learning_rate': 0.00019653610139358835, 'epoch': 2.41}
{'loss': 0.6852, 'learning_rate': 0.00019538911510007457, 'epoch': 2.42}
{'loss': 0.688, 'learning_rate': 0.00019424212880656076, 'epoch': 2.42}
{'loss': 0.6903, 'learning_rate': 0.00019309514251304697, 'epoch': 2.42}
{'loss': 0.6879, 'learning_rate': 0.00019194815621953319, 'epoch': 2.43}
{'loss': 0.6826, 'learning_rate': 0.0001908011699260194, 'epoch': 2.43}
{'loss': 0.6852, 'learning_rate': 0.0001896541836325056, 'epoch': 2.43}
{'loss': 0.696, 'learning_rate': 0.0001885071973389918, 'epoch': 2.44}
{'loss': 0.6902, 'learning_rate': 0.00018736021104547802, 'epoch': 2.44}
{'loss': 0.69, 'learning_rate': 0.00018621322475196423, 'epoch': 2.44}
{'eval_loss': 0.6433765292167664, 'eval_bce': 0.6410137096590349, 'eval_n_pos': 2024.0, 'eval_pos_rate': 0.09120814744716327, 'eval_auroc': 0.5016153654534048, 'eval_auprc': 0.09146950765856646, 'eval_mcc': 0.0, 'eval_precision': 0.0, 'eval_recall': 0.0, 'eval_f1': 0.0, 'eval_runtime': 19.9222, 'eval_samples_per_second': 1113.883, 'eval_steps_per_second': 17.418, 'epoch': 2.44}
{'loss': 0.6887, 'learning_rate': 0.00018506623845845042, 'epoch': 2.45}
{'loss': 0.69, 'learning_rate': 0.00018391925216493664, 'epoch': 2.45}
{'loss': 0.6915, 'learning_rate': 0.00018277226587142285, 'epoch': 2.45}
{'loss': 0.6952, 'learning_rate': 0.00018162527957790907, 'epoch': 2.46}
{'loss': 0.6911, 'learning_rate': 0.00018047829328439525, 'epoch': 2.46}
{'loss': 0.6864, 'learning_rate': 0.00017933130699088147, 'epoch': 2.46}
{'loss': 0.68, 'learning_rate': 0.00017818432069736768, 'epoch': 2.47}
{'loss': 0.6846, 'learning_rate': 0.0001770373344038539, 'epoch': 2.47}
{'loss': 0.6863, 'learning_rate': 0.00017589034811034009, 'epoch': 2.47}
{'loss': 0.6844, 'learning_rate': 0.0001747433618168263, 'epoch': 2.48}
{'loss': 0.6946, 'learning_rate': 0.00017359637552331252, 'epoch': 2.48}
{'loss': 0.6986, 'learning_rate': 0.00017244938922979873, 'epoch': 2.48}
{'loss': 0.6949, 'learning_rate': 0.00017130240293628492, 'epoch': 2.49}
{'eval_loss': 0.6431071162223816, 'eval_bce': 0.6407310733884576, 'eval_n_pos': 2024.0, 'eval_pos_rate': 0.09120814744716327, 'eval_auroc': 0.498171395331198, 'eval_auprc': 0.09081741753024804, 'eval_mcc': 0.0, 'eval_precision': 0.0, 'eval_recall': 0.0, 'eval_f1': 0.0, 'eval_runtime': 19.9367, 'eval_samples_per_second': 1113.073, 'eval_steps_per_second': 17.405, 'epoch': 2.49}
{'loss': 0.6883, 'learning_rate': 0.00017015541664277113, 'epoch': 2.49}
{'loss': 0.6848, 'learning_rate': 0.00016900843034925735, 'epoch': 2.49}
{'loss': 0.6894, 'learning_rate': 0.00016786144405574356, 'epoch': 2.5}
{'loss': 0.6905, 'learning_rate': 0.00016671445776222975, 'epoch': 2.5}
{'loss': 0.6896, 'learning_rate': 0.00016556747146871597, 'epoch': 2.5}
{'loss': 0.6874, 'learning_rate': 0.00016442048517520218, 'epoch': 2.51}
{'loss': 0.6913, 'learning_rate': 0.00016327349888168834, 'epoch': 2.51}
{'loss': 0.687, 'learning_rate': 0.00016212651258817456, 'epoch': 2.52}
{'loss': 0.6943, 'learning_rate': 0.00016097952629466077, 'epoch': 2.52}
{'loss': 0.688, 'learning_rate': 0.00015983254000114699, 'epoch': 2.52}
{'loss': 0.6896, 'learning_rate': 0.00015868555370763317, 'epoch': 2.53}
{'loss': 0.6911, 'learning_rate': 0.0001575385674141194, 'epoch': 2.53}
{'eval_loss': 0.6427929401397705, 'eval_bce': 0.6404009748618466, 'eval_n_pos': 2024.0, 'eval_pos_rate': 0.09120814744716327, 'eval_auroc': 0.4917145638268286, 'eval_auprc': 0.08978539605071316, 'eval_mcc': 0.0, 'eval_precision': 0.0, 'eval_recall': 0.0, 'eval_f1': 0.0, 'eval_runtime': 19.9411, 'eval_samples_per_second': 1112.829, 'eval_steps_per_second': 17.401, 'epoch': 2.53}
{'loss': 0.6937, 'learning_rate': 0.0001563915811206056, 'epoch': 2.53}
{'loss': 0.6879, 'learning_rate': 0.00015524459482709182, 'epoch': 2.54}
{'loss': 0.6961, 'learning_rate': 0.000154097608533578, 'epoch': 2.54}
{'loss': 0.6951, 'learning_rate': 0.00015295062224006422, 'epoch': 2.54}
{'loss': 0.694, 'learning_rate': 0.00015180363594655044, 'epoch': 2.55}
{'loss': 0.6854, 'learning_rate': 0.00015065664965303665, 'epoch': 2.55}
{'loss': 0.6906, 'learning_rate': 0.00014950966335952284, 'epoch': 2.55}
{'loss': 0.6856, 'learning_rate': 0.00014836267706600905, 'epoch': 2.56}
{'loss': 0.6825, 'learning_rate': 0.00014721569077249527, 'epoch': 2.56}
{'loss': 0.688, 'learning_rate': 0.00014606870447898148, 'epoch': 2.56}
{'loss': 0.6833, 'learning_rate': 0.00014492171818546767, 'epoch': 2.57}
{'loss': 0.6909, 'learning_rate': 0.00014377473189195389, 'epoch': 2.57}
{'loss': 0.6911, 'learning_rate': 0.0001426277455984401, 'epoch': 2.57}
{'eval_loss': 0.64267897605896, 'eval_bce': 0.6402817398927616, 'eval_n_pos': 2024.0, 'eval_pos_rate': 0.09120814744716327, 'eval_auroc': 0.5002730412517926, 'eval_auprc': 0.09127788962711979, 'eval_mcc': 0.0, 'eval_precision': 0.0, 'eval_recall': 0.0, 'eval_f1': 0.0, 'eval_runtime': 19.8973, 'eval_samples_per_second': 1115.275, 'eval_steps_per_second': 17.44, 'epoch': 2.57}
{'loss': 0.6922, 'learning_rate': 0.00014148075930492631, 'epoch': 2.58}
{'loss': 0.6823, 'learning_rate': 0.0001403337730114125, 'epoch': 2.58}
{'loss': 0.6815, 'learning_rate': 0.00013918678671789872, 'epoch': 2.58}
{'loss': 0.6832, 'learning_rate': 0.00013803980042438493, 'epoch': 2.59}
{'loss': 0.6895, 'learning_rate': 0.00013689281413087115, 'epoch': 2.59}
{'loss': 0.6926, 'learning_rate': 0.00013574582783735734, 'epoch': 2.59}
{'loss': 0.6865, 'learning_rate': 0.00013459884154384355, 'epoch': 2.6}
{'loss': 0.6814, 'learning_rate': 0.00013345185525032976, 'epoch': 2.6}
{'loss': 0.6868, 'learning_rate': 0.00013230486895681598, 'epoch': 2.6}
{'loss': 0.6922, 'learning_rate': 0.00013115788266330217, 'epoch': 2.61}
{'loss': 0.6896, 'learning_rate': 0.00013001089636978838, 'epoch': 2.61}
{'loss': 0.6987, 'learning_rate': 0.0001288639100762746, 'epoch': 2.61}
{'eval_loss': 0.6430875658988953, 'eval_bce': 0.6407105616746143, 'eval_n_pos': 2024.0, 'eval_pos_rate': 0.09120814744716327, 'eval_auroc': 0.4970061130861654, 'eval_auprc': 0.09070752492740632, 'eval_mcc': 0.0, 'eval_precision': 0.0, 'eval_recall': 0.0, 'eval_f1': 0.0, 'eval_runtime': 19.928, 'eval_samples_per_second': 1113.561, 'eval_steps_per_second': 17.413, 'epoch': 2.62}
{'loss': 0.6839, 'learning_rate': 0.00012771692378276079, 'epoch': 2.62}
{'loss': 0.6975, 'learning_rate': 0.000126569937489247, 'epoch': 2.62}
{'loss': 0.688, 'learning_rate': 0.00012542295119573321, 'epoch': 2.62}
{'loss': 0.6824, 'learning_rate': 0.0001242759649022194, 'epoch': 2.63}
{'loss': 0.689, 'learning_rate': 0.00012312897860870562, 'epoch': 2.63}
{'loss': 0.6975, 'learning_rate': 0.00012198199231519183, 'epoch': 2.64}
{'loss': 0.693, 'learning_rate': 0.00012083500602167805, 'epoch': 2.64}
{'loss': 0.6886, 'learning_rate': 0.00011968801972816425, 'epoch': 2.64}
{'loss': 0.69, 'learning_rate': 0.00011854103343465046, 'epoch': 2.65}
{'loss': 0.6843, 'learning_rate': 0.00011739404714113666, 'epoch': 2.65}
{'loss': 0.687, 'learning_rate': 0.00011624706084762288, 'epoch': 2.65}
{'loss': 0.6916, 'learning_rate': 0.00011510007455410908, 'epoch': 2.66}
{'loss': 0.6804, 'learning_rate': 0.0001139530882605953, 'epoch': 2.66}
{'eval_loss': 0.6435741186141968, 'eval_bce': 0.6412227456863117, 'eval_n_pos': 2024.0, 'eval_pos_rate': 0.09120814744716327, 'eval_auroc': 0.4951069635735286, 'eval_auprc': 0.09040320879288918, 'eval_mcc': 0.0, 'eval_precision': 0.0, 'eval_recall': 0.0, 'eval_f1': 0.0, 'eval_runtime': 19.9099, 'eval_samples_per_second': 1114.57, 'eval_steps_per_second': 17.428, 'epoch': 2.66}
{'loss': 0.6895, 'learning_rate': 0.0001128061019670815, 'epoch': 2.66}
{'loss': 0.6912, 'learning_rate': 0.00011165911567356771, 'epoch': 2.67}
{'loss': 0.6991, 'learning_rate': 0.00011051212938005391, 'epoch': 2.67}
{'loss': 0.6835, 'learning_rate': 0.00010936514308654013, 'epoch': 2.67}
{'loss': 0.6891, 'learning_rate': 0.00010821815679302633, 'epoch': 2.68}
{'loss': 0.6842, 'learning_rate': 0.00010707117049951254, 'epoch': 2.68}
{'loss': 0.6989, 'learning_rate': 0.00010592418420599873, 'epoch': 2.68}
{'loss': 0.684, 'learning_rate': 0.00010477719791248495, 'epoch': 2.69}
{'loss': 0.6962, 'learning_rate': 0.00010363021161897115, 'epoch': 2.69}
{'loss': 0.6807, 'learning_rate': 0.00010248322532545736, 'epoch': 2.69}
{'loss': 0.6881, 'learning_rate': 0.00010133623903194356, 'epoch': 2.7}
{'loss': 0.688, 'learning_rate': 0.00010018925273842978, 'epoch': 2.7}
{'eval_loss': 0.6433008313179016, 'eval_bce': 0.6409358954862722, 'eval_n_pos': 2024.0, 'eval_pos_rate': 0.09120814744716327, 'eval_auroc': 0.515250989220248, 'eval_auprc': 0.09443361671163115, 'eval_mcc': 0.0, 'eval_precision': 0.0, 'eval_recall': 0.0, 'eval_f1': 0.0, 'eval_runtime': 19.9076, 'eval_samples_per_second': 1114.7, 'eval_steps_per_second': 17.431, 'epoch': 2.7}
{'loss': 0.6873, 'learning_rate': 9.904226644491598e-05, 'epoch': 2.7}
{'loss': 0.6868, 'learning_rate': 9.78952801514022e-05, 'epoch': 2.71}
{'loss': 0.6885, 'learning_rate': 9.67482938578884e-05, 'epoch': 2.71}
{'loss': 0.6865, 'learning_rate': 9.56013075643746e-05, 'epoch': 2.71}
{'loss': 0.6829, 'learning_rate': 9.445432127086081e-05, 'epoch': 2.72}
{'loss': 0.6858, 'learning_rate': 9.330733497734701e-05, 'epoch': 2.72}
{'loss': 0.6813, 'learning_rate': 9.216034868383323e-05, 'epoch': 2.72}
{'loss': 0.6828, 'learning_rate': 9.101336239031943e-05, 'epoch': 2.73}
{'loss': 0.6903, 'learning_rate': 8.986637609680565e-05, 'epoch': 2.73}
{'loss': 0.6937, 'learning_rate': 8.871938980329185e-05, 'epoch': 2.73}
{'loss': 0.6834, 'learning_rate': 8.757240350977806e-05, 'epoch': 2.74}
{'loss': 0.6925, 'learning_rate': 8.642541721626426e-05, 'epoch': 2.74}
{'loss': 0.6939, 'learning_rate': 8.527843092275048e-05, 'epoch': 2.74}
{'eval_loss': 0.6445660591125488, 'eval_bce': 0.6422622096241921, 'eval_n_pos': 2024.0, 'eval_pos_rate': 0.09120814744716327, 'eval_auroc': 0.4908761103677573, 'eval_auprc': 0.08961828612069825, 'eval_mcc': 0.0, 'eval_precision': 0.0, 'eval_recall': 0.0, 'eval_f1': 0.0, 'eval_runtime': 19.9058, 'eval_samples_per_second': 1114.801, 'eval_steps_per_second': 17.432, 'epoch': 2.74}
{'loss': 0.6839, 'learning_rate': 8.413144462923668e-05, 'epoch': 2.75}
{'loss': 0.6874, 'learning_rate': 8.29844583357229e-05, 'epoch': 2.75}
{'loss': 0.6917, 'learning_rate': 8.18374720422091e-05, 'epoch': 2.76}
{'loss': 0.6925, 'learning_rate': 8.069048574869531e-05, 'epoch': 2.76}
{'loss': 0.6916, 'learning_rate': 7.954349945518151e-05, 'epoch': 2.76}
{'loss': 0.6895, 'learning_rate': 7.839651316166773e-05, 'epoch': 2.77}
{'loss': 0.6899, 'learning_rate': 7.724952686815393e-05, 'epoch': 2.77}
{'loss': 0.69, 'learning_rate': 7.610254057464014e-05, 'epoch': 2.77}
{'loss': 0.6923, 'learning_rate': 7.495555428112634e-05, 'epoch': 2.78}
{'loss': 0.6819, 'learning_rate': 7.380856798761256e-05, 'epoch': 2.78}
{'loss': 0.6875, 'learning_rate': 7.266158169409876e-05, 'epoch': 2.78}
{'loss': 0.6845, 'learning_rate': 7.151459540058498e-05, 'epoch': 2.79}
{'eval_loss': 0.6442321538925171, 'eval_bce': 0.6419118959112743, 'eval_n_pos': 2024.0, 'eval_pos_rate': 0.09120814744716327, 'eval_auroc': 0.5058604770717865, 'eval_auprc': 0.09214661079875577, 'eval_mcc': 0.0, 'eval_precision': 0.0, 'eval_recall': 0.0, 'eval_f1': 0.0, 'eval_runtime': 19.9541, 'eval_samples_per_second': 1112.105, 'eval_steps_per_second': 17.39, 'epoch': 2.79}
{'loss': 0.691, 'learning_rate': 7.036760910707118e-05, 'epoch': 2.79}
{'loss': 0.6842, 'learning_rate': 6.922062281355739e-05, 'epoch': 2.79}
{'loss': 0.6851, 'learning_rate': 6.807363652004358e-05, 'epoch': 2.8}
{'loss': 0.6915, 'learning_rate': 6.69266502265298e-05, 'epoch': 2.8}
{'loss': 0.6918, 'learning_rate': 6.5779663933016e-05, 'epoch': 2.8}
{'loss': 0.69, 'learning_rate': 6.463267763950221e-05, 'epoch': 2.81}
{'loss': 0.68, 'learning_rate': 6.348569134598841e-05, 'epoch': 2.81}
{'loss': 0.6928, 'learning_rate': 6.233870505247463e-05, 'epoch': 2.81}
{'loss': 0.6874, 'learning_rate': 6.119171875896083e-05, 'epoch': 2.82}
{'loss': 0.6933, 'learning_rate': 6.004473246544704e-05, 'epoch': 2.82}
{'loss': 0.6849, 'learning_rate': 5.889774617193325e-05, 'epoch': 2.82}
{'loss': 0.6899, 'learning_rate': 5.775075987841945e-05, 'epoch': 2.83}
{'loss': 0.6925, 'learning_rate': 5.660377358490566e-05, 'epoch': 2.83}
{'eval_loss': 0.6441831588745117, 'eval_bce': 0.6418619346916403, 'eval_n_pos': 2024.0, 'eval_pos_rate': 0.09120814744716327, 'eval_auroc': 0.502051704727972, 'eval_auprc': 0.0915549017567428, 'eval_mcc': 0.0, 'eval_precision': 0.0, 'eval_recall': 0.0, 'eval_f1': 0.0, 'eval_runtime': 19.9375, 'eval_samples_per_second': 1113.027, 'eval_steps_per_second': 17.404, 'epoch': 2.83}
{'loss': 0.6827, 'learning_rate': 5.545678729139187e-05, 'epoch': 2.83}
{'loss': 0.6928, 'learning_rate': 5.4309800997878076e-05, 'epoch': 2.84}
{'loss': 0.6923, 'learning_rate': 5.3162814704364285e-05, 'epoch': 2.84}
{'loss': 0.6912, 'learning_rate': 5.201582841085049e-05, 'epoch': 2.84}
{'loss': 0.6925, 'learning_rate': 5.08688421173367e-05, 'epoch': 2.85}
{'loss': 0.6866, 'learning_rate': 4.972185582382291e-05, 'epoch': 2.85}
{'loss': 0.691, 'learning_rate': 4.857486953030912e-05, 'epoch': 2.85}
{'loss': 0.6856, 'learning_rate': 4.7427883236795325e-05, 'epoch': 2.86}
{'loss': 0.6918, 'learning_rate': 4.628089694328153e-05, 'epoch': 2.86}
{'loss': 0.691, 'learning_rate': 4.5133910649767735e-05, 'epoch': 2.86}
{'loss': 0.6881, 'learning_rate': 4.398692435625394e-05, 'epoch': 2.87}
{'loss': 0.6879, 'learning_rate': 4.283993806274015e-05, 'epoch': 2.87}
{'eval_loss': 0.6444507837295532, 'eval_bce': 0.6421419410550177, 'eval_n_pos': 2024.0, 'eval_pos_rate': 0.09120814744716327, 'eval_auroc': 0.5085915388129671, 'eval_auprc': 0.0927935187416999, 'eval_mcc': 0.0, 'eval_precision': 0.0, 'eval_recall': 0.0, 'eval_f1': 0.0, 'eval_runtime': 19.9171, 'eval_samples_per_second': 1114.171, 'eval_steps_per_second': 17.422, 'epoch': 2.87}
{'loss': 0.6903, 'learning_rate': 4.169295176922636e-05, 'epoch': 2.88}
{'loss': 0.6826, 'learning_rate': 4.054596547571257e-05, 'epoch': 2.88}
{'loss': 0.6893, 'learning_rate': 3.939897918219877e-05, 'epoch': 2.88}
{'loss': 0.689, 'learning_rate': 3.8251992888684976e-05, 'epoch': 2.89}
{'loss': 0.6869, 'learning_rate': 3.7105006595171184e-05, 'epoch': 2.89}
{'loss': 0.6892, 'learning_rate': 3.595802030165739e-05, 'epoch': 2.89}
{'loss': 0.6893, 'learning_rate': 3.48110340081436e-05, 'epoch': 2.9}
{'loss': 0.6874, 'learning_rate': 3.366404771462981e-05, 'epoch': 2.9}
{'loss': 0.6943, 'learning_rate': 3.251706142111602e-05, 'epoch': 2.9}
{'loss': 0.6835, 'learning_rate': 3.1370075127602225e-05, 'epoch': 2.91}
{'loss': 0.6929, 'learning_rate': 3.0223088834088433e-05, 'epoch': 2.91}
{'loss': 0.6897, 'learning_rate': 2.907610254057464e-05, 'epoch': 2.91}
{'loss': 0.686, 'learning_rate': 2.792911624706085e-05, 'epoch': 2.92}
{'eval_loss': 0.6444445848464966, 'eval_bce': 0.6421346100865464, 'eval_n_pos': 2024.0, 'eval_pos_rate': 0.09120814744716327, 'eval_auroc': 0.4958497974717433, 'eval_auprc': 0.09048509114611306, 'eval_mcc': 0.0, 'eval_precision': 0.0, 'eval_recall': 0.0, 'eval_f1': 0.0, 'eval_runtime': 19.9453, 'eval_samples_per_second': 1112.595, 'eval_steps_per_second': 17.398, 'epoch': 2.92}
{'loss': 0.6854, 'learning_rate': 2.6782129953547057e-05, 'epoch': 2.92}
{'loss': 0.6895, 'learning_rate': 2.5635143660033266e-05, 'epoch': 2.92}
{'loss': 0.6926, 'learning_rate': 2.448815736651947e-05, 'epoch': 2.93}
{'loss': 0.6948, 'learning_rate': 2.334117107300568e-05, 'epoch': 2.93}
{'loss': 0.6825, 'learning_rate': 2.2194184779491886e-05, 'epoch': 2.93}
{'loss': 0.6886, 'learning_rate': 2.1047198485978095e-05, 'epoch': 2.94}
{'loss': 0.693, 'learning_rate': 1.99002121924643e-05, 'epoch': 2.94}
{'loss': 0.6863, 'learning_rate': 1.8753225898950507e-05, 'epoch': 2.94}
{'loss': 0.6926, 'learning_rate': 1.7606239605436715e-05, 'epoch': 2.95}
{'loss': 0.6968, 'learning_rate': 1.6459253311922924e-05, 'epoch': 2.95}
{'loss': 0.6911, 'learning_rate': 1.5312267018409128e-05, 'epoch': 2.95}
{'loss': 0.69, 'learning_rate': 1.4165280724895338e-05, 'epoch': 2.96}
{'eval_loss': 0.6444039940834045, 'eval_bce': 0.642092043720448, 'eval_n_pos': 2024.0, 'eval_pos_rate': 0.09120814744716327, 'eval_auroc': 0.5027866499511686, 'eval_auprc': 0.09230390249143572, 'eval_mcc': 0.0, 'eval_precision': 0.0, 'eval_recall': 0.0, 'eval_f1': 0.0, 'eval_runtime': 19.9521, 'eval_samples_per_second': 1112.214, 'eval_steps_per_second': 17.392, 'epoch': 2.96}
{'loss': 0.6849, 'learning_rate': 1.3018294431381544e-05, 'epoch': 2.96}
{'loss': 0.6842, 'learning_rate': 1.1871308137867753e-05, 'epoch': 2.96}
{'loss': 0.6867, 'learning_rate': 1.072432184435396e-05, 'epoch': 2.97}
{'loss': 0.688, 'learning_rate': 9.577335550840169e-06, 'epoch': 2.97}
{'loss': 0.6922, 'learning_rate': 8.430349257326375e-06, 'epoch': 2.97}
{'loss': 0.6911, 'learning_rate': 7.2833629638125824e-06, 'epoch': 2.98}
{'loss': 0.6846, 'learning_rate': 6.1363766702987905e-06, 'epoch': 2.98}
{'loss': 0.6925, 'learning_rate': 4.989390376784997e-06, 'epoch': 2.99}
{'loss': 0.6858, 'learning_rate': 3.842404083271205e-06, 'epoch': 2.99}
{'loss': 0.6826, 'learning_rate': 2.6954177897574127e-06, 'epoch': 2.99}
{'loss': 0.6834, 'learning_rate': 1.5484314962436198e-06, 'epoch': 3.0}
{'loss': 0.6909, 'learning_rate': 4.014452027298274e-07, 'epoch': 3.0}
{'train_runtime': 3797.612, 'train_samples_per_second': 147.329, 'train_steps_per_second': 4.605, 'train_loss': 0.6891605988329786, 'epoch': 3.0}
    [nodapt] dev AUROC = 0.5223149424636303
--- [nodapt] Stage-2a s=20 -> /home/asm242/palmer_scratch/entexBERT-2_experiments/EN-TEx/experiments/ctcf_a1_multitrack/stage2_nodapt/runs/clf_2a_s20 ---
{'loss': 0.6896, 'learning_rate': 0.0004, 'epoch': 0.0}
{'loss': 0.6852, 'learning_rate': 0.0008, 'epoch': 0.01}
{'loss': 0.691, 'learning_rate': 0.000999426506853243, 'epoch': 0.01}
{'loss': 0.6972, 'learning_rate': 0.0009982795205597294, 'epoch': 0.01}
{'loss': 0.6953, 'learning_rate': 0.0009971325342662154, 'epoch': 0.02}
{'loss': 0.6915, 'learning_rate': 0.0009959855479727017, 'epoch': 0.02}
{'loss': 0.6877, 'learning_rate': 0.000994838561679188, 'epoch': 0.02}
{'loss': 0.6937, 'learning_rate': 0.000993691575385674, 'epoch': 0.03}
{'loss': 0.6932, 'learning_rate': 0.0009925445890921604, 'epoch': 0.03}
{'loss': 0.6918, 'learning_rate': 0.0009913976027986465, 'epoch': 0.03}
{'loss': 0.6861, 'learning_rate': 0.0009902506165051328, 'epoch': 0.04}
{'loss': 0.694, 'learning_rate': 0.000989103630211619, 'epoch': 0.04}
{'eval_loss': 0.6799670457839966, 'eval_bce': 0.6795365613002502, 'eval_n_pos': 2024.0, 'eval_pos_rate': 0.09120814744716327, 'eval_auroc': 0.5016070235470579, 'eval_auprc': 0.0913260853758798, 'eval_mcc': 0.0, 'eval_precision': 0.0, 'eval_recall': 0.0, 'eval_f1': 0.0, 'eval_runtime': 19.9671, 'eval_samples_per_second': 1111.381, 'eval_steps_per_second': 17.379, 'epoch': 0.04}
{'loss': 0.6926, 'learning_rate': 0.0009879566439181052, 'epoch': 0.04}
{'loss': 0.6873, 'learning_rate': 0.0009868096576245915, 'epoch': 0.05}
{'loss': 0.6952, 'learning_rate': 0.0009856626713310775, 'epoch': 0.05}
{'loss': 0.6913, 'learning_rate': 0.0009845156850375638, 'epoch': 0.05}
{'loss': 0.6896, 'learning_rate': 0.00098336869874405, 'epoch': 0.06}
{'loss': 0.6864, 'learning_rate': 0.0009822217124505362, 'epoch': 0.06}
{'loss': 0.6921, 'learning_rate': 0.0009810747261570225, 'epoch': 0.07}
{'loss': 0.6914, 'learning_rate': 0.0009799277398635088, 'epoch': 0.07}
{'loss': 0.69, 'learning_rate': 0.0009787807535699949, 'epoch': 0.07}
{'loss': 0.6946, 'learning_rate': 0.000977633767276481, 'epoch': 0.08}
{'loss': 0.69, 'learning_rate': 0.0009764867809829672, 'epoch': 0.08}
{'loss': 0.698, 'learning_rate': 0.0009753397946894534, 'epoch': 0.08}
{'loss': 0.689, 'learning_rate': 0.0009741928083959397, 'epoch': 0.09}
{'eval_loss': 0.6765702962875366, 'eval_bce': 0.67602727988137, 'eval_n_pos': 2024.0, 'eval_pos_rate': 0.09120814744716327, 'eval_auroc': 0.4954385574131889, 'eval_auprc': 0.09035804604308939, 'eval_mcc': 0.0, 'eval_precision': 0.0, 'eval_recall': 0.0, 'eval_f1': 0.0, 'eval_runtime': 19.9952, 'eval_samples_per_second': 1109.815, 'eval_steps_per_second': 17.354, 'epoch': 0.09}
{'loss': 0.6804, 'learning_rate': 0.0009730458221024259, 'epoch': 0.09}
{'loss': 0.6964, 'learning_rate': 0.0009718988358089121, 'epoch': 0.09}
{'loss': 0.6868, 'learning_rate': 0.0009707518495153983, 'epoch': 0.1}
{'loss': 0.696, 'learning_rate': 0.0009696048632218846, 'epoch': 0.1}
{'loss': 0.6895, 'learning_rate': 0.0009684578769283708, 'epoch': 0.1}
{'loss': 0.6926, 'learning_rate': 0.0009673108906348569, 'epoch': 0.11}
{'loss': 0.6934, 'learning_rate': 0.0009661639043413432, 'epoch': 0.11}
{'loss': 0.6838, 'learning_rate': 0.0009650169180478293, 'epoch': 0.11}
{'loss': 0.6952, 'learning_rate': 0.0009638699317543156, 'epoch': 0.12}
{'loss': 0.6915, 'learning_rate': 0.0009627229454608017, 'epoch': 0.12}
{'loss': 0.6889, 'learning_rate': 0.000961575959167288, 'epoch': 0.12}
{'loss': 0.6924, 'learning_rate': 0.0009604289728737742, 'epoch': 0.13}
{'eval_loss': 0.6742768883705139, 'eval_bce': 0.6736580270533236, 'eval_n_pos': 2024.0, 'eval_pos_rate': 0.09120814744716327, 'eval_auroc': 0.5121150939065915, 'eval_auprc': 0.09329275267934477, 'eval_mcc': 0.0, 'eval_precision': 0.0, 'eval_recall': 0.0, 'eval_f1': 0.0, 'eval_runtime': 20.0025, 'eval_samples_per_second': 1109.412, 'eval_steps_per_second': 17.348, 'epoch': 0.13}
{'loss': 0.6849, 'learning_rate': 0.0009592819865802603, 'epoch': 0.13}
{'loss': 0.6968, 'learning_rate': 0.0009581350002867466, 'epoch': 0.13}
{'loss': 0.6895, 'learning_rate': 0.0009569880139932328, 'epoch': 0.14}
{'loss': 0.6875, 'learning_rate': 0.0009558410276997191, 'epoch': 0.14}
{'loss': 0.6929, 'learning_rate': 0.0009546940414062051, 'epoch': 0.14}
{'loss': 0.6898, 'learning_rate': 0.0009535470551126914, 'epoch': 0.15}
{'loss': 0.6894, 'learning_rate': 0.0009524000688191776, 'epoch': 0.15}
{'loss': 0.6912, 'learning_rate': 0.0009512530825256639, 'epoch': 0.15}
{'loss': 0.6961, 'learning_rate': 0.00095010609623215, 'epoch': 0.16}
{'loss': 0.6929, 'learning_rate': 0.0009489591099386362, 'epoch': 0.16}
{'loss': 0.6917, 'learning_rate': 0.0009478121236451225, 'epoch': 0.16}
{'loss': 0.6889, 'learning_rate': 0.0009466651373516087, 'epoch': 0.17}
{'loss': 0.6972, 'learning_rate': 0.0009455181510580949, 'epoch': 0.17}
{'eval_loss': 0.6714126467704773, 'eval_bce': 0.6706978955881798, 'eval_n_pos': 2024.0, 'eval_pos_rate': 0.09120814744716327, 'eval_auroc': 0.4948363354723239, 'eval_auprc': 0.09116174020180426, 'eval_mcc': 0.0, 'eval_precision': 0.0, 'eval_recall': 0.0, 'eval_f1': 0.0, 'eval_runtime': 20.0128, 'eval_samples_per_second': 1108.841, 'eval_steps_per_second': 17.339, 'epoch': 0.17}
{'loss': 0.6871, 'learning_rate': 0.000944371164764581, 'epoch': 0.17}
{'loss': 0.6973, 'learning_rate': 0.0009432241784710673, 'epoch': 0.18}
{'loss': 0.6902, 'learning_rate': 0.0009420771921775535, 'epoch': 0.18}
{'loss': 0.6943, 'learning_rate': 0.0009409302058840396, 'epoch': 0.19}
{'loss': 0.6881, 'learning_rate': 0.0009397832195905259, 'epoch': 0.19}
{'loss': 0.6893, 'learning_rate': 0.0009386362332970121, 'epoch': 0.19}
{'loss': 0.6902, 'learning_rate': 0.0009374892470034984, 'epoch': 0.2}
{'loss': 0.692, 'learning_rate': 0.0009363422607099845, 'epoch': 0.2}
{'loss': 0.693, 'learning_rate': 0.0009351952744164708, 'epoch': 0.2}
{'loss': 0.6954, 'learning_rate': 0.000934048288122957, 'epoch': 0.21}
{'loss': 0.6905, 'learning_rate': 0.0009329013018294431, 'epoch': 0.21}
{'loss': 0.6888, 'learning_rate': 0.0009317543155359293, 'epoch': 0.21}
{'eval_loss': 0.6692489385604858, 'eval_bce': 0.6684608951236942, 'eval_n_pos': 2024.0, 'eval_pos_rate': 0.09120814744716327, 'eval_auroc': 0.491669265192951, 'eval_auprc': 0.08818000546674098, 'eval_mcc': 0.0, 'eval_precision': 0.0, 'eval_recall': 0.0, 'eval_f1': 0.0, 'eval_runtime': 20.026, 'eval_samples_per_second': 1108.108, 'eval_steps_per_second': 17.327, 'epoch': 0.21}
{'loss': 0.6927, 'learning_rate': 0.0009306073292424155, 'epoch': 0.22}
{'loss': 0.6923, 'learning_rate': 0.0009294603429489018, 'epoch': 0.22}
{'loss': 0.6928, 'learning_rate': 0.000928313356655388, 'epoch': 0.22}
{'loss': 0.6958, 'learning_rate': 0.0009271663703618742, 'epoch': 0.23}
{'loss': 0.6947, 'learning_rate': 0.0009260193840683604, 'epoch': 0.23}
{'loss': 0.6906, 'learning_rate': 0.0009248723977748467, 'epoch': 0.23}
{'loss': 0.6895, 'learning_rate': 0.0009237254114813329, 'epoch': 0.24}
{'loss': 0.6904, 'learning_rate': 0.0009225784251878189, 'epoch': 0.24}
{'loss': 0.6955, 'learning_rate': 0.0009214314388943052, 'epoch': 0.24}
{'loss': 0.6942, 'learning_rate': 0.0009202844526007914, 'epoch': 0.25}
{'loss': 0.6942, 'learning_rate': 0.0009191374663072777, 'epoch': 0.25}
{'loss': 0.6921, 'learning_rate': 0.0009179904800137638, 'epoch': 0.25}
{'loss': 0.6944, 'learning_rate': 0.0009168434937202501, 'epoch': 0.26}
{'eval_loss': 0.6633683443069458, 'eval_bce': 0.6623819272614025, 'eval_n_pos': 2024.0, 'eval_pos_rate': 0.09120814744716327, 'eval_auroc': 0.5025440364458746, 'eval_auprc': 0.09176595219287964, 'eval_mcc': 0.0, 'eval_precision': 0.0, 'eval_recall': 0.0, 'eval_f1': 0.0, 'eval_runtime': 20.0031, 'eval_samples_per_second': 1109.376, 'eval_steps_per_second': 17.347, 'epoch': 0.26}
{'loss': 0.6914, 'learning_rate': 0.0009156965074267363, 'epoch': 0.26}
{'loss': 0.6943, 'learning_rate': 0.0009145495211332225, 'epoch': 0.26}
{'loss': 0.6896, 'learning_rate': 0.0009134025348397087, 'epoch': 0.27}
{'loss': 0.6915, 'learning_rate': 0.0009122555485461948, 'epoch': 0.27}
{'loss': 0.6918, 'learning_rate': 0.0009111085622526811, 'epoch': 0.27}
{'loss': 0.6933, 'learning_rate': 0.0009099615759591673, 'epoch': 0.28}
{'loss': 0.6945, 'learning_rate': 0.0009088145896656535, 'epoch': 0.28}
{'loss': 0.6911, 'learning_rate': 0.0009076676033721397, 'epoch': 0.28}
{'loss': 0.6919, 'learning_rate': 0.0009065206170786259, 'epoch': 0.29}
{'loss': 0.6946, 'learning_rate': 0.0009053736307851122, 'epoch': 0.29}
{'loss': 0.6942, 'learning_rate': 0.0009042266444915983, 'epoch': 0.3}
{'loss': 0.6917, 'learning_rate': 0.0009030796581980846, 'epoch': 0.3}
{'eval_loss': 0.6620718240737915, 'eval_bce': 0.6610409112430062, 'eval_n_pos': 2024.0, 'eval_pos_rate': 0.09120814744716327, 'eval_auroc': 0.5010514231855705, 'eval_auprc': 0.09134767463154021, 'eval_mcc': 0.0, 'eval_precision': 0.0, 'eval_recall': 0.0, 'eval_f1': 0.0, 'eval_runtime': 20.0207, 'eval_samples_per_second': 1108.404, 'eval_steps_per_second': 17.332, 'epoch': 0.3}
{'loss': 0.6934, 'learning_rate': 0.0009019326719045708, 'epoch': 0.3}
{'loss': 0.6897, 'learning_rate': 0.000900785685611057, 'epoch': 0.31}
{'loss': 0.6951, 'learning_rate': 0.0008996386993175431, 'epoch': 0.31}
{'loss': 0.6919, 'learning_rate': 0.0008984917130240294, 'epoch': 0.31}
{'loss': 0.6903, 'learning_rate': 0.0008973447267305156, 'epoch': 0.32}
{'loss': 0.693, 'learning_rate': 0.0008961977404370018, 'epoch': 0.32}
{'loss': 0.6939, 'learning_rate': 0.000895050754143488, 'epoch': 0.32}
{'loss': 0.692, 'learning_rate': 0.0008939037678499742, 'epoch': 0.33}
{'loss': 0.6898, 'learning_rate': 0.0008927567815564605, 'epoch': 0.33}
{'loss': 0.6856, 'learning_rate': 0.0008916097952629467, 'epoch': 0.33}
{'loss': 0.6921, 'learning_rate': 0.0008904628089694329, 'epoch': 0.34}
{'loss': 0.6928, 'learning_rate': 0.000889315822675919, 'epoch': 0.34}
{'loss': 0.6932, 'learning_rate': 0.0008881688363824052, 'epoch': 0.34}
{'eval_loss': 0.6588086485862732, 'eval_bce': 0.6576663214694158, 'eval_n_pos': 2024.0, 'eval_pos_rate': 0.09120814744716327, 'eval_auroc': 0.5006238790486788, 'eval_auprc': 0.09200969622029706, 'eval_mcc': 0.0, 'eval_precision': 0.0, 'eval_recall': 0.0, 'eval_f1': 0.0, 'eval_runtime': 19.9984, 'eval_samples_per_second': 1109.637, 'eval_steps_per_second': 17.351, 'epoch': 0.34}
{'loss': 0.6906, 'learning_rate': 0.0008870218500888915, 'epoch': 0.35}
{'loss': 0.6921, 'learning_rate': 0.0008858748637953776, 'epoch': 0.35}
{'loss': 0.6877, 'learning_rate': 0.0008847278775018639, 'epoch': 0.35}
{'loss': 0.6937, 'learning_rate': 0.0008835808912083501, 'epoch': 0.36}
{'loss': 0.6977, 'learning_rate': 0.0008824339049148363, 'epoch': 0.36}
{'loss': 0.6904, 'learning_rate': 0.0008812869186213225, 'epoch': 0.36}
{'loss': 0.6887, 'learning_rate': 0.0008801399323278086, 'epoch': 0.37}
{'loss': 0.694, 'learning_rate': 0.0008789929460342949, 'epoch': 0.37}
{'loss': 0.6889, 'learning_rate': 0.000877845959740781, 'epoch': 0.37}
{'loss': 0.6952, 'learning_rate': 0.0008766989734472673, 'epoch': 0.38}
{'loss': 0.6936, 'learning_rate': 0.0008755519871537535, 'epoch': 0.38}
{'loss': 0.688, 'learning_rate': 0.0008744050008602398, 'epoch': 0.38}
{'eval_loss': 0.6558219194412231, 'eval_bce': 0.6545776957309081, 'eval_n_pos': 2024.0, 'eval_pos_rate': 0.09120814744716327, 'eval_auroc': 0.49764830513042185, 'eval_auprc': 0.09112877788346825, 'eval_mcc': 0.0, 'eval_precision': 0.0, 'eval_recall': 0.0, 'eval_f1': 0.0, 'eval_runtime': 19.9969, 'eval_samples_per_second': 1109.721, 'eval_steps_per_second': 17.353, 'epoch': 0.39}
{'loss': 0.6885, 'learning_rate': 0.0008732580145667259, 'epoch': 0.39}
{'loss': 0.6965, 'learning_rate': 0.0008721110282732122, 'epoch': 0.39}
{'loss': 0.6919, 'learning_rate': 0.0008709640419796984, 'epoch': 0.39}
{'loss': 0.6954, 'learning_rate': 0.0008698170556861846, 'epoch': 0.4}
{'loss': 0.6927, 'learning_rate': 0.0008686700693926707, 'epoch': 0.4}
{'loss': 0.6913, 'learning_rate': 0.0008675230830991569, 'epoch': 0.4}
{'loss': 0.6951, 'learning_rate': 0.0008663760968056432, 'epoch': 0.41}
{'loss': 0.691, 'learning_rate': 0.0008652291105121294, 'epoch': 0.41}
{'loss': 0.6818, 'learning_rate': 0.0008640821242186156, 'epoch': 0.42}
{'loss': 0.6971, 'learning_rate': 0.0008629351379251018, 'epoch': 0.42}
{'loss': 0.6923, 'learning_rate': 0.000861788151631588, 'epoch': 0.42}
{'loss': 0.6908, 'learning_rate': 0.0008606411653380743, 'epoch': 0.43}
{'loss': 0.6914, 'learning_rate': 0.0008594941790445604, 'epoch': 0.43}
{'eval_loss': 0.6514330506324768, 'eval_bce': 0.6500371087212213, 'eval_n_pos': 2024.0, 'eval_pos_rate': 0.09120814744716327, 'eval_auroc': 0.5027202576862643, 'eval_auprc': 0.09182503571790336, 'eval_mcc': 0.0, 'eval_precision': 0.0, 'eval_recall': 0.0, 'eval_f1': 0.0, 'eval_runtime': 20.0033, 'eval_samples_per_second': 1109.367, 'eval_steps_per_second': 17.347, 'epoch': 0.43}
{'loss': 0.6938, 'learning_rate': 0.0008583471927510467, 'epoch': 0.43}
{'loss': 0.6929, 'learning_rate': 0.0008572002064575328, 'epoch': 0.44}
{'loss': 0.6873, 'learning_rate': 0.0008560532201640191, 'epoch': 0.44}
{'loss': 0.6869, 'learning_rate': 0.0008549062338705052, 'epoch': 0.44}
{'loss': 0.6944, 'learning_rate': 0.0008537592475769915, 'epoch': 0.45}
{'loss': 0.6898, 'learning_rate': 0.0008526122612834777, 'epoch': 0.45}
{'loss': 0.6948, 'learning_rate': 0.0008514652749899639, 'epoch': 0.45}
{'loss': 0.6898, 'learning_rate': 0.0008503182886964501, 'epoch': 0.46}
{'loss': 0.6938, 'learning_rate': 0.0008491713024029363, 'epoch': 0.46}
{'loss': 0.6923, 'learning_rate': 0.0008480243161094226, 'epoch': 0.46}
{'loss': 0.6934, 'learning_rate': 0.0008468773298159087, 'epoch': 0.47}
{'loss': 0.6901, 'learning_rate': 0.0008457303435223949, 'epoch': 0.47}
{'eval_loss': 0.6485661864280701, 'eval_bce': 0.6470700436782378, 'eval_n_pos': 2024.0, 'eval_pos_rate': 0.09120814744716327, 'eval_auroc': 0.49767732418495286, 'eval_auprc': 0.09116690731140882, 'eval_mcc': 0.0, 'eval_precision': 0.0, 'eval_recall': 0.0, 'eval_f1': 0.0, 'eval_runtime': 20.0259, 'eval_samples_per_second': 1108.113, 'eval_steps_per_second': 17.328, 'epoch': 0.47}
{'loss': 0.691, 'learning_rate': 0.0008445833572288811, 'epoch': 0.47}
{'loss': 0.6971, 'learning_rate': 0.0008434363709353673, 'epoch': 0.48}
{'loss': 0.6922, 'learning_rate': 0.0008422893846418536, 'epoch': 0.48}
{'loss': 0.6905, 'learning_rate': 0.0008411423983483397, 'epoch': 0.48}
{'loss': 0.6943, 'learning_rate': 0.000839995412054826, 'epoch': 0.49}
{'loss': 0.6917, 'learning_rate': 0.0008388484257613122, 'epoch': 0.49}
{'loss': 0.6843, 'learning_rate': 0.0008377014394677985, 'epoch': 0.49}
{'loss': 0.6936, 'learning_rate': 0.0008365544531742845, 'epoch': 0.5}
{'loss': 0.6918, 'learning_rate': 0.0008354074668807707, 'epoch': 0.5}
{'loss': 0.6923, 'learning_rate': 0.000834260480587257, 'epoch': 0.5}
{'loss': 0.6963, 'learning_rate': 0.0008331134942937432, 'epoch': 0.51}
{'loss': 0.6926, 'learning_rate': 0.0008319665080002294, 'epoch': 0.51}
{'loss': 0.6931, 'learning_rate': 0.0008308195217067156, 'epoch': 0.51}
{'eval_loss': 0.6455191373825073, 'eval_bce': 0.6439164977993107, 'eval_n_pos': 2024.0, 'eval_pos_rate': 0.09120814744716327, 'eval_auroc': 0.4965320208668683, 'eval_auprc': 0.09070882996239492, 'eval_mcc': 0.0, 'eval_precision': 0.0, 'eval_recall': 0.0, 'eval_f1': 0.0, 'eval_runtime': 20.023, 'eval_samples_per_second': 1108.273, 'eval_steps_per_second': 17.33, 'epoch': 0.51}
{'loss': 0.6948, 'learning_rate': 0.0008296725354132019, 'epoch': 0.52}
{'loss': 0.6875, 'learning_rate': 0.0008285255491196881, 'epoch': 0.52}
{'loss': 0.6864, 'learning_rate': 0.0008273785628261743, 'epoch': 0.52}
{'loss': 0.6903, 'learning_rate': 0.0008262315765326605, 'epoch': 0.53}
{'loss': 0.6936, 'learning_rate': 0.0008250845902391466, 'epoch': 0.53}
{'loss': 0.6957, 'learning_rate': 0.0008239376039456329, 'epoch': 0.54}
{'loss': 0.6866, 'learning_rate': 0.000822790617652119, 'epoch': 0.54}
{'loss': 0.6941, 'learning_rate': 0.0008216436313586053, 'epoch': 0.54}
{'loss': 0.6902, 'learning_rate': 0.0008204966450650915, 'epoch': 0.55}
{'loss': 0.6854, 'learning_rate': 0.0008193496587715778, 'epoch': 0.55}
{'loss': 0.691, 'learning_rate': 0.0008182026724780639, 'epoch': 0.55}
{'loss': 0.6888, 'learning_rate': 0.0008170556861845501, 'epoch': 0.56}
{'eval_loss': 0.6469634771347046, 'eval_bce': 0.645411086475412, 'eval_n_pos': 2024.0, 'eval_pos_rate': 0.09120814744716327, 'eval_auroc': 0.49011583318813595, 'eval_auprc': 0.08923300563869194, 'eval_mcc': 0.0, 'eval_precision': 0.0, 'eval_recall': 0.0, 'eval_f1': 0.0, 'eval_runtime': 20.0327, 'eval_samples_per_second': 1107.739, 'eval_steps_per_second': 17.322, 'epoch': 0.56}
{'loss': 0.6927, 'learning_rate': 0.0008159086998910364, 'epoch': 0.56}
{'loss': 0.691, 'learning_rate': 0.0008147617135975225, 'epoch': 0.56}
{'loss': 0.6899, 'learning_rate': 0.0008136147273040087, 'epoch': 0.57}
{'loss': 0.6892, 'learning_rate': 0.0008124677410104949, 'epoch': 0.57}
{'loss': 0.6884, 'learning_rate': 0.0008113207547169812, 'epoch': 0.57}
{'loss': 0.6905, 'learning_rate': 0.0008101737684234673, 'epoch': 0.58}
{'loss': 0.6935, 'learning_rate': 0.0008090267821299535, 'epoch': 0.58}
{'loss': 0.6924, 'learning_rate': 0.0008078797958364398, 'epoch': 0.58}
{'loss': 0.6931, 'learning_rate': 0.000806732809542926, 'epoch': 0.59}
{'loss': 0.691, 'learning_rate': 0.0008055858232494122, 'epoch': 0.59}
{'loss': 0.6966, 'learning_rate': 0.0008044388369558983, 'epoch': 0.59}
{'loss': 0.6884, 'learning_rate': 0.0008032918506623846, 'epoch': 0.6}
{'loss': 0.6943, 'learning_rate': 0.0008021448643688708, 'epoch': 0.6}
{'eval_loss': 0.6444268822669983, 'eval_bce': 0.6427860275825417, 'eval_n_pos': 2024.0, 'eval_pos_rate': 0.09120814744716327, 'eval_auroc': 0.49802239246951985, 'eval_auprc': 0.09083623102371091, 'eval_mcc': 0.0, 'eval_precision': 0.0, 'eval_recall': 0.0, 'eval_f1': 0.0, 'eval_runtime': 20.0109, 'eval_samples_per_second': 1108.947, 'eval_steps_per_second': 17.341, 'epoch': 0.6}
{'loss': 0.6944, 'learning_rate': 0.000800997878075357, 'epoch': 0.6}
{'loss': 0.6932, 'learning_rate': 0.0007998508917818432, 'epoch': 0.61}
{'loss': 0.6889, 'learning_rate': 0.0007987039054883294, 'epoch': 0.61}
{'loss': 0.6905, 'learning_rate': 0.0007975569191948157, 'epoch': 0.61}
{'loss': 0.6951, 'learning_rate': 0.0007964099329013018, 'epoch': 0.62}
{'loss': 0.6941, 'learning_rate': 0.0007952629466077881, 'epoch': 0.62}
{'loss': 0.6898, 'learning_rate': 0.0007941159603142742, 'epoch': 0.62}
{'loss': 0.6917, 'learning_rate': 0.0007929689740207605, 'epoch': 0.63}
{'loss': 0.6912, 'learning_rate': 0.0007918219877272466, 'epoch': 0.63}
{'loss': 0.6911, 'learning_rate': 0.0007906750014337328, 'epoch': 0.63}
{'loss': 0.6909, 'learning_rate': 0.0007895280151402191, 'epoch': 0.64}
{'loss': 0.6921, 'learning_rate': 0.0007883810288467053, 'epoch': 0.64}
{'eval_loss': 0.6424829363822937, 'eval_bce': 0.6407730866466501, 'eval_n_pos': 2024.0, 'eval_pos_rate': 0.09120814744716327, 'eval_auroc': 0.49929855714663973, 'eval_auprc': 0.09115456696805342, 'eval_mcc': 0.0, 'eval_precision': 0.0, 'eval_recall': 0.0, 'eval_f1': 0.0, 'eval_runtime': 20.0029, 'eval_samples_per_second': 1109.389, 'eval_steps_per_second': 17.347, 'epoch': 0.64}
{'loss': 0.6889, 'learning_rate': 0.0007872340425531915, 'epoch': 0.65}
{'loss': 0.6911, 'learning_rate': 0.0007860870562596777, 'epoch': 0.65}
{'loss': 0.6943, 'learning_rate': 0.000784940069966164, 'epoch': 0.65}
{'loss': 0.6889, 'learning_rate': 0.0007837930836726502, 'epoch': 0.66}
{'loss': 0.6959, 'learning_rate': 0.0007826460973791363, 'epoch': 0.66}
{'loss': 0.6888, 'learning_rate': 0.0007814991110856225, 'epoch': 0.66}
{'loss': 0.6973, 'learning_rate': 0.0007803521247921087, 'epoch': 0.67}
{'loss': 0.694, 'learning_rate': 0.000779205138498595, 'epoch': 0.67}
{'loss': 0.6921, 'learning_rate': 0.0007780581522050811, 'epoch': 0.67}
{'loss': 0.6945, 'learning_rate': 0.0007769111659115674, 'epoch': 0.68}
{'loss': 0.6878, 'learning_rate': 0.0007757641796180536, 'epoch': 0.68}
{'loss': 0.6877, 'learning_rate': 0.0007746171933245399, 'epoch': 0.68}
{'loss': 0.6887, 'learning_rate': 0.000773470207031026, 'epoch': 0.69}
{'eval_loss': 0.643692672252655, 'eval_bce': 0.6420261491656242, 'eval_n_pos': 2024.0, 'eval_pos_rate': 0.09120814744716327, 'eval_auroc': 0.499783061437001, 'eval_auprc': 0.09116117438540317, 'eval_mcc': 0.0, 'eval_precision': 0.0, 'eval_recall': 0.0, 'eval_f1': 0.0, 'eval_runtime': 19.9999, 'eval_samples_per_second': 1109.557, 'eval_steps_per_second': 17.35, 'epoch': 0.69}
{'loss': 0.6885, 'learning_rate': 0.0007723232207375121, 'epoch': 0.69}
{'loss': 0.6956, 'learning_rate': 0.0007711762344439984, 'epoch': 0.69}
{'loss': 0.6931, 'learning_rate': 0.0007700292481504846, 'epoch': 0.7}
{'loss': 0.6893, 'learning_rate': 0.0007688822618569708, 'epoch': 0.7}
{'loss': 0.685, 'learning_rate': 0.000767735275563457, 'epoch': 0.7}
{'loss': 0.6912, 'learning_rate': 0.0007665882892699433, 'epoch': 0.71}
{'loss': 0.6913, 'learning_rate': 0.0007654413029764295, 'epoch': 0.71}
{'loss': 0.6889, 'learning_rate': 0.0007642943166829156, 'epoch': 0.71}
{'loss': 0.6948, 'learning_rate': 0.0007631473303894019, 'epoch': 0.72}
{'loss': 0.6942, 'learning_rate': 0.000762000344095888, 'epoch': 0.72}
{'loss': 0.6925, 'learning_rate': 0.0007608533578023743, 'epoch': 0.72}
{'loss': 0.69, 'learning_rate': 0.0007597063715088604, 'epoch': 0.73}
{'eval_loss': 0.6433132886886597, 'eval_bce': 0.6416327767600675, 'eval_n_pos': 2024.0, 'eval_pos_rate': 0.09120814744716327, 'eval_auroc': 0.4975256141847981, 'eval_auprc': 0.09078881024880803, 'eval_mcc': 0.0, 'eval_precision': 0.0, 'eval_recall': 0.0, 'eval_f1': 0.0, 'eval_runtime': 20.0494, 'eval_samples_per_second': 1106.817, 'eval_steps_per_second': 17.307, 'epoch': 0.73}
{'loss': 0.6906, 'learning_rate': 0.0007585593852153467, 'epoch': 0.73}
{'loss': 0.6876, 'learning_rate': 0.0007574123989218329, 'epoch': 0.73}
{'loss': 0.6974, 'learning_rate': 0.0007562654126283192, 'epoch': 0.74}
{'loss': 0.6877, 'learning_rate': 0.0007551184263348053, 'epoch': 0.74}
{'loss': 0.6928, 'learning_rate': 0.0007539714400412915, 'epoch': 0.74}
{'loss': 0.6975, 'learning_rate': 0.0007528244537477778, 'epoch': 0.75}
{'loss': 0.6857, 'learning_rate': 0.000751677467454264, 'epoch': 0.75}
{'loss': 0.6853, 'learning_rate': 0.0007505304811607501, 'epoch': 0.75}
{'loss': 0.6921, 'learning_rate': 0.0007493834948672363, 'epoch': 0.76}
{'loss': 0.6896, 'learning_rate': 0.0007482365085737226, 'epoch': 0.76}
{'loss': 0.6826, 'learning_rate': 0.0007470895222802088, 'epoch': 0.77}
{'loss': 0.6918, 'learning_rate': 0.0007459425359866949, 'epoch': 0.77}
{'loss': 0.6974, 'learning_rate': 0.0007447955496931812, 'epoch': 0.77}
{'eval_loss': 0.6439913511276245, 'eval_bce': 0.6423343211758953, 'eval_n_pos': 2024.0, 'eval_pos_rate': 0.09120814744716327, 'eval_auroc': 0.48475595624362655, 'eval_auprc': 0.08868610123859128, 'eval_mcc': 0.0, 'eval_precision': 0.0, 'eval_recall': 0.0, 'eval_f1': 0.0, 'eval_runtime': 20.0279, 'eval_samples_per_second': 1108.006, 'eval_steps_per_second': 17.326, 'epoch': 0.77}
{'loss': 0.6931, 'learning_rate': 0.0007436485633996674, 'epoch': 0.78}
{'loss': 0.6876, 'learning_rate': 0.0007425015771061537, 'epoch': 0.78}
{'loss': 0.6921, 'learning_rate': 0.0007413545908126398, 'epoch': 0.78}
{'loss': 0.6848, 'learning_rate': 0.000740207604519126, 'epoch': 0.79}
{'loss': 0.6984, 'learning_rate': 0.0007390606182256122, 'epoch': 0.79}
{'loss': 0.6941, 'learning_rate': 0.0007379136319320984, 'epoch': 0.79}
{'loss': 0.6934, 'learning_rate': 0.0007367666456385846, 'epoch': 0.8}
{'loss': 0.6842, 'learning_rate': 0.0007356196593450708, 'epoch': 0.8}
{'loss': 0.6876, 'learning_rate': 0.0007344726730515571, 'epoch': 0.8}
{'loss': 0.6976, 'learning_rate': 0.0007333256867580432, 'epoch': 0.81}
{'loss': 0.6921, 'learning_rate': 0.0007321787004645295, 'epoch': 0.81}
{'loss': 0.6913, 'learning_rate': 0.0007310317141710157, 'epoch': 0.81}
{'eval_loss': 0.6389055848121643, 'eval_bce': 0.6370692115978127, 'eval_n_pos': 2024.0, 'eval_pos_rate': 0.09120814744716327, 'eval_auroc': 0.50120759200204, 'eval_auprc': 0.09142943352766211, 'eval_mcc': 0.0, 'eval_precision': 0.0, 'eval_recall': 0.0, 'eval_f1': 0.0, 'eval_runtime': 20.03, 'eval_samples_per_second': 1107.886, 'eval_steps_per_second': 17.324, 'epoch': 0.81}
{'loss': 0.6941, 'learning_rate': 0.000729884727877502, 'epoch': 0.82}
{'loss': 0.6932, 'learning_rate': 0.000728737741583988, 'epoch': 0.82}
{'loss': 0.6889, 'learning_rate': 0.0007275907552904742, 'epoch': 0.82}
{'loss': 0.6893, 'learning_rate': 0.0007264437689969605, 'epoch': 0.83}
{'loss': 0.6883, 'learning_rate': 0.0007252967827034467, 'epoch': 0.83}
{'loss': 0.6866, 'learning_rate': 0.0007241497964099329, 'epoch': 0.83}
{'loss': 0.6887, 'learning_rate': 0.0007230028101164191, 'epoch': 0.84}
{'loss': 0.6935, 'learning_rate': 0.0007218558238229054, 'epoch': 0.84}
{'loss': 0.6843, 'learning_rate': 0.0007207088375293916, 'epoch': 0.84}
{'loss': 0.6947, 'learning_rate': 0.0007195618512358776, 'epoch': 0.85}
{'loss': 0.6933, 'learning_rate': 0.0007184148649423639, 'epoch': 0.85}
{'loss': 0.6882, 'learning_rate': 0.0007172678786488501, 'epoch': 0.85}
{'loss': 0.6878, 'learning_rate': 0.0007161208923553364, 'epoch': 0.86}
{'eval_loss': 0.638853907585144, 'eval_bce': 0.6370160220689874, 'eval_n_pos': 2024.0, 'eval_pos_rate': 0.09120814744716327, 'eval_auroc': 0.5048005527364294, 'eval_auprc': 0.09214605729985753, 'eval_mcc': 0.0, 'eval_precision': 0.0, 'eval_recall': 0.0, 'eval_f1': 0.0, 'eval_runtime': 20.0212, 'eval_samples_per_second': 1108.374, 'eval_steps_per_second': 17.332, 'epoch': 0.86}
{'loss': 0.6951, 'learning_rate': 0.0007149739060618225, 'epoch': 0.86}
{'loss': 0.6923, 'learning_rate': 0.0007138269197683088, 'epoch': 0.86}
{'loss': 0.6912, 'learning_rate': 0.000712679933474795, 'epoch': 0.87}
{'loss': 0.6881, 'learning_rate': 0.0007115329471812813, 'epoch': 0.87}
{'loss': 0.6903, 'learning_rate': 0.0007103859608877674, 'epoch': 0.87}
{'loss': 0.6923, 'learning_rate': 0.0007092389745942536, 'epoch': 0.88}
{'loss': 0.6914, 'learning_rate': 0.0007080919883007399, 'epoch': 0.88}
{'loss': 0.6834, 'learning_rate': 0.000706945002007226, 'epoch': 0.89}
{'loss': 0.6889, 'learning_rate': 0.0007057980157137122, 'epoch': 0.89}
{'loss': 0.6908, 'learning_rate': 0.0007046510294201984, 'epoch': 0.89}
{'loss': 0.6929, 'learning_rate': 0.0007035040431266847, 'epoch': 0.9}
{'loss': 0.694, 'learning_rate': 0.0007023570568331709, 'epoch': 0.9}
{'eval_loss': 0.6375777721405029, 'eval_bce': 0.6356935072836665, 'eval_n_pos': 2024.0, 'eval_pos_rate': 0.09120814744716327, 'eval_auroc': 0.5043960988983098, 'eval_auprc': 0.09192531982813722, 'eval_mcc': 0.0, 'eval_precision': 0.0, 'eval_recall': 0.0, 'eval_f1': 0.0, 'eval_runtime': 20.0453, 'eval_samples_per_second': 1107.041, 'eval_steps_per_second': 17.311, 'epoch': 0.9}
{'loss': 0.6934, 'learning_rate': 0.000701210070539657, 'epoch': 0.9}
{'loss': 0.6889, 'learning_rate': 0.0007000630842461433, 'epoch': 0.91}
{'loss': 0.6942, 'learning_rate': 0.0006989160979526295, 'epoch': 0.91}
{'loss': 0.6899, 'learning_rate': 0.0006977691116591158, 'epoch': 0.91}
{'loss': 0.6879, 'learning_rate': 0.0006966221253656018, 'epoch': 0.92}
{'loss': 0.6933, 'learning_rate': 0.0006954751390720881, 'epoch': 0.92}
{'loss': 0.6842, 'learning_rate': 0.0006943281527785743, 'epoch': 0.92}
{'loss': 0.6834, 'learning_rate': 0.0006931811664850605, 'epoch': 0.93}
{'loss': 0.6971, 'learning_rate': 0.0006920341801915467, 'epoch': 0.93}
{'loss': 0.6901, 'learning_rate': 0.0006908871938980329, 'epoch': 0.93}
{'loss': 0.6886, 'learning_rate': 0.0006897402076045192, 'epoch': 0.94}
{'loss': 0.6939, 'learning_rate': 0.0006885932213110054, 'epoch': 0.94}
{'loss': 0.6933, 'learning_rate': 0.0006874462350174916, 'epoch': 0.94}
{'eval_loss': 0.637584924697876, 'eval_bce': 0.6357020852774556, 'eval_n_pos': 2024.0, 'eval_pos_rate': 0.09120814744716327, 'eval_auroc': 0.50092718880353, 'eval_auprc': 0.09138956751606502, 'eval_mcc': 0.0, 'eval_precision': 0.0, 'eval_recall': 0.0, 'eval_f1': 0.0, 'eval_runtime': 20.0427, 'eval_samples_per_second': 1107.188, 'eval_steps_per_second': 17.313, 'epoch': 0.94}
{'loss': 0.6904, 'learning_rate': 0.0006862992487239777, 'epoch': 0.95}
{'loss': 0.691, 'learning_rate': 0.000685152262430464, 'epoch': 0.95}
{'loss': 0.6915, 'learning_rate': 0.0006840052761369502, 'epoch': 0.95}
{'loss': 0.694, 'learning_rate': 0.0006828582898434363, 'epoch': 0.96}
{'loss': 0.6898, 'learning_rate': 0.0006817113035499226, 'epoch': 0.96}
{'loss': 0.6943, 'learning_rate': 0.0006805643172564088, 'epoch': 0.96}
{'loss': 0.693, 'learning_rate': 0.0006794173309628951, 'epoch': 0.97}
{'loss': 0.6906, 'learning_rate': 0.0006782703446693812, 'epoch': 0.97}
{'loss': 0.6882, 'learning_rate': 0.0006771233583758675, 'epoch': 0.97}
{'loss': 0.6917, 'learning_rate': 0.0006759763720823537, 'epoch': 0.98}
{'loss': 0.6961, 'learning_rate': 0.0006748293857888398, 'epoch': 0.98}
{'loss': 0.6899, 'learning_rate': 0.000673682399495326, 'epoch': 0.98}
{'eval_loss': 0.6376423835754395, 'eval_bce': 0.6357609324628489, 'eval_n_pos': 2024.0, 'eval_pos_rate': 0.09120814744716327, 'eval_auroc': 0.5063964659911869, 'eval_auprc': 0.09229343461640138, 'eval_mcc': 0.0, 'eval_precision': 0.0, 'eval_recall': 0.0, 'eval_f1': 0.0, 'eval_runtime': 20.028, 'eval_samples_per_second': 1107.997, 'eval_steps_per_second': 17.326, 'epoch': 0.99}
{'loss': 0.6903, 'learning_rate': 0.0006725354132018122, 'epoch': 0.99}
{'loss': 0.695, 'learning_rate': 0.0006713884269082985, 'epoch': 0.99}
{'loss': 0.6926, 'learning_rate': 0.0006702414406147847, 'epoch': 1.0}
{'loss': 0.6954, 'learning_rate': 0.0006690944543212709, 'epoch': 1.0}
{'loss': 0.69, 'learning_rate': 0.0006679474680277571, 'epoch': 1.0}
{'loss': 0.6898, 'learning_rate': 0.0006668004817342433, 'epoch': 1.01}
{'loss': 0.6907, 'learning_rate': 0.0006656534954407296, 'epoch': 1.01}
{'loss': 0.6937, 'learning_rate': 0.0006645065091472156, 'epoch': 1.01}
{'loss': 0.6934, 'learning_rate': 0.0006633595228537019, 'epoch': 1.02}
{'loss': 0.6897, 'learning_rate': 0.0006622125365601881, 'epoch': 1.02}
{'loss': 0.694, 'learning_rate': 0.0006610655502666744, 'epoch': 1.02}
{'loss': 0.6897, 'learning_rate': 0.0006599185639731605, 'epoch': 1.03}
{'loss': 0.6894, 'learning_rate': 0.0006587715776796468, 'epoch': 1.03}
{'eval_loss': 0.6357923746109009, 'eval_bce': 0.6338441570934606, 'eval_n_pos': 2024.0, 'eval_pos_rate': 0.09120814744716327, 'eval_auroc': 0.49523141844648566, 'eval_auprc': 0.09018501849981589, 'eval_mcc': 0.0, 'eval_precision': 0.0, 'eval_recall': 0.0, 'eval_f1': 0.0, 'eval_runtime': 20.0544, 'eval_samples_per_second': 1106.542, 'eval_steps_per_second': 17.303, 'epoch': 1.03}
{'loss': 0.6863, 'learning_rate': 0.000657624591386133, 'epoch': 1.03}
{'loss': 0.6872, 'learning_rate': 0.0006564776050926191, 'epoch': 1.04}
{'loss': 0.6949, 'learning_rate': 0.0006553306187991054, 'epoch': 1.04}
{'loss': 0.6948, 'learning_rate': 0.0006541836325055915, 'epoch': 1.04}
{'loss': 0.6937, 'learning_rate': 0.0006530366462120778, 'epoch': 1.05}
{'loss': 0.6951, 'learning_rate': 0.0006518896599185639, 'epoch': 1.05}
{'loss': 0.69, 'learning_rate': 0.0006507426736250502, 'epoch': 1.05}
{'loss': 0.6897, 'learning_rate': 0.0006495956873315364, 'epoch': 1.06}
{'loss': 0.6909, 'learning_rate': 0.0006484487010380226, 'epoch': 1.06}
{'loss': 0.6891, 'learning_rate': 0.0006473017147445088, 'epoch': 1.06}
{'loss': 0.694, 'learning_rate': 0.000646154728450995, 'epoch': 1.07}
{'loss': 0.6874, 'learning_rate': 0.0006450077421574813, 'epoch': 1.07}
{'eval_loss': 0.6351763606071472, 'eval_bce': 0.6332073193044959, 'eval_n_pos': 2024.0, 'eval_pos_rate': 0.09120814744716327, 'eval_auroc': 0.5015769510359253, 'eval_auprc': 0.09147689065709368, 'eval_mcc': 0.0, 'eval_precision': 0.0, 'eval_recall': 0.0, 'eval_f1': 0.0, 'eval_runtime': 20.0366, 'eval_samples_per_second': 1107.522, 'eval_steps_per_second': 17.318, 'epoch': 1.07}
{'loss': 0.695, 'learning_rate': 0.0006438607558639675, 'epoch': 1.07}
{'loss': 0.69, 'learning_rate': 0.0006427137695704536, 'epoch': 1.08}
{'loss': 0.6917, 'learning_rate': 0.0006415667832769398, 'epoch': 1.08}
{'loss': 0.6903, 'learning_rate': 0.000640419796983426, 'epoch': 1.08}
{'loss': 0.6938, 'learning_rate': 0.0006392728106899123, 'epoch': 1.09}
{'loss': 0.6906, 'learning_rate': 0.0006381258243963984, 'epoch': 1.09}
{'loss': 0.6916, 'learning_rate': 0.0006369788381028847, 'epoch': 1.09}
{'loss': 0.6873, 'learning_rate': 0.0006358318518093709, 'epoch': 1.1}
{'loss': 0.6903, 'learning_rate': 0.0006346848655158572, 'epoch': 1.1}
{'loss': 0.6863, 'learning_rate': 0.0006335378792223432, 'epoch': 1.1}
{'loss': 0.6919, 'learning_rate': 0.0006323908929288295, 'epoch': 1.11}
{'loss': 0.6919, 'learning_rate': 0.0006312439066353157, 'epoch': 1.11}
{'loss': 0.6969, 'learning_rate': 0.0006300969203418019, 'epoch': 1.12}
{'eval_loss': 0.6331968307495117, 'eval_bce': 0.6311565590776869, 'eval_n_pos': 2024.0, 'eval_pos_rate': 0.09120814744716327, 'eval_auroc': 0.4989840758520112, 'eval_auprc': 0.09104013371797783, 'eval_mcc': 0.0, 'eval_precision': 0.0, 'eval_recall': 0.0, 'eval_f1': 0.0, 'eval_runtime': 20.0279, 'eval_samples_per_second': 1108.005, 'eval_steps_per_second': 17.326, 'epoch': 1.12}
{'loss': 0.6919, 'learning_rate': 0.0006289499340482881, 'epoch': 1.12}
{'loss': 0.687, 'learning_rate': 0.0006278029477547743, 'epoch': 1.12}
{'loss': 0.6883, 'learning_rate': 0.0006266559614612606, 'epoch': 1.13}
{'loss': 0.6931, 'learning_rate': 0.0006255089751677468, 'epoch': 1.13}
{'loss': 0.6902, 'learning_rate': 0.000624361988874233, 'epoch': 1.13}
{'loss': 0.6879, 'learning_rate': 0.0006232150025807192, 'epoch': 1.14}
{'loss': 0.691, 'learning_rate': 0.0006220680162872053, 'epoch': 1.14}
{'loss': 0.6947, 'learning_rate': 0.0006209210299936916, 'epoch': 1.14}
{'loss': 0.6924, 'learning_rate': 0.0006197740437001777, 'epoch': 1.15}
{'loss': 0.6901, 'learning_rate': 0.000618627057406664, 'epoch': 1.15}
{'loss': 0.6907, 'learning_rate': 0.0006174800711131502, 'epoch': 1.15}
{'loss': 0.694, 'learning_rate': 0.0006163330848196365, 'epoch': 1.16}
{'eval_loss': 0.6336463689804077, 'eval_bce': 0.6316226364384024, 'eval_n_pos': 2024.0, 'eval_pos_rate': 0.09120814744716327, 'eval_auroc': 0.5013871451051704, 'eval_auprc': 0.09141311612863502, 'eval_mcc': 0.0, 'eval_precision': 0.0, 'eval_recall': 0.0, 'eval_f1': 0.0, 'eval_runtime': 20.0409, 'eval_samples_per_second': 1107.284, 'eval_steps_per_second': 17.315, 'epoch': 1.16}
{'loss': 0.6963, 'learning_rate': 0.0006151860985261226, 'epoch': 1.16}
{'loss': 0.6947, 'learning_rate': 0.0006140391122326089, 'epoch': 1.16}
{'loss': 0.688, 'learning_rate': 0.0006128921259390951, 'epoch': 1.17}
{'loss': 0.6909, 'learning_rate': 0.0006117451396455813, 'epoch': 1.17}
{'loss': 0.694, 'learning_rate': 0.0006105981533520674, 'epoch': 1.17}
{'loss': 0.6936, 'learning_rate': 0.0006094511670585536, 'epoch': 1.18}
{'loss': 0.6911, 'learning_rate': 0.0006083041807650399, 'epoch': 1.18}
{'loss': 0.6896, 'learning_rate': 0.0006071571944715261, 'epoch': 1.18}
{'loss': 0.6871, 'learning_rate': 0.0006060102081780123, 'epoch': 1.19}
{'loss': 0.6931, 'learning_rate': 0.0006048632218844985, 'epoch': 1.19}
{'loss': 0.6952, 'learning_rate': 0.0006037162355909847, 'epoch': 1.19}
{'loss': 0.6924, 'learning_rate': 0.000602569249297471, 'epoch': 1.2}
{'loss': 0.6925, 'learning_rate': 0.000601422263003957, 'epoch': 1.2}
{'eval_loss': 0.6332445740699768, 'eval_bce': 0.6312062216615487, 'eval_n_pos': 2024.0, 'eval_pos_rate': 0.09120814744716327, 'eval_auroc': 0.49810005427016435, 'eval_auprc': 0.09098472909733839, 'eval_mcc': 0.0, 'eval_precision': 0.0, 'eval_recall': 0.0, 'eval_f1': 0.0, 'eval_runtime': 20.0423, 'eval_samples_per_second': 1107.209, 'eval_steps_per_second': 17.313, 'epoch': 1.2}
{'loss': 0.69, 'learning_rate': 0.0006002752767104433, 'epoch': 1.2}
{'loss': 0.6931, 'learning_rate': 0.0005991282904169295, 'epoch': 1.21}
{'loss': 0.6912, 'learning_rate': 0.0005979813041234158, 'epoch': 1.21}
{'loss': 0.6908, 'learning_rate': 0.0005968343178299019, 'epoch': 1.21}
{'loss': 0.6881, 'learning_rate': 0.0005956873315363881, 'epoch': 1.22}
{'loss': 0.6927, 'learning_rate': 0.0005945403452428744, 'epoch': 1.22}
{'loss': 0.6952, 'learning_rate': 0.0005933933589493606, 'epoch': 1.22}
{'loss': 0.6922, 'learning_rate': 0.0005922463726558468, 'epoch': 1.23}
{'loss': 0.6873, 'learning_rate': 0.000591099386362333, 'epoch': 1.23}
{'loss': 0.6945, 'learning_rate': 0.0005899524000688193, 'epoch': 1.24}
{'loss': 0.6938, 'learning_rate': 0.0005888054137753054, 'epoch': 1.24}
{'loss': 0.688, 'learning_rate': 0.0005876584274817916, 'epoch': 1.24}
{'eval_loss': 0.6338667869567871, 'eval_bce': 0.631851310233378, 'eval_n_pos': 2024.0, 'eval_pos_rate': 0.09120814744716327, 'eval_auroc': 0.4929927986686661, 'eval_auprc': 0.09006786657381295, 'eval_mcc': 0.0, 'eval_precision': 0.0, 'eval_recall': 0.0, 'eval_f1': 0.0, 'eval_runtime': 20.0798, 'eval_samples_per_second': 1105.138, 'eval_steps_per_second': 17.281, 'epoch': 1.24}
{'loss': 0.6862, 'learning_rate': 0.0005865114411882778, 'epoch': 1.25}
{'loss': 0.6972, 'learning_rate': 0.000585364454894764, 'epoch': 1.25}
{'loss': 0.6842, 'learning_rate': 0.0005842174686012503, 'epoch': 1.25}
{'loss': 0.6988, 'learning_rate': 0.0005830704823077364, 'epoch': 1.26}
{'loss': 0.6874, 'learning_rate': 0.0005819234960142227, 'epoch': 1.26}
{'loss': 0.6928, 'learning_rate': 0.0005807765097207089, 'epoch': 1.26}
{'loss': 0.6975, 'learning_rate': 0.0005796295234271952, 'epoch': 1.27}
{'loss': 0.6934, 'learning_rate': 0.0005784825371336812, 'epoch': 1.27}
{'loss': 0.6889, 'learning_rate': 0.0005773355508401674, 'epoch': 1.27}
{'loss': 0.6914, 'learning_rate': 0.0005761885645466537, 'epoch': 1.28}
{'loss': 0.6934, 'learning_rate': 0.0005750415782531398, 'epoch': 1.28}
{'loss': 0.6903, 'learning_rate': 0.0005738945919596261, 'epoch': 1.28}
{'loss': 0.6924, 'learning_rate': 0.0005727476056661123, 'epoch': 1.29}
{'eval_loss': 0.6330198645591736, 'eval_bce': 0.6309739529196462, 'eval_n_pos': 2024.0, 'eval_pos_rate': 0.09120814744716327, 'eval_auroc': 0.5117954923228983, 'eval_auprc': 0.0937008339390063, 'eval_mcc': 0.0, 'eval_precision': 0.0, 'eval_recall': 0.0, 'eval_f1': 0.0, 'eval_runtime': 20.0323, 'eval_samples_per_second': 1107.762, 'eval_steps_per_second': 17.322, 'epoch': 1.29}
{'loss': 0.695, 'learning_rate': 0.0005716006193725986, 'epoch': 1.29}
{'loss': 0.6864, 'learning_rate': 0.0005704536330790847, 'epoch': 1.29}
{'loss': 0.6919, 'learning_rate': 0.0005693066467855708, 'epoch': 1.3}
{'loss': 0.6894, 'learning_rate': 0.0005681596604920571, 'epoch': 1.3}
{'loss': 0.6931, 'learning_rate': 0.0005670126741985433, 'epoch': 1.3}
{'loss': 0.6902, 'learning_rate': 0.0005658656879050295, 'epoch': 1.31}
{'loss': 0.6852, 'learning_rate': 0.0005647187016115157, 'epoch': 1.31}
{'loss': 0.693, 'learning_rate': 0.000563571715318002, 'epoch': 1.31}
{'loss': 0.6829, 'learning_rate': 0.0005624247290244882, 'epoch': 1.32}
{'loss': 0.6878, 'learning_rate': 0.0005612777427309744, 'epoch': 1.32}
{'loss': 0.6975, 'learning_rate': 0.0005601307564374606, 'epoch': 1.32}
{'loss': 0.69, 'learning_rate': 0.0005589837701439468, 'epoch': 1.33}
{'eval_loss': 0.6344311833381653, 'eval_bce': 0.6324356285905982, 'eval_n_pos': 2024.0, 'eval_pos_rate': 0.09120814744716327, 'eval_auroc': 0.4987880104291223, 'eval_auprc': 0.09103908015875257, 'eval_mcc': 0.0, 'eval_precision': 0.0, 'eval_recall': 0.0, 'eval_f1': 0.0, 'eval_runtime': 20.0402, 'eval_samples_per_second': 1107.323, 'eval_steps_per_second': 17.315, 'epoch': 1.33}
{'loss': 0.6908, 'learning_rate': 0.000557836783850433, 'epoch': 1.33}
{'loss': 0.6926, 'learning_rate': 0.0005566897975569191, 'epoch': 1.33}
{'loss': 0.692, 'learning_rate': 0.0005555428112634054, 'epoch': 1.34}
{'loss': 0.6932, 'learning_rate': 0.0005543958249698916, 'epoch': 1.34}
{'loss': 0.6947, 'learning_rate': 0.0005532488386763779, 'epoch': 1.34}
{'loss': 0.6922, 'learning_rate': 0.000552101852382864, 'epoch': 1.35}
{'loss': 0.6887, 'learning_rate': 0.0005509548660893502, 'epoch': 1.35}
{'loss': 0.6894, 'learning_rate': 0.0005498078797958365, 'epoch': 1.36}
{'loss': 0.6943, 'learning_rate': 0.0005486608935023227, 'epoch': 1.36}
{'loss': 0.6874, 'learning_rate': 0.0005475139072088088, 'epoch': 1.36}
{'loss': 0.6913, 'learning_rate': 0.000546366920915295, 'epoch': 1.37}
{'loss': 0.6844, 'learning_rate': 0.0005452199346217813, 'epoch': 1.37}
{'loss': 0.6914, 'learning_rate': 0.0005440729483282675, 'epoch': 1.37}
{'eval_loss': 0.6355359554290771, 'eval_bce': 0.6335799792555346, 'eval_n_pos': 2024.0, 'eval_pos_rate': 0.09120814744716327, 'eval_auroc': 0.49498091626617347, 'eval_auprc': 0.09042359309215389, 'eval_mcc': 0.0, 'eval_precision': 0.0, 'eval_recall': 0.0, 'eval_f1': 0.0, 'eval_runtime': 20.0662, 'eval_samples_per_second': 1105.891, 'eval_steps_per_second': 17.293, 'epoch': 1.37}
{'loss': 0.6902, 'learning_rate': 0.0005429259620347537, 'epoch': 1.38}
{'loss': 0.6938, 'learning_rate': 0.0005417789757412399, 'epoch': 1.38}
{'loss': 0.6896, 'learning_rate': 0.0005406319894477261, 'epoch': 1.38}
{'loss': 0.6901, 'learning_rate': 0.0005394850031542124, 'epoch': 1.39}
{'loss': 0.6862, 'learning_rate': 0.0005383380168606985, 'epoch': 1.39}
{'loss': 0.6881, 'learning_rate': 0.0005371910305671848, 'epoch': 1.39}
{'loss': 0.6978, 'learning_rate': 0.0005360440442736709, 'epoch': 1.4}
{'loss': 0.6924, 'learning_rate': 0.0005348970579801572, 'epoch': 1.4}
{'loss': 0.6909, 'learning_rate': 0.0005337500716866433, 'epoch': 1.4}
{'loss': 0.6922, 'learning_rate': 0.0005326030853931295, 'epoch': 1.41}
{'loss': 0.6926, 'learning_rate': 0.0005314560990996158, 'epoch': 1.41}
{'loss': 0.6915, 'learning_rate': 0.000530309112806102, 'epoch': 1.41}
{'eval_loss': 0.6338244080543518, 'eval_bce': 0.6318070957681273, 'eval_n_pos': 2024.0, 'eval_pos_rate': 0.09120814744716327, 'eval_auroc': 0.505945623314102, 'eval_auprc': 0.09188358891028353, 'eval_mcc': 0.0, 'eval_precision': 0.0, 'eval_recall': 0.0, 'eval_f1': 0.0, 'eval_runtime': 20.068, 'eval_samples_per_second': 1105.788, 'eval_steps_per_second': 17.291, 'epoch': 1.42}
{'loss': 0.6889, 'learning_rate': 0.0005291621265125882, 'epoch': 1.42}
{'loss': 0.6853, 'learning_rate': 0.0005280151402190744, 'epoch': 1.42}
{'loss': 0.6889, 'learning_rate': 0.0005268681539255607, 'epoch': 1.42}
{'loss': 0.6879, 'learning_rate': 0.0005257211676320469, 'epoch': 1.43}
{'loss': 0.6901, 'learning_rate': 0.0005245741813385329, 'epoch': 1.43}
{'loss': 0.6967, 'learning_rate': 0.0005234271950450192, 'epoch': 1.43}
{'loss': 0.691, 'learning_rate': 0.0005222802087515054, 'epoch': 1.44}
{'loss': 0.6924, 'learning_rate': 0.0005211332224579917, 'epoch': 1.44}
{'loss': 0.6937, 'learning_rate': 0.0005199862361644778, 'epoch': 1.44}
{'loss': 0.6872, 'learning_rate': 0.0005188392498709641, 'epoch': 1.45}
{'loss': 0.6912, 'learning_rate': 0.0005176922635774503, 'epoch': 1.45}
{'loss': 0.6967, 'learning_rate': 0.0005165452772839366, 'epoch': 1.45}
{'loss': 0.6928, 'learning_rate': 0.0005153982909904226, 'epoch': 1.46}
{'eval_loss': 0.6327276825904846, 'eval_bce': 0.6306705144391105, 'eval_n_pos': 2024.0, 'eval_pos_rate': 0.09120814744716327, 'eval_auroc': 0.50400886785068, 'eval_auprc': 0.09188421811536039, 'eval_mcc': 0.0, 'eval_precision': 0.0, 'eval_recall': 0.0, 'eval_f1': 0.0, 'eval_runtime': 20.0559, 'eval_samples_per_second': 1106.46, 'eval_steps_per_second': 17.302, 'epoch': 1.46}
{'loss': 0.6937, 'learning_rate': 0.0005142513046969088, 'epoch': 1.46}
{'loss': 0.6939, 'learning_rate': 0.0005131043184033951, 'epoch': 1.47}
{'loss': 0.6901, 'learning_rate': 0.0005119573321098813, 'epoch': 1.47}
{'loss': 0.6967, 'learning_rate': 0.0005108103458163675, 'epoch': 1.47}
{'loss': 0.6897, 'learning_rate': 0.0005096633595228537, 'epoch': 1.48}
{'loss': 0.6925, 'learning_rate': 0.00050851637322934, 'epoch': 1.48}
{'loss': 0.6921, 'learning_rate': 0.0005073693869358262, 'epoch': 1.48}
{'loss': 0.6941, 'learning_rate': 0.0005062224006423123, 'epoch': 1.49}
{'loss': 0.6948, 'learning_rate': 0.0005050754143487986, 'epoch': 1.49}
{'loss': 0.6939, 'learning_rate': 0.0005039284280552847, 'epoch': 1.49}
{'loss': 0.6909, 'learning_rate': 0.0005027814417617709, 'epoch': 1.5}
{'loss': 0.6908, 'learning_rate': 0.0005016344554682571, 'epoch': 1.5}
{'eval_loss': 0.6315404176712036, 'eval_bce': 0.6294405635681071, 'eval_n_pos': 2024.0, 'eval_pos_rate': 0.09120814744716327, 'eval_auroc': 0.5, 'eval_auprc': 0.09120814744716327, 'eval_mcc': 0.0, 'eval_precision': 0.0, 'eval_recall': 0.0, 'eval_f1': 0.0, 'eval_runtime': 20.0681, 'eval_samples_per_second': 1105.787, 'eval_steps_per_second': 17.291, 'epoch': 1.5}
{'loss': 0.6896, 'learning_rate': 0.0005004874691747434, 'epoch': 1.5}
{'loss': 0.6911, 'learning_rate': 0.0004993404828812296, 'epoch': 1.51}
{'loss': 0.6953, 'learning_rate': 0.0004981934965877158, 'epoch': 1.51}
{'loss': 0.6878, 'learning_rate': 0.000497046510294202, 'epoch': 1.51}
{'loss': 0.6939, 'learning_rate': 0.0004958995240006882, 'epoch': 1.52}
{'loss': 0.6886, 'learning_rate': 0.0004947525377071745, 'epoch': 1.52}
{'loss': 0.6924, 'learning_rate': 0.0004936055514136605, 'epoch': 1.52}
{'loss': 0.6896, 'learning_rate': 0.0004924585651201468, 'epoch': 1.53}
{'loss': 0.6894, 'learning_rate': 0.000491311578826633, 'epoch': 1.53}
{'loss': 0.688, 'learning_rate': 0.0004901645925331192, 'epoch': 1.53}
{'loss': 0.6935, 'learning_rate': 0.0004890176062396054, 'epoch': 1.54}
{'loss': 0.6896, 'learning_rate': 0.00048787061994609164, 'epoch': 1.54}
{'loss': 0.6895, 'learning_rate': 0.0004867236336525779, 'epoch': 1.54}
{'eval_loss': 0.6337952017784119, 'eval_bce': 0.6317765166294805, 'eval_n_pos': 2024.0, 'eval_pos_rate': 0.09120814744716327, 'eval_auroc': 0.5059839274861233, 'eval_auprc': 0.09222212338006587, 'eval_mcc': 0.0, 'eval_precision': 0.0, 'eval_recall': 0.0, 'eval_f1': 0.0, 'eval_runtime': 20.0345, 'eval_samples_per_second': 1107.64, 'eval_steps_per_second': 17.32, 'epoch': 1.54}
{'loss': 0.6866, 'learning_rate': 0.0004855766473590641, 'epoch': 1.55}
{'loss': 0.6875, 'learning_rate': 0.00048442966106555026, 'epoch': 1.55}
{'loss': 0.6954, 'learning_rate': 0.00048328267477203645, 'epoch': 1.55}
{'loss': 0.689, 'learning_rate': 0.0004821356884785227, 'epoch': 1.56}
{'loss': 0.6952, 'learning_rate': 0.0004809887021850089, 'epoch': 1.56}
{'loss': 0.694, 'learning_rate': 0.0004798417158914951, 'epoch': 1.56}
{'loss': 0.6892, 'learning_rate': 0.0004786947295979813, 'epoch': 1.57}
{'loss': 0.6864, 'learning_rate': 0.00047754774330446755, 'epoch': 1.57}
{'loss': 0.6862, 'learning_rate': 0.00047640075701095374, 'epoch': 1.57}
{'loss': 0.691, 'learning_rate': 0.0004752537707174399, 'epoch': 1.58}
{'loss': 0.6948, 'learning_rate': 0.0004741067844239261, 'epoch': 1.58}
{'loss': 0.6853, 'learning_rate': 0.00047295979813041236, 'epoch': 1.59}
{'eval_loss': 0.6352566480636597, 'eval_bce': 0.6332906743070734, 'eval_n_pos': 2024.0, 'eval_pos_rate': 0.09120814744716327, 'eval_auroc': 0.4992689991143125, 'eval_auprc': 0.09108720032208431, 'eval_mcc': 0.0, 'eval_precision': 0.0, 'eval_recall': 0.0, 'eval_f1': 0.0, 'eval_runtime': 20.048, 'eval_samples_per_second': 1106.891, 'eval_steps_per_second': 17.308, 'epoch': 1.59}
{'loss': 0.6903, 'learning_rate': 0.00047181281183689854, 'epoch': 1.59}
{'loss': 0.6963, 'learning_rate': 0.0004706658255433848, 'epoch': 1.59}
{'loss': 0.6893, 'learning_rate': 0.000469518839249871, 'epoch': 1.6}
{'loss': 0.6911, 'learning_rate': 0.0004683718529563572, 'epoch': 1.6}
{'loss': 0.6908, 'learning_rate': 0.00046722486666284335, 'epoch': 1.6}
{'loss': 0.6902, 'learning_rate': 0.0004660778803693296, 'epoch': 1.61}
{'loss': 0.6896, 'learning_rate': 0.0004649308940758158, 'epoch': 1.61}
{'loss': 0.6919, 'learning_rate': 0.000463783907782302, 'epoch': 1.61}
{'loss': 0.6949, 'learning_rate': 0.0004626369214887882, 'epoch': 1.62}
{'loss': 0.6906, 'learning_rate': 0.00046148993519527445, 'epoch': 1.62}
{'loss': 0.6862, 'learning_rate': 0.00046034294890176064, 'epoch': 1.62}
{'loss': 0.6937, 'learning_rate': 0.0004591959626082469, 'epoch': 1.63}
{'loss': 0.691, 'learning_rate': 0.000458048976314733, 'epoch': 1.63}
{'eval_loss': 0.633466899394989, 'eval_bce': 0.6314366063862416, 'eval_n_pos': 2024.0, 'eval_pos_rate': 0.09120814744716327, 'eval_auroc': 0.495873304253358, 'eval_auprc': 0.09041877950555273, 'eval_mcc': 0.0, 'eval_precision': 0.0, 'eval_recall': 0.0, 'eval_f1': 0.0, 'eval_runtime': 20.041, 'eval_samples_per_second': 1107.283, 'eval_steps_per_second': 17.315, 'epoch': 1.63}
{'loss': 0.691, 'learning_rate': 0.00045690199002121926, 'epoch': 1.63}
{'loss': 0.692, 'learning_rate': 0.00045575500372770544, 'epoch': 1.64}
{'loss': 0.6946, 'learning_rate': 0.0004546080174341917, 'epoch': 1.64}
{'loss': 0.695, 'learning_rate': 0.0004534610311406779, 'epoch': 1.64}
{'loss': 0.6887, 'learning_rate': 0.0004523140448471641, 'epoch': 1.65}
{'loss': 0.6919, 'learning_rate': 0.0004511670585536503, 'epoch': 1.65}
{'loss': 0.6968, 'learning_rate': 0.00045002007226013655, 'epoch': 1.65}
{'loss': 0.6928, 'learning_rate': 0.0004488730859666227, 'epoch': 1.66}
{'loss': 0.6925, 'learning_rate': 0.0004477260996731089, 'epoch': 1.66}
{'loss': 0.6891, 'learning_rate': 0.0004465791133795951, 'epoch': 1.66}
{'loss': 0.6958, 'learning_rate': 0.00044543212708608135, 'epoch': 1.67}
{'loss': 0.6872, 'learning_rate': 0.00044428514079256754, 'epoch': 1.67}
{'eval_loss': 0.6314573287963867, 'eval_bce': 0.6293546644983145, 'eval_n_pos': 2024.0, 'eval_pos_rate': 0.09120814744716327, 'eval_auroc': 0.4982829637350259, 'eval_auprc': 0.09092466866542487, 'eval_mcc': 0.0, 'eval_precision': 0.0, 'eval_recall': 0.0, 'eval_f1': 0.0, 'eval_runtime': 20.0459, 'eval_samples_per_second': 1107.007, 'eval_steps_per_second': 17.31, 'epoch': 1.67}
{'loss': 0.691, 'learning_rate': 0.0004431381544990538, 'epoch': 1.67}
{'loss': 0.6859, 'learning_rate': 0.00044199116820553997, 'epoch': 1.68}
{'loss': 0.6899, 'learning_rate': 0.0004408441819120262, 'epoch': 1.68}
{'loss': 0.6911, 'learning_rate': 0.00043969719561851234, 'epoch': 1.68}
{'loss': 0.6904, 'learning_rate': 0.0004385502093249986, 'epoch': 1.69}
{'loss': 0.6963, 'learning_rate': 0.0004374032230314848, 'epoch': 1.69}
{'loss': 0.6945, 'learning_rate': 0.000436256236737971, 'epoch': 1.69}
{'loss': 0.6888, 'learning_rate': 0.0004351092504444572, 'epoch': 1.7}
{'loss': 0.6872, 'learning_rate': 0.00043396226415094345, 'epoch': 1.7}
{'loss': 0.6899, 'learning_rate': 0.00043281527785742963, 'epoch': 1.71}
{'loss': 0.6903, 'learning_rate': 0.0004316682915639158, 'epoch': 1.71}
{'loss': 0.6922, 'learning_rate': 0.000430521305270402, 'epoch': 1.71}
{'loss': 0.6961, 'learning_rate': 0.0004293743189768882, 'epoch': 1.72}
{'eval_loss': 0.6324947476387024, 'eval_bce': 0.6304290792722402, 'eval_n_pos': 2024.0, 'eval_pos_rate': 0.09120814744716327, 'eval_auroc': 0.48798298780283444, 'eval_auprc': 0.0892744957938975, 'eval_mcc': 0.0, 'eval_precision': 0.0, 'eval_recall': 0.0, 'eval_f1': 0.0, 'eval_runtime': 20.0241, 'eval_samples_per_second': 1108.216, 'eval_steps_per_second': 17.329, 'epoch': 1.72}
{'loss': 0.6964, 'learning_rate': 0.00042822733268337444, 'epoch': 1.72}
{'loss': 0.6928, 'learning_rate': 0.0004270803463898606, 'epoch': 1.72}
{'loss': 0.6931, 'learning_rate': 0.00042593336009634687, 'epoch': 1.73}
{'loss': 0.695, 'learning_rate': 0.00042478637380283306, 'epoch': 1.73}
{'loss': 0.6918, 'learning_rate': 0.0004236393875093193, 'epoch': 1.73}
{'loss': 0.6886, 'learning_rate': 0.00042249240121580543, 'epoch': 1.74}
{'loss': 0.6872, 'learning_rate': 0.0004213454149222917, 'epoch': 1.74}
{'loss': 0.6925, 'learning_rate': 0.00042019842862877786, 'epoch': 1.74}
{'loss': 0.6965, 'learning_rate': 0.0004190514423352641, 'epoch': 1.75}
{'loss': 0.6948, 'learning_rate': 0.0004179044560417503, 'epoch': 1.75}
{'loss': 0.6882, 'learning_rate': 0.00041675746974823653, 'epoch': 1.75}
{'loss': 0.6929, 'learning_rate': 0.0004156104834547227, 'epoch': 1.76}
{'eval_loss': 0.6299432516098022, 'eval_bce': 0.6277858681930344, 'eval_n_pos': 2024.0, 'eval_pos_rate': 0.09120814744716327, 'eval_auroc': 0.5008582118951027, 'eval_auprc': 0.09135099352924664, 'eval_mcc': 0.0, 'eval_precision': 0.0, 'eval_recall': 0.0, 'eval_f1': 0.0, 'eval_runtime': 20.0445, 'eval_samples_per_second': 1107.088, 'eval_steps_per_second': 17.312, 'epoch': 1.76}
{'loss': 0.6905, 'learning_rate': 0.00041446349716120896, 'epoch': 1.76}
{'loss': 0.695, 'learning_rate': 0.0004133165108676951, 'epoch': 1.76}
{'loss': 0.6922, 'learning_rate': 0.00041216952457418134, 'epoch': 1.77}
{'loss': 0.6912, 'learning_rate': 0.0004110225382806675, 'epoch': 1.77}
{'loss': 0.6945, 'learning_rate': 0.00040987555198715377, 'epoch': 1.77}
{'loss': 0.6972, 'learning_rate': 0.00040872856569363996, 'epoch': 1.78}
{'loss': 0.6895, 'learning_rate': 0.0004075815794001262, 'epoch': 1.78}
{'loss': 0.6926, 'learning_rate': 0.0004064345931066124, 'epoch': 1.78}
{'loss': 0.6928, 'learning_rate': 0.00040528760681309863, 'epoch': 1.79}
{'loss': 0.6909, 'learning_rate': 0.00040414062051958476, 'epoch': 1.79}
{'loss': 0.6878, 'learning_rate': 0.000402993634226071, 'epoch': 1.79}
{'loss': 0.6892, 'learning_rate': 0.0004018466479325572, 'epoch': 1.8}
{'loss': 0.6894, 'learning_rate': 0.00040069966163904343, 'epoch': 1.8}
{'eval_loss': 0.6311936974525452, 'eval_bce': 0.629081496492952, 'eval_n_pos': 2024.0, 'eval_pos_rate': 0.09120814744716327, 'eval_auroc': 0.49992562106411464, 'eval_auprc': 0.09120814744716327, 'eval_mcc': 0.0, 'eval_precision': 0.0, 'eval_recall': 0.0, 'eval_f1': 0.0, 'eval_runtime': 20.0522, 'eval_samples_per_second': 1106.66, 'eval_steps_per_second': 17.305, 'epoch': 1.8}
{'loss': 0.6899, 'learning_rate': 0.0003995526753455296, 'epoch': 1.8}
{'loss': 0.6924, 'learning_rate': 0.00039840568905201586, 'epoch': 1.81}
{'loss': 0.6885, 'learning_rate': 0.00039725870275850205, 'epoch': 1.81}
{'loss': 0.6948, 'learning_rate': 0.00039611171646498824, 'epoch': 1.82}
{'loss': 0.6913, 'learning_rate': 0.0003949647301714744, 'epoch': 1.82}
{'loss': 0.692, 'learning_rate': 0.00039381774387796067, 'epoch': 1.82}
{'loss': 0.6935, 'learning_rate': 0.00039267075758444686, 'epoch': 1.83}
{'loss': 0.6911, 'learning_rate': 0.0003915237712909331, 'epoch': 1.83}
{'loss': 0.6904, 'learning_rate': 0.0003903767849974193, 'epoch': 1.83}
{'loss': 0.6923, 'learning_rate': 0.00038922979870390553, 'epoch': 1.84}
{'loss': 0.6914, 'learning_rate': 0.0003880828124103917, 'epoch': 1.84}
{'loss': 0.689, 'learning_rate': 0.0003869358261168779, 'epoch': 1.84}
{'eval_loss': 0.6324922442436218, 'eval_bce': 0.6304264342333579, 'eval_n_pos': 2024.0, 'eval_pos_rate': 0.09120814744716327, 'eval_auroc': 0.5058236060907235, 'eval_auprc': 0.09218730438300128, 'eval_mcc': 0.0, 'eval_precision': 0.0, 'eval_recall': 0.0, 'eval_f1': 0.0, 'eval_runtime': 20.0639, 'eval_samples_per_second': 1106.018, 'eval_steps_per_second': 17.295, 'epoch': 1.84}
{'loss': 0.6935, 'learning_rate': 0.0003857888398233641, 'epoch': 1.85}
{'loss': 0.6931, 'learning_rate': 0.00038464185352985033, 'epoch': 1.85}
{'loss': 0.6914, 'learning_rate': 0.0003834948672363365, 'epoch': 1.85}
{'loss': 0.6912, 'learning_rate': 0.00038234788094282276, 'epoch': 1.86}
{'loss': 0.6903, 'learning_rate': 0.00038120089464930895, 'epoch': 1.86}
{'loss': 0.6927, 'learning_rate': 0.0003800539083557952, 'epoch': 1.86}
{'loss': 0.6891, 'learning_rate': 0.0003789069220622814, 'epoch': 1.87}
{'loss': 0.694, 'learning_rate': 0.00037775993576876757, 'epoch': 1.87}
{'loss': 0.6914, 'learning_rate': 0.00037661294947525376, 'epoch': 1.87}
{'loss': 0.6958, 'learning_rate': 0.00037546596318174, 'epoch': 1.88}
{'loss': 0.6859, 'learning_rate': 0.0003743189768882262, 'epoch': 1.88}
{'loss': 0.6883, 'learning_rate': 0.00037317199059471243, 'epoch': 1.88}
{'loss': 0.6961, 'learning_rate': 0.0003720250043011986, 'epoch': 1.89}
{'eval_loss': 0.6330069899559021, 'eval_bce': 0.6309596707698666, 'eval_n_pos': 2024.0, 'eval_pos_rate': 0.09120814744716327, 'eval_auroc': 0.4955910023830658, 'eval_auprc': 0.0905695716425273, 'eval_mcc': 0.0, 'eval_precision': 0.0, 'eval_recall': 0.0, 'eval_f1': 0.0, 'eval_runtime': 20.0648, 'eval_samples_per_second': 1105.967, 'eval_steps_per_second': 17.294, 'epoch': 1.89}
{'loss': 0.6923, 'learning_rate': 0.00037087801800768486, 'epoch': 1.89}
{'loss': 0.6921, 'learning_rate': 0.00036973103171417104, 'epoch': 1.89}
{'loss': 0.6884, 'learning_rate': 0.00036858404542065723, 'epoch': 1.9}
{'loss': 0.6875, 'learning_rate': 0.0003674370591271434, 'epoch': 1.9}
{'loss': 0.6907, 'learning_rate': 0.00036629007283362966, 'epoch': 1.9}
{'loss': 0.6917, 'learning_rate': 0.00036514308654011585, 'epoch': 1.91}
{'loss': 0.6922, 'learning_rate': 0.0003639961002466021, 'epoch': 1.91}
{'loss': 0.6963, 'learning_rate': 0.0003628491139530883, 'epoch': 1.91}
{'loss': 0.6894, 'learning_rate': 0.0003617021276595745, 'epoch': 1.92}
{'loss': 0.6887, 'learning_rate': 0.00036055514136606066, 'epoch': 1.92}
{'loss': 0.6856, 'learning_rate': 0.0003594081550725469, 'epoch': 1.92}
{'loss': 0.6905, 'learning_rate': 0.0003582611687790331, 'epoch': 1.93}
{'eval_loss': 0.6337897181510925, 'eval_bce': 0.6317712939663184, 'eval_n_pos': 2024.0, 'eval_pos_rate': 0.09120814744716327, 'eval_auroc': 0.5016889726710818, 'eval_auprc': 0.09148995342604606, 'eval_mcc': 0.0, 'eval_precision': 0.0, 'eval_recall': 0.0, 'eval_f1': 0.0, 'eval_runtime': 20.0404, 'eval_samples_per_second': 1107.312, 'eval_steps_per_second': 17.315, 'epoch': 1.93}
{'loss': 0.6911, 'learning_rate': 0.0003571141824855193, 'epoch': 1.93}
{'loss': 0.6985, 'learning_rate': 0.0003559671961920055, 'epoch': 1.94}
{'loss': 0.6918, 'learning_rate': 0.00035482020989849176, 'epoch': 1.94}
{'loss': 0.6946, 'learning_rate': 0.00035367322360497794, 'epoch': 1.94}
{'loss': 0.6958, 'learning_rate': 0.0003525262373114642, 'epoch': 1.95}
{'loss': 0.6882, 'learning_rate': 0.0003513792510179503, 'epoch': 1.95}
{'loss': 0.6878, 'learning_rate': 0.0003502322647244365, 'epoch': 1.95}
{'loss': 0.6907, 'learning_rate': 0.00034908527843092275, 'epoch': 1.96}
{'loss': 0.6899, 'learning_rate': 0.00034793829213740894, 'epoch': 1.96}
{'loss': 0.6919, 'learning_rate': 0.0003467913058438952, 'epoch': 1.96}
{'loss': 0.6889, 'learning_rate': 0.00034564431955038137, 'epoch': 1.97}
{'loss': 0.6878, 'learning_rate': 0.0003444973332568676, 'epoch': 1.97}
{'loss': 0.6915, 'learning_rate': 0.0003433503469633538, 'epoch': 1.97}
{'eval_loss': 0.6337714195251465, 'eval_bce': 0.6317523883674562, 'eval_n_pos': 2024.0, 'eval_pos_rate': 0.09120814744716327, 'eval_auroc': 0.49494382479419374, 'eval_auprc': 0.09038831533395249, 'eval_mcc': 0.0, 'eval_precision': 0.0, 'eval_recall': 0.0, 'eval_f1': 0.0, 'eval_runtime': 20.0575, 'eval_samples_per_second': 1106.37, 'eval_steps_per_second': 17.3, 'epoch': 1.97}
{'loss': 0.6903, 'learning_rate': 0.00034220336066984, 'epoch': 1.98}
{'loss': 0.6947, 'learning_rate': 0.00034105637437632617, 'epoch': 1.98}
{'loss': 0.6867, 'learning_rate': 0.0003399093880828124, 'epoch': 1.98}
{'loss': 0.6908, 'learning_rate': 0.0003387624017892986, 'epoch': 1.99}
{'loss': 0.6909, 'learning_rate': 0.00033761541549578484, 'epoch': 1.99}
{'loss': 0.6906, 'learning_rate': 0.00033646842920227103, 'epoch': 1.99}
{'loss': 0.6942, 'learning_rate': 0.0003353214429087573, 'epoch': 2.0}
{'loss': 0.6891, 'learning_rate': 0.0003341744566152434, 'epoch': 2.0}
{'loss': 0.691, 'learning_rate': 0.00033302747032172965, 'epoch': 2.0}
{'loss': 0.6917, 'learning_rate': 0.00033188048402821584, 'epoch': 2.01}
{'loss': 0.6854, 'learning_rate': 0.0003307334977347021, 'epoch': 2.01}
{'loss': 0.6919, 'learning_rate': 0.00032958651144118827, 'epoch': 2.01}
{'eval_loss': 0.635312557220459, 'eval_bce': 0.6333486269835658, 'eval_n_pos': 2024.0, 'eval_pos_rate': 0.09120814744716327, 'eval_auroc': 0.5071141516754076, 'eval_auprc': 0.09234972926880816, 'eval_mcc': 0.0, 'eval_precision': 0.0, 'eval_recall': 0.0, 'eval_f1': 0.0, 'eval_runtime': 20.0406, 'eval_samples_per_second': 1107.303, 'eval_steps_per_second': 17.315, 'epoch': 2.02}
{'loss': 0.6836, 'learning_rate': 0.0003284395251476745, 'epoch': 2.02}
{'loss': 0.6965, 'learning_rate': 0.0003272925388541607, 'epoch': 2.02}
{'loss': 0.6911, 'learning_rate': 0.00032614555256064694, 'epoch': 2.02}
{'loss': 0.6912, 'learning_rate': 0.00032499856626713307, 'epoch': 2.03}
{'loss': 0.6916, 'learning_rate': 0.0003238515799736193, 'epoch': 2.03}
{'loss': 0.6916, 'learning_rate': 0.0003227045936801055, 'epoch': 2.03}
{'loss': 0.6954, 'learning_rate': 0.00032155760738659174, 'epoch': 2.04}
{'loss': 0.6931, 'learning_rate': 0.00032041062109307793, 'epoch': 2.04}
{'loss': 0.6946, 'learning_rate': 0.0003192636347995642, 'epoch': 2.04}
{'loss': 0.6917, 'learning_rate': 0.00031811664850605036, 'epoch': 2.05}
{'loss': 0.6883, 'learning_rate': 0.0003169696622125366, 'epoch': 2.05}
{'loss': 0.687, 'learning_rate': 0.00031582267591902274, 'epoch': 2.06}
{'loss': 0.69, 'learning_rate': 0.000314675689625509, 'epoch': 2.06}
{'eval_loss': 0.6334515810012817, 'eval_bce': 0.6314201589032489, 'eval_n_pos': 2024.0, 'eval_pos_rate': 0.09120814744716327, 'eval_auroc': 0.5074116184209675, 'eval_auprc': 0.09249883579122183, 'eval_mcc': 0.0, 'eval_precision': 0.0, 'eval_recall': 0.0, 'eval_f1': 0.0, 'eval_runtime': 20.0388, 'eval_samples_per_second': 1107.399, 'eval_steps_per_second': 17.316, 'epoch': 2.06}
{'loss': 0.6883, 'learning_rate': 0.00031352870333199517, 'epoch': 2.06}
{'loss': 0.686, 'learning_rate': 0.0003123817170384814, 'epoch': 2.07}
{'loss': 0.6905, 'learning_rate': 0.0003112347307449676, 'epoch': 2.07}
{'loss': 0.6925, 'learning_rate': 0.00031008774445145384, 'epoch': 2.07}
{'loss': 0.6927, 'learning_rate': 0.00030894075815794, 'epoch': 2.08}
{'loss': 0.6927, 'learning_rate': 0.00030779377186442627, 'epoch': 2.08}
{'loss': 0.687, 'learning_rate': 0.0003066467855709124, 'epoch': 2.08}
{'loss': 0.698, 'learning_rate': 0.00030549979927739864, 'epoch': 2.09}
{'loss': 0.6886, 'learning_rate': 0.00030435281298388483, 'epoch': 2.09}
{'loss': 0.6882, 'learning_rate': 0.0003032058266903711, 'epoch': 2.09}
{'loss': 0.6857, 'learning_rate': 0.00030205884039685726, 'epoch': 2.1}
{'loss': 0.6937, 'learning_rate': 0.0003009118541033435, 'epoch': 2.1}
{'eval_loss': 0.635297954082489, 'eval_bce': 0.6333323123358621, 'eval_n_pos': 2024.0, 'eval_pos_rate': 0.09120814744716327, 'eval_auroc': 0.5065301569836529, 'eval_auprc': 0.09265773058471943, 'eval_mcc': 0.0, 'eval_precision': 0.0, 'eval_recall': 0.0, 'eval_f1': 0.0, 'eval_runtime': 20.0378, 'eval_samples_per_second': 1107.456, 'eval_steps_per_second': 17.317, 'epoch': 2.1}
{'loss': 0.6837, 'learning_rate': 0.0002997648678098297, 'epoch': 2.1}
{'loss': 0.6898, 'learning_rate': 0.0002986178815163159, 'epoch': 2.11}
{'loss': 0.6882, 'learning_rate': 0.00029747089522280207, 'epoch': 2.11}
{'loss': 0.6919, 'learning_rate': 0.0002963239089292883, 'epoch': 2.11}
{'loss': 0.6912, 'learning_rate': 0.0002951769226357745, 'epoch': 2.12}
{'loss': 0.6901, 'learning_rate': 0.00029402993634226074, 'epoch': 2.12}
{'loss': 0.6878, 'learning_rate': 0.0002928829500487469, 'epoch': 2.12}
{'loss': 0.6944, 'learning_rate': 0.00029173596375523317, 'epoch': 2.13}
{'loss': 0.6879, 'learning_rate': 0.00029058897746171936, 'epoch': 2.13}
{'loss': 0.6857, 'learning_rate': 0.00028944199116820554, 'epoch': 2.13}
{'loss': 0.6867, 'learning_rate': 0.00028829500487469173, 'epoch': 2.14}
{'loss': 0.6954, 'learning_rate': 0.000287148018581178, 'epoch': 2.14}
{'loss': 0.6904, 'learning_rate': 0.00028600103228766416, 'epoch': 2.14}
{'eval_loss': 0.6362589001655579, 'eval_bce': 0.6343292988130566, 'eval_n_pos': 2024.0, 'eval_pos_rate': 0.09120814744716327, 'eval_auroc': 0.4902940633457664, 'eval_auprc': 0.08965085677039053, 'eval_mcc': 0.0, 'eval_precision': 0.0, 'eval_recall': 0.0, 'eval_f1': 0.0, 'eval_runtime': 20.0458, 'eval_samples_per_second': 1107.015, 'eval_steps_per_second': 17.31, 'epoch': 2.14}
{'loss': 0.6856, 'learning_rate': 0.0002848540459941504, 'epoch': 2.15}
{'loss': 0.6925, 'learning_rate': 0.0002837070597006366, 'epoch': 2.15}
{'loss': 0.6911, 'learning_rate': 0.00028256007340712283, 'epoch': 2.15}
{'loss': 0.6932, 'learning_rate': 0.000281413087113609, 'epoch': 2.16}
{'loss': 0.6887, 'learning_rate': 0.0002802661008200952, 'epoch': 2.16}
{'loss': 0.6899, 'learning_rate': 0.0002791191145265814, 'epoch': 2.17}
{'loss': 0.6872, 'learning_rate': 0.0002779721282330676, 'epoch': 2.17}
{'loss': 0.7006, 'learning_rate': 0.0002768251419395538, 'epoch': 2.17}
{'loss': 0.6938, 'learning_rate': 0.00027567815564604, 'epoch': 2.18}
{'loss': 0.6947, 'learning_rate': 0.00027453116935252626, 'epoch': 2.18}
{'loss': 0.6882, 'learning_rate': 0.00027338418305901244, 'epoch': 2.18}
{'loss': 0.6865, 'learning_rate': 0.0002722371967654987, 'epoch': 2.19}
{'eval_loss': 0.6353309154510498, 'eval_bce': 0.633367401045742, 'eval_n_pos': 2024.0, 'eval_pos_rate': 0.09120814744716327, 'eval_auroc': 0.4854953970316239, 'eval_auprc': 0.08875749819921193, 'eval_mcc': 0.0, 'eval_precision': 0.0, 'eval_recall': 0.0, 'eval_f1': 0.0, 'eval_runtime': 20.0726, 'eval_samples_per_second': 1105.537, 'eval_steps_per_second': 17.287, 'epoch': 2.19}
{'loss': 0.6947, 'learning_rate': 0.0002710902104719848, 'epoch': 2.19}
{'loss': 0.6899, 'learning_rate': 0.00026994322417847106, 'epoch': 2.19}
{'loss': 0.6877, 'learning_rate': 0.00026879623788495725, 'epoch': 2.2}
{'loss': 0.6906, 'learning_rate': 0.0002676492515914435, 'epoch': 2.2}
{'loss': 0.6947, 'learning_rate': 0.0002665022652979297, 'epoch': 2.2}
{'loss': 0.6918, 'learning_rate': 0.0002653552790044159, 'epoch': 2.21}
{'loss': 0.6921, 'learning_rate': 0.0002642082927109021, 'epoch': 2.21}
{'loss': 0.6897, 'learning_rate': 0.0002630613064173883, 'epoch': 2.21}
{'loss': 0.6884, 'learning_rate': 0.0002619143201238745, 'epoch': 2.22}
{'loss': 0.6914, 'learning_rate': 0.0002607673338303607, 'epoch': 2.22}
{'loss': 0.6906, 'learning_rate': 0.0002596203475368469, 'epoch': 2.22}
{'loss': 0.6911, 'learning_rate': 0.00025847336124333316, 'epoch': 2.23}
{'loss': 0.6919, 'learning_rate': 0.00025732637494981934, 'epoch': 2.23}
{'eval_loss': 0.63447105884552, 'eval_bce': 0.632476624776302, 'eval_n_pos': 2024.0, 'eval_pos_rate': 0.09120814744716327, 'eval_auroc': 0.510478769566609, 'eval_auprc': 0.09303834328991563, 'eval_mcc': 0.0, 'eval_precision': 0.0, 'eval_recall': 0.0, 'eval_f1': 0.0, 'eval_runtime': 20.0431, 'eval_samples_per_second': 1107.166, 'eval_steps_per_second': 17.313, 'epoch': 2.23}
{'loss': 0.6899, 'learning_rate': 0.0002561793886563056, 'epoch': 2.23}
{'loss': 0.6907, 'learning_rate': 0.0002550324023627918, 'epoch': 2.24}
{'loss': 0.691, 'learning_rate': 0.00025388541606927796, 'epoch': 2.24}
{'loss': 0.6974, 'learning_rate': 0.00025273842977576415, 'epoch': 2.24}
{'loss': 0.6914, 'learning_rate': 0.0002515914434822504, 'epoch': 2.25}
{'loss': 0.6867, 'learning_rate': 0.0002504444571887366, 'epoch': 2.25}
{'loss': 0.683, 'learning_rate': 0.0002492974708952228, 'epoch': 2.25}
{'loss': 0.6915, 'learning_rate': 0.000248150484601709, 'epoch': 2.26}
{'loss': 0.6911, 'learning_rate': 0.0002470034983081952, 'epoch': 2.26}
{'loss': 0.6967, 'learning_rate': 0.00024585651201468144, 'epoch': 2.26}
{'loss': 0.6903, 'learning_rate': 0.0002447095257211676, 'epoch': 2.27}
{'loss': 0.687, 'learning_rate': 0.00024356253942765387, 'epoch': 2.27}
{'eval_loss': 0.6358222961425781, 'eval_bce': 0.633876092831192, 'eval_n_pos': 2024.0, 'eval_pos_rate': 0.09120814744716327, 'eval_auroc': 0.5030946267637558, 'eval_auprc': 0.09173084570270872, 'eval_mcc': 0.0, 'eval_precision': 0.0, 'eval_recall': 0.0, 'eval_f1': 0.0, 'eval_runtime': 20.0445, 'eval_samples_per_second': 1107.084, 'eval_steps_per_second': 17.311, 'epoch': 2.27}
{'loss': 0.6927, 'learning_rate': 0.00024241555313414006, 'epoch': 2.27}
{'loss': 0.694, 'learning_rate': 0.00024126856684062627, 'epoch': 2.28}
{'loss': 0.6929, 'learning_rate': 0.00024012158054711249, 'epoch': 2.28}
{'loss': 0.6901, 'learning_rate': 0.0002389745942535987, 'epoch': 2.29}
{'loss': 0.6836, 'learning_rate': 0.00023782760796008486, 'epoch': 2.29}
{'loss': 0.6953, 'learning_rate': 0.00023668062166657108, 'epoch': 2.29}
{'loss': 0.6931, 'learning_rate': 0.0002355336353730573, 'epoch': 2.3}
{'loss': 0.6892, 'learning_rate': 0.0002343866490795435, 'epoch': 2.3}
{'loss': 0.6924, 'learning_rate': 0.0002332396627860297, 'epoch': 2.3}
{'loss': 0.6903, 'learning_rate': 0.0002320926764925159, 'epoch': 2.31}
{'loss': 0.6899, 'learning_rate': 0.00023094569019900212, 'epoch': 2.31}
{'loss': 0.6879, 'learning_rate': 0.0002297987039054883, 'epoch': 2.31}
{'loss': 0.6935, 'learning_rate': 0.00022865171761197453, 'epoch': 2.32}
{'eval_loss': 0.6353687644004822, 'eval_bce': 0.6334066022146699, 'eval_n_pos': 2024.0, 'eval_pos_rate': 0.09120814744716327, 'eval_auroc': 0.5, 'eval_auprc': 0.09120814744716327, 'eval_mcc': 0.0, 'eval_precision': 0.0, 'eval_recall': 0.0, 'eval_f1': 0.0, 'eval_runtime': 20.034, 'eval_samples_per_second': 1107.665, 'eval_steps_per_second': 17.321, 'epoch': 2.32}
{'loss': 0.6889, 'learning_rate': 0.00022750473131846074, 'epoch': 2.32}
{'loss': 0.6888, 'learning_rate': 0.00022635774502494696, 'epoch': 2.32}
{'loss': 0.6929, 'learning_rate': 0.00022521075873143314, 'epoch': 2.33}
{'loss': 0.691, 'learning_rate': 0.00022406377243791936, 'epoch': 2.33}
{'loss': 0.6937, 'learning_rate': 0.00022291678614440557, 'epoch': 2.33}
{'loss': 0.688, 'learning_rate': 0.0002217697998508918, 'epoch': 2.34}
{'loss': 0.6853, 'learning_rate': 0.00022062281355737798, 'epoch': 2.34}
{'loss': 0.6998, 'learning_rate': 0.0002194758272638642, 'epoch': 2.34}
{'loss': 0.6984, 'learning_rate': 0.0002183288409703504, 'epoch': 2.35}
{'loss': 0.6902, 'learning_rate': 0.00021718185467683662, 'epoch': 2.35}
{'loss': 0.6921, 'learning_rate': 0.0002160348683833228, 'epoch': 2.35}
{'loss': 0.6894, 'learning_rate': 0.00021488788208980902, 'epoch': 2.36}
{'eval_loss': 0.6336507797241211, 'eval_bce': 0.631625469427901, 'eval_n_pos': 2024.0, 'eval_pos_rate': 0.09120814744716327, 'eval_auroc': 0.49825220525215247, 'eval_auprc': 0.09086323640813118, 'eval_mcc': 0.0, 'eval_precision': 0.0, 'eval_recall': 0.0, 'eval_f1': 0.0, 'eval_runtime': 20.0722, 'eval_samples_per_second': 1105.56, 'eval_steps_per_second': 17.288, 'epoch': 2.36}
{'loss': 0.6967, 'learning_rate': 0.00021374089579629524, 'epoch': 2.36}
{'loss': 0.6908, 'learning_rate': 0.00021259390950278145, 'epoch': 2.36}
{'loss': 0.6898, 'learning_rate': 0.00021144692320926764, 'epoch': 2.37}
{'loss': 0.692, 'learning_rate': 0.00021029993691575386, 'epoch': 2.37}
{'loss': 0.6889, 'learning_rate': 0.00020915295062224007, 'epoch': 2.37}
{'loss': 0.6892, 'learning_rate': 0.00020800596432872629, 'epoch': 2.38}
{'loss': 0.6884, 'learning_rate': 0.00020685897803521247, 'epoch': 2.38}
{'loss': 0.6949, 'learning_rate': 0.0002057119917416987, 'epoch': 2.38}
{'loss': 0.694, 'learning_rate': 0.0002045650054481849, 'epoch': 2.39}
{'loss': 0.6893, 'learning_rate': 0.00020341801915467112, 'epoch': 2.39}
{'loss': 0.6866, 'learning_rate': 0.0002022710328611573, 'epoch': 2.39}
{'loss': 0.6891, 'learning_rate': 0.00020112404656764352, 'epoch': 2.4}
{'loss': 0.6964, 'learning_rate': 0.00019997706027412974, 'epoch': 2.4}
{'eval_loss': 0.6338388919830322, 'eval_bce': 0.6318220273899631, 'eval_n_pos': 2024.0, 'eval_pos_rate': 0.09120814744716327, 'eval_auroc': 0.4937070054962016, 'eval_auprc': 0.09018441088851098, 'eval_mcc': 0.0, 'eval_precision': 0.0, 'eval_recall': 0.0, 'eval_f1': 0.0, 'eval_runtime': 20.0563, 'eval_samples_per_second': 1106.435, 'eval_steps_per_second': 17.301, 'epoch': 2.4}
{'loss': 0.6958, 'learning_rate': 0.00019883007398061592, 'epoch': 2.41}
{'loss': 0.6886, 'learning_rate': 0.00019768308768710214, 'epoch': 2.41}
{'loss': 0.6878, 'learning_rate': 0.00019653610139358835, 'epoch': 2.41}
{'loss': 0.6879, 'learning_rate': 0.00019538911510007457, 'epoch': 2.42}
{'loss': 0.6877, 'learning_rate': 0.00019424212880656076, 'epoch': 2.42}
{'loss': 0.6922, 'learning_rate': 0.00019309514251304697, 'epoch': 2.42}
{'loss': 0.6923, 'learning_rate': 0.00019194815621953319, 'epoch': 2.43}
{'loss': 0.6859, 'learning_rate': 0.0001908011699260194, 'epoch': 2.43}
{'loss': 0.6883, 'learning_rate': 0.0001896541836325056, 'epoch': 2.43}
{'loss': 0.694, 'learning_rate': 0.0001885071973389918, 'epoch': 2.44}
{'loss': 0.6909, 'learning_rate': 0.00018736021104547802, 'epoch': 2.44}
{'loss': 0.6907, 'learning_rate': 0.00018621322475196423, 'epoch': 2.44}
{'eval_loss': 0.6347783803939819, 'eval_bce': 0.6327955358332059, 'eval_n_pos': 2024.0, 'eval_pos_rate': 0.09120814744716327, 'eval_auroc': 0.4943295371003896, 'eval_auprc': 0.09029959016762361, 'eval_mcc': 0.0, 'eval_precision': 0.0, 'eval_recall': 0.0, 'eval_f1': 0.0, 'eval_runtime': 20.0863, 'eval_samples_per_second': 1104.784, 'eval_steps_per_second': 17.275, 'epoch': 2.44}
{'loss': 0.6902, 'learning_rate': 0.00018506623845845042, 'epoch': 2.45}
{'loss': 0.6921, 'learning_rate': 0.00018391925216493664, 'epoch': 2.45}
{'loss': 0.693, 'learning_rate': 0.00018277226587142285, 'epoch': 2.45}
{'loss': 0.6946, 'learning_rate': 0.00018162527957790907, 'epoch': 2.46}
{'loss': 0.6929, 'learning_rate': 0.00018047829328439525, 'epoch': 2.46}
{'loss': 0.6896, 'learning_rate': 0.00017933130699088147, 'epoch': 2.46}
{'loss': 0.6837, 'learning_rate': 0.00017818432069736768, 'epoch': 2.47}
{'loss': 0.688, 'learning_rate': 0.0001770373344038539, 'epoch': 2.47}
{'loss': 0.6899, 'learning_rate': 0.00017589034811034009, 'epoch': 2.47}
{'loss': 0.6848, 'learning_rate': 0.0001747433618168263, 'epoch': 2.48}
{'loss': 0.6969, 'learning_rate': 0.00017359637552331252, 'epoch': 2.48}
{'loss': 0.6968, 'learning_rate': 0.00017244938922979873, 'epoch': 2.48}
{'loss': 0.6964, 'learning_rate': 0.00017130240293628492, 'epoch': 2.49}
{'eval_loss': 0.6343397498130798, 'eval_bce': 0.6323404193842576, 'eval_n_pos': 2024.0, 'eval_pos_rate': 0.09120814744716327, 'eval_auroc': 0.500748174678196, 'eval_auprc': 0.09133548510704677, 'eval_mcc': 0.0, 'eval_precision': 0.0, 'eval_recall': 0.0, 'eval_f1': 0.0, 'eval_runtime': 20.0716, 'eval_samples_per_second': 1105.594, 'eval_steps_per_second': 17.288, 'epoch': 2.49}
{'loss': 0.6909, 'learning_rate': 0.00017015541664277113, 'epoch': 2.49}
{'loss': 0.6885, 'learning_rate': 0.00016900843034925735, 'epoch': 2.49}
{'loss': 0.6902, 'learning_rate': 0.00016786144405574356, 'epoch': 2.5}
{'loss': 0.6931, 'learning_rate': 0.00016671445776222975, 'epoch': 2.5}
{'loss': 0.6909, 'learning_rate': 0.00016556747146871597, 'epoch': 2.5}
{'loss': 0.6905, 'learning_rate': 0.00016442048517520218, 'epoch': 2.51}
{'loss': 0.693, 'learning_rate': 0.00016327349888168834, 'epoch': 2.51}
{'loss': 0.6875, 'learning_rate': 0.00016212651258817456, 'epoch': 2.52}
{'loss': 0.6948, 'learning_rate': 0.00016097952629466077, 'epoch': 2.52}
{'loss': 0.6902, 'learning_rate': 0.00015983254000114699, 'epoch': 2.52}
{'loss': 0.6903, 'learning_rate': 0.00015868555370763317, 'epoch': 2.53}
{'loss': 0.691, 'learning_rate': 0.0001575385674141194, 'epoch': 2.53}
{'eval_loss': 0.6337695717811584, 'eval_bce': 0.631750387118916, 'eval_n_pos': 2024.0, 'eval_pos_rate': 0.09120814744716327, 'eval_auroc': 0.5116195038229205, 'eval_auprc': 0.09321809621680086, 'eval_mcc': 0.0, 'eval_precision': 0.0, 'eval_recall': 0.0, 'eval_f1': 0.0, 'eval_runtime': 20.0585, 'eval_samples_per_second': 1106.316, 'eval_steps_per_second': 17.299, 'epoch': 2.53}
{'loss': 0.6951, 'learning_rate': 0.0001563915811206056, 'epoch': 2.53}
{'loss': 0.6906, 'learning_rate': 0.00015524459482709182, 'epoch': 2.54}
{'loss': 0.6977, 'learning_rate': 0.000154097608533578, 'epoch': 2.54}
{'loss': 0.6964, 'learning_rate': 0.00015295062224006422, 'epoch': 2.54}
{'loss': 0.6925, 'learning_rate': 0.00015180363594655044, 'epoch': 2.55}
{'loss': 0.689, 'learning_rate': 0.00015065664965303665, 'epoch': 2.55}
{'loss': 0.6922, 'learning_rate': 0.00014950966335952284, 'epoch': 2.55}
{'loss': 0.6897, 'learning_rate': 0.00014836267706600905, 'epoch': 2.56}
{'loss': 0.6857, 'learning_rate': 0.00014721569077249527, 'epoch': 2.56}
{'loss': 0.6886, 'learning_rate': 0.00014606870447898148, 'epoch': 2.56}
{'loss': 0.6864, 'learning_rate': 0.00014492171818546767, 'epoch': 2.57}
{'loss': 0.6916, 'learning_rate': 0.00014377473189195389, 'epoch': 2.57}
{'loss': 0.6927, 'learning_rate': 0.0001426277455984401, 'epoch': 2.57}
{'eval_loss': 0.6337295174598694, 'eval_bce': 0.6317091383161827, 'eval_n_pos': 2024.0, 'eval_pos_rate': 0.09120814744716327, 'eval_auroc': 0.49455310264038366, 'eval_auprc': 0.09072132690643225, 'eval_mcc': 0.0, 'eval_precision': 0.0, 'eval_recall': 0.0, 'eval_f1': 0.0, 'eval_runtime': 20.0537, 'eval_samples_per_second': 1106.582, 'eval_steps_per_second': 17.304, 'epoch': 2.57}
{'loss': 0.6931, 'learning_rate': 0.00014148075930492631, 'epoch': 2.58}
{'loss': 0.6855, 'learning_rate': 0.0001403337730114125, 'epoch': 2.58}
{'loss': 0.6865, 'learning_rate': 0.00013918678671789872, 'epoch': 2.58}
{'loss': 0.6865, 'learning_rate': 0.00013803980042438493, 'epoch': 2.59}
{'loss': 0.69, 'learning_rate': 0.00013689281413087115, 'epoch': 2.59}
{'loss': 0.6928, 'learning_rate': 0.00013574582783735734, 'epoch': 2.59}
{'loss': 0.6905, 'learning_rate': 0.00013459884154384355, 'epoch': 2.6}
{'loss': 0.6834, 'learning_rate': 0.00013345185525032976, 'epoch': 2.6}
{'loss': 0.69, 'learning_rate': 0.00013230486895681598, 'epoch': 2.6}
{'loss': 0.6906, 'learning_rate': 0.00013115788266330217, 'epoch': 2.61}
{'loss': 0.691, 'learning_rate': 0.00013001089636978838, 'epoch': 2.61}
{'loss': 0.6983, 'learning_rate': 0.0001288639100762746, 'epoch': 2.61}
{'eval_loss': 0.6344386339187622, 'eval_bce': 0.6324422390897027, 'eval_n_pos': 2024.0, 'eval_pos_rate': 0.09120814744716327, 'eval_auroc': 0.5088072769254197, 'eval_auprc': 0.09322773724254244, 'eval_mcc': 0.0, 'eval_precision': 0.0, 'eval_recall': 0.0, 'eval_f1': 0.0, 'eval_runtime': 20.0799, 'eval_samples_per_second': 1105.137, 'eval_steps_per_second': 17.281, 'epoch': 2.62}
{'loss': 0.6886, 'learning_rate': 0.00012771692378276079, 'epoch': 2.62}
{'loss': 0.6969, 'learning_rate': 0.000126569937489247, 'epoch': 2.62}
{'loss': 0.6918, 'learning_rate': 0.00012542295119573321, 'epoch': 2.62}
{'loss': 0.6852, 'learning_rate': 0.0001242759649022194, 'epoch': 2.63}
{'loss': 0.6903, 'learning_rate': 0.00012312897860870562, 'epoch': 2.63}
{'loss': 0.6976, 'learning_rate': 0.00012198199231519183, 'epoch': 2.64}
{'loss': 0.6931, 'learning_rate': 0.00012083500602167805, 'epoch': 2.64}
{'loss': 0.691, 'learning_rate': 0.00011968801972816425, 'epoch': 2.64}
{'loss': 0.6915, 'learning_rate': 0.00011854103343465046, 'epoch': 2.65}
{'loss': 0.6875, 'learning_rate': 0.00011739404714113666, 'epoch': 2.65}
{'loss': 0.6899, 'learning_rate': 0.00011624706084762288, 'epoch': 2.65}
{'loss': 0.6913, 'learning_rate': 0.00011510007455410908, 'epoch': 2.66}
{'loss': 0.6825, 'learning_rate': 0.0001139530882605953, 'epoch': 2.66}
{'eval_loss': 0.6340233087539673, 'eval_bce': 0.6320124511286377, 'eval_n_pos': 2024.0, 'eval_pos_rate': 0.09120814744716327, 'eval_auroc': 0.4997929467797645, 'eval_auprc': 0.09117391334494854, 'eval_mcc': 0.0, 'eval_precision': 0.0, 'eval_recall': 0.0, 'eval_f1': 0.0, 'eval_runtime': 20.0514, 'eval_samples_per_second': 1106.705, 'eval_steps_per_second': 17.306, 'epoch': 2.66}
{'loss': 0.6892, 'learning_rate': 0.0001128061019670815, 'epoch': 2.66}
{'loss': 0.695, 'learning_rate': 0.00011165911567356771, 'epoch': 2.67}
{'loss': 0.698, 'learning_rate': 0.00011051212938005391, 'epoch': 2.67}
{'loss': 0.6868, 'learning_rate': 0.00010936514308654013, 'epoch': 2.67}
{'loss': 0.6911, 'learning_rate': 0.00010821815679302633, 'epoch': 2.68}
{'loss': 0.6867, 'learning_rate': 0.00010707117049951254, 'epoch': 2.68}
{'loss': 0.6982, 'learning_rate': 0.00010592418420599873, 'epoch': 2.68}
{'loss': 0.6892, 'learning_rate': 0.00010477719791248495, 'epoch': 2.69}
{'loss': 0.6984, 'learning_rate': 0.00010363021161897115, 'epoch': 2.69}
{'loss': 0.6852, 'learning_rate': 0.00010248322532545736, 'epoch': 2.69}
{'loss': 0.6923, 'learning_rate': 0.00010133623903194356, 'epoch': 2.7}
{'loss': 0.6898, 'learning_rate': 0.00010018925273842978, 'epoch': 2.7}
{'eval_loss': 0.6340106129646301, 'eval_bce': 0.6319999101995932, 'eval_n_pos': 2024.0, 'eval_pos_rate': 0.09120814744716327, 'eval_auroc': 0.5014966923422624, 'eval_auprc': 0.09146491035439462, 'eval_mcc': 0.0, 'eval_precision': 0.0, 'eval_recall': 0.0, 'eval_f1': 0.0, 'eval_runtime': 20.0642, 'eval_samples_per_second': 1105.999, 'eval_steps_per_second': 17.294, 'epoch': 2.7}
{'loss': 0.6881, 'learning_rate': 9.904226644491598e-05, 'epoch': 2.7}
{'loss': 0.6903, 'learning_rate': 9.78952801514022e-05, 'epoch': 2.71}
{'loss': 0.69, 'learning_rate': 9.67482938578884e-05, 'epoch': 2.71}
{'loss': 0.6901, 'learning_rate': 9.56013075643746e-05, 'epoch': 2.71}
{'loss': 0.6864, 'learning_rate': 9.445432127086081e-05, 'epoch': 2.72}
{'loss': 0.6892, 'learning_rate': 9.330733497734701e-05, 'epoch': 2.72}
{'loss': 0.6856, 'learning_rate': 9.216034868383323e-05, 'epoch': 2.72}
{'loss': 0.6872, 'learning_rate': 9.101336239031943e-05, 'epoch': 2.73}
{'loss': 0.6907, 'learning_rate': 8.986637609680565e-05, 'epoch': 2.73}
{'loss': 0.6953, 'learning_rate': 8.871938980329185e-05, 'epoch': 2.73}
{'loss': 0.6853, 'learning_rate': 8.757240350977806e-05, 'epoch': 2.74}
{'loss': 0.693, 'learning_rate': 8.642541721626426e-05, 'epoch': 2.74}
{'loss': 0.6934, 'learning_rate': 8.527843092275048e-05, 'epoch': 2.74}
{'eval_loss': 0.6350398063659668, 'eval_bce': 0.633066666194586, 'eval_n_pos': 2024.0, 'eval_pos_rate': 0.09120814744716327, 'eval_auroc': 0.49924900793786897, 'eval_auprc': 0.09101972834535739, 'eval_mcc': 0.0, 'eval_precision': 0.0, 'eval_recall': 0.0, 'eval_f1': 0.0, 'eval_runtime': 20.0954, 'eval_samples_per_second': 1104.282, 'eval_steps_per_second': 17.268, 'epoch': 2.74}
{'loss': 0.6878, 'learning_rate': 8.413144462923668e-05, 'epoch': 2.75}
{'loss': 0.6899, 'learning_rate': 8.29844583357229e-05, 'epoch': 2.75}
{'loss': 0.6914, 'learning_rate': 8.18374720422091e-05, 'epoch': 2.76}
{'loss': 0.6918, 'learning_rate': 8.069048574869531e-05, 'epoch': 2.76}
{'loss': 0.6918, 'learning_rate': 7.954349945518151e-05, 'epoch': 2.76}
{'loss': 0.6929, 'learning_rate': 7.839651316166773e-05, 'epoch': 2.77}
{'loss': 0.6929, 'learning_rate': 7.724952686815393e-05, 'epoch': 2.77}
{'loss': 0.6932, 'learning_rate': 7.610254057464014e-05, 'epoch': 2.77}
{'loss': 0.6922, 'learning_rate': 7.495555428112634e-05, 'epoch': 2.78}
{'loss': 0.6865, 'learning_rate': 7.380856798761256e-05, 'epoch': 2.78}
{'loss': 0.6888, 'learning_rate': 7.266158169409876e-05, 'epoch': 2.78}
{'loss': 0.6889, 'learning_rate': 7.151459540058498e-05, 'epoch': 2.79}
{'eval_loss': 0.6348517537117004, 'eval_bce': 0.6328714392930714, 'eval_n_pos': 2024.0, 'eval_pos_rate': 0.09120814744716327, 'eval_auroc': 0.49760544414612295, 'eval_auprc': 0.09081450952160011, 'eval_mcc': 0.0, 'eval_precision': 0.0, 'eval_recall': 0.0, 'eval_f1': 0.0, 'eval_runtime': 20.0687, 'eval_samples_per_second': 1105.751, 'eval_steps_per_second': 17.291, 'epoch': 2.79}
{'loss': 0.6938, 'learning_rate': 7.036760910707118e-05, 'epoch': 2.79}
{'loss': 0.6889, 'learning_rate': 6.922062281355739e-05, 'epoch': 2.79}
{'loss': 0.6883, 'learning_rate': 6.807363652004358e-05, 'epoch': 2.8}
{'loss': 0.6939, 'learning_rate': 6.69266502265298e-05, 'epoch': 2.8}
{'loss': 0.6931, 'learning_rate': 6.5779663933016e-05, 'epoch': 2.8}
{'loss': 0.6933, 'learning_rate': 6.463267763950221e-05, 'epoch': 2.81}
{'loss': 0.6837, 'learning_rate': 6.348569134598841e-05, 'epoch': 2.81}
{'loss': 0.6949, 'learning_rate': 6.233870505247463e-05, 'epoch': 2.81}
{'loss': 0.6906, 'learning_rate': 6.119171875896083e-05, 'epoch': 2.82}
{'loss': 0.6931, 'learning_rate': 6.004473246544704e-05, 'epoch': 2.82}
{'loss': 0.6893, 'learning_rate': 5.889774617193325e-05, 'epoch': 2.82}
{'loss': 0.6925, 'learning_rate': 5.775075987841945e-05, 'epoch': 2.83}
{'loss': 0.6926, 'learning_rate': 5.660377358490566e-05, 'epoch': 2.83}
{'eval_loss': 0.6350969672203064, 'eval_bce': 0.633124886251897, 'eval_n_pos': 2024.0, 'eval_pos_rate': 0.09120814744716327, 'eval_auroc': 0.49059121160444674, 'eval_auprc': 0.08948476553412238, 'eval_mcc': 0.0, 'eval_precision': 0.0, 'eval_recall': 0.0, 'eval_f1': 0.0, 'eval_runtime': 20.0649, 'eval_samples_per_second': 1105.959, 'eval_steps_per_second': 17.294, 'epoch': 2.83}
{'loss': 0.6886, 'learning_rate': 5.545678729139187e-05, 'epoch': 2.83}
{'loss': 0.6945, 'learning_rate': 5.4309800997878076e-05, 'epoch': 2.84}
{'loss': 0.693, 'learning_rate': 5.3162814704364285e-05, 'epoch': 2.84}
{'loss': 0.6929, 'learning_rate': 5.201582841085049e-05, 'epoch': 2.84}
{'loss': 0.6938, 'learning_rate': 5.08688421173367e-05, 'epoch': 2.85}
{'loss': 0.6893, 'learning_rate': 4.972185582382291e-05, 'epoch': 2.85}
{'loss': 0.6908, 'learning_rate': 4.857486953030912e-05, 'epoch': 2.85}
{'loss': 0.6875, 'learning_rate': 4.7427883236795325e-05, 'epoch': 2.86}
{'loss': 0.6943, 'learning_rate': 4.628089694328153e-05, 'epoch': 2.86}
{'loss': 0.6914, 'learning_rate': 4.5133910649767735e-05, 'epoch': 2.86}
{'loss': 0.6903, 'learning_rate': 4.398692435625394e-05, 'epoch': 2.87}
{'loss': 0.6908, 'learning_rate': 4.283993806274015e-05, 'epoch': 2.87}
{'eval_loss': 0.6349747180938721, 'eval_bce': 0.6329987278095458, 'eval_n_pos': 2024.0, 'eval_pos_rate': 0.09120814744716327, 'eval_auroc': 0.500933117559289, 'eval_auprc': 0.09181420156323958, 'eval_mcc': 0.0, 'eval_precision': 0.0, 'eval_recall': 0.0, 'eval_f1': 0.0, 'eval_runtime': 20.074, 'eval_samples_per_second': 1105.459, 'eval_steps_per_second': 17.286, 'epoch': 2.87}
{'loss': 0.6907, 'learning_rate': 4.169295176922636e-05, 'epoch': 2.88}
{'loss': 0.6878, 'learning_rate': 4.054596547571257e-05, 'epoch': 2.88}
{'loss': 0.69, 'learning_rate': 3.939897918219877e-05, 'epoch': 2.88}
{'loss': 0.6906, 'learning_rate': 3.8251992888684976e-05, 'epoch': 2.89}
{'loss': 0.6894, 'learning_rate': 3.7105006595171184e-05, 'epoch': 2.89}
{'loss': 0.6906, 'learning_rate': 3.595802030165739e-05, 'epoch': 2.89}
{'loss': 0.6906, 'learning_rate': 3.48110340081436e-05, 'epoch': 2.9}
{'loss': 0.6895, 'learning_rate': 3.366404771462981e-05, 'epoch': 2.9}
{'loss': 0.6931, 'learning_rate': 3.251706142111602e-05, 'epoch': 2.9}
{'loss': 0.6874, 'learning_rate': 3.1370075127602225e-05, 'epoch': 2.91}
{'loss': 0.6946, 'learning_rate': 3.0223088834088433e-05, 'epoch': 2.91}
{'loss': 0.6917, 'learning_rate': 2.907610254057464e-05, 'epoch': 2.91}
{'loss': 0.6883, 'learning_rate': 2.792911624706085e-05, 'epoch': 2.92}
{'eval_loss': 0.6346709132194519, 'eval_bce': 0.632683713455192, 'eval_n_pos': 2024.0, 'eval_pos_rate': 0.09120814744716327, 'eval_auroc': 0.5011094245461464, 'eval_auprc': 0.09164925069215825, 'eval_mcc': 0.0, 'eval_precision': 0.0, 'eval_recall': 0.0, 'eval_f1': 0.0, 'eval_runtime': 20.074, 'eval_samples_per_second': 1105.461, 'eval_steps_per_second': 17.286, 'epoch': 2.92}
{'loss': 0.6875, 'learning_rate': 2.6782129953547057e-05, 'epoch': 2.92}
{'loss': 0.6921, 'learning_rate': 2.5635143660033266e-05, 'epoch': 2.92}
{'loss': 0.6941, 'learning_rate': 2.448815736651947e-05, 'epoch': 2.93}
{'loss': 0.6949, 'learning_rate': 2.334117107300568e-05, 'epoch': 2.93}
{'loss': 0.6866, 'learning_rate': 2.2194184779491886e-05, 'epoch': 2.93}
{'loss': 0.6885, 'learning_rate': 2.1047198485978095e-05, 'epoch': 2.94}
{'loss': 0.6952, 'learning_rate': 1.99002121924643e-05, 'epoch': 2.94}
{'loss': 0.6886, 'learning_rate': 1.8753225898950507e-05, 'epoch': 2.94}
{'loss': 0.6935, 'learning_rate': 1.7606239605436715e-05, 'epoch': 2.95}
{'loss': 0.6959, 'learning_rate': 1.6459253311922924e-05, 'epoch': 2.95}
{'loss': 0.6936, 'learning_rate': 1.5312267018409128e-05, 'epoch': 2.95}
{'loss': 0.6914, 'learning_rate': 1.4165280724895338e-05, 'epoch': 2.96}
{'eval_loss': 0.6346725225448608, 'eval_bce': 0.6326854189265468, 'eval_n_pos': 2024.0, 'eval_pos_rate': 0.09120814744716327, 'eval_auroc': 0.5003847444000697, 'eval_auprc': 0.09127978911939855, 'eval_mcc': 0.0, 'eval_precision': 0.0, 'eval_recall': 0.0, 'eval_f1': 0.0, 'eval_runtime': 20.0601, 'eval_samples_per_second': 1106.228, 'eval_steps_per_second': 17.298, 'epoch': 2.96}
{'loss': 0.6893, 'learning_rate': 1.3018294431381544e-05, 'epoch': 2.96}
{'loss': 0.6855, 'learning_rate': 1.1871308137867753e-05, 'epoch': 2.96}
{'loss': 0.6887, 'learning_rate': 1.072432184435396e-05, 'epoch': 2.97}
{'loss': 0.6909, 'learning_rate': 9.577335550840169e-06, 'epoch': 2.97}
{'loss': 0.6928, 'learning_rate': 8.430349257326375e-06, 'epoch': 2.97}
{'loss': 0.6923, 'learning_rate': 7.2833629638125824e-06, 'epoch': 2.98}
{'loss': 0.6881, 'learning_rate': 6.1363766702987905e-06, 'epoch': 2.98}
{'loss': 0.6942, 'learning_rate': 4.989390376784997e-06, 'epoch': 2.99}
{'loss': 0.6888, 'learning_rate': 3.842404083271205e-06, 'epoch': 2.99}
{'loss': 0.6865, 'learning_rate': 2.6954177897574127e-06, 'epoch': 2.99}
{'loss': 0.6861, 'learning_rate': 1.5484314962436198e-06, 'epoch': 3.0}
{'loss': 0.6947, 'learning_rate': 4.014452027298274e-07, 'epoch': 3.0}
{'train_runtime': 3816.0507, 'train_samples_per_second': 146.618, 'train_steps_per_second': 4.582, 'train_loss': 0.6911954278771952, 'epoch': 3.0}
    [nodapt] dev AUROC = 0.5121150939065915
--- [nodapt] Stage-2a s=50 -> /home/asm242/palmer_scratch/entexBERT-2_experiments/EN-TEx/experiments/ctcf_a1_multitrack/stage2_nodapt/runs/clf_2a_s50 ---
{'loss': 0.6851, 'learning_rate': 0.0004, 'epoch': 0.0}
{'loss': 0.6756, 'learning_rate': 0.0008, 'epoch': 0.01}
{'loss': 0.6801, 'learning_rate': 0.000999426506853243, 'epoch': 0.01}
{'loss': 0.6975, 'learning_rate': 0.0009982795205597294, 'epoch': 0.01}
{'loss': 0.6959, 'learning_rate': 0.0009971325342662154, 'epoch': 0.02}
{'loss': 0.6817, 'learning_rate': 0.0009959855479727017, 'epoch': 0.02}
{'loss': 0.6872, 'learning_rate': 0.000994838561679188, 'epoch': 0.02}
{'loss': 0.6938, 'learning_rate': 0.000993691575385674, 'epoch': 0.03}
{'loss': 0.6905, 'learning_rate': 0.0009925445890921604, 'epoch': 0.03}
{'loss': 0.6892, 'learning_rate': 0.0009913976027986465, 'epoch': 0.03}
{'loss': 0.6811, 'learning_rate': 0.0009902506165051328, 'epoch': 0.04}
{'loss': 0.6901, 'learning_rate': 0.000989103630211619, 'epoch': 0.04}
{'eval_loss': 0.6693378686904907, 'eval_bce': 0.6678289048853089, 'eval_n_pos': 2024.0, 'eval_pos_rate': 0.09120814744716327, 'eval_auroc': 0.48895301309167266, 'eval_auprc': 0.08931502528896, 'eval_mcc': 0.0, 'eval_precision': 0.0, 'eval_recall': 0.0, 'eval_f1': 0.0, 'eval_runtime': 19.9609, 'eval_samples_per_second': 1111.721, 'eval_steps_per_second': 17.384, 'epoch': 0.04}
{'loss': 0.6901, 'learning_rate': 0.0009879566439181052, 'epoch': 0.04}
{'loss': 0.6781, 'learning_rate': 0.0009868096576245915, 'epoch': 0.05}
{'loss': 0.6918, 'learning_rate': 0.0009856626713310775, 'epoch': 0.05}
{'loss': 0.6834, 'learning_rate': 0.0009845156850375638, 'epoch': 0.05}
{'loss': 0.6902, 'learning_rate': 0.00098336869874405, 'epoch': 0.06}
{'loss': 0.6708, 'learning_rate': 0.0009822217124505362, 'epoch': 0.06}
{'loss': 0.6883, 'learning_rate': 0.0009810747261570225, 'epoch': 0.07}
{'loss': 0.6834, 'learning_rate': 0.0009799277398635088, 'epoch': 0.07}
{'loss': 0.6816, 'learning_rate': 0.0009787807535699949, 'epoch': 0.07}
{'loss': 0.6935, 'learning_rate': 0.000977633767276481, 'epoch': 0.08}
{'loss': 0.6822, 'learning_rate': 0.0009764867809829672, 'epoch': 0.08}
{'loss': 0.6959, 'learning_rate': 0.0009753397946894534, 'epoch': 0.08}
{'loss': 0.679, 'learning_rate': 0.0009741928083959397, 'epoch': 0.09}
{'eval_loss': 0.6622568368911743, 'eval_bce': 0.6602873699209543, 'eval_n_pos': 2024.0, 'eval_pos_rate': 0.09120814744716327, 'eval_auroc': 0.5018790603402303, 'eval_auprc': 0.09131161287820433, 'eval_mcc': 0.0, 'eval_precision': 0.0, 'eval_recall': 0.0, 'eval_f1': 0.0, 'eval_runtime': 19.9874, 'eval_samples_per_second': 1110.248, 'eval_steps_per_second': 17.361, 'epoch': 0.09}
{'loss': 0.6658, 'learning_rate': 0.0009730458221024259, 'epoch': 0.09}
{'loss': 0.6913, 'learning_rate': 0.0009718988358089121, 'epoch': 0.09}
{'loss': 0.6836, 'learning_rate': 0.0009707518495153983, 'epoch': 0.1}
{'loss': 0.6929, 'learning_rate': 0.0009696048632218846, 'epoch': 0.1}
{'loss': 0.686, 'learning_rate': 0.0009684578769283708, 'epoch': 0.1}
{'loss': 0.6882, 'learning_rate': 0.0009673108906348569, 'epoch': 0.11}
{'loss': 0.6891, 'learning_rate': 0.0009661639043413432, 'epoch': 0.11}
{'loss': 0.6742, 'learning_rate': 0.0009650169180478293, 'epoch': 0.11}
{'loss': 0.6886, 'learning_rate': 0.0009638699317543156, 'epoch': 0.12}
{'loss': 0.6843, 'learning_rate': 0.0009627229454608017, 'epoch': 0.12}
{'loss': 0.6846, 'learning_rate': 0.000961575959167288, 'epoch': 0.12}
{'loss': 0.6876, 'learning_rate': 0.0009604289728737742, 'epoch': 0.13}
{'eval_loss': 0.6610851287841797, 'eval_bce': 0.6590399075621572, 'eval_n_pos': 2024.0, 'eval_pos_rate': 0.09120814744716327, 'eval_auroc': 0.5023344108316113, 'eval_auprc': 0.0915661008348422, 'eval_mcc': 0.0, 'eval_precision': 0.0, 'eval_recall': 0.0, 'eval_f1': 0.0, 'eval_runtime': 20.0039, 'eval_samples_per_second': 1109.336, 'eval_steps_per_second': 17.347, 'epoch': 0.13}
{'loss': 0.6726, 'learning_rate': 0.0009592819865802603, 'epoch': 0.13}
{'loss': 0.6933, 'learning_rate': 0.0009581350002867466, 'epoch': 0.13}
{'loss': 0.6842, 'learning_rate': 0.0009569880139932328, 'epoch': 0.14}
{'loss': 0.6782, 'learning_rate': 0.0009558410276997191, 'epoch': 0.14}
{'loss': 0.6906, 'learning_rate': 0.0009546940414062051, 'epoch': 0.14}
{'loss': 0.6808, 'learning_rate': 0.0009535470551126914, 'epoch': 0.15}
{'loss': 0.683, 'learning_rate': 0.0009524000688191776, 'epoch': 0.15}
{'loss': 0.6878, 'learning_rate': 0.0009512530825256639, 'epoch': 0.15}
{'loss': 0.6936, 'learning_rate': 0.00095010609623215, 'epoch': 0.16}
{'loss': 0.6867, 'learning_rate': 0.0009489591099386362, 'epoch': 0.16}
{'loss': 0.6855, 'learning_rate': 0.0009478121236451225, 'epoch': 0.16}
{'loss': 0.6814, 'learning_rate': 0.0009466651373516087, 'epoch': 0.17}
{'loss': 0.6977, 'learning_rate': 0.0009455181510580949, 'epoch': 0.17}
{'eval_loss': 0.6567062735557556, 'eval_bce': 0.6543718409240975, 'eval_n_pos': 2024.0, 'eval_pos_rate': 0.09120814744716327, 'eval_auroc': 0.4906287440582598, 'eval_auprc': 0.08945049655566045, 'eval_mcc': 0.0, 'eval_precision': 0.0, 'eval_recall': 0.0, 'eval_f1': 0.0, 'eval_runtime': 19.9921, 'eval_samples_per_second': 1109.989, 'eval_steps_per_second': 17.357, 'epoch': 0.17}
{'loss': 0.6804, 'learning_rate': 0.000944371164764581, 'epoch': 0.17}
{'loss': 0.6972, 'learning_rate': 0.0009432241784710673, 'epoch': 0.18}
{'loss': 0.6831, 'learning_rate': 0.0009420771921775535, 'epoch': 0.18}
{'loss': 0.6884, 'learning_rate': 0.0009409302058840396, 'epoch': 0.19}
{'loss': 0.6796, 'learning_rate': 0.0009397832195905259, 'epoch': 0.19}
{'loss': 0.6816, 'learning_rate': 0.0009386362332970121, 'epoch': 0.19}
{'loss': 0.6866, 'learning_rate': 0.0009374892470034984, 'epoch': 0.2}
{'loss': 0.6854, 'learning_rate': 0.0009363422607099845, 'epoch': 0.2}
{'loss': 0.6896, 'learning_rate': 0.0009351952744164708, 'epoch': 0.2}
{'loss': 0.6936, 'learning_rate': 0.000934048288122957, 'epoch': 0.21}
{'loss': 0.683, 'learning_rate': 0.0009329013018294431, 'epoch': 0.21}
{'loss': 0.6789, 'learning_rate': 0.0009317543155359293, 'epoch': 0.21}
{'eval_loss': 0.6573652029037476, 'eval_bce': 0.6550751281444092, 'eval_n_pos': 2024.0, 'eval_pos_rate': 0.09120814744716327, 'eval_auroc': 0.5040533825168538, 'eval_auprc': 0.09214613949115585, 'eval_mcc': 0.0, 'eval_precision': 0.0, 'eval_recall': 0.0, 'eval_f1': 0.0, 'eval_runtime': 20.0263, 'eval_samples_per_second': 1108.093, 'eval_steps_per_second': 17.327, 'epoch': 0.21}
{'loss': 0.6855, 'learning_rate': 0.0009306073292424155, 'epoch': 0.22}
{'loss': 0.6878, 'learning_rate': 0.0009294603429489018, 'epoch': 0.22}
{'loss': 0.6888, 'learning_rate': 0.000928313356655388, 'epoch': 0.22}
{'loss': 0.6909, 'learning_rate': 0.0009271663703618742, 'epoch': 0.23}
{'loss': 0.6922, 'learning_rate': 0.0009260193840683604, 'epoch': 0.23}
{'loss': 0.6858, 'learning_rate': 0.0009248723977748467, 'epoch': 0.23}
{'loss': 0.6828, 'learning_rate': 0.0009237254114813329, 'epoch': 0.24}
{'loss': 0.6845, 'learning_rate': 0.0009225784251878189, 'epoch': 0.24}
{'loss': 0.6899, 'learning_rate': 0.0009214314388943052, 'epoch': 0.24}
{'loss': 0.6924, 'learning_rate': 0.0009202844526007914, 'epoch': 0.25}
{'loss': 0.69, 'learning_rate': 0.0009191374663072777, 'epoch': 0.25}
{'loss': 0.686, 'learning_rate': 0.0009179904800137638, 'epoch': 0.25}
{'loss': 0.6931, 'learning_rate': 0.0009168434937202501, 'epoch': 0.26}
{'eval_loss': 0.653534471988678, 'eval_bce': 0.6509886557392492, 'eval_n_pos': 2024.0, 'eval_pos_rate': 0.09120814744716327, 'eval_auroc': 0.5001149247655594, 'eval_auprc': 0.09098844734447627, 'eval_mcc': 0.0, 'eval_precision': 0.0, 'eval_recall': 0.0, 'eval_f1': 0.0, 'eval_runtime': 20.0194, 'eval_samples_per_second': 1108.476, 'eval_steps_per_second': 17.333, 'epoch': 0.26}
{'loss': 0.6849, 'learning_rate': 0.0009156965074267363, 'epoch': 0.26}
{'loss': 0.6917, 'learning_rate': 0.0009145495211332225, 'epoch': 0.26}
{'loss': 0.6835, 'learning_rate': 0.0009134025348397087, 'epoch': 0.27}
{'loss': 0.6867, 'learning_rate': 0.0009122555485461948, 'epoch': 0.27}
{'loss': 0.6842, 'learning_rate': 0.0009111085622526811, 'epoch': 0.27}
{'loss': 0.687, 'learning_rate': 0.0009099615759591673, 'epoch': 0.28}
{'loss': 0.6907, 'learning_rate': 0.0009088145896656535, 'epoch': 0.28}
{'loss': 0.6822, 'learning_rate': 0.0009076676033721397, 'epoch': 0.28}
{'loss': 0.6854, 'learning_rate': 0.0009065206170786259, 'epoch': 0.29}
{'loss': 0.6925, 'learning_rate': 0.0009053736307851122, 'epoch': 0.29}
{'loss': 0.6907, 'learning_rate': 0.0009042266444915983, 'epoch': 0.3}
{'loss': 0.6845, 'learning_rate': 0.0009030796581980846, 'epoch': 0.3}
{'eval_loss': 0.6541751027107239, 'eval_bce': 0.6516727443349912, 'eval_n_pos': 2024.0, 'eval_pos_rate': 0.09120814744716327, 'eval_auroc': 0.50513248956196, 'eval_auprc': 0.09205348171075428, 'eval_mcc': 0.0, 'eval_precision': 0.0, 'eval_recall': 0.0, 'eval_f1': 0.0, 'eval_runtime': 20.0384, 'eval_samples_per_second': 1107.425, 'eval_steps_per_second': 17.317, 'epoch': 0.3}
{'loss': 0.6894, 'learning_rate': 0.0009019326719045708, 'epoch': 0.3}
{'loss': 0.6807, 'learning_rate': 0.000900785685611057, 'epoch': 0.31}
{'loss': 0.6977, 'learning_rate': 0.0008996386993175431, 'epoch': 0.31}
{'loss': 0.6873, 'learning_rate': 0.0008984917130240294, 'epoch': 0.31}
{'loss': 0.6831, 'learning_rate': 0.0008973447267305156, 'epoch': 0.32}
{'loss': 0.6879, 'learning_rate': 0.0008961977404370018, 'epoch': 0.32}
{'loss': 0.6856, 'learning_rate': 0.000895050754143488, 'epoch': 0.32}
{'loss': 0.6896, 'learning_rate': 0.0008939037678499742, 'epoch': 0.33}
{'loss': 0.6835, 'learning_rate': 0.0008927567815564605, 'epoch': 0.33}
{'loss': 0.6754, 'learning_rate': 0.0008916097952629467, 'epoch': 0.33}
{'loss': 0.6879, 'learning_rate': 0.0008904628089694329, 'epoch': 0.34}
{'loss': 0.6831, 'learning_rate': 0.000889315822675919, 'epoch': 0.34}
{'loss': 0.6876, 'learning_rate': 0.0008881688363824052, 'epoch': 0.34}
{'eval_loss': 0.6549581289291382, 'eval_bce': 0.6525076750953663, 'eval_n_pos': 2024.0, 'eval_pos_rate': 0.09120814744716327, 'eval_auroc': 0.4954765675973212, 'eval_auprc': 0.09054072163702433, 'eval_mcc': 0.0, 'eval_precision': 0.0, 'eval_recall': 0.0, 'eval_f1': 0.0, 'eval_runtime': 20.0119, 'eval_samples_per_second': 1108.891, 'eval_steps_per_second': 17.34, 'epoch': 0.34}
{'loss': 0.6848, 'learning_rate': 0.0008870218500888915, 'epoch': 0.35}
{'loss': 0.6907, 'learning_rate': 0.0008858748637953776, 'epoch': 0.35}
{'loss': 0.6811, 'learning_rate': 0.0008847278775018639, 'epoch': 0.35}
{'loss': 0.689, 'learning_rate': 0.0008835808912083501, 'epoch': 0.36}
{'loss': 0.6985, 'learning_rate': 0.0008824339049148363, 'epoch': 0.36}
{'loss': 0.6849, 'learning_rate': 0.0008812869186213225, 'epoch': 0.36}
{'loss': 0.6823, 'learning_rate': 0.0008801399323278086, 'epoch': 0.37}
{'loss': 0.6895, 'learning_rate': 0.0008789929460342949, 'epoch': 0.37}
{'loss': 0.6823, 'learning_rate': 0.000877845959740781, 'epoch': 0.37}
{'loss': 0.6894, 'learning_rate': 0.0008766989734472673, 'epoch': 0.38}
{'loss': 0.692, 'learning_rate': 0.0008755519871537535, 'epoch': 0.38}
{'loss': 0.6816, 'learning_rate': 0.0008744050008602398, 'epoch': 0.38}
{'eval_loss': 0.6516962051391602, 'eval_bce': 0.6490283276665113, 'eval_n_pos': 2024.0, 'eval_pos_rate': 0.09120814744716327, 'eval_auroc': 0.4963348529893962, 'eval_auprc': 0.09059918688595696, 'eval_mcc': 0.0, 'eval_precision': 0.0, 'eval_recall': 0.0, 'eval_f1': 0.0, 'eval_runtime': 19.9974, 'eval_samples_per_second': 1109.695, 'eval_steps_per_second': 17.352, 'epoch': 0.39}
{'loss': 0.6814, 'learning_rate': 0.0008732580145667259, 'epoch': 0.39}
{'loss': 0.6935, 'learning_rate': 0.0008721110282732122, 'epoch': 0.39}
{'loss': 0.6867, 'learning_rate': 0.0008709640419796984, 'epoch': 0.39}
{'loss': 0.6892, 'learning_rate': 0.0008698170556861846, 'epoch': 0.4}
{'loss': 0.6887, 'learning_rate': 0.0008686700693926707, 'epoch': 0.4}
{'loss': 0.6873, 'learning_rate': 0.0008675230830991569, 'epoch': 0.4}
{'loss': 0.6931, 'learning_rate': 0.0008663760968056432, 'epoch': 0.41}
{'loss': 0.6849, 'learning_rate': 0.0008652291105121294, 'epoch': 0.41}
{'loss': 0.6763, 'learning_rate': 0.0008640821242186156, 'epoch': 0.42}
{'loss': 0.6941, 'learning_rate': 0.0008629351379251018, 'epoch': 0.42}
{'loss': 0.6861, 'learning_rate': 0.000861788151631588, 'epoch': 0.42}
{'loss': 0.6864, 'learning_rate': 0.0008606411653380743, 'epoch': 0.43}
{'loss': 0.6842, 'learning_rate': 0.0008594941790445604, 'epoch': 0.43}
{'eval_loss': 0.6502630710601807, 'eval_bce': 0.64749907725321, 'eval_n_pos': 2024.0, 'eval_pos_rate': 0.09120814744716327, 'eval_auroc': 0.4808436756639374, 'eval_auprc': 0.08798319556075769, 'eval_mcc': 0.0, 'eval_precision': 0.0, 'eval_recall': 0.0, 'eval_f1': 0.0, 'eval_runtime': 19.9936, 'eval_samples_per_second': 1109.906, 'eval_steps_per_second': 17.356, 'epoch': 0.43}
{'loss': 0.6884, 'learning_rate': 0.0008583471927510467, 'epoch': 0.43}
{'loss': 0.6892, 'learning_rate': 0.0008572002064575328, 'epoch': 0.44}
{'loss': 0.6778, 'learning_rate': 0.0008560532201640191, 'epoch': 0.44}
{'loss': 0.6799, 'learning_rate': 0.0008549062338705052, 'epoch': 0.44}
{'loss': 0.6875, 'learning_rate': 0.0008537592475769915, 'epoch': 0.45}
{'loss': 0.6813, 'learning_rate': 0.0008526122612834777, 'epoch': 0.45}
{'loss': 0.6874, 'learning_rate': 0.0008514652749899639, 'epoch': 0.45}
{'loss': 0.6839, 'learning_rate': 0.0008503182886964501, 'epoch': 0.46}
{'loss': 0.694, 'learning_rate': 0.0008491713024029363, 'epoch': 0.46}
{'loss': 0.6918, 'learning_rate': 0.0008480243161094226, 'epoch': 0.46}
{'loss': 0.6873, 'learning_rate': 0.0008468773298159087, 'epoch': 0.47}
{'loss': 0.6836, 'learning_rate': 0.0008457303435223949, 'epoch': 0.47}
{'eval_loss': 0.6496589779853821, 'eval_bce': 0.6468541847032369, 'eval_n_pos': 2024.0, 'eval_pos_rate': 0.09120814744716327, 'eval_auroc': 0.5032708480041457, 'eval_auprc': 0.09207080562637067, 'eval_mcc': 0.0, 'eval_precision': 0.0, 'eval_recall': 0.0, 'eval_f1': 0.0, 'eval_runtime': 20.0109, 'eval_samples_per_second': 1108.947, 'eval_steps_per_second': 17.341, 'epoch': 0.47}
{'loss': 0.6854, 'learning_rate': 0.0008445833572288811, 'epoch': 0.47}
{'loss': 0.6958, 'learning_rate': 0.0008434363709353673, 'epoch': 0.48}
{'loss': 0.6895, 'learning_rate': 0.0008422893846418536, 'epoch': 0.48}
{'loss': 0.6888, 'learning_rate': 0.0008411423983483397, 'epoch': 0.48}
{'loss': 0.6942, 'learning_rate': 0.000839995412054826, 'epoch': 0.49}
{'loss': 0.6844, 'learning_rate': 0.0008388484257613122, 'epoch': 0.49}
{'loss': 0.6703, 'learning_rate': 0.0008377014394677985, 'epoch': 0.49}
{'loss': 0.6986, 'learning_rate': 0.0008365544531742845, 'epoch': 0.5}
{'loss': 0.6831, 'learning_rate': 0.0008354074668807707, 'epoch': 0.5}
{'loss': 0.6861, 'learning_rate': 0.000834260480587257, 'epoch': 0.5}
{'loss': 0.697, 'learning_rate': 0.0008331134942937432, 'epoch': 0.51}
{'loss': 0.6911, 'learning_rate': 0.0008319665080002294, 'epoch': 0.51}
{'loss': 0.687, 'learning_rate': 0.0008308195217067156, 'epoch': 0.51}
{'eval_loss': 0.6492877006530762, 'eval_bce': 0.6464584458534037, 'eval_n_pos': 2024.0, 'eval_pos_rate': 0.09120814744716327, 'eval_auroc': 0.5006884951367543, 'eval_auprc': 0.09171543419871589, 'eval_mcc': 0.0, 'eval_precision': 0.0, 'eval_recall': 0.0, 'eval_f1': 0.0, 'eval_runtime': 20.0047, 'eval_samples_per_second': 1109.291, 'eval_steps_per_second': 17.346, 'epoch': 0.51}
{'loss': 0.6896, 'learning_rate': 0.0008296725354132019, 'epoch': 0.52}
{'loss': 0.6782, 'learning_rate': 0.0008285255491196881, 'epoch': 0.52}
{'loss': 0.6816, 'learning_rate': 0.0008273785628261743, 'epoch': 0.52}
{'loss': 0.6829, 'learning_rate': 0.0008262315765326605, 'epoch': 0.53}
{'loss': 0.6916, 'learning_rate': 0.0008250845902391466, 'epoch': 0.53}
{'loss': 0.6906, 'learning_rate': 0.0008239376039456329, 'epoch': 0.54}
{'loss': 0.6773, 'learning_rate': 0.000822790617652119, 'epoch': 0.54}
{'loss': 0.6878, 'learning_rate': 0.0008216436313586053, 'epoch': 0.54}
{'loss': 0.6822, 'learning_rate': 0.0008204966450650915, 'epoch': 0.55}
{'loss': 0.6735, 'learning_rate': 0.0008193496587715778, 'epoch': 0.55}
{'loss': 0.6894, 'learning_rate': 0.0008182026724780639, 'epoch': 0.55}
{'loss': 0.6797, 'learning_rate': 0.0008170556861845501, 'epoch': 0.56}
{'eval_loss': 0.650499701499939, 'eval_bce': 0.6477533042515486, 'eval_n_pos': 2024.0, 'eval_pos_rate': 0.09120814744716327, 'eval_auroc': 0.5013372774095198, 'eval_auprc': 0.09197491739274472, 'eval_mcc': 0.0, 'eval_precision': 0.0, 'eval_recall': 0.0, 'eval_f1': 0.0, 'eval_runtime': 20.0136, 'eval_samples_per_second': 1108.798, 'eval_steps_per_second': 17.338, 'epoch': 0.56}
{'loss': 0.6857, 'learning_rate': 0.0008159086998910364, 'epoch': 0.56}
{'loss': 0.6855, 'learning_rate': 0.0008147617135975225, 'epoch': 0.56}
{'loss': 0.6854, 'learning_rate': 0.0008136147273040087, 'epoch': 0.57}
{'loss': 0.6844, 'learning_rate': 0.0008124677410104949, 'epoch': 0.57}
{'loss': 0.6804, 'learning_rate': 0.0008113207547169812, 'epoch': 0.57}
{'loss': 0.6842, 'learning_rate': 0.0008101737684234673, 'epoch': 0.58}
{'loss': 0.6909, 'learning_rate': 0.0008090267821299535, 'epoch': 0.58}
{'loss': 0.6875, 'learning_rate': 0.0008078797958364398, 'epoch': 0.58}
{'loss': 0.6874, 'learning_rate': 0.000806732809542926, 'epoch': 0.59}
{'loss': 0.6825, 'learning_rate': 0.0008055858232494122, 'epoch': 0.59}
{'loss': 0.6991, 'learning_rate': 0.0008044388369558983, 'epoch': 0.59}
{'loss': 0.6757, 'learning_rate': 0.0008032918506623846, 'epoch': 0.6}
{'loss': 0.6875, 'learning_rate': 0.0008021448643688708, 'epoch': 0.6}
{'eval_loss': 0.6495487093925476, 'eval_bce': 0.6467359501441862, 'eval_n_pos': 2024.0, 'eval_pos_rate': 0.09120814744716327, 'eval_auroc': 0.49195340448754876, 'eval_auprc': 0.09030775464735884, 'eval_mcc': 0.0, 'eval_precision': 0.0, 'eval_recall': 0.0, 'eval_f1': 0.0, 'eval_runtime': 20.0021, 'eval_samples_per_second': 1109.435, 'eval_steps_per_second': 17.348, 'epoch': 0.6}
{'loss': 0.6918, 'learning_rate': 0.000800997878075357, 'epoch': 0.6}
{'loss': 0.6871, 'learning_rate': 0.0007998508917818432, 'epoch': 0.61}
{'loss': 0.6806, 'learning_rate': 0.0007987039054883294, 'epoch': 0.61}
{'loss': 0.6832, 'learning_rate': 0.0007975569191948157, 'epoch': 0.61}
{'loss': 0.692, 'learning_rate': 0.0007964099329013018, 'epoch': 0.62}
{'loss': 0.6891, 'learning_rate': 0.0007952629466077881, 'epoch': 0.62}
{'loss': 0.6846, 'learning_rate': 0.0007941159603142742, 'epoch': 0.62}
{'loss': 0.689, 'learning_rate': 0.0007929689740207605, 'epoch': 0.63}
{'loss': 0.6814, 'learning_rate': 0.0007918219877272466, 'epoch': 0.63}
{'loss': 0.6875, 'learning_rate': 0.0007906750014337328, 'epoch': 0.63}
{'loss': 0.6831, 'learning_rate': 0.0007895280151402191, 'epoch': 0.64}
{'loss': 0.6869, 'learning_rate': 0.0007883810288467053, 'epoch': 0.64}
{'eval_loss': 0.6491193175315857, 'eval_bce': 0.6462786209837845, 'eval_n_pos': 2024.0, 'eval_pos_rate': 0.09120814744716327, 'eval_auroc': 0.5088263493897105, 'eval_auprc': 0.09285063741585196, 'eval_mcc': 0.0, 'eval_precision': 0.0, 'eval_recall': 0.0, 'eval_f1': 0.0, 'eval_runtime': 20.043, 'eval_samples_per_second': 1107.171, 'eval_steps_per_second': 17.313, 'epoch': 0.64}
{'loss': 0.6808, 'learning_rate': 0.0007872340425531915, 'epoch': 0.65}
{'loss': 0.6854, 'learning_rate': 0.0007860870562596777, 'epoch': 0.65}
{'loss': 0.689, 'learning_rate': 0.000784940069966164, 'epoch': 0.65}
{'loss': 0.6829, 'learning_rate': 0.0007837930836726502, 'epoch': 0.66}
{'loss': 0.6935, 'learning_rate': 0.0007826460973791363, 'epoch': 0.66}
{'loss': 0.6797, 'learning_rate': 0.0007814991110856225, 'epoch': 0.66}
{'loss': 0.6914, 'learning_rate': 0.0007803521247921087, 'epoch': 0.67}
{'loss': 0.6878, 'learning_rate': 0.000779205138498595, 'epoch': 0.67}
{'loss': 0.6858, 'learning_rate': 0.0007780581522050811, 'epoch': 0.67}
{'loss': 0.691, 'learning_rate': 0.0007769111659115674, 'epoch': 0.68}
{'loss': 0.6775, 'learning_rate': 0.0007757641796180536, 'epoch': 0.68}
{'loss': 0.6811, 'learning_rate': 0.0007746171933245399, 'epoch': 0.68}
{'loss': 0.6809, 'learning_rate': 0.000773470207031026, 'epoch': 0.69}
{'eval_loss': 0.6489253640174866, 'eval_bce': 0.6460738190472891, 'eval_n_pos': 2024.0, 'eval_pos_rate': 0.09120814744716327, 'eval_auroc': 0.5020878529888083, 'eval_auprc': 0.09187024478752394, 'eval_mcc': 0.0, 'eval_precision': 0.0, 'eval_recall': 0.0, 'eval_f1': 0.0, 'eval_runtime': 19.9964, 'eval_samples_per_second': 1109.75, 'eval_steps_per_second': 17.353, 'epoch': 0.69}
{'loss': 0.6842, 'learning_rate': 0.0007723232207375121, 'epoch': 0.69}
{'loss': 0.686, 'learning_rate': 0.0007711762344439984, 'epoch': 0.69}
{'loss': 0.6873, 'learning_rate': 0.0007700292481504846, 'epoch': 0.7}
{'loss': 0.6807, 'learning_rate': 0.0007688822618569708, 'epoch': 0.7}
{'loss': 0.6729, 'learning_rate': 0.000767735275563457, 'epoch': 0.7}
{'loss': 0.689, 'learning_rate': 0.0007665882892699433, 'epoch': 0.71}
{'loss': 0.6848, 'learning_rate': 0.0007654413029764295, 'epoch': 0.71}
{'loss': 0.6817, 'learning_rate': 0.0007642943166829156, 'epoch': 0.71}
{'loss': 0.6896, 'learning_rate': 0.0007631473303894019, 'epoch': 0.72}
{'loss': 0.6883, 'learning_rate': 0.000762000344095888, 'epoch': 0.72}
{'loss': 0.6875, 'learning_rate': 0.0007608533578023743, 'epoch': 0.72}
{'loss': 0.682, 'learning_rate': 0.0007597063715088604, 'epoch': 0.73}
{'eval_loss': 0.6485931873321533, 'eval_bce': 0.6457182982400651, 'eval_n_pos': 2024.0, 'eval_pos_rate': 0.09120814744716327, 'eval_auroc': 0.49415898737635605, 'eval_auprc': 0.09058397307405006, 'eval_mcc': 0.0, 'eval_precision': 0.0, 'eval_recall': 0.0, 'eval_f1': 0.0, 'eval_runtime': 19.9987, 'eval_samples_per_second': 1109.623, 'eval_steps_per_second': 17.351, 'epoch': 0.73}
{'loss': 0.6886, 'learning_rate': 0.0007585593852153467, 'epoch': 0.73}
{'loss': 0.6857, 'learning_rate': 0.0007574123989218329, 'epoch': 0.73}
{'loss': 0.6879, 'learning_rate': 0.0007562654126283192, 'epoch': 0.74}
{'loss': 0.6774, 'learning_rate': 0.0007551184263348053, 'epoch': 0.74}
{'loss': 0.6911, 'learning_rate': 0.0007539714400412915, 'epoch': 0.74}
{'loss': 0.6981, 'learning_rate': 0.0007528244537477778, 'epoch': 0.75}
{'loss': 0.6789, 'learning_rate': 0.000751677467454264, 'epoch': 0.75}
{'loss': 0.6785, 'learning_rate': 0.0007505304811607501, 'epoch': 0.75}
{'loss': 0.6856, 'learning_rate': 0.0007493834948672363, 'epoch': 0.76}
{'loss': 0.6834, 'learning_rate': 0.0007482365085737226, 'epoch': 0.76}
{'loss': 0.6718, 'learning_rate': 0.0007470895222802088, 'epoch': 0.77}
{'loss': 0.6846, 'learning_rate': 0.0007459425359866949, 'epoch': 0.77}
{'loss': 0.6948, 'learning_rate': 0.0007447955496931812, 'epoch': 0.77}
{'eval_loss': 0.6513842344284058, 'eval_bce': 0.648694388977992, 'eval_n_pos': 2024.0, 'eval_pos_rate': 0.09120814744716327, 'eval_auroc': 0.4872253687637084, 'eval_auprc': 0.08995728886526114, 'eval_mcc': 0.0, 'eval_precision': 0.0, 'eval_recall': 0.0, 'eval_f1': 0.0, 'eval_runtime': 20.0102, 'eval_samples_per_second': 1108.986, 'eval_steps_per_second': 17.341, 'epoch': 0.77}
{'loss': 0.6887, 'learning_rate': 0.0007436485633996674, 'epoch': 0.78}
{'loss': 0.683, 'learning_rate': 0.0007425015771061537, 'epoch': 0.78}
{'loss': 0.6854, 'learning_rate': 0.0007413545908126398, 'epoch': 0.78}
{'loss': 0.675, 'learning_rate': 0.000740207604519126, 'epoch': 0.79}
{'loss': 0.6956, 'learning_rate': 0.0007390606182256122, 'epoch': 0.79}
{'loss': 0.6919, 'learning_rate': 0.0007379136319320984, 'epoch': 0.79}
{'loss': 0.6885, 'learning_rate': 0.0007367666456385846, 'epoch': 0.8}
{'loss': 0.6765, 'learning_rate': 0.0007356196593450708, 'epoch': 0.8}
{'loss': 0.6798, 'learning_rate': 0.0007344726730515571, 'epoch': 0.8}
{'loss': 0.69, 'learning_rate': 0.0007333256867580432, 'epoch': 0.81}
{'loss': 0.6907, 'learning_rate': 0.0007321787004645295, 'epoch': 0.81}
{'loss': 0.682, 'learning_rate': 0.0007310317141710157, 'epoch': 0.81}
{'eval_loss': 0.6482113599777222, 'eval_bce': 0.6453094990697744, 'eval_n_pos': 2024.0, 'eval_pos_rate': 0.09120814744716327, 'eval_auroc': 0.497438924506066, 'eval_auprc': 0.09078807675118013, 'eval_mcc': 0.0, 'eval_precision': 0.0, 'eval_recall': 0.0, 'eval_f1': 0.0, 'eval_runtime': 20.0128, 'eval_samples_per_second': 1108.841, 'eval_steps_per_second': 17.339, 'epoch': 0.81}
{'loss': 0.6918, 'learning_rate': 0.000729884727877502, 'epoch': 0.82}
{'loss': 0.6895, 'learning_rate': 0.000728737741583988, 'epoch': 0.82}
{'loss': 0.6809, 'learning_rate': 0.0007275907552904742, 'epoch': 0.82}
{'loss': 0.6839, 'learning_rate': 0.0007264437689969605, 'epoch': 0.83}
{'loss': 0.6815, 'learning_rate': 0.0007252967827034467, 'epoch': 0.83}
{'loss': 0.6799, 'learning_rate': 0.0007241497964099329, 'epoch': 0.83}
{'loss': 0.6822, 'learning_rate': 0.0007230028101164191, 'epoch': 0.84}
{'loss': 0.6881, 'learning_rate': 0.0007218558238229054, 'epoch': 0.84}
{'loss': 0.6801, 'learning_rate': 0.0007207088375293916, 'epoch': 0.84}
{'loss': 0.6921, 'learning_rate': 0.0007195618512358776, 'epoch': 0.85}
{'loss': 0.6884, 'learning_rate': 0.0007184148649423639, 'epoch': 0.85}
{'loss': 0.6809, 'learning_rate': 0.0007172678786488501, 'epoch': 0.85}
{'loss': 0.6801, 'learning_rate': 0.0007161208923553364, 'epoch': 0.86}
{'eval_loss': 0.6494173407554626, 'eval_bce': 0.6465965843557085, 'eval_n_pos': 2024.0, 'eval_pos_rate': 0.09120814744716327, 'eval_auroc': 0.4974375403130893, 'eval_auprc': 0.09082244299267664, 'eval_mcc': 0.0, 'eval_precision': 0.0, 'eval_recall': 0.0, 'eval_f1': 0.0, 'eval_runtime': 19.9903, 'eval_samples_per_second': 1110.089, 'eval_steps_per_second': 17.358, 'epoch': 0.86}
{'loss': 0.697, 'learning_rate': 0.0007149739060618225, 'epoch': 0.86}
{'loss': 0.6887, 'learning_rate': 0.0007138269197683088, 'epoch': 0.86}
{'loss': 0.6848, 'learning_rate': 0.000712679933474795, 'epoch': 0.87}
{'loss': 0.6801, 'learning_rate': 0.0007115329471812813, 'epoch': 0.87}
{'loss': 0.6822, 'learning_rate': 0.0007103859608877674, 'epoch': 0.87}
{'loss': 0.6872, 'learning_rate': 0.0007092389745942536, 'epoch': 0.88}
{'loss': 0.6856, 'learning_rate': 0.0007080919883007399, 'epoch': 0.88}
{'loss': 0.6715, 'learning_rate': 0.000706945002007226, 'epoch': 0.89}
{'loss': 0.6837, 'learning_rate': 0.0007057980157137122, 'epoch': 0.89}
{'loss': 0.6903, 'learning_rate': 0.0007046510294201984, 'epoch': 0.89}
{'loss': 0.6909, 'learning_rate': 0.0007035040431266847, 'epoch': 0.9}
{'loss': 0.6893, 'learning_rate': 0.0007023570568331709, 'epoch': 0.9}
{'eval_loss': 0.6483700275421143, 'eval_bce': 0.6454786779809488, 'eval_n_pos': 2024.0, 'eval_pos_rate': 0.09120814744716327, 'eval_auroc': 0.5018199320260801, 'eval_auprc': 0.09179378021301042, 'eval_mcc': 0.0, 'eval_precision': 0.0, 'eval_recall': 0.0, 'eval_f1': 0.0, 'eval_runtime': 20.0101, 'eval_samples_per_second': 1108.989, 'eval_steps_per_second': 17.341, 'epoch': 0.9}
{'loss': 0.686, 'learning_rate': 0.000701210070539657, 'epoch': 0.9}
{'loss': 0.6753, 'learning_rate': 0.0007000630842461433, 'epoch': 0.91}
{'loss': 0.692, 'learning_rate': 0.0006989160979526295, 'epoch': 0.91}
{'loss': 0.687, 'learning_rate': 0.0006977691116591158, 'epoch': 0.91}
{'loss': 0.6817, 'learning_rate': 0.0006966221253656018, 'epoch': 0.92}
{'loss': 0.686, 'learning_rate': 0.0006954751390720881, 'epoch': 0.92}
{'loss': 0.6761, 'learning_rate': 0.0006943281527785743, 'epoch': 0.92}
{'loss': 0.6711, 'learning_rate': 0.0006931811664850605, 'epoch': 0.93}
{'loss': 0.6939, 'learning_rate': 0.0006920341801915467, 'epoch': 0.93}
{'loss': 0.6828, 'learning_rate': 0.0006908871938980329, 'epoch': 0.93}
{'loss': 0.6808, 'learning_rate': 0.0006897402076045192, 'epoch': 0.94}
{'loss': 0.6919, 'learning_rate': 0.0006885932213110054, 'epoch': 0.94}
{'loss': 0.6884, 'learning_rate': 0.0006874462350174916, 'epoch': 0.94}
{'eval_loss': 0.6485769748687744, 'eval_bce': 0.6457003467896109, 'eval_n_pos': 2024.0, 'eval_pos_rate': 0.09120814744716327, 'eval_auroc': 0.49683819700363624, 'eval_auprc': 0.09058608297969713, 'eval_mcc': 0.0, 'eval_precision': 0.0, 'eval_recall': 0.0, 'eval_f1': 0.0, 'eval_runtime': 19.9885, 'eval_samples_per_second': 1110.189, 'eval_steps_per_second': 17.36, 'epoch': 0.94}
{'loss': 0.6883, 'learning_rate': 0.0006862992487239777, 'epoch': 0.95}
{'loss': 0.6845, 'learning_rate': 0.000685152262430464, 'epoch': 0.95}
{'loss': 0.6863, 'learning_rate': 0.0006840052761369502, 'epoch': 0.95}
{'loss': 0.6912, 'learning_rate': 0.0006828582898434363, 'epoch': 0.96}
{'loss': 0.6833, 'learning_rate': 0.0006817113035499226, 'epoch': 0.96}
{'loss': 0.6906, 'learning_rate': 0.0006805643172564088, 'epoch': 0.96}
{'loss': 0.6889, 'learning_rate': 0.0006794173309628951, 'epoch': 0.97}
{'loss': 0.6854, 'learning_rate': 0.0006782703446693812, 'epoch': 0.97}
{'loss': 0.6832, 'learning_rate': 0.0006771233583758675, 'epoch': 0.97}
{'loss': 0.6817, 'learning_rate': 0.0006759763720823537, 'epoch': 0.98}
{'loss': 0.6919, 'learning_rate': 0.0006748293857888398, 'epoch': 0.98}
{'loss': 0.6863, 'learning_rate': 0.000673682399495326, 'epoch': 0.98}
{'eval_loss': 0.6479043364524841, 'eval_bce': 0.6449854099458862, 'eval_n_pos': 2024.0, 'eval_pos_rate': 0.09120814744716327, 'eval_auroc': 0.4936267713015295, 'eval_auprc': 0.09011667145556507, 'eval_mcc': 0.0, 'eval_precision': 0.0, 'eval_recall': 0.0, 'eval_f1': 0.0, 'eval_runtime': 20.0288, 'eval_samples_per_second': 1107.953, 'eval_steps_per_second': 17.325, 'epoch': 0.99}
{'loss': 0.6816, 'learning_rate': 0.0006725354132018122, 'epoch': 0.99}
{'loss': 0.6958, 'learning_rate': 0.0006713884269082985, 'epoch': 0.99}
{'loss': 0.6889, 'learning_rate': 0.0006702414406147847, 'epoch': 1.0}
{'loss': 0.6963, 'learning_rate': 0.0006690944543212709, 'epoch': 1.0}
{'loss': 0.6841, 'learning_rate': 0.0006679474680277571, 'epoch': 1.0}
{'loss': 0.6828, 'learning_rate': 0.0006668004817342433, 'epoch': 1.01}
{'loss': 0.687, 'learning_rate': 0.0006656534954407296, 'epoch': 1.01}
{'loss': 0.6919, 'learning_rate': 0.0006645065091472156, 'epoch': 1.01}
{'loss': 0.6904, 'learning_rate': 0.0006633595228537019, 'epoch': 1.02}
{'loss': 0.6848, 'learning_rate': 0.0006622125365601881, 'epoch': 1.02}
{'loss': 0.6933, 'learning_rate': 0.0006610655502666744, 'epoch': 1.02}
{'loss': 0.6823, 'learning_rate': 0.0006599185639731605, 'epoch': 1.03}
{'loss': 0.6842, 'learning_rate': 0.0006587715776796468, 'epoch': 1.03}
{'eval_loss': 0.6466768383979797, 'eval_bce': 0.6436719546766401, 'eval_n_pos': 2024.0, 'eval_pos_rate': 0.09120814744716327, 'eval_auroc': 0.4981475088152269, 'eval_auprc': 0.09091052234706527, 'eval_mcc': 0.0, 'eval_precision': 0.0, 'eval_recall': 0.0, 'eval_f1': 0.0, 'eval_runtime': 20.0578, 'eval_samples_per_second': 1106.354, 'eval_steps_per_second': 17.3, 'epoch': 1.03}
{'loss': 0.6756, 'learning_rate': 0.000657624591386133, 'epoch': 1.03}
{'loss': 0.6785, 'learning_rate': 0.0006564776050926191, 'epoch': 1.04}
{'loss': 0.6912, 'learning_rate': 0.0006553306187991054, 'epoch': 1.04}
{'loss': 0.6933, 'learning_rate': 0.0006541836325055915, 'epoch': 1.04}
{'loss': 0.6909, 'learning_rate': 0.0006530366462120778, 'epoch': 1.05}
{'loss': 0.6943, 'learning_rate': 0.0006518896599185639, 'epoch': 1.05}
{'loss': 0.6826, 'learning_rate': 0.0006507426736250502, 'epoch': 1.05}
{'loss': 0.6843, 'learning_rate': 0.0006495956873315364, 'epoch': 1.06}
{'loss': 0.6881, 'learning_rate': 0.0006484487010380226, 'epoch': 1.06}
{'loss': 0.6812, 'learning_rate': 0.0006473017147445088, 'epoch': 1.06}
{'loss': 0.6907, 'learning_rate': 0.000646154728450995, 'epoch': 1.07}
{'loss': 0.6829, 'learning_rate': 0.0006450077421574813, 'epoch': 1.07}
{'eval_loss': 0.6468943953514099, 'eval_bce': 0.6439039783241481, 'eval_n_pos': 2024.0, 'eval_pos_rate': 0.09120814744716327, 'eval_auroc': 0.4985877556788171, 'eval_auprc': 0.09093434632501356, 'eval_mcc': 0.0, 'eval_precision': 0.0, 'eval_recall': 0.0, 'eval_f1': 0.0, 'eval_runtime': 20.0468, 'eval_samples_per_second': 1106.959, 'eval_steps_per_second': 17.309, 'epoch': 1.07}
{'loss': 0.6906, 'learning_rate': 0.0006438607558639675, 'epoch': 1.07}
{'loss': 0.6847, 'learning_rate': 0.0006427137695704536, 'epoch': 1.08}
{'loss': 0.6906, 'learning_rate': 0.0006415667832769398, 'epoch': 1.08}
{'loss': 0.6844, 'learning_rate': 0.000640419796983426, 'epoch': 1.08}
{'loss': 0.6945, 'learning_rate': 0.0006392728106899123, 'epoch': 1.09}
{'loss': 0.6826, 'learning_rate': 0.0006381258243963984, 'epoch': 1.09}
{'loss': 0.6874, 'learning_rate': 0.0006369788381028847, 'epoch': 1.09}
{'loss': 0.6766, 'learning_rate': 0.0006358318518093709, 'epoch': 1.1}
{'loss': 0.6885, 'learning_rate': 0.0006346848655158572, 'epoch': 1.1}
{'loss': 0.6824, 'learning_rate': 0.0006335378792223432, 'epoch': 1.1}
{'loss': 0.6858, 'learning_rate': 0.0006323908929288295, 'epoch': 1.11}
{'loss': 0.6872, 'learning_rate': 0.0006312439066353157, 'epoch': 1.11}
{'loss': 0.6962, 'learning_rate': 0.0006300969203418019, 'epoch': 1.12}
{'eval_loss': 0.646375298500061, 'eval_bce': 0.6433490985086855, 'eval_n_pos': 2024.0, 'eval_pos_rate': 0.09120814744716327, 'eval_auroc': 0.49144358049025805, 'eval_auprc': 0.08989115680947969, 'eval_mcc': 0.0, 'eval_precision': 0.0, 'eval_recall': 0.0, 'eval_f1': 0.0, 'eval_runtime': 20.0288, 'eval_samples_per_second': 1107.956, 'eval_steps_per_second': 17.325, 'epoch': 1.12}
{'loss': 0.6865, 'learning_rate': 0.0006289499340482881, 'epoch': 1.12}
{'loss': 0.6788, 'learning_rate': 0.0006278029477547743, 'epoch': 1.12}
{'loss': 0.6825, 'learning_rate': 0.0006266559614612606, 'epoch': 1.13}
{'loss': 0.6848, 'learning_rate': 0.0006255089751677468, 'epoch': 1.13}
{'loss': 0.6833, 'learning_rate': 0.000624361988874233, 'epoch': 1.13}
{'loss': 0.684, 'learning_rate': 0.0006232150025807192, 'epoch': 1.14}
{'loss': 0.6868, 'learning_rate': 0.0006220680162872053, 'epoch': 1.14}
{'loss': 0.6921, 'learning_rate': 0.0006209210299936916, 'epoch': 1.14}
{'loss': 0.6865, 'learning_rate': 0.0006197740437001777, 'epoch': 1.15}
{'loss': 0.6835, 'learning_rate': 0.000618627057406664, 'epoch': 1.15}
{'loss': 0.6906, 'learning_rate': 0.0006174800711131502, 'epoch': 1.15}
{'loss': 0.6904, 'learning_rate': 0.0006163330848196365, 'epoch': 1.16}
{'eval_loss': 0.6454097628593445, 'eval_bce': 0.6423182722799282, 'eval_n_pos': 2024.0, 'eval_pos_rate': 0.09120814744716327, 'eval_auroc': 0.50307720798134, 'eval_auprc': 0.09155525131477317, 'eval_mcc': 0.0, 'eval_precision': 0.0, 'eval_recall': 0.0, 'eval_f1': 0.0, 'eval_runtime': 20.0588, 'eval_samples_per_second': 1106.296, 'eval_steps_per_second': 17.299, 'epoch': 1.16}
{'loss': 0.693, 'learning_rate': 0.0006151860985261226, 'epoch': 1.16}
{'loss': 0.6902, 'learning_rate': 0.0006140391122326089, 'epoch': 1.16}
{'loss': 0.6809, 'learning_rate': 0.0006128921259390951, 'epoch': 1.17}
{'loss': 0.6855, 'learning_rate': 0.0006117451396455813, 'epoch': 1.17}
{'loss': 0.6889, 'learning_rate': 0.0006105981533520674, 'epoch': 1.17}
{'loss': 0.6883, 'learning_rate': 0.0006094511670585536, 'epoch': 1.18}
{'loss': 0.6891, 'learning_rate': 0.0006083041807650399, 'epoch': 1.18}
{'loss': 0.6839, 'learning_rate': 0.0006071571944715261, 'epoch': 1.18}
{'loss': 0.6789, 'learning_rate': 0.0006060102081780123, 'epoch': 1.19}
{'loss': 0.6861, 'learning_rate': 0.0006048632218844985, 'epoch': 1.19}
{'loss': 0.6915, 'learning_rate': 0.0006037162355909847, 'epoch': 1.19}
{'loss': 0.6855, 'learning_rate': 0.000602569249297471, 'epoch': 1.2}
{'loss': 0.6896, 'learning_rate': 0.000601422263003957, 'epoch': 1.2}
{'eval_loss': 0.6459962129592896, 'eval_bce': 0.6429443774142278, 'eval_n_pos': 2024.0, 'eval_pos_rate': 0.09120814744716327, 'eval_auroc': 0.495846539105975, 'eval_auprc': 0.09013040957097171, 'eval_mcc': 0.0, 'eval_precision': 0.0, 'eval_recall': 0.0, 'eval_f1': 0.0, 'eval_runtime': 20.0596, 'eval_samples_per_second': 1106.254, 'eval_steps_per_second': 17.298, 'epoch': 1.2}
{'loss': 0.6816, 'learning_rate': 0.0006002752767104433, 'epoch': 1.2}
{'loss': 0.6893, 'learning_rate': 0.0005991282904169295, 'epoch': 1.21}
{'loss': 0.6856, 'learning_rate': 0.0005979813041234158, 'epoch': 1.21}
{'loss': 0.6883, 'learning_rate': 0.0005968343178299019, 'epoch': 1.21}
{'loss': 0.6815, 'learning_rate': 0.0005956873315363881, 'epoch': 1.22}
{'loss': 0.6854, 'learning_rate': 0.0005945403452428744, 'epoch': 1.22}
{'loss': 0.6973, 'learning_rate': 0.0005933933589493606, 'epoch': 1.22}
{'loss': 0.6884, 'learning_rate': 0.0005922463726558468, 'epoch': 1.23}
{'loss': 0.6785, 'learning_rate': 0.000591099386362333, 'epoch': 1.23}
{'loss': 0.6911, 'learning_rate': 0.0005899524000688193, 'epoch': 1.24}
{'loss': 0.689, 'learning_rate': 0.0005888054137753054, 'epoch': 1.24}
{'loss': 0.6803, 'learning_rate': 0.0005876584274817916, 'epoch': 1.24}
