=== preflight ===
NVIDIA GeForce RTX 3090, 24576 MiB
torch 1.13.1+cu117 | cuda True
  found: /home/asm242/entexBERT-2/DNABERT-2-117M-attention
  found: /home/asm242/reference_genome/hg38.fa
  found: /home/asm242/palmer_scratch/entex_data/hetSNVs.tsv
  found: /home/asm242/palmer_scratch/entexBERT-2_experiments/ADASTRA/ctcf_adastra_evalset.csv
  found: /home/asm242/palmer_scratch/entexBERT-2_experiments/EN-TEx/experiments/stage2_ctcf_asb/inputs/train.meta.csv
  found: /home/asm242/palmer_scratch/entexBERT-2_experiments/EN-TEx/experiments/stage2_ctcf_asb/inputs/dev.meta.csv

=== STEP A: select best 2a checkpoint ===
[STEP A] BEST 2a: s=20  dev_spearman=0.06330
[STEP A] ckpt = /home/asm242/palmer_scratch/entexBERT-2_experiments/EN-TEx/experiments/stage2_ctcf_asb/runs/asb_2a_s20
[STEP A] OK

=== STEP 2b: gentle unfreeze from best 2a (s=20) ===
{'loss': 0.2603, 'learning_rate': 1.2000000000000002e-06, 'epoch': 0.0}
{'loss': 0.3577, 'learning_rate': 2.4000000000000003e-06, 'epoch': 0.0}
{'loss': 0.4406, 'learning_rate': 2.998727843270291e-06, 'epoch': 0.01}
{'loss': 0.4073, 'learning_rate': 2.9961835298108728e-06, 'epoch': 0.01}
{'loss': 0.3126, 'learning_rate': 2.9936392163514547e-06, 'epoch': 0.01}
{'loss': 0.4263, 'learning_rate': 2.991094902892036e-06, 'epoch': 0.01}
{'loss': 0.3551, 'learning_rate': 2.988550589432618e-06, 'epoch': 0.01}
{'loss': 0.3264, 'learning_rate': 2.9860062759732e-06, 'epoch': 0.01}
{'loss': 0.5846, 'learning_rate': 2.9834619625137816e-06, 'epoch': 0.02}
{'loss': 0.7322, 'learning_rate': 2.9809176490543635e-06, 'epoch': 0.02}
{'loss': 0.4765, 'learning_rate': 2.9783733355949454e-06, 'epoch': 0.02}
{'loss': 0.4023, 'learning_rate': 2.9758290221355274e-06, 'epoch': 0.02}
{'loss': 0.4637, 'learning_rate': 2.973284708676109e-06, 'epoch': 0.02}
{'loss': 0.3288, 'learning_rate': 2.970740395216691e-06, 'epoch': 0.02}
{'loss': 0.3779, 'learning_rate': 2.9681960817572727e-06, 'epoch': 0.03}
{'loss': 0.5631, 'learning_rate': 2.9656517682978543e-06, 'epoch': 0.03}
{'loss': 0.4117, 'learning_rate': 2.963107454838436e-06, 'epoch': 0.03}
{'loss': 0.371, 'learning_rate': 2.960563141379018e-06, 'epoch': 0.03}
{'loss': 0.3061, 'learning_rate': 2.9580188279195996e-06, 'epoch': 0.03}
{'loss': 0.2946, 'learning_rate': 2.9554745144601816e-06, 'epoch': 0.03}
{'loss': 0.2935, 'learning_rate': 2.9529302010007635e-06, 'epoch': 0.04}
{'loss': 0.1821, 'learning_rate': 2.950385887541345e-06, 'epoch': 0.04}
{'loss': 0.5753, 'learning_rate': 2.947841574081927e-06, 'epoch': 0.04}
{'loss': 0.6876, 'learning_rate': 2.945297260622509e-06, 'epoch': 0.04}
{'loss': 0.2452, 'learning_rate': 2.942752947163091e-06, 'epoch': 0.04}
{'eval_loss': 0.3738046884536743, 'eval_mse': 0.3778664011549176, 'eval_pearson': 0.1296901328293135, 'eval_spearman': 0.03302830542620024, 'eval_auroc': 0.5098864504036859, 'eval_runtime': 19.9163, 'eval_samples_per_second': 1120.139, 'eval_steps_per_second': 17.523, 'epoch': 0.04}
{'loss': 0.5313, 'learning_rate': 2.9402086337036723e-06, 'epoch': 0.04}
{'loss': 0.3198, 'learning_rate': 2.937664320244254e-06, 'epoch': 0.05}
{'loss': 0.5779, 'learning_rate': 2.935120006784836e-06, 'epoch': 0.05}
{'loss': 0.494, 'learning_rate': 2.9325756933254177e-06, 'epoch': 0.05}
{'loss': 0.2461, 'learning_rate': 2.9300313798659996e-06, 'epoch': 0.05}
{'loss': 0.7862, 'learning_rate': 2.9274870664065815e-06, 'epoch': 0.05}
{'loss': 0.4736, 'learning_rate': 2.924942752947163e-06, 'epoch': 0.05}
{'loss': 0.1979, 'learning_rate': 2.922398439487745e-06, 'epoch': 0.06}
{'loss': 0.5304, 'learning_rate': 2.919854126028327e-06, 'epoch': 0.06}
{'loss': 0.5496, 'learning_rate': 2.9173098125689084e-06, 'epoch': 0.06}
{'loss': 0.5803, 'learning_rate': 2.9147654991094904e-06, 'epoch': 0.06}
{'loss': 0.3349, 'learning_rate': 2.912221185650072e-06, 'epoch': 0.06}
{'loss': 0.3487, 'learning_rate': 2.9096768721906542e-06, 'epoch': 0.06}
{'loss': 0.3107, 'learning_rate': 2.9071325587312357e-06, 'epoch': 0.07}
{'loss': 0.569, 'learning_rate': 2.9045882452718172e-06, 'epoch': 0.07}
{'loss': 0.4463, 'learning_rate': 2.9020439318123996e-06, 'epoch': 0.07}
{'loss': 0.4025, 'learning_rate': 2.899499618352981e-06, 'epoch': 0.07}
{'loss': 0.4494, 'learning_rate': 2.896955304893563e-06, 'epoch': 0.07}
{'loss': 0.5686, 'learning_rate': 2.894410991434145e-06, 'epoch': 0.07}
{'loss': 0.5004, 'learning_rate': 2.8918666779747265e-06, 'epoch': 0.08}
{'loss': 0.4605, 'learning_rate': 2.8893223645153084e-06, 'epoch': 0.08}
{'loss': 0.5248, 'learning_rate': 2.8867780510558903e-06, 'epoch': 0.08}
{'loss': 0.7593, 'learning_rate': 2.884233737596472e-06, 'epoch': 0.08}
{'loss': 0.6558, 'learning_rate': 2.881689424137054e-06, 'epoch': 0.08}
{'loss': 0.7408, 'learning_rate': 2.8791451106776353e-06, 'epoch': 0.08}
{'eval_loss': 0.3699413537979126, 'eval_mse': 0.3743410214471289, 'eval_pearson': 0.1673120666441309, 'eval_spearman': 0.04606866794406327, 'eval_auroc': 0.5175993461462794, 'eval_runtime': 19.9383, 'eval_samples_per_second': 1118.901, 'eval_steps_per_second': 17.504, 'epoch': 0.08}
{'loss': 0.4128, 'learning_rate': 2.8766007972182177e-06, 'epoch': 0.09}
{'loss': 0.3625, 'learning_rate': 2.874056483758799e-06, 'epoch': 0.09}
{'loss': 0.3698, 'learning_rate': 2.8715121702993807e-06, 'epoch': 0.09}
{'loss': 0.2817, 'learning_rate': 2.868967856839963e-06, 'epoch': 0.09}
{'loss': 0.5305, 'learning_rate': 2.8664235433805445e-06, 'epoch': 0.09}
{'loss': 0.5871, 'learning_rate': 2.8638792299211265e-06, 'epoch': 0.09}
{'loss': 0.2866, 'learning_rate': 2.8613349164617084e-06, 'epoch': 0.1}
{'loss': 0.3904, 'learning_rate': 2.85879060300229e-06, 'epoch': 0.1}
{'loss': 0.4727, 'learning_rate': 2.856246289542872e-06, 'epoch': 0.1}
{'loss': 0.4627, 'learning_rate': 2.8537019760834534e-06, 'epoch': 0.1}
{'loss': 0.5223, 'learning_rate': 2.8511576626240353e-06, 'epoch': 0.1}
{'loss': 0.6646, 'learning_rate': 2.8486133491646172e-06, 'epoch': 0.1}
{'loss': 0.2082, 'learning_rate': 2.8460690357051987e-06, 'epoch': 0.11}
{'loss': 0.9, 'learning_rate': 2.8435247222457807e-06, 'epoch': 0.11}
{'loss': 0.5369, 'learning_rate': 2.8409804087863626e-06, 'epoch': 0.11}
{'loss': 0.3704, 'learning_rate': 2.838436095326944e-06, 'epoch': 0.11}
{'loss': 0.518, 'learning_rate': 2.8358917818675265e-06, 'epoch': 0.11}
{'loss': 0.6416, 'learning_rate': 2.833347468408108e-06, 'epoch': 0.12}
{'loss': 0.661, 'learning_rate': 2.83080315494869e-06, 'epoch': 0.12}
{'loss': 0.567, 'learning_rate': 2.8282588414892714e-06, 'epoch': 0.12}
{'loss': 0.4269, 'learning_rate': 2.8257145280298533e-06, 'epoch': 0.12}
{'loss': 0.1672, 'learning_rate': 2.8231702145704353e-06, 'epoch': 0.12}
{'loss': 0.3497, 'learning_rate': 2.8206259011110168e-06, 'epoch': 0.12}
{'loss': 0.3161, 'learning_rate': 2.8180815876515987e-06, 'epoch': 0.13}
{'loss': 0.3038, 'learning_rate': 2.8155372741921806e-06, 'epoch': 0.13}
{'eval_loss': 0.36951231956481934, 'eval_mse': 0.3740218388384856, 'eval_pearson': 0.16808059410347545, 'eval_spearman': 0.04738377186806998, 'eval_auroc': 0.5168346413797587, 'eval_runtime': 19.9445, 'eval_samples_per_second': 1118.555, 'eval_steps_per_second': 17.499, 'epoch': 0.13}
{'loss': 0.7671, 'learning_rate': 2.812992960732762e-06, 'epoch': 0.13}
{'loss': 0.6705, 'learning_rate': 2.810448647273344e-06, 'epoch': 0.13}
{'loss': 0.2362, 'learning_rate': 2.807904333813926e-06, 'epoch': 0.13}
{'loss': 0.3956, 'learning_rate': 2.8053600203545075e-06, 'epoch': 0.13}
{'loss': 0.5735, 'learning_rate': 2.80281570689509e-06, 'epoch': 0.14}
{'loss': 0.4432, 'learning_rate': 2.8002713934356714e-06, 'epoch': 0.14}
{'loss': 0.2457, 'learning_rate': 2.797727079976253e-06, 'epoch': 0.14}
{'loss': 0.5241, 'learning_rate': 2.795182766516835e-06, 'epoch': 0.14}
{'loss': 0.4251, 'learning_rate': 2.7926384530574168e-06, 'epoch': 0.14}
{'loss': 0.3286, 'learning_rate': 2.7900941395979987e-06, 'epoch': 0.14}
{'loss': 0.4327, 'learning_rate': 2.78754982613858e-06, 'epoch': 0.15}
{'loss': 0.2717, 'learning_rate': 2.785005512679162e-06, 'epoch': 0.15}
{'loss': 0.3673, 'learning_rate': 2.782461199219744e-06, 'epoch': 0.15}
{'loss': 0.4294, 'learning_rate': 2.7799168857603256e-06, 'epoch': 0.15}
{'loss': 0.1414, 'learning_rate': 2.7773725723009075e-06, 'epoch': 0.15}
{'loss': 0.3428, 'learning_rate': 2.7748282588414894e-06, 'epoch': 0.15}
{'loss': 0.3914, 'learning_rate': 2.772283945382071e-06, 'epoch': 0.16}
{'loss': 0.6495, 'learning_rate': 2.769739631922653e-06, 'epoch': 0.16}
{'loss': 0.3542, 'learning_rate': 2.767195318463235e-06, 'epoch': 0.16}
{'loss': 0.3541, 'learning_rate': 2.7646510050038163e-06, 'epoch': 0.16}
{'loss': 0.3477, 'learning_rate': 2.7621066915443983e-06, 'epoch': 0.16}
{'loss': 0.588, 'learning_rate': 2.75956237808498e-06, 'epoch': 0.16}
{'loss': 0.8639, 'learning_rate': 2.757018064625562e-06, 'epoch': 0.17}
{'loss': 0.3737, 'learning_rate': 2.7544737511661436e-06, 'epoch': 0.17}
{'loss': 0.3348, 'learning_rate': 2.7519294377067256e-06, 'epoch': 0.17}
{'eval_loss': 0.36595818400382996, 'eval_mse': 0.3708268123926399, 'eval_pearson': 0.19490722163758492, 'eval_spearman': 0.04553637084116165, 'eval_auroc': 0.5185140151445985, 'eval_runtime': 19.9518, 'eval_samples_per_second': 1118.146, 'eval_steps_per_second': 17.492, 'epoch': 0.17}
{'loss': 0.5689, 'learning_rate': 2.7493851242473075e-06, 'epoch': 0.17}
{'loss': 0.5007, 'learning_rate': 2.746840810787889e-06, 'epoch': 0.17}
{'loss': 0.6069, 'learning_rate': 2.744296497328471e-06, 'epoch': 0.17}
{'loss': 0.4745, 'learning_rate': 2.741752183869053e-06, 'epoch': 0.18}
{'loss': 0.435, 'learning_rate': 2.7392078704096344e-06, 'epoch': 0.18}
{'loss': 0.3718, 'learning_rate': 2.7366635569502163e-06, 'epoch': 0.18}
{'loss': 0.3285, 'learning_rate': 2.7341192434907982e-06, 'epoch': 0.18}
{'loss': 0.7507, 'learning_rate': 2.7315749300313797e-06, 'epoch': 0.18}
{'loss': 0.395, 'learning_rate': 2.7290306165719617e-06, 'epoch': 0.18}
{'loss': 0.3676, 'learning_rate': 2.7264863031125436e-06, 'epoch': 0.19}
{'loss': 0.3358, 'learning_rate': 2.7239419896531255e-06, 'epoch': 0.19}
{'loss': 0.3697, 'learning_rate': 2.721397676193707e-06, 'epoch': 0.19}
{'loss': 0.2709, 'learning_rate': 2.718853362734289e-06, 'epoch': 0.19}
{'loss': 0.5716, 'learning_rate': 2.716309049274871e-06, 'epoch': 0.19}
{'loss': 0.873, 'learning_rate': 2.7137647358154524e-06, 'epoch': 0.19}
{'loss': 0.2861, 'learning_rate': 2.7112204223560344e-06, 'epoch': 0.2}
{'loss': 0.2548, 'learning_rate': 2.7086761088966163e-06, 'epoch': 0.2}
{'loss': 0.5445, 'learning_rate': 2.706131795437198e-06, 'epoch': 0.2}
{'loss': 0.3152, 'learning_rate': 2.7035874819777797e-06, 'epoch': 0.2}
{'loss': 0.477, 'learning_rate': 2.7010431685183617e-06, 'epoch': 0.2}
{'loss': 0.4145, 'learning_rate': 2.698498855058943e-06, 'epoch': 0.2}
{'loss': 0.3879, 'learning_rate': 2.695954541599525e-06, 'epoch': 0.21}
{'loss': 0.34, 'learning_rate': 2.693410228140107e-06, 'epoch': 0.21}
{'loss': 0.4892, 'learning_rate': 2.690865914680689e-06, 'epoch': 0.21}
{'loss': 0.3623, 'learning_rate': 2.6883216012212705e-06, 'epoch': 0.21}
{'eval_loss': 0.3666093349456787, 'eval_mse': 0.3713773551345818, 'eval_pearson': 0.19299650455344639, 'eval_spearman': 0.056911021200067954, 'eval_auroc': 0.5226656955280633, 'eval_runtime': 19.9864, 'eval_samples_per_second': 1116.21, 'eval_steps_per_second': 17.462, 'epoch': 0.21}
{'loss': 0.3511, 'learning_rate': 2.685777287761852e-06, 'epoch': 0.21}
{'loss': 0.5795, 'learning_rate': 2.6832329743024343e-06, 'epoch': 0.21}
{'loss': 0.7132, 'learning_rate': 2.680688660843016e-06, 'epoch': 0.22}
{'loss': 0.3337, 'learning_rate': 2.6781443473835978e-06, 'epoch': 0.22}
{'loss': 0.6283, 'learning_rate': 2.6756000339241797e-06, 'epoch': 0.22}
{'loss': 0.3948, 'learning_rate': 2.6730557204647612e-06, 'epoch': 0.22}
{'loss': 0.3193, 'learning_rate': 2.670511407005343e-06, 'epoch': 0.22}
{'loss': 0.5256, 'learning_rate': 2.667967093545925e-06, 'epoch': 0.23}
{'loss': 0.3094, 'learning_rate': 2.6654227800865066e-06, 'epoch': 0.23}
{'loss': 0.4109, 'learning_rate': 2.6628784666270885e-06, 'epoch': 0.23}
{'loss': 0.5411, 'learning_rate': 2.6603341531676705e-06, 'epoch': 0.23}
{'loss': 0.4597, 'learning_rate': 2.657789839708252e-06, 'epoch': 0.23}
{'loss': 0.4889, 'learning_rate': 2.655245526248834e-06, 'epoch': 0.23}
{'loss': 0.4354, 'learning_rate': 2.6527012127894154e-06, 'epoch': 0.24}
{'loss': 0.7691, 'learning_rate': 2.6501568993299978e-06, 'epoch': 0.24}
{'loss': 0.3454, 'learning_rate': 2.6476125858705793e-06, 'epoch': 0.24}
{'loss': 0.4357, 'learning_rate': 2.6450682724111612e-06, 'epoch': 0.24}
{'loss': 0.3951, 'learning_rate': 2.642523958951743e-06, 'epoch': 0.24}
{'loss': 0.4591, 'learning_rate': 2.6399796454923247e-06, 'epoch': 0.24}
{'loss': 0.4805, 'learning_rate': 2.6374353320329066e-06, 'epoch': 0.25}
{'loss': 0.2222, 'learning_rate': 2.6348910185734885e-06, 'epoch': 0.25}
{'loss': 0.5368, 'learning_rate': 2.63234670511407e-06, 'epoch': 0.25}
{'loss': 0.4316, 'learning_rate': 2.629802391654652e-06, 'epoch': 0.25}
{'loss': 0.3904, 'learning_rate': 2.6272580781952335e-06, 'epoch': 0.25}
{'loss': 0.3345, 'learning_rate': 2.6247137647358154e-06, 'epoch': 0.25}
{'eval_loss': 0.3661055266857147, 'eval_mse': 0.3709783781464894, 'eval_pearson': 0.1935036831327606, 'eval_spearman': 0.05895136369778086, 'eval_auroc': 0.5228065337796084, 'eval_runtime': 19.9818, 'eval_samples_per_second': 1116.464, 'eval_steps_per_second': 17.466, 'epoch': 0.25}
{'loss': 0.7278, 'learning_rate': 2.6221694512763973e-06, 'epoch': 0.26}
{'loss': 0.5704, 'learning_rate': 2.619625137816979e-06, 'epoch': 0.26}
{'loss': 0.9157, 'learning_rate': 2.617080824357561e-06, 'epoch': 0.26}
{'loss': 0.5302, 'learning_rate': 2.6145365108981427e-06, 'epoch': 0.26}
{'loss': 0.6113, 'learning_rate': 2.6119921974387242e-06, 'epoch': 0.26}
{'loss': 0.4795, 'learning_rate': 2.6094478839793066e-06, 'epoch': 0.26}
{'loss': 0.364, 'learning_rate': 2.606903570519888e-06, 'epoch': 0.27}
{'loss': 0.3072, 'learning_rate': 2.60435925706047e-06, 'epoch': 0.27}
{'loss': 0.9749, 'learning_rate': 2.601814943601052e-06, 'epoch': 0.27}
{'loss': 0.2105, 'learning_rate': 2.5992706301416335e-06, 'epoch': 0.27}
{'loss': 0.5593, 'learning_rate': 2.5967263166822154e-06, 'epoch': 0.27}
{'loss': 0.5339, 'learning_rate': 2.594182003222797e-06, 'epoch': 0.27}
{'loss': 0.3906, 'learning_rate': 2.591637689763379e-06, 'epoch': 0.28}
{'loss': 0.3201, 'learning_rate': 2.5890933763039608e-06, 'epoch': 0.28}
{'loss': 0.6233, 'learning_rate': 2.5865490628445423e-06, 'epoch': 0.28}
{'loss': 0.7008, 'learning_rate': 2.5840047493851246e-06, 'epoch': 0.28}
{'loss': 0.2925, 'learning_rate': 2.581460435925706e-06, 'epoch': 0.28}
{'loss': 0.6034, 'learning_rate': 2.5789161224662876e-06, 'epoch': 0.28}
{'loss': 0.6429, 'learning_rate': 2.57637180900687e-06, 'epoch': 0.29}
{'loss': 0.3555, 'learning_rate': 2.5738274955474515e-06, 'epoch': 0.29}
{'loss': 0.3021, 'learning_rate': 2.5712831820880334e-06, 'epoch': 0.29}
{'loss': 0.4346, 'learning_rate': 2.568738868628615e-06, 'epoch': 0.29}
{'loss': 0.2969, 'learning_rate': 2.566194555169197e-06, 'epoch': 0.29}
{'loss': 0.3651, 'learning_rate': 2.563650241709779e-06, 'epoch': 0.29}
{'loss': 0.1847, 'learning_rate': 2.5611059282503603e-06, 'epoch': 0.3}
{'eval_loss': 0.3650330901145935, 'eval_mse': 0.3699431426554417, 'eval_pearson': 0.1876890523092178, 'eval_spearman': 0.060522877091831385, 'eval_auroc': 0.5240443067993235, 'eval_runtime': 19.9795, 'eval_samples_per_second': 1116.594, 'eval_steps_per_second': 17.468, 'epoch': 0.3}
{'loss': 0.35, 'learning_rate': 2.5585616147909423e-06, 'epoch': 0.3}
{'loss': 0.5317, 'learning_rate': 2.556017301331524e-06, 'epoch': 0.3}
{'loss': 0.5482, 'learning_rate': 2.5534729878721057e-06, 'epoch': 0.3}
{'loss': 0.3406, 'learning_rate': 2.550928674412688e-06, 'epoch': 0.3}
{'loss': 0.6642, 'learning_rate': 2.5483843609532696e-06, 'epoch': 0.3}
{'loss': 0.5237, 'learning_rate': 2.545840047493851e-06, 'epoch': 0.31}
{'loss': 0.6135, 'learning_rate': 2.5432957340344334e-06, 'epoch': 0.31}
{'loss': 0.6004, 'learning_rate': 2.540751420575015e-06, 'epoch': 0.31}
{'loss': 0.4261, 'learning_rate': 2.538207107115597e-06, 'epoch': 0.31}
{'loss': 0.2583, 'learning_rate': 2.5356627936561784e-06, 'epoch': 0.31}
{'loss': 0.4373, 'learning_rate': 2.5331184801967603e-06, 'epoch': 0.31}
{'loss': 0.3002, 'learning_rate': 2.5305741667373422e-06, 'epoch': 0.32}
{'loss': 0.5351, 'learning_rate': 2.5280298532779237e-06, 'epoch': 0.32}
{'loss': 0.5125, 'learning_rate': 2.5254855398185057e-06, 'epoch': 0.32}
{'loss': 0.3916, 'learning_rate': 2.5229412263590876e-06, 'epoch': 0.32}
{'loss': 0.1931, 'learning_rate': 2.520396912899669e-06, 'epoch': 0.32}
{'loss': 0.5036, 'learning_rate': 2.517852599440251e-06, 'epoch': 0.32}
{'loss': 0.2556, 'learning_rate': 2.515308285980833e-06, 'epoch': 0.33}
{'loss': 0.3955, 'learning_rate': 2.5127639725214145e-06, 'epoch': 0.33}
{'loss': 0.4923, 'learning_rate': 2.5102196590619964e-06, 'epoch': 0.33}
{'loss': 0.5005, 'learning_rate': 2.5076753456025784e-06, 'epoch': 0.33}
{'loss': 0.3178, 'learning_rate': 2.5051310321431603e-06, 'epoch': 0.33}
{'loss': 0.278, 'learning_rate': 2.502586718683742e-06, 'epoch': 0.34}
{'loss': 0.5738, 'learning_rate': 2.5000424052243237e-06, 'epoch': 0.34}
{'loss': 0.4726, 'learning_rate': 2.4974980917649057e-06, 'epoch': 0.34}
{'eval_loss': 0.3635636270046234, 'eval_mse': 0.3686646207710406, 'eval_pearson': 0.20976830271243202, 'eval_spearman': 0.05809253836475885, 'eval_auroc': 0.5231157735634543, 'eval_runtime': 19.9799, 'eval_samples_per_second': 1116.569, 'eval_steps_per_second': 17.468, 'epoch': 0.34}
{'loss': 0.6366, 'learning_rate': 2.494953778305487e-06, 'epoch': 0.34}
{'loss': 0.4282, 'learning_rate': 2.492409464846069e-06, 'epoch': 0.34}
{'loss': 0.7034, 'learning_rate': 2.489865151386651e-06, 'epoch': 0.34}
{'loss': 0.3987, 'learning_rate': 2.4873208379272325e-06, 'epoch': 0.35}
{'loss': 0.4484, 'learning_rate': 2.4847765244678145e-06, 'epoch': 0.35}
{'loss': 0.6887, 'learning_rate': 2.4822322110083964e-06, 'epoch': 0.35}
{'loss': 0.4126, 'learning_rate': 2.479687897548978e-06, 'epoch': 0.35}
{'loss': 0.3555, 'learning_rate': 2.47714358408956e-06, 'epoch': 0.35}
{'loss': 0.3545, 'learning_rate': 2.4745992706301418e-06, 'epoch': 0.35}
{'loss': 0.3072, 'learning_rate': 2.4720549571707233e-06, 'epoch': 0.36}
{'loss': 0.2978, 'learning_rate': 2.4695106437113052e-06, 'epoch': 0.36}
{'loss': 0.7306, 'learning_rate': 2.466966330251887e-06, 'epoch': 0.36}
{'loss': 0.5128, 'learning_rate': 2.464422016792469e-06, 'epoch': 0.36}
{'loss': 0.6017, 'learning_rate': 2.4618777033330506e-06, 'epoch': 0.36}
{'loss': 0.46, 'learning_rate': 2.4593333898736325e-06, 'epoch': 0.36}
{'loss': 0.3165, 'learning_rate': 2.4567890764142145e-06, 'epoch': 0.37}
{'loss': 0.4289, 'learning_rate': 2.454244762954796e-06, 'epoch': 0.37}
{'loss': 0.3528, 'learning_rate': 2.451700449495378e-06, 'epoch': 0.37}
{'loss': 0.3429, 'learning_rate': 2.44915613603596e-06, 'epoch': 0.37}
{'loss': 0.3959, 'learning_rate': 2.4466118225765413e-06, 'epoch': 0.37}
{'loss': 0.3139, 'learning_rate': 2.4440675091171233e-06, 'epoch': 0.37}
{'loss': 0.7064, 'learning_rate': 2.4415231956577052e-06, 'epoch': 0.38}
{'loss': 0.4351, 'learning_rate': 2.4389788821982867e-06, 'epoch': 0.38}
{'loss': 0.4329, 'learning_rate': 2.4364345687388687e-06, 'epoch': 0.38}
{'loss': 0.5961, 'learning_rate': 2.4338902552794506e-06, 'epoch': 0.38}
{'eval_loss': 0.36235949397087097, 'eval_mse': 0.3675115737759404, 'eval_pearson': 0.20795185888899972, 'eval_spearman': 0.06116478345838573, 'eval_auroc': 0.5254289939991583, 'eval_runtime': 19.9878, 'eval_samples_per_second': 1116.129, 'eval_steps_per_second': 17.461, 'epoch': 0.38}
{'loss': 0.6009, 'learning_rate': 2.4313459418200325e-06, 'epoch': 0.38}
{'loss': 0.4375, 'learning_rate': 2.428801628360614e-06, 'epoch': 0.38}
{'loss': 0.7458, 'learning_rate': 2.4262573149011955e-06, 'epoch': 0.39}
{'loss': 0.2734, 'learning_rate': 2.423713001441778e-06, 'epoch': 0.39}
{'loss': 0.2859, 'learning_rate': 2.4211686879823594e-06, 'epoch': 0.39}
{'loss': 0.6276, 'learning_rate': 2.4186243745229413e-06, 'epoch': 0.39}
{'loss': 0.3365, 'learning_rate': 2.4160800610635233e-06, 'epoch': 0.39}
{'loss': 0.5606, 'learning_rate': 2.4135357476041048e-06, 'epoch': 0.39}
{'loss': 0.4291, 'learning_rate': 2.4109914341446867e-06, 'epoch': 0.4}
{'loss': 0.6396, 'learning_rate': 2.4084471206852686e-06, 'epoch': 0.4}
{'loss': 0.5282, 'learning_rate': 2.40590280722585e-06, 'epoch': 0.4}
{'loss': 0.4351, 'learning_rate': 2.403358493766432e-06, 'epoch': 0.4}
{'loss': 0.4657, 'learning_rate': 2.400814180307014e-06, 'epoch': 0.4}
{'loss': 0.7576, 'learning_rate': 2.398269866847596e-06, 'epoch': 0.4}
{'loss': 0.3685, 'learning_rate': 2.3957255533881775e-06, 'epoch': 0.41}
{'loss': 0.4906, 'learning_rate': 2.393181239928759e-06, 'epoch': 0.41}
{'loss': 0.6289, 'learning_rate': 2.3906369264693413e-06, 'epoch': 0.41}
{'loss': 0.2536, 'learning_rate': 2.388092613009923e-06, 'epoch': 0.41}
{'loss': 0.4565, 'learning_rate': 2.3855482995505048e-06, 'epoch': 0.41}
{'loss': 0.4601, 'learning_rate': 2.3830039860910867e-06, 'epoch': 0.41}
{'loss': 0.2616, 'learning_rate': 2.380459672631668e-06, 'epoch': 0.42}
{'loss': 0.7081, 'learning_rate': 2.37791535917225e-06, 'epoch': 0.42}
{'loss': 0.4195, 'learning_rate': 2.375371045712832e-06, 'epoch': 0.42}
{'loss': 0.3528, 'learning_rate': 2.3728267322534136e-06, 'epoch': 0.42}
{'loss': 0.5372, 'learning_rate': 2.3702824187939955e-06, 'epoch': 0.42}
{'eval_loss': 0.3610799312591553, 'eval_mse': 0.36639438120338574, 'eval_pearson': 0.2085804676224084, 'eval_spearman': 0.06302217592497389, 'eval_auroc': 0.5258035701608343, 'eval_runtime': 20.011, 'eval_samples_per_second': 1114.836, 'eval_steps_per_second': 17.44, 'epoch': 0.42}
{'loss': 0.4181, 'learning_rate': 2.367738105334577e-06, 'epoch': 0.42}
{'loss': 0.3243, 'learning_rate': 2.3651937918751594e-06, 'epoch': 0.43}
{'loss': 0.4236, 'learning_rate': 2.362649478415741e-06, 'epoch': 0.43}
{'loss': 0.9172, 'learning_rate': 2.3601051649563224e-06, 'epoch': 0.43}
{'loss': 0.5719, 'learning_rate': 2.3575608514969047e-06, 'epoch': 0.43}
{'loss': 0.4051, 'learning_rate': 2.3550165380374863e-06, 'epoch': 0.43}
{'loss': 0.4929, 'learning_rate': 2.352472224578068e-06, 'epoch': 0.44}
{'loss': 0.5167, 'learning_rate': 2.34992791111865e-06, 'epoch': 0.44}
{'loss': 0.4952, 'learning_rate': 2.3473835976592316e-06, 'epoch': 0.44}
{'loss': 0.409, 'learning_rate': 2.3448392841998136e-06, 'epoch': 0.44}
{'loss': 0.5215, 'learning_rate': 2.342294970740395e-06, 'epoch': 0.44}
{'loss': 0.5968, 'learning_rate': 2.339750657280977e-06, 'epoch': 0.44}
{'loss': 0.5462, 'learning_rate': 2.337206343821559e-06, 'epoch': 0.45}
{'loss': 0.5334, 'learning_rate': 2.3346620303621404e-06, 'epoch': 0.45}
{'loss': 0.5388, 'learning_rate': 2.3321177169027224e-06, 'epoch': 0.45}
{'loss': 0.4532, 'learning_rate': 2.3295734034433043e-06, 'epoch': 0.45}
{'loss': 0.4067, 'learning_rate': 2.327029089983886e-06, 'epoch': 0.45}
{'loss': 0.2777, 'learning_rate': 2.324484776524468e-06, 'epoch': 0.45}
{'loss': 0.429, 'learning_rate': 2.3219404630650497e-06, 'epoch': 0.46}
{'loss': 0.4968, 'learning_rate': 2.3193961496056316e-06, 'epoch': 0.46}
{'loss': 0.3333, 'learning_rate': 2.3168518361462135e-06, 'epoch': 0.46}
{'loss': 0.3612, 'learning_rate': 2.314307522686795e-06, 'epoch': 0.46}
{'loss': 0.2294, 'learning_rate': 2.311763209227377e-06, 'epoch': 0.46}
{'loss': 0.3918, 'learning_rate': 2.3092188957679585e-06, 'epoch': 0.46}
{'loss': 0.456, 'learning_rate': 2.3066745823085404e-06, 'epoch': 0.47}
{'eval_loss': 0.3636673092842102, 'eval_mse': 0.3687405754700585, 'eval_pearson': 0.2219916460714379, 'eval_spearman': 0.06171167840082055, 'eval_auroc': 0.5252940181322793, 'eval_runtime': 19.9797, 'eval_samples_per_second': 1116.581, 'eval_steps_per_second': 17.468, 'epoch': 0.47}
{'loss': 0.4779, 'learning_rate': 2.3041302688491224e-06, 'epoch': 0.47}
{'loss': 0.6854, 'learning_rate': 2.301585955389704e-06, 'epoch': 0.47}
{'loss': 0.4783, 'learning_rate': 2.299041641930286e-06, 'epoch': 0.47}
{'loss': 0.4225, 'learning_rate': 2.2964973284708677e-06, 'epoch': 0.47}
{'loss': 0.5371, 'learning_rate': 2.2939530150114492e-06, 'epoch': 0.47}
{'loss': 0.2704, 'learning_rate': 2.2914087015520316e-06, 'epoch': 0.48}
{'loss': 0.4876, 'learning_rate': 2.288864388092613e-06, 'epoch': 0.48}
{'loss': 0.2879, 'learning_rate': 2.2863200746331946e-06, 'epoch': 0.48}
{'loss': 0.5305, 'learning_rate': 2.2837757611737765e-06, 'epoch': 0.48}
{'loss': 0.6824, 'learning_rate': 2.2812314477143585e-06, 'epoch': 0.48}
{'loss': 0.4877, 'learning_rate': 2.2786871342549404e-06, 'epoch': 0.48}
{'loss': 0.4258, 'learning_rate': 2.276142820795522e-06, 'epoch': 0.49}
{'loss': 0.4523, 'learning_rate': 2.273598507336104e-06, 'epoch': 0.49}
{'loss': 0.3913, 'learning_rate': 2.2710541938766858e-06, 'epoch': 0.49}
{'loss': 0.462, 'learning_rate': 2.2685098804172673e-06, 'epoch': 0.49}
{'loss': 0.3511, 'learning_rate': 2.2659655669578492e-06, 'epoch': 0.49}
{'loss': 0.1916, 'learning_rate': 2.263421253498431e-06, 'epoch': 0.49}
{'loss': 0.4729, 'learning_rate': 2.2608769400390127e-06, 'epoch': 0.5}
{'loss': 0.6564, 'learning_rate': 2.258332626579595e-06, 'epoch': 0.5}
{'loss': 0.2544, 'learning_rate': 2.2557883131201765e-06, 'epoch': 0.5}
{'loss': 0.3975, 'learning_rate': 2.253243999660758e-06, 'epoch': 0.5}
{'loss': 0.3478, 'learning_rate': 2.25069968620134e-06, 'epoch': 0.5}
{'loss': 0.2177, 'learning_rate': 2.248155372741922e-06, 'epoch': 0.5}
{'loss': 0.4868, 'learning_rate': 2.245611059282504e-06, 'epoch': 0.51}
{'loss': 0.3785, 'learning_rate': 2.2430667458230853e-06, 'epoch': 0.51}
{'eval_loss': 0.36126041412353516, 'eval_mse': 0.3665953382813933, 'eval_pearson': 0.2259763789004314, 'eval_spearman': 0.06624971230889735, 'eval_auroc': 0.5277083455651016, 'eval_runtime': 19.9733, 'eval_samples_per_second': 1116.943, 'eval_steps_per_second': 17.473, 'epoch': 0.51}
{'loss': 0.4212, 'learning_rate': 2.2405224323636673e-06, 'epoch': 0.51}
{'loss': 0.4772, 'learning_rate': 2.237978118904249e-06, 'epoch': 0.51}
{'loss': 0.3563, 'learning_rate': 2.2354338054448307e-06, 'epoch': 0.51}
{'loss': 0.5881, 'learning_rate': 2.2328894919854127e-06, 'epoch': 0.51}
{'loss': 0.647, 'learning_rate': 2.2303451785259946e-06, 'epoch': 0.52}
{'loss': 0.5067, 'learning_rate': 2.227800865066576e-06, 'epoch': 0.52}
{'loss': 0.4834, 'learning_rate': 2.225256551607158e-06, 'epoch': 0.52}
{'loss': 0.2639, 'learning_rate': 2.22271223814774e-06, 'epoch': 0.52}
{'loss': 0.6344, 'learning_rate': 2.2201679246883215e-06, 'epoch': 0.52}
{'loss': 0.4045, 'learning_rate': 2.2176236112289034e-06, 'epoch': 0.52}
{'loss': 0.3998, 'learning_rate': 2.2150792977694853e-06, 'epoch': 0.53}
{'loss': 0.4715, 'learning_rate': 2.2125349843100673e-06, 'epoch': 0.53}
{'loss': 0.3417, 'learning_rate': 2.2099906708506488e-06, 'epoch': 0.53}
{'loss': 0.7577, 'learning_rate': 2.2074463573912307e-06, 'epoch': 0.53}
{'loss': 0.6015, 'learning_rate': 2.2049020439318126e-06, 'epoch': 0.53}
{'loss': 0.5582, 'learning_rate': 2.202357730472394e-06, 'epoch': 0.53}
{'loss': 0.4604, 'learning_rate': 2.199813417012976e-06, 'epoch': 0.54}
{'loss': 0.5406, 'learning_rate': 2.197269103553558e-06, 'epoch': 0.54}
{'loss': 0.5079, 'learning_rate': 2.1947247900941395e-06, 'epoch': 0.54}
{'loss': 0.542, 'learning_rate': 2.1921804766347215e-06, 'epoch': 0.54}
{'loss': 0.5367, 'learning_rate': 2.1896361631753034e-06, 'epoch': 0.54}
{'loss': 0.3796, 'learning_rate': 2.187091849715885e-06, 'epoch': 0.55}
{'loss': 0.9322, 'learning_rate': 2.184547536256467e-06, 'epoch': 0.55}
{'loss': 0.3168, 'learning_rate': 2.1820032227970488e-06, 'epoch': 0.55}
{'loss': 0.574, 'learning_rate': 2.1794589093376307e-06, 'epoch': 0.55}
{'eval_loss': 0.3600018620491028, 'eval_mse': 0.3654132571125068, 'eval_pearson': 0.22571437299198585, 'eval_spearman': 0.06876376337655585, 'eval_auroc': 0.5288791101178892, 'eval_runtime': 19.9839, 'eval_samples_per_second': 1116.35, 'eval_steps_per_second': 17.464, 'epoch': 0.55}
{'loss': 0.4456, 'learning_rate': 2.176914595878212e-06, 'epoch': 0.55}
{'loss': 0.6266, 'learning_rate': 2.174370282418794e-06, 'epoch': 0.55}
{'loss': 0.4284, 'learning_rate': 2.171825968959376e-06, 'epoch': 0.56}
{'loss': 0.4338, 'learning_rate': 2.1692816554999576e-06, 'epoch': 0.56}
{'loss': 0.2453, 'learning_rate': 2.1667373420405395e-06, 'epoch': 0.56}
{'loss': 0.3434, 'learning_rate': 2.1641930285811214e-06, 'epoch': 0.56}
{'loss': 0.3275, 'learning_rate': 2.161648715121703e-06, 'epoch': 0.56}
{'loss': 0.4113, 'learning_rate': 2.159104401662285e-06, 'epoch': 0.56}
{'loss': 0.3792, 'learning_rate': 2.156560088202867e-06, 'epoch': 0.57}
{'loss': 0.705, 'learning_rate': 2.1540157747434483e-06, 'epoch': 0.57}
{'loss': 0.3226, 'learning_rate': 2.1514714612840303e-06, 'epoch': 0.57}
{'loss': 0.5438, 'learning_rate': 2.148927147824612e-06, 'epoch': 0.57}
{'loss': 0.5058, 'learning_rate': 2.1463828343651937e-06, 'epoch': 0.57}
{'loss': 0.6912, 'learning_rate': 2.1438385209057756e-06, 'epoch': 0.57}
{'loss': 0.4518, 'learning_rate': 2.141294207446357e-06, 'epoch': 0.58}
{'loss': 0.3505, 'learning_rate': 2.1387498939869395e-06, 'epoch': 0.58}
{'loss': 0.496, 'learning_rate': 2.136205580527521e-06, 'epoch': 0.58}
{'loss': 0.4349, 'learning_rate': 2.1336612670681025e-06, 'epoch': 0.58}
{'loss': 0.4, 'learning_rate': 2.131116953608685e-06, 'epoch': 0.58}
{'loss': 0.289, 'learning_rate': 2.1285726401492664e-06, 'epoch': 0.58}
{'loss': 0.4533, 'learning_rate': 2.1260283266898483e-06, 'epoch': 0.59}
{'loss': 0.4574, 'learning_rate': 2.1234840132304302e-06, 'epoch': 0.59}
{'loss': 0.2665, 'learning_rate': 2.1209396997710117e-06, 'epoch': 0.59}
{'loss': 0.2366, 'learning_rate': 2.1183953863115937e-06, 'epoch': 0.59}
{'loss': 0.5256, 'learning_rate': 2.1158510728521756e-06, 'epoch': 0.59}
{'eval_loss': 0.35919907689094543, 'eval_mse': 0.3646115925851521, 'eval_pearson': 0.2210211023749198, 'eval_spearman': 0.06981406749861549, 'eval_auroc': 0.5296600119884356, 'eval_runtime': 19.9855, 'eval_samples_per_second': 1116.257, 'eval_steps_per_second': 17.463, 'epoch': 0.59}
{'loss': 0.3341, 'learning_rate': 2.113306759392757e-06, 'epoch': 0.59}
{'loss': 0.4305, 'learning_rate': 2.110762445933339e-06, 'epoch': 0.6}
{'loss': 0.2882, 'learning_rate': 2.1082181324739206e-06, 'epoch': 0.6}
{'loss': 0.5071, 'learning_rate': 2.105673819014503e-06, 'epoch': 0.6}
{'loss': 0.7439, 'learning_rate': 2.1031295055550844e-06, 'epoch': 0.6}
{'loss': 0.4256, 'learning_rate': 2.100585192095666e-06, 'epoch': 0.6}
{'loss': 0.357, 'learning_rate': 2.0980408786362483e-06, 'epoch': 0.6}
{'loss': 0.4362, 'learning_rate': 2.09549656517683e-06, 'epoch': 0.61}
{'loss': 0.3818, 'learning_rate': 2.0929522517174117e-06, 'epoch': 0.61}
{'loss': 0.5574, 'learning_rate': 2.0904079382579937e-06, 'epoch': 0.61}
{'loss': 0.4032, 'learning_rate': 2.087863624798575e-06, 'epoch': 0.61}
{'loss': 0.159, 'learning_rate': 2.085319311339157e-06, 'epoch': 0.61}
{'loss': 0.2822, 'learning_rate': 2.0827749978797386e-06, 'epoch': 0.61}
{'loss': 0.3397, 'learning_rate': 2.0802306844203205e-06, 'epoch': 0.62}
{'loss': 0.342, 'learning_rate': 2.0776863709609025e-06, 'epoch': 0.62}
{'loss': 0.2673, 'learning_rate': 2.075142057501484e-06, 'epoch': 0.62}
{'loss': 0.5345, 'learning_rate': 2.0725977440420663e-06, 'epoch': 0.62}
{'loss': 0.4925, 'learning_rate': 2.070053430582648e-06, 'epoch': 0.62}
{'loss': 0.3261, 'learning_rate': 2.0675091171232294e-06, 'epoch': 0.62}
{'loss': 0.5373, 'learning_rate': 2.0649648036638117e-06, 'epoch': 0.63}
{'loss': 0.5428, 'learning_rate': 2.0624204902043932e-06, 'epoch': 0.63}
{'loss': 0.6443, 'learning_rate': 2.059876176744975e-06, 'epoch': 0.63}
{'loss': 0.4755, 'learning_rate': 2.0573318632855567e-06, 'epoch': 0.63}
{'loss': 0.4408, 'learning_rate': 2.0547875498261386e-06, 'epoch': 0.63}
{'loss': 0.2049, 'learning_rate': 2.0522432363667205e-06, 'epoch': 0.63}
{'eval_loss': 0.35947591066360474, 'eval_mse': 0.36491061154409693, 'eval_pearson': 0.2331347231086935, 'eval_spearman': 0.06909990904414144, 'eval_auroc': 0.5289314243464134, 'eval_runtime': 19.9752, 'eval_samples_per_second': 1116.833, 'eval_steps_per_second': 17.472, 'epoch': 0.63}
{'loss': 0.371, 'learning_rate': 2.049698922907302e-06, 'epoch': 0.64}
{'loss': 0.8106, 'learning_rate': 2.047154609447884e-06, 'epoch': 0.64}
{'loss': 0.367, 'learning_rate': 2.044610295988466e-06, 'epoch': 0.64}
{'loss': 0.3858, 'learning_rate': 2.0420659825290474e-06, 'epoch': 0.64}
{'loss': 0.6308, 'learning_rate': 2.0395216690696298e-06, 'epoch': 0.64}
{'loss': 0.5916, 'learning_rate': 2.0369773556102113e-06, 'epoch': 0.64}
{'loss': 0.4332, 'learning_rate': 2.0344330421507928e-06, 'epoch': 0.65}
{'loss': 0.5441, 'learning_rate': 2.031888728691375e-06, 'epoch': 0.65}
{'loss': 0.2643, 'learning_rate': 2.0293444152319567e-06, 'epoch': 0.65}
{'loss': 0.4241, 'learning_rate': 2.0268001017725386e-06, 'epoch': 0.65}
{'loss': 0.4785, 'learning_rate': 2.02425578831312e-06, 'epoch': 0.65}
{'loss': 0.8442, 'learning_rate': 2.021711474853702e-06, 'epoch': 0.66}
{'loss': 0.4557, 'learning_rate': 2.019167161394284e-06, 'epoch': 0.66}
{'loss': 0.3677, 'learning_rate': 2.0166228479348655e-06, 'epoch': 0.66}
{'loss': 0.3451, 'learning_rate': 2.0140785344754474e-06, 'epoch': 0.66}
{'loss': 0.4844, 'learning_rate': 2.0115342210160293e-06, 'epoch': 0.66}
{'loss': 0.5317, 'learning_rate': 2.008989907556611e-06, 'epoch': 0.66}
{'loss': 0.5491, 'learning_rate': 2.0064455940971928e-06, 'epoch': 0.67}
{'loss': 0.3592, 'learning_rate': 2.0039012806377747e-06, 'epoch': 0.67}
{'loss': 0.6428, 'learning_rate': 2.0013569671783562e-06, 'epoch': 0.67}
{'loss': 0.6505, 'learning_rate': 1.998812653718938e-06, 'epoch': 0.67}
{'loss': 0.705, 'learning_rate': 1.99626834025952e-06, 'epoch': 0.67}
{'loss': 0.3647, 'learning_rate': 1.9937240268001016e-06, 'epoch': 0.67}
{'loss': 0.4591, 'learning_rate': 1.9911797133406835e-06, 'epoch': 0.68}
{'loss': 0.2979, 'learning_rate': 1.9886353998812655e-06, 'epoch': 0.68}
{'eval_loss': 0.35745614767074585, 'eval_mse': 0.36306273080433116, 'eval_pearson': 0.23648278114615637, 'eval_spearman': 0.06840367007457532, 'eval_auroc': 0.5277307273842214, 'eval_runtime': 19.9588, 'eval_samples_per_second': 1117.754, 'eval_steps_per_second': 17.486, 'epoch': 0.68}
{'loss': 0.4377, 'learning_rate': 1.9860910864218474e-06, 'epoch': 0.68}
{'loss': 0.5683, 'learning_rate': 1.983546772962429e-06, 'epoch': 0.68}
{'loss': 0.7404, 'learning_rate': 1.981002459503011e-06, 'epoch': 0.68}
{'loss': 0.626, 'learning_rate': 1.9784581460435928e-06, 'epoch': 0.68}
{'loss': 0.7833, 'learning_rate': 1.9759138325841743e-06, 'epoch': 0.69}
{'loss': 0.5901, 'learning_rate': 1.973369519124756e-06, 'epoch': 0.69}
{'loss': 0.4703, 'learning_rate': 1.970825205665338e-06, 'epoch': 0.69}
{'loss': 0.4204, 'learning_rate': 1.9682808922059196e-06, 'epoch': 0.69}
{'loss': 0.28, 'learning_rate': 1.9657365787465016e-06, 'epoch': 0.69}
{'loss': 0.3061, 'learning_rate': 1.9631922652870835e-06, 'epoch': 0.69}
{'loss': 0.5563, 'learning_rate': 1.960647951827665e-06, 'epoch': 0.7}
{'loss': 0.3166, 'learning_rate': 1.958103638368247e-06, 'epoch': 0.7}
{'loss': 0.4217, 'learning_rate': 1.955559324908829e-06, 'epoch': 0.7}
{'loss': 0.525, 'learning_rate': 1.953015011449411e-06, 'epoch': 0.7}
{'loss': 0.6481, 'learning_rate': 1.9504706979899923e-06, 'epoch': 0.7}
{'loss': 0.9355, 'learning_rate': 1.9479263845305743e-06, 'epoch': 0.7}
{'loss': 0.465, 'learning_rate': 1.945382071071156e-06, 'epoch': 0.71}
{'loss': 0.415, 'learning_rate': 1.9428377576117377e-06, 'epoch': 0.71}
{'loss': 0.3122, 'learning_rate': 1.9402934441523196e-06, 'epoch': 0.71}
{'loss': 0.4037, 'learning_rate': 1.9377491306929016e-06, 'epoch': 0.71}
{'loss': 0.2728, 'learning_rate': 1.935204817233483e-06, 'epoch': 0.71}
{'loss': 0.2399, 'learning_rate': 1.932660503774065e-06, 'epoch': 0.71}
{'loss': 0.4083, 'learning_rate': 1.930116190314647e-06, 'epoch': 0.72}
{'loss': 0.2545, 'learning_rate': 1.9275718768552284e-06, 'epoch': 0.72}
{'loss': 0.5378, 'learning_rate': 1.9250275633958104e-06, 'epoch': 0.72}
{'eval_loss': 0.3577742278575897, 'eval_mse': 0.3633658977998128, 'eval_pearson': 0.24211439167763144, 'eval_spearman': 0.0682031940491882, 'eval_auroc': 0.527339103972015, 'eval_runtime': 19.9674, 'eval_samples_per_second': 1117.271, 'eval_steps_per_second': 17.478, 'epoch': 0.72}
{'loss': 0.4358, 'learning_rate': 1.9224832499363923e-06, 'epoch': 0.72}
{'loss': 0.5458, 'learning_rate': 1.9199389364769742e-06, 'epoch': 0.72}
{'loss': 0.3387, 'learning_rate': 1.9173946230175557e-06, 'epoch': 0.72}
{'loss': 0.7638, 'learning_rate': 1.9148503095581373e-06, 'epoch': 0.73}
{'loss': 0.3044, 'learning_rate': 1.9123059960987196e-06, 'epoch': 0.73}
{'loss': 0.311, 'learning_rate': 1.909761682639301e-06, 'epoch': 0.73}
{'loss': 0.3059, 'learning_rate': 1.9072173691798828e-06, 'epoch': 0.73}
{'loss': 0.51, 'learning_rate': 1.904673055720465e-06, 'epoch': 0.73}
{'loss': 0.4456, 'learning_rate': 1.9021287422610467e-06, 'epoch': 0.73}
{'loss': 0.6581, 'learning_rate': 1.8995844288016282e-06, 'epoch': 0.74}
{'loss': 0.4437, 'learning_rate': 1.8970401153422104e-06, 'epoch': 0.74}
{'loss': 0.3036, 'learning_rate': 1.894495801882792e-06, 'epoch': 0.74}
{'loss': 0.5679, 'learning_rate': 1.8919514884233738e-06, 'epoch': 0.74}
{'loss': 0.3145, 'learning_rate': 1.8894071749639557e-06, 'epoch': 0.74}
{'loss': 0.748, 'learning_rate': 1.8868628615045374e-06, 'epoch': 0.74}
{'loss': 0.3552, 'learning_rate': 1.8843185480451192e-06, 'epoch': 0.75}
{'loss': 0.4507, 'learning_rate': 1.8817742345857009e-06, 'epoch': 0.75}
{'loss': 0.5326, 'learning_rate': 1.8792299211262828e-06, 'epoch': 0.75}
{'loss': 0.6165, 'learning_rate': 1.8766856076668645e-06, 'epoch': 0.75}
{'loss': 0.582, 'learning_rate': 1.8741412942074463e-06, 'epoch': 0.75}
{'loss': 0.4596, 'learning_rate': 1.8715969807480284e-06, 'epoch': 0.75}
{'loss': 0.3699, 'learning_rate': 1.86905266728861e-06, 'epoch': 0.76}
{'loss': 0.5076, 'learning_rate': 1.8665083538291916e-06, 'epoch': 0.76}
{'loss': 0.3136, 'learning_rate': 1.8639640403697738e-06, 'epoch': 0.76}
{'loss': 0.7892, 'learning_rate': 1.8614197269103555e-06, 'epoch': 0.76}
{'eval_loss': 0.35757115483283997, 'eval_mse': 0.36309590196091135, 'eval_pearson': 0.24549418137742804, 'eval_spearman': 0.06969943595532685, 'eval_auroc': 0.5280662290397184, 'eval_runtime': 19.9729, 'eval_samples_per_second': 1116.961, 'eval_steps_per_second': 17.474, 'epoch': 0.76}
{'loss': 0.467, 'learning_rate': 1.8588754134509372e-06, 'epoch': 0.76}
{'loss': 0.5623, 'learning_rate': 1.856331099991519e-06, 'epoch': 0.77}
{'loss': 0.2483, 'learning_rate': 1.8537867865321009e-06, 'epoch': 0.77}
{'loss': 0.2517, 'learning_rate': 1.8512424730726826e-06, 'epoch': 0.77}
{'loss': 0.3476, 'learning_rate': 1.8486981596132643e-06, 'epoch': 0.77}
{'loss': 0.2565, 'learning_rate': 1.8461538461538462e-06, 'epoch': 0.77}
{'loss': 0.3719, 'learning_rate': 1.843609532694428e-06, 'epoch': 0.77}
{'loss': 0.5894, 'learning_rate': 1.8410652192350097e-06, 'epoch': 0.78}
{'loss': 0.2549, 'learning_rate': 1.8385209057755918e-06, 'epoch': 0.78}
{'loss': 0.5852, 'learning_rate': 1.8359765923161733e-06, 'epoch': 0.78}
{'loss': 0.412, 'learning_rate': 1.833432278856755e-06, 'epoch': 0.78}
{'loss': 0.724, 'learning_rate': 1.8308879653973372e-06, 'epoch': 0.78}
{'loss': 0.5099, 'learning_rate': 1.828343651937919e-06, 'epoch': 0.78}
{'loss': 0.3947, 'learning_rate': 1.8257993384785006e-06, 'epoch': 0.79}
{'loss': 0.5176, 'learning_rate': 1.8232550250190822e-06, 'epoch': 0.79}
{'loss': 0.3262, 'learning_rate': 1.8207107115596643e-06, 'epoch': 0.79}
{'loss': 0.3829, 'learning_rate': 1.818166398100246e-06, 'epoch': 0.79}
{'loss': 0.4437, 'learning_rate': 1.8156220846408277e-06, 'epoch': 0.79}
{'loss': 0.2424, 'learning_rate': 1.8130777711814097e-06, 'epoch': 0.79}
{'loss': 0.4381, 'learning_rate': 1.8105334577219914e-06, 'epoch': 0.8}
{'loss': 0.4993, 'learning_rate': 1.8079891442625731e-06, 'epoch': 0.8}
{'loss': 0.386, 'learning_rate': 1.805444830803155e-06, 'epoch': 0.8}
{'loss': 0.3809, 'learning_rate': 1.8029005173437368e-06, 'epoch': 0.8}
{'loss': 0.4678, 'learning_rate': 1.8003562038843185e-06, 'epoch': 0.8}
{'loss': 0.3831, 'learning_rate': 1.7978118904249002e-06, 'epoch': 0.8}
{'eval_loss': 0.3567712903022766, 'eval_mse': 0.362478828808008, 'eval_pearson': 0.23175159053868685, 'eval_spearman': 0.07041388163904902, 'eval_auroc': 0.5282930368456396, 'eval_runtime': 19.9707, 'eval_samples_per_second': 1117.085, 'eval_steps_per_second': 17.476, 'epoch': 0.8}
{'loss': 0.5981, 'learning_rate': 1.7952675769654824e-06, 'epoch': 0.81}
{'loss': 0.2076, 'learning_rate': 1.7927232635060639e-06, 'epoch': 0.81}
{'loss': 0.3741, 'learning_rate': 1.7901789500466456e-06, 'epoch': 0.81}
{'loss': 0.4272, 'learning_rate': 1.7876346365872277e-06, 'epoch': 0.81}
{'loss': 0.8471, 'learning_rate': 1.7850903231278094e-06, 'epoch': 0.81}
{'loss': 0.4655, 'learning_rate': 1.7825460096683912e-06, 'epoch': 0.81}
{'loss': 0.9467, 'learning_rate': 1.780001696208973e-06, 'epoch': 0.82}
{'loss': 0.336, 'learning_rate': 1.7774573827495548e-06, 'epoch': 0.82}
{'loss': 0.3773, 'learning_rate': 1.7749130692901365e-06, 'epoch': 0.82}
{'loss': 0.5519, 'learning_rate': 1.7723687558307183e-06, 'epoch': 0.82}
{'loss': 0.3195, 'learning_rate': 1.7698244423713002e-06, 'epoch': 0.82}
{'loss': 0.5298, 'learning_rate': 1.767280128911882e-06, 'epoch': 0.82}
{'loss': 0.3874, 'learning_rate': 1.7647358154524636e-06, 'epoch': 0.83}
{'loss': 0.2749, 'learning_rate': 1.7621915019930458e-06, 'epoch': 0.83}
{'loss': 0.5363, 'learning_rate': 1.7596471885336273e-06, 'epoch': 0.83}
{'loss': 0.4405, 'learning_rate': 1.757102875074209e-06, 'epoch': 0.83}
{'loss': 0.2493, 'learning_rate': 1.7545585616147912e-06, 'epoch': 0.83}
{'loss': 0.4039, 'learning_rate': 1.7520142481553729e-06, 'epoch': 0.83}
{'loss': 0.2701, 'learning_rate': 1.7494699346959546e-06, 'epoch': 0.84}
{'loss': 0.3005, 'learning_rate': 1.7469256212365365e-06, 'epoch': 0.84}
{'loss': 0.3173, 'learning_rate': 1.7443813077771182e-06, 'epoch': 0.84}
{'loss': 0.4347, 'learning_rate': 1.7418369943177e-06, 'epoch': 0.84}
{'loss': 0.6615, 'learning_rate': 1.7392926808582817e-06, 'epoch': 0.84}
{'loss': 0.4454, 'learning_rate': 1.7367483673988636e-06, 'epoch': 0.84}
{'loss': 0.4436, 'learning_rate': 1.7342040539394453e-06, 'epoch': 0.85}
{'eval_loss': 0.35561755299568176, 'eval_mse': 0.36140865648372245, 'eval_pearson': 0.24110521897205278, 'eval_spearman': 0.07025612179835392, 'eval_auroc': 0.5287913274548537, 'eval_runtime': 19.9721, 'eval_samples_per_second': 1117.007, 'eval_steps_per_second': 17.474, 'epoch': 0.85}
{'loss': 0.7741, 'learning_rate': 1.731659740480027e-06, 'epoch': 0.85}
{'loss': 0.4473, 'learning_rate': 1.729115427020609e-06, 'epoch': 0.85}
{'loss': 0.3315, 'learning_rate': 1.7265711135611907e-06, 'epoch': 0.85}
{'loss': 0.3967, 'learning_rate': 1.7240268001017724e-06, 'epoch': 0.85}
{'loss': 0.5033, 'learning_rate': 1.7214824866423546e-06, 'epoch': 0.85}
{'loss': 0.4064, 'learning_rate': 1.7189381731829363e-06, 'epoch': 0.86}
{'loss': 0.4464, 'learning_rate': 1.716393859723518e-06, 'epoch': 0.86}
{'loss': 0.4829, 'learning_rate': 1.7138495462640995e-06, 'epoch': 0.86}
{'loss': 0.6284, 'learning_rate': 1.7113052328046817e-06, 'epoch': 0.86}
{'loss': 0.5583, 'learning_rate': 1.7087609193452634e-06, 'epoch': 0.86}
{'loss': 0.6336, 'learning_rate': 1.7062166058858451e-06, 'epoch': 0.86}
{'loss': 0.3103, 'learning_rate': 1.703672292426427e-06, 'epoch': 0.87}
{'loss': 0.4091, 'learning_rate': 1.7011279789670088e-06, 'epoch': 0.87}
{'loss': 0.4855, 'learning_rate': 1.6985836655075905e-06, 'epoch': 0.87}
{'loss': 0.352, 'learning_rate': 1.6960393520481724e-06, 'epoch': 0.87}
{'loss': 0.3518, 'learning_rate': 1.6934950385887541e-06, 'epoch': 0.87}
{'loss': 0.232, 'learning_rate': 1.6909507251293359e-06, 'epoch': 0.88}
{'loss': 0.2918, 'learning_rate': 1.688406411669918e-06, 'epoch': 0.88}
{'loss': 0.2878, 'learning_rate': 1.6858620982104997e-06, 'epoch': 0.88}
{'loss': 0.4332, 'learning_rate': 1.6833177847510812e-06, 'epoch': 0.88}
{'loss': 0.2566, 'learning_rate': 1.680773471291663e-06, 'epoch': 0.88}
{'loss': 0.313, 'learning_rate': 1.678229157832245e-06, 'epoch': 0.88}
{'loss': 0.4403, 'learning_rate': 1.6756848443728268e-06, 'epoch': 0.89}
{'loss': 0.5236, 'learning_rate': 1.6731405309134085e-06, 'epoch': 0.89}
{'loss': 0.4388, 'learning_rate': 1.6705962174539905e-06, 'epoch': 0.89}
{'eval_loss': 0.35551953315734863, 'eval_mse': 0.3613041419084338, 'eval_pearson': 0.24517418791327433, 'eval_spearman': 0.07155808954218128, 'eval_auroc': 0.5293522670119513, 'eval_runtime': 19.9844, 'eval_samples_per_second': 1116.32, 'eval_steps_per_second': 17.464, 'epoch': 0.89}
{'loss': 0.4694, 'learning_rate': 1.6680519039945722e-06, 'epoch': 0.89}
{'loss': 0.2734, 'learning_rate': 1.665507590535154e-06, 'epoch': 0.89}
{'loss': 0.4283, 'learning_rate': 1.6629632770757358e-06, 'epoch': 0.89}
{'loss': 0.3313, 'learning_rate': 1.6604189636163176e-06, 'epoch': 0.9}
{'loss': 0.3517, 'learning_rate': 1.6578746501568993e-06, 'epoch': 0.9}
{'loss': 0.3811, 'learning_rate': 1.655330336697481e-06, 'epoch': 0.9}
{'loss': 0.5605, 'learning_rate': 1.6527860232380632e-06, 'epoch': 0.9}
{'loss': 0.5117, 'learning_rate': 1.6502417097786447e-06, 'epoch': 0.9}
{'loss': 0.3992, 'learning_rate': 1.6476973963192264e-06, 'epoch': 0.9}
{'loss': 0.3534, 'learning_rate': 1.6451530828598085e-06, 'epoch': 0.91}
{'loss': 0.3778, 'learning_rate': 1.6426087694003902e-06, 'epoch': 0.91}
{'loss': 0.2704, 'learning_rate': 1.640064455940972e-06, 'epoch': 0.91}
{'loss': 0.5034, 'learning_rate': 1.637520142481554e-06, 'epoch': 0.91}
{'loss': 0.3111, 'learning_rate': 1.6349758290221356e-06, 'epoch': 0.91}
{'loss': 0.3471, 'learning_rate': 1.6324315155627173e-06, 'epoch': 0.91}
{'loss': 0.4077, 'learning_rate': 1.6298872021032993e-06, 'epoch': 0.92}
{'loss': 0.3361, 'learning_rate': 1.627342888643881e-06, 'epoch': 0.92}
{'loss': 0.3242, 'learning_rate': 1.6247985751844627e-06, 'epoch': 0.92}
{'loss': 0.4727, 'learning_rate': 1.6222542617250444e-06, 'epoch': 0.92}
{'loss': 0.4497, 'learning_rate': 1.6197099482656264e-06, 'epoch': 0.92}
{'loss': 0.2813, 'learning_rate': 1.617165634806208e-06, 'epoch': 0.92}
{'loss': 0.314, 'learning_rate': 1.6146213213467898e-06, 'epoch': 0.93}
{'loss': 0.4612, 'learning_rate': 1.612077007887372e-06, 'epoch': 0.93}
{'loss': 0.2932, 'learning_rate': 1.6095326944279537e-06, 'epoch': 0.93}
{'loss': 0.4063, 'learning_rate': 1.6069883809685352e-06, 'epoch': 0.93}
{'eval_loss': 0.3553861677646637, 'eval_mse': 0.3610985324321385, 'eval_pearson': 0.2456425892867535, 'eval_spearman': 0.07295288873092425, 'eval_auroc': 0.5303633450413952, 'eval_runtime': 19.9906, 'eval_samples_per_second': 1115.972, 'eval_steps_per_second': 17.458, 'epoch': 0.93}
{'loss': 0.4225, 'learning_rate': 1.6044440675091173e-06, 'epoch': 0.93}
{'loss': 0.7126, 'learning_rate': 1.601899754049699e-06, 'epoch': 0.93}
{'loss': 0.5971, 'learning_rate': 1.5993554405902808e-06, 'epoch': 0.94}
{'loss': 0.7724, 'learning_rate': 1.5968111271308625e-06, 'epoch': 0.94}
{'loss': 0.4346, 'learning_rate': 1.5942668136714444e-06, 'epoch': 0.94}
{'loss': 0.4513, 'learning_rate': 1.5917225002120261e-06, 'epoch': 0.94}
{'loss': 0.386, 'learning_rate': 1.5891781867526079e-06, 'epoch': 0.94}
{'loss': 0.5685, 'learning_rate': 1.5866338732931898e-06, 'epoch': 0.94}
{'loss': 0.2838, 'learning_rate': 1.5840895598337715e-06, 'epoch': 0.95}
{'loss': 0.3346, 'learning_rate': 1.5815452463743532e-06, 'epoch': 0.95}
{'loss': 0.7471, 'learning_rate': 1.5790009329149354e-06, 'epoch': 0.95}
{'loss': 0.3533, 'learning_rate': 1.576456619455517e-06, 'epoch': 0.95}
{'loss': 0.6556, 'learning_rate': 1.5739123059960986e-06, 'epoch': 0.95}
{'loss': 0.4475, 'learning_rate': 1.5713679925366803e-06, 'epoch': 0.95}
{'loss': 0.7143, 'learning_rate': 1.5688236790772625e-06, 'epoch': 0.96}
{'loss': 0.4465, 'learning_rate': 1.5662793656178442e-06, 'epoch': 0.96}
{'loss': 0.4851, 'learning_rate': 1.563735052158426e-06, 'epoch': 0.96}
{'loss': 0.506, 'learning_rate': 1.5611907386990078e-06, 'epoch': 0.96}
{'loss': 0.5927, 'learning_rate': 1.5586464252395896e-06, 'epoch': 0.96}
{'loss': 0.3707, 'learning_rate': 1.5561021117801713e-06, 'epoch': 0.96}
{'loss': 0.2852, 'learning_rate': 1.5535577983207532e-06, 'epoch': 0.97}
{'loss': 0.5581, 'learning_rate': 1.551013484861335e-06, 'epoch': 0.97}
{'loss': 0.2246, 'learning_rate': 1.5484691714019167e-06, 'epoch': 0.97}
{'loss': 0.296, 'learning_rate': 1.5459248579424988e-06, 'epoch': 0.97}
{'loss': 0.3161, 'learning_rate': 1.5433805444830803e-06, 'epoch': 0.97}
{'eval_loss': 0.35518428683280945, 'eval_mse': 0.3609535916125653, 'eval_pearson': 0.24028293964826017, 'eval_spearman': 0.07279540791656064, 'eval_auroc': 0.5297026281001962, 'eval_runtime': 19.9757, 'eval_samples_per_second': 1116.807, 'eval_steps_per_second': 17.471, 'epoch': 0.97}
{'loss': 0.3169, 'learning_rate': 1.540836231023662e-06, 'epoch': 0.97}
{'loss': 0.4192, 'learning_rate': 1.5382919175642438e-06, 'epoch': 0.98}
{'loss': 0.3869, 'learning_rate': 1.535747604104826e-06, 'epoch': 0.98}
{'loss': 0.3744, 'learning_rate': 1.5332032906454076e-06, 'epoch': 0.98}
{'loss': 0.4287, 'learning_rate': 1.5306589771859893e-06, 'epoch': 0.98}
{'loss': 0.516, 'learning_rate': 1.5281146637265713e-06, 'epoch': 0.98}
{'loss': 0.4442, 'learning_rate': 1.525570350267153e-06, 'epoch': 0.99}
{'loss': 0.3974, 'learning_rate': 1.5230260368077347e-06, 'epoch': 0.99}
{'loss': 0.7242, 'learning_rate': 1.5204817233483166e-06, 'epoch': 0.99}
{'loss': 0.6062, 'learning_rate': 1.5179374098888984e-06, 'epoch': 0.99}
{'loss': 0.5927, 'learning_rate': 1.51539309642948e-06, 'epoch': 0.99}
{'loss': 0.5318, 'learning_rate': 1.5128487829700618e-06, 'epoch': 0.99}
{'loss': 0.392, 'learning_rate': 1.5103044695106437e-06, 'epoch': 1.0}
{'loss': 0.8315, 'learning_rate': 1.5077601560512255e-06, 'epoch': 1.0}
{'loss': 0.6109, 'learning_rate': 1.5052158425918072e-06, 'epoch': 1.0}
{'loss': 0.3767, 'learning_rate': 1.5026715291323893e-06, 'epoch': 1.0}
{'loss': 0.3449, 'learning_rate': 1.500127215672971e-06, 'epoch': 1.0}
{'loss': 0.4279, 'learning_rate': 1.4975829022135528e-06, 'epoch': 1.0}
{'loss': 0.5285, 'learning_rate': 1.4950385887541345e-06, 'epoch': 1.01}
{'loss': 0.6066, 'learning_rate': 1.4924942752947164e-06, 'epoch': 1.01}
{'loss': 0.3021, 'learning_rate': 1.4899499618352981e-06, 'epoch': 1.01}
{'loss': 0.5788, 'learning_rate': 1.4874056483758799e-06, 'epoch': 1.01}
{'loss': 0.8301, 'learning_rate': 1.4848613349164618e-06, 'epoch': 1.01}
{'loss': 0.2562, 'learning_rate': 1.4823170214570435e-06, 'epoch': 1.01}
{'loss': 0.2153, 'learning_rate': 1.4797727079976254e-06, 'epoch': 1.02}
{'eval_loss': 0.35504788160324097, 'eval_mse': 0.36077713919795346, 'eval_pearson': 0.24633555343159225, 'eval_spearman': 0.07394780637485966, 'eval_auroc': 0.5299489651009461, 'eval_runtime': 20.0092, 'eval_samples_per_second': 1114.936, 'eval_steps_per_second': 17.442, 'epoch': 1.02}
{'loss': 0.6141, 'learning_rate': 1.4772283945382072e-06, 'epoch': 1.02}
{'loss': 0.358, 'learning_rate': 1.4746840810787889e-06, 'epoch': 1.02}
{'loss': 0.3977, 'learning_rate': 1.4721397676193708e-06, 'epoch': 1.02}
{'loss': 0.8581, 'learning_rate': 1.4695954541599525e-06, 'epoch': 1.02}
{'loss': 0.7421, 'learning_rate': 1.4670511407005343e-06, 'epoch': 1.02}
{'loss': 0.4804, 'learning_rate': 1.464506827241116e-06, 'epoch': 1.03}
{'loss': 0.5011, 'learning_rate': 1.461962513781698e-06, 'epoch': 1.03}
{'loss': 0.538, 'learning_rate': 1.4594182003222798e-06, 'epoch': 1.03}
{'loss': 0.5051, 'learning_rate': 1.4568738868628616e-06, 'epoch': 1.03}
{'loss': 0.32, 'learning_rate': 1.4543295734034433e-06, 'epoch': 1.03}
{'loss': 0.4165, 'learning_rate': 1.4517852599440252e-06, 'epoch': 1.03}
{'loss': 0.2931, 'learning_rate': 1.449240946484607e-06, 'epoch': 1.04}
{'loss': 0.4287, 'learning_rate': 1.4466966330251889e-06, 'epoch': 1.04}
{'loss': 0.4905, 'learning_rate': 1.4441523195657704e-06, 'epoch': 1.04}
{'loss': 0.4594, 'learning_rate': 1.4416080061063523e-06, 'epoch': 1.04}
{'loss': 0.5118, 'learning_rate': 1.4390636926469342e-06, 'epoch': 1.04}
{'loss': 0.357, 'learning_rate': 1.436519379187516e-06, 'epoch': 1.04}
{'loss': 0.8453, 'learning_rate': 1.4339750657280977e-06, 'epoch': 1.05}
{'loss': 0.3969, 'learning_rate': 1.4314307522686794e-06, 'epoch': 1.05}
{'loss': 0.402, 'learning_rate': 1.4288864388092613e-06, 'epoch': 1.05}
{'loss': 0.3908, 'learning_rate': 1.4263421253498433e-06, 'epoch': 1.05}
{'loss': 0.3193, 'learning_rate': 1.423797811890425e-06, 'epoch': 1.05}
{'loss': 0.7261, 'learning_rate': 1.4212534984310067e-06, 'epoch': 1.05}
{'loss': 0.5376, 'learning_rate': 1.4187091849715884e-06, 'epoch': 1.06}
{'loss': 0.3937, 'learning_rate': 1.4161648715121704e-06, 'epoch': 1.06}
{'eval_loss': 0.3541167676448822, 'eval_mse': 0.35995543274308994, 'eval_pearson': 0.2484790531871996, 'eval_spearman': 0.07418574535009038, 'eval_auroc': 0.5302207138268424, 'eval_runtime': 19.9812, 'eval_samples_per_second': 1116.499, 'eval_steps_per_second': 17.466, 'epoch': 1.06}
{'loss': 0.612, 'learning_rate': 1.4136205580527523e-06, 'epoch': 1.06}
{'loss': 0.4763, 'learning_rate': 1.4110762445933338e-06, 'epoch': 1.06}
{'loss': 0.5151, 'learning_rate': 1.4085319311339157e-06, 'epoch': 1.06}
{'loss': 0.5726, 'learning_rate': 1.4059876176744975e-06, 'epoch': 1.06}
{'loss': 0.533, 'learning_rate': 1.4034433042150794e-06, 'epoch': 1.07}
{'loss': 0.4992, 'learning_rate': 1.4008989907556611e-06, 'epoch': 1.07}
{'loss': 0.6119, 'learning_rate': 1.3983546772962428e-06, 'epoch': 1.07}
{'loss': 0.3141, 'learning_rate': 1.3958103638368248e-06, 'epoch': 1.07}
{'loss': 0.5197, 'learning_rate': 1.3932660503774065e-06, 'epoch': 1.07}
{'loss': 0.5879, 'learning_rate': 1.3907217369179884e-06, 'epoch': 1.07}
{'loss': 0.3994, 'learning_rate': 1.3881774234585701e-06, 'epoch': 1.08}
{'loss': 0.5167, 'learning_rate': 1.3856331099991519e-06, 'epoch': 1.08}
{'loss': 0.6018, 'learning_rate': 1.3830887965397338e-06, 'epoch': 1.08}
{'loss': 0.5458, 'learning_rate': 1.3805444830803155e-06, 'epoch': 1.08}
{'loss': 0.6436, 'learning_rate': 1.3780001696208972e-06, 'epoch': 1.08}
{'loss': 0.4907, 'learning_rate': 1.3754558561614792e-06, 'epoch': 1.08}
{'loss': 0.3667, 'learning_rate': 1.3729115427020609e-06, 'epoch': 1.09}
{'loss': 0.4895, 'learning_rate': 1.3703672292426428e-06, 'epoch': 1.09}
{'loss': 0.4649, 'learning_rate': 1.3678229157832245e-06, 'epoch': 1.09}
{'loss': 0.2797, 'learning_rate': 1.3652786023238063e-06, 'epoch': 1.09}
{'loss': 0.3157, 'learning_rate': 1.3627342888643882e-06, 'epoch': 1.09}
{'loss': 0.4698, 'learning_rate': 1.36018997540497e-06, 'epoch': 1.1}
{'loss': 0.5107, 'learning_rate': 1.3576456619455516e-06, 'epoch': 1.1}
{'loss': 0.4022, 'learning_rate': 1.3551013484861336e-06, 'epoch': 1.1}
{'loss': 0.2138, 'learning_rate': 1.3525570350267153e-06, 'epoch': 1.1}
{'eval_loss': 0.3540354371070862, 'eval_mse': 0.3598743719331662, 'eval_pearson': 0.24875420132372933, 'eval_spearman': 0.07492168404461119, 'eval_auroc': 0.5309470894762999, 'eval_runtime': 19.9637, 'eval_samples_per_second': 1117.477, 'eval_steps_per_second': 17.482, 'epoch': 1.1}
{'loss': 0.2584, 'learning_rate': 1.3500127215672972e-06, 'epoch': 1.1}
{'loss': 0.2165, 'learning_rate': 1.347468408107879e-06, 'epoch': 1.1}
{'loss': 0.4416, 'learning_rate': 1.3449240946484607e-06, 'epoch': 1.11}
{'loss': 0.3907, 'learning_rate': 1.3423797811890426e-06, 'epoch': 1.11}
{'loss': 0.3437, 'learning_rate': 1.3398354677296243e-06, 'epoch': 1.11}
{'loss': 0.6807, 'learning_rate': 1.3372911542702062e-06, 'epoch': 1.11}
{'loss': 0.3103, 'learning_rate': 1.3347468408107878e-06, 'epoch': 1.11}
{'loss': 0.5334, 'learning_rate': 1.3322025273513697e-06, 'epoch': 1.11}
{'loss': 0.4899, 'learning_rate': 1.3296582138919516e-06, 'epoch': 1.12}
{'loss': 0.3509, 'learning_rate': 1.3271139004325333e-06, 'epoch': 1.12}
{'loss': 0.5966, 'learning_rate': 1.324569586973115e-06, 'epoch': 1.12}
{'loss': 0.4486, 'learning_rate': 1.3220252735136968e-06, 'epoch': 1.12}
{'loss': 0.5038, 'learning_rate': 1.3194809600542787e-06, 'epoch': 1.12}
{'loss': 0.5096, 'learning_rate': 1.3169366465948606e-06, 'epoch': 1.12}
{'loss': 0.3485, 'learning_rate': 1.3143923331354424e-06, 'epoch': 1.13}
{'loss': 0.2319, 'learning_rate': 1.311848019676024e-06, 'epoch': 1.13}
{'loss': 0.2191, 'learning_rate': 1.309303706216606e-06, 'epoch': 1.13}
{'loss': 0.5953, 'learning_rate': 1.3067593927571877e-06, 'epoch': 1.13}
{'loss': 0.5874, 'learning_rate': 1.3042150792977695e-06, 'epoch': 1.13}
{'loss': 0.3704, 'learning_rate': 1.3016707658383512e-06, 'epoch': 1.13}
{'loss': 0.4116, 'learning_rate': 1.2991264523789331e-06, 'epoch': 1.14}
{'loss': 0.3202, 'learning_rate': 1.296582138919515e-06, 'epoch': 1.14}
{'loss': 0.2275, 'learning_rate': 1.2940378254600968e-06, 'epoch': 1.14}
{'loss': 0.4619, 'learning_rate': 1.2914935120006785e-06, 'epoch': 1.14}
{'loss': 0.5846, 'learning_rate': 1.2889491985412602e-06, 'epoch': 1.14}
{'eval_loss': 0.35458192229270935, 'eval_mse': 0.3603581984491298, 'eval_pearson': 0.2522014326531601, 'eval_spearman': 0.07560561530697839, 'eval_auroc': 0.5306872347432104, 'eval_runtime': 19.9676, 'eval_samples_per_second': 1117.261, 'eval_steps_per_second': 17.478, 'epoch': 1.14}
{'loss': 0.3061, 'learning_rate': 1.2864048850818421e-06, 'epoch': 1.14}
{'loss': 0.7956, 'learning_rate': 1.283860571622424e-06, 'epoch': 1.15}
{'loss': 0.3936, 'learning_rate': 1.2813162581630056e-06, 'epoch': 1.15}
{'loss': 0.7573, 'learning_rate': 1.2787719447035875e-06, 'epoch': 1.15}
{'loss': 0.2109, 'learning_rate': 1.2762276312441692e-06, 'epoch': 1.15}
{'loss': 0.3381, 'learning_rate': 1.2736833177847512e-06, 'epoch': 1.15}
{'loss': 0.235, 'learning_rate': 1.2711390043253329e-06, 'epoch': 1.15}
{'loss': 0.455, 'learning_rate': 1.2685946908659146e-06, 'epoch': 1.16}
{'loss': 0.6925, 'learning_rate': 1.2660503774064965e-06, 'epoch': 1.16}
{'loss': 0.3374, 'learning_rate': 1.2635060639470783e-06, 'epoch': 1.16}
{'loss': 0.3159, 'learning_rate': 1.2609617504876602e-06, 'epoch': 1.16}
{'loss': 0.5335, 'learning_rate': 1.258417437028242e-06, 'epoch': 1.16}
{'loss': 0.5259, 'learning_rate': 1.2558731235688236e-06, 'epoch': 1.16}
{'loss': 0.3274, 'learning_rate': 1.2533288101094056e-06, 'epoch': 1.17}
{'loss': 0.2482, 'learning_rate': 1.2507844966499873e-06, 'epoch': 1.17}
{'loss': 0.2673, 'learning_rate': 1.248240183190569e-06, 'epoch': 1.17}
{'loss': 0.2778, 'learning_rate': 1.245695869731151e-06, 'epoch': 1.17}
{'loss': 0.4085, 'learning_rate': 1.2431515562717327e-06, 'epoch': 1.17}
{'loss': 0.3272, 'learning_rate': 1.2406072428123146e-06, 'epoch': 1.17}
{'loss': 0.7389, 'learning_rate': 1.2380629293528963e-06, 'epoch': 1.18}
{'loss': 0.2725, 'learning_rate': 1.235518615893478e-06, 'epoch': 1.18}
{'loss': 0.2675, 'learning_rate': 1.23297430243406e-06, 'epoch': 1.18}
{'loss': 0.4692, 'learning_rate': 1.2304299889746417e-06, 'epoch': 1.18}
{'loss': 0.3623, 'learning_rate': 1.2278856755152236e-06, 'epoch': 1.18}
{'loss': 0.5236, 'learning_rate': 1.2253413620558053e-06, 'epoch': 1.18}
{'eval_loss': 0.3544285297393799, 'eval_mse': 0.36028911493312327, 'eval_pearson': 0.2433244198065637, 'eval_spearman': 0.07423222937838407, 'eval_auroc': 0.5292057758905188, 'eval_runtime': 19.9596, 'eval_samples_per_second': 1117.708, 'eval_steps_per_second': 17.485, 'epoch': 1.18}
{'loss': 0.563, 'learning_rate': 1.222797048596387e-06, 'epoch': 1.19}
{'loss': 0.4424, 'learning_rate': 1.220252735136969e-06, 'epoch': 1.19}
{'loss': 0.5427, 'learning_rate': 1.2177084216775507e-06, 'epoch': 1.19}
{'loss': 0.5941, 'learning_rate': 1.2151641082181324e-06, 'epoch': 1.19}
{'loss': 0.3944, 'learning_rate': 1.2126197947587144e-06, 'epoch': 1.19}
{'loss': 0.383, 'learning_rate': 1.210075481299296e-06, 'epoch': 1.19}
{'loss': 0.4238, 'learning_rate': 1.207531167839878e-06, 'epoch': 1.2}
{'loss': 0.3538, 'learning_rate': 1.2049868543804597e-06, 'epoch': 1.2}
{'loss': 0.832, 'learning_rate': 1.2024425409210415e-06, 'epoch': 1.2}
{'loss': 0.415, 'learning_rate': 1.1998982274616234e-06, 'epoch': 1.2}
{'loss': 0.3805, 'learning_rate': 1.1973539140022051e-06, 'epoch': 1.2}
{'loss': 0.3765, 'learning_rate': 1.1948096005427868e-06, 'epoch': 1.21}
{'loss': 0.415, 'learning_rate': 1.1922652870833686e-06, 'epoch': 1.21}
{'loss': 0.3562, 'learning_rate': 1.1897209736239505e-06, 'epoch': 1.21}
{'loss': 0.2122, 'learning_rate': 1.1871766601645324e-06, 'epoch': 1.21}
{'loss': 0.3247, 'learning_rate': 1.1846323467051141e-06, 'epoch': 1.21}
{'loss': 0.4407, 'learning_rate': 1.1820880332456959e-06, 'epoch': 1.21}
{'loss': 0.3451, 'learning_rate': 1.1795437197862776e-06, 'epoch': 1.22}
{'loss': 0.3759, 'learning_rate': 1.1769994063268595e-06, 'epoch': 1.22}
{'loss': 0.6185, 'learning_rate': 1.1744550928674414e-06, 'epoch': 1.22}
{'loss': 0.4215, 'learning_rate': 1.171910779408023e-06, 'epoch': 1.22}
{'loss': 0.4293, 'learning_rate': 1.1693664659486049e-06, 'epoch': 1.22}
{'loss': 0.3228, 'learning_rate': 1.1668221524891868e-06, 'epoch': 1.22}
{'loss': 0.3564, 'learning_rate': 1.1642778390297685e-06, 'epoch': 1.23}
{'loss': 0.3144, 'learning_rate': 1.1617335255703503e-06, 'epoch': 1.23}
{'eval_loss': 0.35418444871902466, 'eval_mse': 0.3600977001219539, 'eval_pearson': 0.2387479723759618, 'eval_spearman': 0.0734462238468268, 'eval_auroc': 0.5296634488366281, 'eval_runtime': 19.9588, 'eval_samples_per_second': 1117.752, 'eval_steps_per_second': 17.486, 'epoch': 1.23}
{'loss': 0.3877, 'learning_rate': 1.159189212110932e-06, 'epoch': 1.23}
{'loss': 0.8642, 'learning_rate': 1.156644898651514e-06, 'epoch': 1.23}
{'loss': 0.6993, 'learning_rate': 1.1541005851920958e-06, 'epoch': 1.23}
{'loss': 0.3157, 'learning_rate': 1.1515562717326776e-06, 'epoch': 1.23}
{'loss': 0.3173, 'learning_rate': 1.1490119582732593e-06, 'epoch': 1.24}
{'loss': 0.3574, 'learning_rate': 1.146467644813841e-06, 'epoch': 1.24}
{'loss': 0.4123, 'learning_rate': 1.143923331354423e-06, 'epoch': 1.24}
{'loss': 0.2626, 'learning_rate': 1.1413790178950047e-06, 'epoch': 1.24}
{'loss': 0.3712, 'learning_rate': 1.1388347044355864e-06, 'epoch': 1.24}
{'loss': 0.3337, 'learning_rate': 1.1362903909761683e-06, 'epoch': 1.24}
{'loss': 0.6948, 'learning_rate': 1.13374607751675e-06, 'epoch': 1.25}
{'loss': 0.4234, 'learning_rate': 1.131201764057332e-06, 'epoch': 1.25}
{'loss': 0.3343, 'learning_rate': 1.1286574505979137e-06, 'epoch': 1.25}
{'loss': 0.2097, 'learning_rate': 1.1261131371384954e-06, 'epoch': 1.25}
{'loss': 0.2767, 'learning_rate': 1.1235688236790773e-06, 'epoch': 1.25}
{'loss': 0.3327, 'learning_rate': 1.121024510219659e-06, 'epoch': 1.25}
{'loss': 0.5581, 'learning_rate': 1.1184801967602408e-06, 'epoch': 1.26}
{'loss': 0.4702, 'learning_rate': 1.1159358833008227e-06, 'epoch': 1.26}
{'loss': 0.361, 'learning_rate': 1.1133915698414044e-06, 'epoch': 1.26}
{'loss': 0.4537, 'learning_rate': 1.1108472563819864e-06, 'epoch': 1.26}
{'loss': 0.2545, 'learning_rate': 1.108302942922568e-06, 'epoch': 1.26}
{'loss': 0.5361, 'learning_rate': 1.1057586294631498e-06, 'epoch': 1.26}
{'loss': 0.3127, 'learning_rate': 1.1032143160037317e-06, 'epoch': 1.27}
{'loss': 0.4557, 'learning_rate': 1.1006700025443135e-06, 'epoch': 1.27}
{'loss': 0.5863, 'learning_rate': 1.0981256890848954e-06, 'epoch': 1.27}
{'eval_loss': 0.35404297709465027, 'eval_mse': 0.35994196972114595, 'eval_pearson': 0.24781166382597875, 'eval_spearman': 0.07472722989133888, 'eval_auroc': 0.5305490194555262, 'eval_runtime': 19.9696, 'eval_samples_per_second': 1117.149, 'eval_steps_per_second': 17.477, 'epoch': 1.27}
{'loss': 0.2451, 'learning_rate': 1.0955813756254771e-06, 'epoch': 1.27}
{'loss': 0.2913, 'learning_rate': 1.0930370621660588e-06, 'epoch': 1.27}
{'loss': 0.2599, 'learning_rate': 1.0904927487066408e-06, 'epoch': 1.27}
{'loss': 0.3333, 'learning_rate': 1.0879484352472225e-06, 'epoch': 1.28}
{'loss': 0.4713, 'learning_rate': 1.0854041217878042e-06, 'epoch': 1.28}
{'loss': 0.3173, 'learning_rate': 1.0828598083283861e-06, 'epoch': 1.28}
{'loss': 0.5648, 'learning_rate': 1.0803154948689679e-06, 'epoch': 1.28}
{'loss': 0.2497, 'learning_rate': 1.0777711814095498e-06, 'epoch': 1.28}
{'loss': 0.5539, 'learning_rate': 1.0752268679501315e-06, 'epoch': 1.28}
{'loss': 0.4856, 'learning_rate': 1.0726825544907132e-06, 'epoch': 1.29}
{'loss': 0.3109, 'learning_rate': 1.0701382410312952e-06, 'epoch': 1.29}
{'loss': 0.5674, 'learning_rate': 1.0675939275718769e-06, 'epoch': 1.29}
{'loss': 0.2731, 'learning_rate': 1.0650496141124588e-06, 'epoch': 1.29}
{'loss': 0.5698, 'learning_rate': 1.0625053006530403e-06, 'epoch': 1.29}
{'loss': 0.2583, 'learning_rate': 1.0599609871936223e-06, 'epoch': 1.29}
{'loss': 0.3778, 'learning_rate': 1.0574166737342042e-06, 'epoch': 1.3}
{'loss': 0.2291, 'learning_rate': 1.054872360274786e-06, 'epoch': 1.3}
{'loss': 0.5348, 'learning_rate': 1.0523280468153676e-06, 'epoch': 1.3}
{'loss': 0.327, 'learning_rate': 1.0497837333559494e-06, 'epoch': 1.3}
{'loss': 0.6214, 'learning_rate': 1.0472394198965313e-06, 'epoch': 1.3}
{'loss': 0.4306, 'learning_rate': 1.0446951064371132e-06, 'epoch': 1.31}
{'loss': 0.723, 'learning_rate': 1.042150792977695e-06, 'epoch': 1.31}
{'loss': 0.4306, 'learning_rate': 1.0396064795182767e-06, 'epoch': 1.31}
{'loss': 0.2245, 'learning_rate': 1.0370621660588584e-06, 'epoch': 1.31}
{'loss': 0.4445, 'learning_rate': 1.0345178525994403e-06, 'epoch': 1.31}
{'eval_loss': 0.35341382026672363, 'eval_mse': 0.3593816840875697, 'eval_pearson': 0.24648297042166434, 'eval_spearman': 0.07498875287129728, 'eval_auroc': 0.5306128167055609, 'eval_runtime': 19.9766, 'eval_samples_per_second': 1116.756, 'eval_steps_per_second': 17.47, 'epoch': 1.31}
{'loss': 0.5213, 'learning_rate': 1.031973539140022e-06, 'epoch': 1.31}
{'loss': 0.3652, 'learning_rate': 1.0294292256806038e-06, 'epoch': 1.32}
{'loss': 0.4098, 'learning_rate': 1.0268849122211857e-06, 'epoch': 1.32}
{'loss': 0.2935, 'learning_rate': 1.0243405987617676e-06, 'epoch': 1.32}
{'loss': 0.1632, 'learning_rate': 1.0217962853023493e-06, 'epoch': 1.32}
{'loss': 0.4708, 'learning_rate': 1.019251971842931e-06, 'epoch': 1.32}
{'loss': 0.3171, 'learning_rate': 1.0167076583835128e-06, 'epoch': 1.32}
{'loss': 0.4293, 'learning_rate': 1.0141633449240947e-06, 'epoch': 1.33}
{'loss': 0.5245, 'learning_rate': 1.0116190314646766e-06, 'epoch': 1.33}
{'loss': 0.2298, 'learning_rate': 1.0090747180052582e-06, 'epoch': 1.33}
{'loss': 0.8485, 'learning_rate': 1.00653040454584e-06, 'epoch': 1.33}
{'loss': 0.5021, 'learning_rate': 1.0039860910864218e-06, 'epoch': 1.33}
{'loss': 0.8604, 'learning_rate': 1.0014417776270037e-06, 'epoch': 1.33}
{'loss': 0.3245, 'learning_rate': 9.988974641675855e-07, 'epoch': 1.34}
{'loss': 0.4841, 'learning_rate': 9.963531507081672e-07, 'epoch': 1.34}
{'loss': 0.4851, 'learning_rate': 9.938088372487491e-07, 'epoch': 1.34}
{'loss': 0.2971, 'learning_rate': 9.912645237893308e-07, 'epoch': 1.34}
{'loss': 0.332, 'learning_rate': 9.887202103299128e-07, 'epoch': 1.34}
{'loss': 0.3926, 'learning_rate': 9.861758968704945e-07, 'epoch': 1.34}
{'loss': 0.2331, 'learning_rate': 9.836315834110762e-07, 'epoch': 1.35}
{'loss': 0.513, 'learning_rate': 9.810872699516581e-07, 'epoch': 1.35}
{'loss': 0.5758, 'learning_rate': 9.785429564922399e-07, 'epoch': 1.35}
{'loss': 0.1959, 'learning_rate': 9.759986430328216e-07, 'epoch': 1.35}
{'loss': 0.4333, 'learning_rate': 9.734543295734035e-07, 'epoch': 1.35}
{'loss': 0.517, 'learning_rate': 9.709100161139852e-07, 'epoch': 1.35}
{'eval_loss': 0.35273176431655884, 'eval_mse': 0.3586019666557837, 'eval_pearson': 0.2515522364951866, 'eval_spearman': 0.07431381100000989, 'eval_auroc': 0.530779163381381, 'eval_runtime': 19.9902, 'eval_samples_per_second': 1115.995, 'eval_steps_per_second': 17.459, 'epoch': 1.35}
{'loss': 0.486, 'learning_rate': 9.683657026545672e-07, 'epoch': 1.36}
{'loss': 0.4949, 'learning_rate': 9.658213891951489e-07, 'epoch': 1.36}
{'loss': 0.3673, 'learning_rate': 9.632770757357306e-07, 'epoch': 1.36}
{'loss': 0.196, 'learning_rate': 9.607327622763125e-07, 'epoch': 1.36}
{'loss': 0.4115, 'learning_rate': 9.581884488168943e-07, 'epoch': 1.36}
{'loss': 0.3951, 'learning_rate': 9.55644135357476e-07, 'epoch': 1.36}
{'loss': 0.3681, 'learning_rate': 9.530998218980579e-07, 'epoch': 1.37}
{'loss': 0.4471, 'learning_rate': 9.505555084386396e-07, 'epoch': 1.37}
{'loss': 0.2744, 'learning_rate': 9.480111949792215e-07, 'epoch': 1.37}
{'loss': 0.4227, 'learning_rate': 9.454668815198032e-07, 'epoch': 1.37}
{'loss': 0.3253, 'learning_rate': 9.429225680603851e-07, 'epoch': 1.37}
{'loss': 0.4149, 'learning_rate': 9.403782546009669e-07, 'epoch': 1.37}
{'loss': 0.2324, 'learning_rate': 9.378339411415487e-07, 'epoch': 1.38}
{'loss': 0.2832, 'learning_rate': 9.352896276821305e-07, 'epoch': 1.38}
{'loss': 0.4226, 'learning_rate': 9.327453142227122e-07, 'epoch': 1.38}
{'loss': 0.4497, 'learning_rate': 9.30201000763294e-07, 'epoch': 1.38}
{'loss': 0.4311, 'learning_rate': 9.27656687303876e-07, 'epoch': 1.38}
{'loss': 0.6807, 'learning_rate': 9.251123738444576e-07, 'epoch': 1.38}
{'loss': 0.3569, 'learning_rate': 9.225680603850395e-07, 'epoch': 1.39}
{'loss': 0.424, 'learning_rate': 9.200237469256212e-07, 'epoch': 1.39}
{'loss': 0.4449, 'learning_rate': 9.174794334662031e-07, 'epoch': 1.39}
{'loss': 0.2564, 'learning_rate': 9.149351200067849e-07, 'epoch': 1.39}
{'loss': 0.4238, 'learning_rate': 9.123908065473666e-07, 'epoch': 1.39}
{'loss': 0.3936, 'learning_rate': 9.098464930879484e-07, 'epoch': 1.39}
{'loss': 0.5279, 'learning_rate': 9.073021796285302e-07, 'epoch': 1.4}
{'eval_loss': 0.35312578082084656, 'eval_mse': 0.3589942383197985, 'eval_pearson': 0.25278126173641396, 'eval_spearman': 0.07662744503680621, 'eval_auroc': 0.5313885169688195, 'eval_runtime': 19.9883, 'eval_samples_per_second': 1116.101, 'eval_steps_per_second': 17.46, 'epoch': 1.4}
{'loss': 0.231, 'learning_rate': 9.047578661691121e-07, 'epoch': 1.4}
{'loss': 0.6084, 'learning_rate': 9.022135527096939e-07, 'epoch': 1.4}
{'loss': 0.5277, 'learning_rate': 8.996692392502756e-07, 'epoch': 1.4}
{'loss': 0.396, 'learning_rate': 8.971249257908575e-07, 'epoch': 1.4}
{'loss': 0.2976, 'learning_rate': 8.945806123314392e-07, 'epoch': 1.4}
{'loss': 0.5217, 'learning_rate': 8.92036298872021e-07, 'epoch': 1.41}
{'loss': 0.507, 'learning_rate': 8.894919854126029e-07, 'epoch': 1.41}
{'loss': 0.5327, 'learning_rate': 8.869476719531846e-07, 'epoch': 1.41}
{'loss': 0.2106, 'learning_rate': 8.844033584937665e-07, 'epoch': 1.41}
{'loss': 0.4433, 'learning_rate': 8.818590450343483e-07, 'epoch': 1.41}
{'loss': 0.3134, 'learning_rate': 8.7931473157493e-07, 'epoch': 1.42}
{'loss': 0.4746, 'learning_rate': 8.767704181155119e-07, 'epoch': 1.42}
{'loss': 0.4831, 'learning_rate': 8.742261046560936e-07, 'epoch': 1.42}
{'loss': 0.393, 'learning_rate': 8.716817911966755e-07, 'epoch': 1.42}
{'loss': 0.3708, 'learning_rate': 8.691374777372573e-07, 'epoch': 1.42}
{'loss': 0.327, 'learning_rate': 8.665931642778391e-07, 'epoch': 1.42}
{'loss': 0.3627, 'learning_rate': 8.640488508184209e-07, 'epoch': 1.43}
{'loss': 0.2665, 'learning_rate': 8.615045373590026e-07, 'epoch': 1.43}
{'loss': 0.3977, 'learning_rate': 8.589602238995844e-07, 'epoch': 1.43}
{'loss': 0.3462, 'learning_rate': 8.564159104401664e-07, 'epoch': 1.43}
{'loss': 0.2389, 'learning_rate': 8.53871596980748e-07, 'epoch': 1.43}
{'loss': 0.5162, 'learning_rate': 8.513272835213299e-07, 'epoch': 1.43}
{'loss': 0.4321, 'learning_rate': 8.487829700619116e-07, 'epoch': 1.44}
{'loss': 0.6463, 'learning_rate': 8.462386566024935e-07, 'epoch': 1.44}
{'loss': 0.5495, 'learning_rate': 8.436943431430753e-07, 'epoch': 1.44}
{'eval_loss': 0.35294169187545776, 'eval_mse': 0.3588021531281223, 'eval_pearson': 0.25177619800487155, 'eval_spearman': 0.07507406168588833, 'eval_auroc': 0.5309263072219309, 'eval_runtime': 19.9761, 'eval_samples_per_second': 1116.787, 'eval_steps_per_second': 17.471, 'epoch': 1.44}
{'loss': 0.4552, 'learning_rate': 8.41150029683657e-07, 'epoch': 1.44}
{'loss': 0.4792, 'learning_rate': 8.386057162242388e-07, 'epoch': 1.44}
{'loss': 0.5773, 'learning_rate': 8.360614027648206e-07, 'epoch': 1.44}
{'loss': 0.3089, 'learning_rate': 8.335170893054025e-07, 'epoch': 1.45}
{'loss': 0.2599, 'learning_rate': 8.309727758459843e-07, 'epoch': 1.45}
{'loss': 0.7734, 'learning_rate': 8.28428462386566e-07, 'epoch': 1.45}
{'loss': 0.6586, 'learning_rate': 8.258841489271479e-07, 'epoch': 1.45}
{'loss': 0.4293, 'learning_rate': 8.233398354677296e-07, 'epoch': 1.45}
{'loss': 0.6053, 'learning_rate': 8.207955220083114e-07, 'epoch': 1.45}
{'loss': 0.3348, 'learning_rate': 8.182512085488933e-07, 'epoch': 1.46}
{'loss': 0.4141, 'learning_rate': 8.15706895089475e-07, 'epoch': 1.46}
{'loss': 0.5144, 'learning_rate': 8.131625816300569e-07, 'epoch': 1.46}
{'loss': 0.5384, 'learning_rate': 8.106182681706387e-07, 'epoch': 1.46}
{'loss': 0.5068, 'learning_rate': 8.080739547112204e-07, 'epoch': 1.46}
{'loss': 0.389, 'learning_rate': 8.055296412518023e-07, 'epoch': 1.46}
{'loss': 0.5088, 'learning_rate': 8.02985327792384e-07, 'epoch': 1.47}
{'loss': 0.3556, 'learning_rate': 8.004410143329658e-07, 'epoch': 1.47}
{'loss': 0.6107, 'learning_rate': 7.978967008735477e-07, 'epoch': 1.47}
{'loss': 0.4517, 'learning_rate': 7.953523874141295e-07, 'epoch': 1.47}
{'loss': 0.3989, 'learning_rate': 7.928080739547113e-07, 'epoch': 1.47}
{'loss': 0.6302, 'learning_rate': 7.90263760495293e-07, 'epoch': 1.47}
{'loss': 0.3124, 'learning_rate': 7.877194470358748e-07, 'epoch': 1.48}
{'loss': 0.5341, 'learning_rate': 7.851751335764567e-07, 'epoch': 1.48}
{'loss': 0.2836, 'learning_rate': 7.826308201170384e-07, 'epoch': 1.48}
{'loss': 0.377, 'learning_rate': 7.800865066576203e-07, 'epoch': 1.48}
{'eval_loss': 0.3524106442928314, 'eval_mse': 0.3583313835112869, 'eval_pearson': 0.25198681343531937, 'eval_spearman': 0.07478919022947345, 'eval_auroc': 0.5300337339744765, 'eval_runtime': 19.9741, 'eval_samples_per_second': 1116.894, 'eval_steps_per_second': 17.473, 'epoch': 1.48}
{'loss': 0.5693, 'learning_rate': 7.775421931982019e-07, 'epoch': 1.48}
{'loss': 0.5241, 'learning_rate': 7.749978797387839e-07, 'epoch': 1.48}
{'loss': 0.6884, 'learning_rate': 7.724535662793657e-07, 'epoch': 1.49}
{'loss': 0.7425, 'learning_rate': 7.699092528199474e-07, 'epoch': 1.49}
{'loss': 0.3885, 'learning_rate': 7.673649393605292e-07, 'epoch': 1.49}
{'loss': 0.3331, 'learning_rate': 7.64820625901111e-07, 'epoch': 1.49}
{'loss': 0.8505, 'learning_rate': 7.622763124416928e-07, 'epoch': 1.49}
{'loss': 0.3642, 'learning_rate': 7.597319989822747e-07, 'epoch': 1.49}
{'loss': 0.4701, 'learning_rate': 7.571876855228564e-07, 'epoch': 1.5}
{'loss': 0.3179, 'learning_rate': 7.546433720634383e-07, 'epoch': 1.5}
{'loss': 0.2833, 'learning_rate': 7.5209905860402e-07, 'epoch': 1.5}
{'loss': 0.5183, 'learning_rate': 7.495547451446018e-07, 'epoch': 1.5}
{'loss': 0.2574, 'learning_rate': 7.470104316851836e-07, 'epoch': 1.5}
{'loss': 0.2279, 'learning_rate': 7.444661182257655e-07, 'epoch': 1.5}
{'loss': 0.7296, 'learning_rate': 7.419218047663473e-07, 'epoch': 1.51}
{'loss': 0.4922, 'learning_rate': 7.39377491306929e-07, 'epoch': 1.51}
{'loss': 0.401, 'learning_rate': 7.368331778475108e-07, 'epoch': 1.51}
{'loss': 0.5876, 'learning_rate': 7.342888643880926e-07, 'epoch': 1.51}
{'loss': 0.283, 'learning_rate': 7.317445509286745e-07, 'epoch': 1.51}
{'loss': 0.2572, 'learning_rate': 7.292002374692562e-07, 'epoch': 1.51}
{'loss': 0.2962, 'learning_rate': 7.26655924009838e-07, 'epoch': 1.52}
{'loss': 0.4689, 'learning_rate': 7.241116105504198e-07, 'epoch': 1.52}
{'loss': 0.2424, 'learning_rate': 7.215672970910017e-07, 'epoch': 1.52}
{'loss': 0.227, 'learning_rate': 7.190229836315834e-07, 'epoch': 1.52}
{'loss': 0.6371, 'learning_rate': 7.164786701721652e-07, 'epoch': 1.52}
{'eval_loss': 0.3526160717010498, 'eval_mse': 0.3585075782025809, 'eval_pearson': 0.25462380212393154, 'eval_spearman': 0.07738685168090854, 'eval_auroc': 0.5316252565810647, 'eval_runtime': 19.9767, 'eval_samples_per_second': 1116.751, 'eval_steps_per_second': 17.47, 'epoch': 1.52}
{'loss': 0.5427, 'learning_rate': 7.139343567127471e-07, 'epoch': 1.53}
{'loss': 0.5004, 'learning_rate': 7.113900432533288e-07, 'epoch': 1.53}
{'loss': 0.7162, 'learning_rate': 7.088457297939107e-07, 'epoch': 1.53}
{'loss': 0.3455, 'learning_rate': 7.063014163344924e-07, 'epoch': 1.53}
{'loss': 0.3185, 'learning_rate': 7.037571028750743e-07, 'epoch': 1.53}
{'loss': 0.7002, 'learning_rate': 7.01212789415656e-07, 'epoch': 1.53}
{'loss': 0.4119, 'learning_rate': 6.986684759562379e-07, 'epoch': 1.54}
{'loss': 0.3765, 'learning_rate': 6.961241624968196e-07, 'epoch': 1.54}
{'loss': 0.5639, 'learning_rate': 6.935798490374015e-07, 'epoch': 1.54}
{'loss': 0.4993, 'learning_rate': 6.910355355779832e-07, 'epoch': 1.54}
{'loss': 0.4962, 'learning_rate': 6.88491222118565e-07, 'epoch': 1.54}
{'loss': 0.4211, 'learning_rate': 6.859469086591468e-07, 'epoch': 1.54}
{'loss': 0.4581, 'learning_rate': 6.834025951997287e-07, 'epoch': 1.55}
{'loss': 0.4686, 'learning_rate': 6.808582817403104e-07, 'epoch': 1.55}
{'loss': 0.4894, 'learning_rate': 6.783139682808922e-07, 'epoch': 1.55}
{'loss': 0.5551, 'learning_rate': 6.75769654821474e-07, 'epoch': 1.55}
{'loss': 0.5334, 'learning_rate': 6.732253413620559e-07, 'epoch': 1.55}
{'loss': 0.3257, 'learning_rate': 6.706810279026377e-07, 'epoch': 1.55}
{'loss': 0.3304, 'learning_rate': 6.681367144432194e-07, 'epoch': 1.56}
{'loss': 0.4759, 'learning_rate': 6.655924009838012e-07, 'epoch': 1.56}
{'loss': 0.3592, 'learning_rate': 6.630480875243831e-07, 'epoch': 1.56}
{'loss': 0.3979, 'learning_rate': 6.605037740649649e-07, 'epoch': 1.56}
{'loss': 0.2925, 'learning_rate': 6.579594606055466e-07, 'epoch': 1.56}
{'loss': 0.2552, 'learning_rate': 6.554151471461284e-07, 'epoch': 1.56}
{'loss': 0.3874, 'learning_rate': 6.528708336867102e-07, 'epoch': 1.57}
{'eval_loss': 0.3522856533527374, 'eval_mse': 0.3582747617036908, 'eval_pearson': 0.25166521868199904, 'eval_spearman': 0.07458993168043583, 'eval_auroc': 0.5299860572749906, 'eval_runtime': 20.0028, 'eval_samples_per_second': 1115.296, 'eval_steps_per_second': 17.448, 'epoch': 1.57}
{'loss': 0.2956, 'learning_rate': 6.503265202272921e-07, 'epoch': 1.57}
{'loss': 0.4969, 'learning_rate': 6.477822067678738e-07, 'epoch': 1.57}
{'loss': 0.3637, 'learning_rate': 6.452378933084556e-07, 'epoch': 1.57}
{'loss': 0.4948, 'learning_rate': 6.426935798490374e-07, 'epoch': 1.57}
{'loss': 0.2573, 'learning_rate': 6.401492663896192e-07, 'epoch': 1.57}
{'loss': 0.5596, 'learning_rate': 6.37604952930201e-07, 'epoch': 1.58}
{'loss': 0.3407, 'learning_rate': 6.350606394707828e-07, 'epoch': 1.58}
{'loss': 0.482, 'learning_rate': 6.325163260113647e-07, 'epoch': 1.58}
{'loss': 0.3373, 'learning_rate': 6.299720125519464e-07, 'epoch': 1.58}
{'loss': 0.6437, 'learning_rate': 6.274276990925282e-07, 'epoch': 1.58}
{'loss': 0.5638, 'learning_rate': 6.2488338563311e-07, 'epoch': 1.58}
{'loss': 0.2933, 'learning_rate': 6.223390721736919e-07, 'epoch': 1.59}
{'loss': 0.5047, 'learning_rate': 6.197947587142736e-07, 'epoch': 1.59}
{'loss': 0.3625, 'learning_rate': 6.172504452548554e-07, 'epoch': 1.59}
{'loss': 0.467, 'learning_rate': 6.147061317954372e-07, 'epoch': 1.59}
{'loss': 0.459, 'learning_rate': 6.121618183360191e-07, 'epoch': 1.59}
{'loss': 0.3903, 'learning_rate': 6.096175048766008e-07, 'epoch': 1.59}
{'loss': 0.5381, 'learning_rate': 6.070731914171826e-07, 'epoch': 1.6}
{'loss': 0.5668, 'learning_rate': 6.045288779577643e-07, 'epoch': 1.6}
{'loss': 0.5671, 'learning_rate': 6.019845644983463e-07, 'epoch': 1.6}
{'loss': 0.6629, 'learning_rate': 5.99440251038928e-07, 'epoch': 1.6}
{'loss': 0.6221, 'learning_rate': 5.968959375795098e-07, 'epoch': 1.6}
{'loss': 0.5628, 'learning_rate': 5.943516241200916e-07, 'epoch': 1.6}
{'loss': 0.5105, 'learning_rate': 5.918073106606735e-07, 'epoch': 1.61}
{'loss': 0.3875, 'learning_rate': 5.892629972012553e-07, 'epoch': 1.61}
{'eval_loss': 0.3521031439304352, 'eval_mse': 0.3581670603059152, 'eval_pearson': 0.2501392546000193, 'eval_spearman': 0.07441192610651695, 'eval_auroc': 0.5302734632014448, 'eval_runtime': 20.0049, 'eval_samples_per_second': 1115.179, 'eval_steps_per_second': 17.446, 'epoch': 1.61}
{'loss': 0.4106, 'learning_rate': 5.86718683741837e-07, 'epoch': 1.61}
{'loss': 0.5114, 'learning_rate': 5.841743702824188e-07, 'epoch': 1.61}
{'loss': 0.4616, 'learning_rate': 5.816300568230006e-07, 'epoch': 1.61}
{'loss': 0.4912, 'learning_rate': 5.790857433635825e-07, 'epoch': 1.61}
{'loss': 0.3118, 'learning_rate': 5.765414299041642e-07, 'epoch': 1.62}
{'loss': 0.1512, 'learning_rate': 5.73997116444746e-07, 'epoch': 1.62}
{'loss': 0.4486, 'learning_rate': 5.714528029853278e-07, 'epoch': 1.62}
{'loss': 0.3019, 'learning_rate': 5.689084895259096e-07, 'epoch': 1.62}
{'loss': 0.3984, 'learning_rate': 5.663641760664914e-07, 'epoch': 1.62}
{'loss': 0.4567, 'learning_rate': 5.638198626070732e-07, 'epoch': 1.62}
{'loss': 0.3527, 'learning_rate': 5.61275549147655e-07, 'epoch': 1.63}
{'loss': 0.5397, 'learning_rate': 5.587312356882368e-07, 'epoch': 1.63}
{'loss': 0.5663, 'learning_rate': 5.561869222288186e-07, 'epoch': 1.63}
{'loss': 0.7504, 'learning_rate': 5.536426087694004e-07, 'epoch': 1.63}
{'loss': 0.3051, 'learning_rate': 5.510982953099823e-07, 'epoch': 1.63}
{'loss': 0.3727, 'learning_rate': 5.48553981850564e-07, 'epoch': 1.64}
{'loss': 0.2855, 'learning_rate': 5.460096683911458e-07, 'epoch': 1.64}
{'loss': 0.5623, 'learning_rate': 5.434653549317276e-07, 'epoch': 1.64}
{'loss': 0.6661, 'learning_rate': 5.409210414723095e-07, 'epoch': 1.64}
{'loss': 0.3993, 'learning_rate': 5.383767280128912e-07, 'epoch': 1.64}
{'loss': 0.5575, 'learning_rate': 5.35832414553473e-07, 'epoch': 1.64}
{'loss': 0.3894, 'learning_rate': 5.332881010940547e-07, 'epoch': 1.65}
{'loss': 0.3713, 'learning_rate': 5.307437876346367e-07, 'epoch': 1.65}
{'loss': 0.3646, 'learning_rate': 5.281994741752184e-07, 'epoch': 1.65}
{'loss': 0.1718, 'learning_rate': 5.256551607158002e-07, 'epoch': 1.65}
{'eval_loss': 0.3522129952907562, 'eval_mse': 0.35824897201169525, 'eval_pearson': 0.2502863148528937, 'eval_spearman': 0.07598970877263005, 'eval_auroc': 0.530200028271602, 'eval_runtime': 19.9928, 'eval_samples_per_second': 1115.851, 'eval_steps_per_second': 17.456, 'epoch': 1.65}
{'loss': 0.4795, 'learning_rate': 5.231108472563819e-07, 'epoch': 1.65}
{'loss': 0.4367, 'learning_rate': 5.205665337969639e-07, 'epoch': 1.65}
{'loss': 0.4691, 'learning_rate': 5.180222203375456e-07, 'epoch': 1.66}
{'loss': 0.5109, 'learning_rate': 5.154779068781274e-07, 'epoch': 1.66}
{'loss': 0.2364, 'learning_rate': 5.129335934187092e-07, 'epoch': 1.66}
{'loss': 0.2413, 'learning_rate': 5.10389279959291e-07, 'epoch': 1.66}
{'loss': 0.6107, 'learning_rate': 5.078449664998729e-07, 'epoch': 1.66}
{'loss': 0.2468, 'learning_rate': 5.053006530404546e-07, 'epoch': 1.66}
{'loss': 0.2659, 'learning_rate': 5.027563395810364e-07, 'epoch': 1.67}
{'loss': 0.4767, 'learning_rate': 5.002120261216181e-07, 'epoch': 1.67}
{'loss': 0.3662, 'learning_rate': 4.976677126622e-07, 'epoch': 1.67}
{'loss': 0.2732, 'learning_rate': 4.951233992027818e-07, 'epoch': 1.67}
{'loss': 0.4652, 'learning_rate': 4.925790857433636e-07, 'epoch': 1.67}
{'loss': 0.4107, 'learning_rate': 4.900347722839453e-07, 'epoch': 1.67}
{'loss': 0.5408, 'learning_rate': 4.874904588245272e-07, 'epoch': 1.68}
{'loss': 0.3886, 'learning_rate': 4.84946145365109e-07, 'epoch': 1.68}
{'loss': 0.2616, 'learning_rate': 4.824018319056908e-07, 'epoch': 1.68}
{'loss': 0.4957, 'learning_rate': 4.798575184462725e-07, 'epoch': 1.68}
{'loss': 0.4893, 'learning_rate': 4.773132049868544e-07, 'epoch': 1.68}
{'loss': 0.2862, 'learning_rate': 4.7476889152743615e-07, 'epoch': 1.68}
{'loss': 0.3956, 'learning_rate': 4.7222457806801803e-07, 'epoch': 1.69}
{'loss': 0.3425, 'learning_rate': 4.696802646085998e-07, 'epoch': 1.69}
{'loss': 0.6493, 'learning_rate': 4.671359511491816e-07, 'epoch': 1.69}
{'loss': 0.4085, 'learning_rate': 4.6459163768976335e-07, 'epoch': 1.69}
{'loss': 0.3638, 'learning_rate': 4.620473242303452e-07, 'epoch': 1.69}
{'eval_loss': 0.3519909977912903, 'eval_mse': 0.35797588653757656, 'eval_pearson': 0.25439674988441446, 'eval_spearman': 0.07496714706118164, 'eval_auroc': 0.5302283973784285, 'eval_runtime': 19.9933, 'eval_samples_per_second': 1115.821, 'eval_steps_per_second': 17.456, 'epoch': 1.69}
{'loss': 0.355, 'learning_rate': 4.59503010770927e-07, 'epoch': 1.69}
{'loss': 0.6797, 'learning_rate': 4.569586973115088e-07, 'epoch': 1.7}
{'loss': 0.2588, 'learning_rate': 4.544143838520906e-07, 'epoch': 1.7}
{'loss': 0.2829, 'learning_rate': 4.518700703926724e-07, 'epoch': 1.7}
{'loss': 0.307, 'learning_rate': 4.493257569332542e-07, 'epoch': 1.7}
{'loss': 0.9354, 'learning_rate': 4.4678144347383603e-07, 'epoch': 1.7}
{'loss': 0.3845, 'learning_rate': 4.442371300144178e-07, 'epoch': 1.7}
{'loss': 0.537, 'learning_rate': 4.416928165549996e-07, 'epoch': 1.71}
{'loss': 0.3379, 'learning_rate': 4.3914850309558135e-07, 'epoch': 1.71}
{'loss': 0.4929, 'learning_rate': 4.3660418963616323e-07, 'epoch': 1.71}
{'loss': 0.201, 'learning_rate': 4.34059876176745e-07, 'epoch': 1.71}
{'loss': 0.9259, 'learning_rate': 4.315155627173268e-07, 'epoch': 1.71}
{'loss': 0.2948, 'learning_rate': 4.2897124925790855e-07, 'epoch': 1.71}
{'loss': 0.3, 'learning_rate': 4.264269357984903e-07, 'epoch': 1.72}
{'loss': 0.5068, 'learning_rate': 4.238826223390722e-07, 'epoch': 1.72}
{'loss': 0.6107, 'learning_rate': 4.21338308879654e-07, 'epoch': 1.72}
{'loss': 0.4255, 'learning_rate': 4.187939954202358e-07, 'epoch': 1.72}
{'loss': 0.4089, 'learning_rate': 4.162496819608176e-07, 'epoch': 1.72}
{'loss': 0.5068, 'learning_rate': 4.137053685013994e-07, 'epoch': 1.72}
{'loss': 0.4046, 'learning_rate': 4.1116105504198123e-07, 'epoch': 1.73}
{'loss': 0.2742, 'learning_rate': 4.08616741582563e-07, 'epoch': 1.73}
{'loss': 0.5635, 'learning_rate': 4.060724281231448e-07, 'epoch': 1.73}
{'loss': 0.3712, 'learning_rate': 4.0352811466372655e-07, 'epoch': 1.73}
{'loss': 0.5357, 'learning_rate': 4.0098380120430843e-07, 'epoch': 1.73}
{'loss': 0.3979, 'learning_rate': 3.984394877448902e-07, 'epoch': 1.73}
{'eval_loss': 0.35190349817276, 'eval_mse': 0.3579301470548611, 'eval_pearson': 0.2538461958022774, 'eval_spearman': 0.07517357455830724, 'eval_auroc': 0.5302708200919322, 'eval_runtime': 19.9896, 'eval_samples_per_second': 1116.03, 'eval_steps_per_second': 17.459, 'epoch': 1.73}
{'loss': 0.3573, 'learning_rate': 3.95895174285472e-07, 'epoch': 1.74}
{'loss': 0.4178, 'learning_rate': 3.9335086082605375e-07, 'epoch': 1.74}
{'loss': 0.5043, 'learning_rate': 3.908065473666355e-07, 'epoch': 1.74}
{'loss': 0.5325, 'learning_rate': 3.882622339072174e-07, 'epoch': 1.74}
{'loss': 0.4243, 'learning_rate': 3.857179204477992e-07, 'epoch': 1.74}
{'loss': 0.3618, 'learning_rate': 3.8317360698838095e-07, 'epoch': 1.75}
{'loss': 0.1729, 'learning_rate': 3.806292935289628e-07, 'epoch': 1.75}
{'loss': 0.3664, 'learning_rate': 3.780849800695446e-07, 'epoch': 1.75}
{'loss': 0.341, 'learning_rate': 3.755406666101264e-07, 'epoch': 1.75}
{'loss': 0.6374, 'learning_rate': 3.729963531507082e-07, 'epoch': 1.75}
{'loss': 0.6078, 'learning_rate': 3.7045203969129e-07, 'epoch': 1.75}
{'loss': 0.6064, 'learning_rate': 3.679077262318718e-07, 'epoch': 1.76}
{'loss': 0.3258, 'learning_rate': 3.653634127724536e-07, 'epoch': 1.76}
{'loss': 0.2928, 'learning_rate': 3.628190993130354e-07, 'epoch': 1.76}
{'loss': 0.4071, 'learning_rate': 3.602747858536172e-07, 'epoch': 1.76}
{'loss': 0.6499, 'learning_rate': 3.5773047239419895e-07, 'epoch': 1.76}
{'loss': 0.5059, 'learning_rate': 3.551861589347808e-07, 'epoch': 1.76}
{'loss': 0.2841, 'learning_rate': 3.5264184547536255e-07, 'epoch': 1.77}
{'loss': 0.3635, 'learning_rate': 3.500975320159444e-07, 'epoch': 1.77}
{'loss': 0.2819, 'learning_rate': 3.4755321855652615e-07, 'epoch': 1.77}
{'loss': 0.5378, 'learning_rate': 3.45008905097108e-07, 'epoch': 1.77}
{'loss': 0.2672, 'learning_rate': 3.4246459163768975e-07, 'epoch': 1.77}
{'loss': 0.4712, 'learning_rate': 3.399202781782716e-07, 'epoch': 1.77}
{'loss': 0.6803, 'learning_rate': 3.3737596471885335e-07, 'epoch': 1.78}
{'loss': 0.2777, 'learning_rate': 3.348316512594352e-07, 'epoch': 1.78}
{'eval_loss': 0.35169920325279236, 'eval_mse': 0.35779301879364234, 'eval_pearson': 0.25332023611815524, 'eval_spearman': 0.07502758153998992, 'eval_auroc': 0.5301860230144892, 'eval_runtime': 19.9895, 'eval_samples_per_second': 1116.039, 'eval_steps_per_second': 17.459, 'epoch': 1.78}
{'loss': 0.3784, 'learning_rate': 3.32287337800017e-07, 'epoch': 1.78}
{'loss': 0.458, 'learning_rate': 3.297430243405988e-07, 'epoch': 1.78}
{'loss': 0.4496, 'learning_rate': 3.271987108811806e-07, 'epoch': 1.78}
{'loss': 0.4236, 'learning_rate': 3.246543974217624e-07, 'epoch': 1.78}
{'loss': 0.2423, 'learning_rate': 3.2211008396234415e-07, 'epoch': 1.79}
{'loss': 0.3023, 'learning_rate': 3.19565770502926e-07, 'epoch': 1.79}
{'loss': 0.2919, 'learning_rate': 3.1702145704350775e-07, 'epoch': 1.79}
{'loss': 0.5804, 'learning_rate': 3.144771435840896e-07, 'epoch': 1.79}
{'loss': 0.4662, 'learning_rate': 3.1193283012467135e-07, 'epoch': 1.79}
{'loss': 0.4896, 'learning_rate': 3.093885166652532e-07, 'epoch': 1.79}
{'loss': 0.2955, 'learning_rate': 3.0684420320583495e-07, 'epoch': 1.8}
{'loss': 0.5758, 'learning_rate': 3.042998897464167e-07, 'epoch': 1.8}
{'loss': 0.4674, 'learning_rate': 3.0175557628699855e-07, 'epoch': 1.8}
{'loss': 0.4779, 'learning_rate': 2.992112628275804e-07, 'epoch': 1.8}
{'loss': 0.5484, 'learning_rate': 2.9666694936816215e-07, 'epoch': 1.8}
{'loss': 0.2719, 'learning_rate': 2.94122635908744e-07, 'epoch': 1.8}
{'loss': 0.7825, 'learning_rate': 2.915783224493258e-07, 'epoch': 1.81}
{'loss': 0.3601, 'learning_rate': 2.890340089899076e-07, 'epoch': 1.81}
{'loss': 0.5431, 'learning_rate': 2.8648969553048935e-07, 'epoch': 1.81}
{'loss': 0.5138, 'learning_rate': 2.839453820710712e-07, 'epoch': 1.81}
{'loss': 0.3004, 'learning_rate': 2.8140106861165295e-07, 'epoch': 1.81}
{'loss': 0.2706, 'learning_rate': 2.788567551522348e-07, 'epoch': 1.81}
{'loss': 0.3933, 'learning_rate': 2.7631244169281655e-07, 'epoch': 1.82}
{'loss': 0.323, 'learning_rate': 2.737681282333984e-07, 'epoch': 1.82}
{'loss': 0.3371, 'learning_rate': 2.7122381477398015e-07, 'epoch': 1.82}
{'eval_loss': 0.3516937494277954, 'eval_mse': 0.3577696986483581, 'eval_pearson': 0.2545960601360701, 'eval_spearman': 0.07475588766126126, 'eval_auroc': 0.5300483234554905, 'eval_runtime': 19.9742, 'eval_samples_per_second': 1116.892, 'eval_steps_per_second': 17.473, 'epoch': 1.82}
{'loss': 0.5667, 'learning_rate': 2.68679501314562e-07, 'epoch': 1.82}
{'loss': 0.2683, 'learning_rate': 2.6613518785514375e-07, 'epoch': 1.82}
{'loss': 0.2174, 'learning_rate': 2.635908743957255e-07, 'epoch': 1.82}
{'loss': 0.516, 'learning_rate': 2.6104656093630735e-07, 'epoch': 1.83}
{'loss': 0.3666, 'learning_rate': 2.585022474768892e-07, 'epoch': 1.83}
{'loss': 0.3338, 'learning_rate': 2.5595793401747095e-07, 'epoch': 1.83}
{'loss': 0.7181, 'learning_rate': 2.534136205580528e-07, 'epoch': 1.83}
{'loss': 0.622, 'learning_rate': 2.508693070986346e-07, 'epoch': 1.83}
{'loss': 0.6575, 'learning_rate': 2.483249936392164e-07, 'epoch': 1.83}
{'loss': 0.6021, 'learning_rate': 2.4578068017979815e-07, 'epoch': 1.84}
{'loss': 0.436, 'learning_rate': 2.4323636672038e-07, 'epoch': 1.84}
{'loss': 0.7439, 'learning_rate': 2.4069205326096175e-07, 'epoch': 1.84}
{'loss': 0.9366, 'learning_rate': 2.3814773980154357e-07, 'epoch': 1.84}
{'loss': 0.4731, 'learning_rate': 2.3560342634212535e-07, 'epoch': 1.84}
{'loss': 0.2712, 'learning_rate': 2.3305911288270717e-07, 'epoch': 1.84}
{'loss': 0.4172, 'learning_rate': 2.3051479942328895e-07, 'epoch': 1.85}
{'loss': 0.2715, 'learning_rate': 2.2797048596387075e-07, 'epoch': 1.85}
{'loss': 0.3679, 'learning_rate': 2.2542617250445257e-07, 'epoch': 1.85}
{'loss': 0.3363, 'learning_rate': 2.2288185904503435e-07, 'epoch': 1.85}
{'loss': 0.5782, 'learning_rate': 2.2033754558561617e-07, 'epoch': 1.85}
{'loss': 0.2784, 'learning_rate': 2.1779323212619795e-07, 'epoch': 1.86}
{'loss': 0.477, 'learning_rate': 2.1524891866677977e-07, 'epoch': 1.86}
{'loss': 0.2574, 'learning_rate': 2.1270460520736155e-07, 'epoch': 1.86}
{'loss': 0.3958, 'learning_rate': 2.1016029174794335e-07, 'epoch': 1.86}
{'loss': 0.3932, 'learning_rate': 2.0761597828852515e-07, 'epoch': 1.86}
{'eval_loss': 0.35178858041763306, 'eval_mse': 0.35785763669422965, 'eval_pearson': 0.2535141030757511, 'eval_spearman': 0.07478621523638926, 'eval_auroc': 0.5302708120336715, 'eval_runtime': 19.9592, 'eval_samples_per_second': 1117.728, 'eval_steps_per_second': 17.486, 'epoch': 1.86}
{'loss': 0.4433, 'learning_rate': 2.0507166482910695e-07, 'epoch': 1.86}
{'loss': 0.4222, 'learning_rate': 2.0252735136968877e-07, 'epoch': 1.87}
{'loss': 0.2779, 'learning_rate': 1.9998303791027055e-07, 'epoch': 1.87}
{'loss': 0.4907, 'learning_rate': 1.9743872445085237e-07, 'epoch': 1.87}
{'loss': 0.525, 'learning_rate': 1.9489441099143415e-07, 'epoch': 1.87}
{'loss': 0.3504, 'learning_rate': 1.9235009753201592e-07, 'epoch': 1.87}
{'loss': 0.3256, 'learning_rate': 1.8980578407259775e-07, 'epoch': 1.87}
{'loss': 0.3452, 'learning_rate': 1.8726147061317955e-07, 'epoch': 1.88}
{'loss': 0.3002, 'learning_rate': 1.8471715715376135e-07, 'epoch': 1.88}
{'loss': 0.3446, 'learning_rate': 1.8217284369434315e-07, 'epoch': 1.88}
{'loss': 0.5719, 'learning_rate': 1.7962853023492495e-07, 'epoch': 1.88}
{'loss': 0.4149, 'learning_rate': 1.7708421677550675e-07, 'epoch': 1.88}
{'loss': 0.4446, 'learning_rate': 1.7453990331608855e-07, 'epoch': 1.88}
{'loss': 0.3953, 'learning_rate': 1.7199558985667035e-07, 'epoch': 1.89}
{'loss': 0.5898, 'learning_rate': 1.6945127639725215e-07, 'epoch': 1.89}
{'loss': 0.3646, 'learning_rate': 1.6690696293783395e-07, 'epoch': 1.89}
{'loss': 0.6354, 'learning_rate': 1.6436264947841575e-07, 'epoch': 1.89}
{'loss': 0.5974, 'learning_rate': 1.6181833601899755e-07, 'epoch': 1.89}
{'loss': 0.2757, 'learning_rate': 1.5927402255957935e-07, 'epoch': 1.89}
{'loss': 0.4745, 'learning_rate': 1.5672970910016115e-07, 'epoch': 1.9}
{'loss': 0.732, 'learning_rate': 1.5418539564074295e-07, 'epoch': 1.9}
{'loss': 0.4432, 'learning_rate': 1.5164108218132472e-07, 'epoch': 1.9}
{'loss': 0.1692, 'learning_rate': 1.4909676872190655e-07, 'epoch': 1.9}
{'loss': 0.5767, 'learning_rate': 1.4655245526248835e-07, 'epoch': 1.9}
{'loss': 0.5344, 'learning_rate': 1.4400814180307015e-07, 'epoch': 1.9}
{'eval_loss': 0.3516378700733185, 'eval_mse': 0.357712071346872, 'eval_pearson': 0.2545808941299564, 'eval_spearman': 0.07579482411770798, 'eval_auroc': 0.5305006416873586, 'eval_runtime': 19.9748, 'eval_samples_per_second': 1116.859, 'eval_steps_per_second': 17.472, 'epoch': 1.9}
{'loss': 0.2859, 'learning_rate': 1.4146382834365195e-07, 'epoch': 1.91}
{'loss': 0.5307, 'learning_rate': 1.3891951488423375e-07, 'epoch': 1.91}
{'loss': 0.4938, 'learning_rate': 1.3637520142481555e-07, 'epoch': 1.91}
{'loss': 0.317, 'learning_rate': 1.3383088796539732e-07, 'epoch': 1.91}
{'loss': 0.3137, 'learning_rate': 1.3128657450597912e-07, 'epoch': 1.91}
{'loss': 0.5817, 'learning_rate': 1.2874226104656095e-07, 'epoch': 1.91}
{'loss': 0.3359, 'learning_rate': 1.2619794758714275e-07, 'epoch': 1.92}
{'loss': 0.7064, 'learning_rate': 1.2365363412772455e-07, 'epoch': 1.92}
{'loss': 0.4953, 'learning_rate': 1.2110932066830635e-07, 'epoch': 1.92}
{'loss': 0.3965, 'learning_rate': 1.1856500720888815e-07, 'epoch': 1.92}
{'loss': 0.5114, 'learning_rate': 1.1602069374946993e-07, 'epoch': 1.92}
{'loss': 0.313, 'learning_rate': 1.1347638029005173e-07, 'epoch': 1.92}
{'loss': 0.7538, 'learning_rate': 1.1093206683063353e-07, 'epoch': 1.93}
{'loss': 0.5352, 'learning_rate': 1.0838775337121533e-07, 'epoch': 1.93}
{'loss': 0.4448, 'learning_rate': 1.0584343991179713e-07, 'epoch': 1.93}
{'loss': 0.3614, 'learning_rate': 1.0329912645237895e-07, 'epoch': 1.93}
{'loss': 0.6065, 'learning_rate': 1.0075481299296075e-07, 'epoch': 1.93}
{'loss': 0.2662, 'learning_rate': 9.821049953354252e-08, 'epoch': 1.93}
{'loss': 0.282, 'learning_rate': 9.566618607412433e-08, 'epoch': 1.94}
{'loss': 0.6303, 'learning_rate': 9.312187261470613e-08, 'epoch': 1.94}
{'loss': 0.4551, 'learning_rate': 9.057755915528793e-08, 'epoch': 1.94}
{'loss': 0.5487, 'learning_rate': 8.803324569586973e-08, 'epoch': 1.94}
{'loss': 0.4327, 'learning_rate': 8.548893223645153e-08, 'epoch': 1.94}
{'loss': 0.4164, 'learning_rate': 8.294461877703333e-08, 'epoch': 1.94}
{'loss': 0.7463, 'learning_rate': 8.040030531761513e-08, 'epoch': 1.95}
{'eval_loss': 0.3516242206096649, 'eval_mse': 0.3577187222914629, 'eval_pearson': 0.2537788229497192, 'eval_spearman': 0.075770943641442, 'eval_auroc': 0.5307419865955991, 'eval_runtime': 19.9762, 'eval_samples_per_second': 1116.781, 'eval_steps_per_second': 17.471, 'epoch': 1.95}
{'loss': 0.3147, 'learning_rate': 7.785599185819693e-08, 'epoch': 1.95}
{'loss': 0.3047, 'learning_rate': 7.531167839877873e-08, 'epoch': 1.95}
{'loss': 0.5731, 'learning_rate': 7.276736493936053e-08, 'epoch': 1.95}
{'loss': 0.3182, 'learning_rate': 7.022305147994233e-08, 'epoch': 1.95}
{'loss': 0.3212, 'learning_rate': 6.767873802052413e-08, 'epoch': 1.95}
{'loss': 0.5142, 'learning_rate': 6.513442456110593e-08, 'epoch': 1.96}
{'loss': 0.6129, 'learning_rate': 6.259011110168773e-08, 'epoch': 1.96}
{'loss': 0.7328, 'learning_rate': 6.004579764226953e-08, 'epoch': 1.96}
{'loss': 0.5383, 'learning_rate': 5.750148418285133e-08, 'epoch': 1.96}
{'loss': 0.3214, 'learning_rate': 5.495717072343313e-08, 'epoch': 1.96}
{'loss': 0.7573, 'learning_rate': 5.241285726401493e-08, 'epoch': 1.97}
{'loss': 0.5356, 'learning_rate': 4.9868543804596734e-08, 'epoch': 1.97}
{'loss': 0.5712, 'learning_rate': 4.732423034517853e-08, 'epoch': 1.97}
{'loss': 0.9262, 'learning_rate': 4.477991688576033e-08, 'epoch': 1.97}
{'loss': 0.3422, 'learning_rate': 4.223560342634213e-08, 'epoch': 1.97}
{'loss': 0.3698, 'learning_rate': 3.969128996692393e-08, 'epoch': 1.97}
{'loss': 0.5526, 'learning_rate': 3.714697650750573e-08, 'epoch': 1.98}
{'loss': 0.2491, 'learning_rate': 3.460266304808753e-08, 'epoch': 1.98}
{'loss': 0.6904, 'learning_rate': 3.205834958866933e-08, 'epoch': 1.98}
{'loss': 0.569, 'learning_rate': 2.9514036129251127e-08, 'epoch': 1.98}
{'loss': 0.2818, 'learning_rate': 2.6969722669832923e-08, 'epoch': 1.98}
{'loss': 0.5824, 'learning_rate': 2.442540921041472e-08, 'epoch': 1.98}
{'loss': 0.4014, 'learning_rate': 2.1881095750996523e-08, 'epoch': 1.99}
{'loss': 0.6968, 'learning_rate': 1.9336782291578323e-08, 'epoch': 1.99}
{'loss': 0.4911, 'learning_rate': 1.6792468832160123e-08, 'epoch': 1.99}
{'eval_loss': 0.3516651690006256, 'eval_mse': 0.3577615135300625, 'eval_pearson': 0.2535069344112327, 'eval_spearman': 0.07535747639717164, 'eval_auroc': 0.5306907199409672, 'eval_runtime': 19.9553, 'eval_samples_per_second': 1117.948, 'eval_steps_per_second': 17.489, 'epoch': 1.99}
{'loss': 0.4911, 'learning_rate': 1.4248155372741922e-08, 'epoch': 1.99}
{'loss': 0.295, 'learning_rate': 1.1703841913323722e-08, 'epoch': 1.99}
{'loss': 0.6049, 'learning_rate': 9.159528453905522e-09, 'epoch': 1.99}
{'loss': 0.56, 'learning_rate': 6.615214994487321e-09, 'epoch': 2.0}
{'loss': 0.2646, 'learning_rate': 4.070901535069121e-09, 'epoch': 2.0}
{'loss': 0.3412, 'learning_rate': 1.52658807565092e-09, 'epoch': 2.0}
{'train_runtime': 3440.5398, 'train_samples_per_second': 109.894, 'train_steps_per_second': 6.869, 'train_loss': 0.44749312060421675, 'epoch': 2.0}
[STEP 2b] OK

=== STEP 3: score (leak-free) ===
--- scoring 2a (/home/asm242/palmer_scratch/entexBERT-2_experiments/EN-TEx/experiments/stage2_ctcf_asb/runs/asb_2a_s20) ---
[load] ADASTRA eval: 251791 rows (pos=9071, neg=242720)
[windows] built 251791/251791  (dropped: 0 out-of-bounds, 0 bad-chrom; hg38-base!=ref on 0 kept rows)
[score] running twin inference on 251791 variants (dump_embeddings=False)...
Loaded weights from /home/asm242/palmer_scratch/entexBERT-2_experiments/EN-TEx/experiments/stage2_ctcf_asb/runs/asb_2a_s20/pytorch_model.bin
  missing keys: 0 | unexpected keys: 0
[leakage] train.meta.csv: +16365 bins, 16365 seen total
[leakage] dev.meta.csv: +2036 bins, 18401 seen total
[leakage] 205551/251791 eval variants (81.64%) in a seen bin; 7585 ASB-positive. Dropped for leak_free.
[AUROC:full] balanced 9071 pos + 9071 neg  AUROC=0.6621 95%CI[0.6542,0.6697]  AUPRC=0.7020
[AUROC:leak_free] balanced 1486 pos + 1486 neg  AUROC=0.6652 95%CI[0.6454,0.6843]  AUPRC=0.7029

=== entexBERT-2 vs benchmark models (CTCF AUROC, 11 with valid CTCF) ===
      Sei                  DNN       0.7668
      DeepSEA              DNN       0.7664
      Enformer             DNN       0.7338
  >>> entexBERT-2 (this run)   0.6652  <<<
      DeepBind_ChIP-seq    DNN       0.6596
      DeepBind_HT-SELEX    DNN       0.6296
      deltaSVM_ChIP-seq    kmer/gkm  0.6118
      tRap                 PWM       0.6076
      FABIAN-variant       PWM       0.5514
      Beluga               DNN       0.5423
      atSNP                PWM       0.5312
      motifbreakR          PWM       0.5283

[done] wrote /home/asm242/palmer_scratch/entexBERT-2_experiments/EN-TEx/experiments/stage2_ctcf_asb/score_2a_adastra_metrics.json + /home/asm242/palmer_scratch/entexBERT-2_experiments/EN-TEx/experiments/stage2_ctcf_asb/score_2a_adastra_perVariant.csv.gz
[filter] total_reads>=20: 790085/2391015 rows kept
[load] 790085 hetSNV rows over donors=['ENC-001', 'ENC-002', 'ENC-003', 'ENC-004']
[leakage] train.meta.csv: +16365 bins, 16365 seen total
[leakage] dev.meta.csv: +2036 bins, 18401 seen total

===== donor ENC-001: 176390 rows (pos=11296, neg=165094) =====
[windows] built 176390/176390  (dropped: 0 out-of-bounds, 0 bad-chrom; hg38-base!=ref on 0 kept rows)
[score] running twin inference on 176390 variants (dump_embeddings=False)...
Loaded weights from /home/asm242/palmer_scratch/entexBERT-2_experiments/EN-TEx/experiments/stage2_ctcf_asb/runs/asb_2a_s20/pytorch_model.bin
  missing keys: 0 | unexpected keys: 0
[leakage] 158196/176390 ENC-001 (cross-donor) variants in a seen bin (10207 positive).
  [ENC-001:full] AUROC=0.5602 CI[0.5529,0.5678] AUPRC=0.6269 n_pos=11296 | mag_Spearman=0.0132 signed_Spearman=0.0593
  [ENC-001:leak_free] AUROC=0.6258 CI[0.6018,0.6487] AUPRC=0.6896 n_pos=1089 | mag_Spearman=0.0516 signed_Spearman=0.0836
  --- per-tissue [leak_free] (>= 20 pos & neg) ---
    Peyers_patch                     AUROC=0.6947 n_pos=70 mag_Sp=0.0802
    adrenal_gland                    AUROC=0.7092 n_pos=63 mag_Sp=0.0969
    body_of_pancreas                 AUROC=0.6139 n_pos=216 mag_Sp=0.0085
    esophagus_muscularis_mucosa      AUROC=0.6054 n_pos=21 mag_Sp=-0.0081
    esophagus_squamous_epithelium    AUROC=0.6225 n_pos=51 mag_Sp=0.1230
    gastrocnemius_medialis           AUROC=0.6633 n_pos=28 mag_Sp=0.0675
    gastroesophageal_sphincter       AUROC=0.6967 n_pos=26 mag_Sp=0.0889
    prostate_gland                   AUROC=0.5935 n_pos=85 mag_Sp=0.0680
    spleen                           AUROC=0.6453 n_pos=52 mag_Sp=0.1335
    testis                           AUROC=0.5517 n_pos=22 mag_Sp=0.0341
    thoracic_aorta                   AUROC=0.6597 n_pos=78 mag_Sp=0.0248
    tibial_artery                    AUROC=0.5638 n_pos=66 mag_Sp=0.0125
    tibial_nerve                     AUROC=0.6465 n_pos=23 mag_Sp=0.0808
    transverse_colon                 AUROC=0.7285 n_pos=139 mag_Sp=0.0471
    upper_lobe_of_left_lung          AUROC=0.6366 n_pos=112 mag_Sp=0.0345

===== donor ENC-002: 202506 rows (pos=10877, neg=191629) =====
[windows] built 202506/202506  (dropped: 0 out-of-bounds, 0 bad-chrom; hg38-base!=ref on 0 kept rows)
[score] running twin inference on 202506 variants (dump_embeddings=False)...
Loaded weights from /home/asm242/palmer_scratch/entexBERT-2_experiments/EN-TEx/experiments/stage2_ctcf_asb/runs/asb_2a_s20/pytorch_model.bin
  missing keys: 0 | unexpected keys: 0
[leakage] 182398/202506 ENC-002 (matched) variants in a seen bin (9910 positive).
  [ENC-002:full] AUROC=0.6117 CI[0.6038,0.6187] AUPRC=0.6787 n_pos=10877 | mag_Spearman=0.0292 signed_Spearman=0.0659
  [ENC-002:leak_free] AUROC=0.6846 CI[0.6569,0.7081] AUPRC=0.7486 n_pos=967 | mag_Spearman=0.0493 signed_Spearman=0.0791
  --- per-tissue [leak_free] (>= 20 pos & neg) ---
    Peyers_patch                     AUROC=0.7622 n_pos=61 mag_Sp=0.0764
    adrenal_gland                    AUROC=0.7093 n_pos=85 mag_Sp=0.0296
    body_of_pancreas                 AUROC=0.6734 n_pos=120 mag_Sp=0.0131
    esophagus_muscularis_mucosa      AUROC=0.6594 n_pos=68 mag_Sp=0.0225
    esophagus_squamous_epithelium    AUROC=0.7278 n_pos=102 mag_Sp=0.0728
    gastroesophageal_sphincter       AUROC=0.6831 n_pos=39 mag_Sp=-0.0158
    prostate_gland                   AUROC=0.7417 n_pos=45 mag_Sp=0.0605
    sigmoid_colon                    AUROC=0.8099 n_pos=28 mag_Sp=0.0285
    spleen                           AUROC=0.6434 n_pos=134 mag_Sp=0.0420
    thyroid_gland                    AUROC=0.7223 n_pos=81 mag_Sp=0.0840
    transverse_colon                 AUROC=0.7028 n_pos=55 mag_Sp=0.0647
    upper_lobe_of_left_lung          AUROC=0.7385 n_pos=75 mag_Sp=0.0513

===== donor ENC-003: 196350 rows (pos=10462, neg=185888) =====
[windows] built 196350/196350  (dropped: 0 out-of-bounds, 0 bad-chrom; hg38-base!=ref on 0 kept rows)
[score] running twin inference on 196350 variants (dump_embeddings=False)...
Loaded weights from /home/asm242/palmer_scratch/entexBERT-2_experiments/EN-TEx/experiments/stage2_ctcf_asb/runs/asb_2a_s20/pytorch_model.bin
  missing keys: 0 | unexpected keys: 0
[leakage] 177304/196350 ENC-003 (cross-donor) variants in a seen bin (9769 positive).
  [ENC-003:full] AUROC=0.5842 CI[0.5768,0.5924] AUPRC=0.6449 n_pos=10462 | mag_Spearman=0.0197 signed_Spearman=0.0667
  [ENC-003:leak_free] AUROC=0.6239 CI[0.5942,0.6533] AUPRC=0.6890 n_pos=693 | mag_Spearman=0.0099 signed_Spearman=0.0684
  --- per-tissue [leak_free] (>= 20 pos & neg) ---
    Peyers_patch                     AUROC=0.6481 n_pos=68 mag_Sp=-0.0026
    adrenal_gland                    AUROC=0.7654 n_pos=54 mag_Sp=0.0750
    body_of_pancreas                 AUROC=0.6720 n_pos=37 mag_Sp=0.0337
    coronary_artery                  AUROC=0.6009 n_pos=21 mag_Sp=0.0088
    esophagus_squamous_epithelium    AUROC=0.5392 n_pos=49 mag_Sp=-0.0156
    gastrocnemius_medialis           AUROC=0.8151 n_pos=26 mag_Sp=0.0089
    gastroesophageal_sphincter       AUROC=0.6159 n_pos=29 mag_Sp=0.0018
    heart_left_ventricle             AUROC=0.6863 n_pos=38 mag_Sp=0.0117
    right_lobe_of_liver              AUROC=0.5244 n_pos=51 mag_Sp=-0.0351
    spleen                           AUROC=0.6504 n_pos=59 mag_Sp=0.0500
    thyroid_gland                    AUROC=0.6465 n_pos=23 mag_Sp=0.0969
    tibial_nerve                     AUROC=0.5537 n_pos=44 mag_Sp=0.0007
    transverse_colon                 AUROC=0.5303 n_pos=34 mag_Sp=-0.0472
    upper_lobe_of_left_lung          AUROC=0.5944 n_pos=30 mag_Sp=0.0087
    uterus                           AUROC=0.6332 n_pos=42 mag_Sp=0.0555

===== donor ENC-004: 214839 rows (pos=10629, neg=204210) =====
[windows] built 214839/214839  (dropped: 0 out-of-bounds, 0 bad-chrom; hg38-base!=ref on 0 kept rows)
[score] running twin inference on 214839 variants (dump_embeddings=False)...
Loaded weights from /home/asm242/palmer_scratch/entexBERT-2_experiments/EN-TEx/experiments/stage2_ctcf_asb/runs/asb_2a_s20/pytorch_model.bin
  missing keys: 0 | unexpected keys: 0
[leakage] 193455/214839 ENC-004 (cross-donor) variants in a seen bin (9822 positive).
  [ENC-004:full] AUROC=0.5740 CI[0.5667,0.5819] AUPRC=0.6407 n_pos=10629 | mag_Spearman=0.0231 signed_Spearman=0.0640
  [ENC-004:leak_free] AUROC=0.6724 CI[0.6463,0.6979] AUPRC=0.7252 n_pos=807 | mag_Spearman=0.0326 signed_Spearman=0.0709
  --- per-tissue [leak_free] (>= 20 pos & neg) ---
    adrenal_gland                    AUROC=0.6354 n_pos=24 mag_Sp=0.0425
    ascending_aorta                  AUROC=0.6816 n_pos=32 mag_Sp=0.0482
    body_of_pancreas                 AUROC=0.7236 n_pos=66 mag_Sp=0.0847
    breast_epithelium                AUROC=0.7200 n_pos=20 mag_Sp=-0.0074
    esophagus_squamous_epithelium    AUROC=0.5822 n_pos=23 mag_Sp=-0.0091
    gastrocnemius_medialis           AUROC=0.6860 n_pos=33 mag_Sp=0.0285
    gastroesophageal_sphincter       AUROC=0.6679 n_pos=81 mag_Sp=0.0088
    heart_left_ventricle             AUROC=0.7572 n_pos=53 mag_Sp=0.0634
    right_atrium_auricular_region    AUROC=0.7485 n_pos=52 mag_Sp=0.0479
    spleen                           AUROC=0.5927 n_pos=72 mag_Sp=0.0005
    stomach                          AUROC=0.6119 n_pos=31 mag_Sp=0.0076
    thyroid_gland                    AUROC=0.6315 n_pos=99 mag_Sp=-0.0029
    tibial_nerve                     AUROC=0.6382 n_pos=71 mag_Sp=0.0139
    upper_lobe_of_left_lung          AUROC=0.6838 n_pos=65 mag_Sp=0.0299
    uterus                           AUROC=0.7253 n_pos=31 mag_Sp=0.0705

[write] /home/asm242/palmer_scratch/entexBERT-2_experiments/EN-TEx/experiments/stage2_ctcf_asb/score_2a_hetsnv_perVariant.csv.gz  (790085 scored variants)
[write] /home/asm242/palmer_scratch/entexBERT-2_experiments/EN-TEx/experiments/stage2_ctcf_asb/score_2a_hetsnv_summary.csv

=== donor-level (ALL-tissue) summary ===
  donor  donor_kind    regime    auroc  n_pos  mag_spearman  signed_spearman
ENC-001 cross-donor      full 0.560236  11296      0.013181         0.059290
ENC-001 cross-donor leak_free 0.625831   1089      0.051572         0.083632
ENC-002     matched      full 0.611678  10877      0.029226         0.065916
ENC-002     matched leak_free 0.684647    967      0.049276         0.079117
ENC-003 cross-donor      full 0.584246  10462      0.019706         0.066680
ENC-003 cross-donor leak_free 0.623932    693      0.009910         0.068444
ENC-004 cross-donor      full 0.574022  10629      0.023070         0.064014
ENC-004 cross-donor leak_free 0.672372    807      0.032624         0.070866
--- scoring 2b (/home/asm242/palmer_scratch/entexBERT-2_experiments/EN-TEx/experiments/stage2_ctcf_asb/runs/asb_2b_s20) ---
[load] ADASTRA eval: 251791 rows (pos=9071, neg=242720)
[windows] built 251791/251791  (dropped: 0 out-of-bounds, 0 bad-chrom; hg38-base!=ref on 0 kept rows)
[score] running twin inference on 251791 variants (dump_embeddings=False)...
Loaded weights from /home/asm242/palmer_scratch/entexBERT-2_experiments/EN-TEx/experiments/stage2_ctcf_asb/runs/asb_2b_s20/pytorch_model.bin
  missing keys: 0 | unexpected keys: 0
[leakage] train.meta.csv: +16365 bins, 16365 seen total
[leakage] dev.meta.csv: +2036 bins, 18401 seen total
[leakage] 205551/251791 eval variants (81.64%) in a seen bin; 7585 ASB-positive. Dropped for leak_free.
[AUROC:full] balanced 9071 pos + 9071 neg  AUROC=0.6717 95%CI[0.6640,0.6793]  AUPRC=0.7214
[AUROC:leak_free] balanced 1486 pos + 1486 neg  AUROC=0.6748 95%CI[0.6564,0.6931]  AUPRC=0.7221

=== entexBERT-2 vs benchmark models (CTCF AUROC, 11 with valid CTCF) ===
      Sei                  DNN       0.7668
      DeepSEA              DNN       0.7664
      Enformer             DNN       0.7338
  >>> entexBERT-2 (this run)   0.6748  <<<
      DeepBind_ChIP-seq    DNN       0.6596
      DeepBind_HT-SELEX    DNN       0.6296
      deltaSVM_ChIP-seq    kmer/gkm  0.6118
      tRap                 PWM       0.6076
      FABIAN-variant       PWM       0.5514
      Beluga               DNN       0.5423
      atSNP                PWM       0.5312
      motifbreakR          PWM       0.5283

[done] wrote /home/asm242/palmer_scratch/entexBERT-2_experiments/EN-TEx/experiments/stage2_ctcf_asb/score_2b_adastra_metrics.json + /home/asm242/palmer_scratch/entexBERT-2_experiments/EN-TEx/experiments/stage2_ctcf_asb/score_2b_adastra_perVariant.csv.gz
[filter] total_reads>=20: 790085/2391015 rows kept
[load] 790085 hetSNV rows over donors=['ENC-001', 'ENC-002', 'ENC-003', 'ENC-004']
[leakage] train.meta.csv: +16365 bins, 16365 seen total
[leakage] dev.meta.csv: +2036 bins, 18401 seen total

===== donor ENC-001: 176390 rows (pos=11296, neg=165094) =====
[windows] built 176390/176390  (dropped: 0 out-of-bounds, 0 bad-chrom; hg38-base!=ref on 0 kept rows)
[score] running twin inference on 176390 variants (dump_embeddings=False)...
Loaded weights from /home/asm242/palmer_scratch/entexBERT-2_experiments/EN-TEx/experiments/stage2_ctcf_asb/runs/asb_2b_s20/pytorch_model.bin
  missing keys: 0 | unexpected keys: 0
[leakage] 158196/176390 ENC-001 (cross-donor) variants in a seen bin (10207 positive).
  [ENC-001:full] AUROC=0.6665 CI[0.6588,0.6734] AUPRC=0.7154 n_pos=11296 | mag_Spearman=0.0662 signed_Spearman=0.1143
  [ENC-001:leak_free] AUROC=0.6658 CI[0.6408,0.6878] AUPRC=0.7262 n_pos=1089 | mag_Spearman=0.0550 signed_Spearman=0.1002
  --- per-tissue [leak_free] (>= 20 pos & neg) ---
    Peyers_patch                     AUROC=0.6996 n_pos=70 mag_Sp=0.0727
    adrenal_gland                    AUROC=0.7317 n_pos=63 mag_Sp=0.0870
    body_of_pancreas                 AUROC=0.6348 n_pos=216 mag_Sp=0.0758
    esophagus_muscularis_mucosa      AUROC=0.6440 n_pos=21 mag_Sp=0.0334
    esophagus_squamous_epithelium    AUROC=0.6682 n_pos=51 mag_Sp=0.1240
    gastrocnemius_medialis           AUROC=0.7666 n_pos=28 mag_Sp=0.0974
    gastroesophageal_sphincter       AUROC=0.7959 n_pos=26 mag_Sp=0.0281
    prostate_gland                   AUROC=0.6779 n_pos=85 mag_Sp=0.0441
    spleen                           AUROC=0.7482 n_pos=52 mag_Sp=0.0556
    testis                           AUROC=0.6405 n_pos=22 mag_Sp=0.0832
    thoracic_aorta                   AUROC=0.6401 n_pos=78 mag_Sp=0.0126
    tibial_artery                    AUROC=0.6527 n_pos=66 mag_Sp=0.0502
    tibial_nerve                     AUROC=0.5898 n_pos=23 mag_Sp=0.0085
    transverse_colon                 AUROC=0.6843 n_pos=139 mag_Sp=0.0806
    upper_lobe_of_left_lung          AUROC=0.6206 n_pos=112 mag_Sp=0.0352

===== donor ENC-002: 202506 rows (pos=10877, neg=191629) =====
[windows] built 202506/202506  (dropped: 0 out-of-bounds, 0 bad-chrom; hg38-base!=ref on 0 kept rows)
[score] running twin inference on 202506 variants (dump_embeddings=False)...
Loaded weights from /home/asm242/palmer_scratch/entexBERT-2_experiments/EN-TEx/experiments/stage2_ctcf_asb/runs/asb_2b_s20/pytorch_model.bin
  missing keys: 0 | unexpected keys: 0
[leakage] 182398/202506 ENC-002 (matched) variants in a seen bin (9910 positive).
  [ENC-002:full] AUROC=0.6858 CI[0.6788,0.6929] AUPRC=0.7402 n_pos=10877 | mag_Spearman=0.0615 signed_Spearman=0.1109
  [ENC-002:leak_free] AUROC=0.7042 CI[0.6790,0.7279] AUPRC=0.7620 n_pos=967 | mag_Spearman=0.0643 signed_Spearman=0.0928
  --- per-tissue [leak_free] (>= 20 pos & neg) ---
    Peyers_patch                     AUROC=0.7837 n_pos=61 mag_Sp=0.0879
    adrenal_gland                    AUROC=0.7152 n_pos=85 mag_Sp=0.0549
    body_of_pancreas                 AUROC=0.6747 n_pos=120 mag_Sp=0.0064
    esophagus_muscularis_mucosa      AUROC=0.7327 n_pos=68 mag_Sp=0.0754
    esophagus_squamous_epithelium    AUROC=0.6817 n_pos=102 mag_Sp=0.1468
    gastroesophageal_sphincter       AUROC=0.8146 n_pos=39 mag_Sp=0.0714
    prostate_gland                   AUROC=0.7412 n_pos=45 mag_Sp=0.0459
    sigmoid_colon                    AUROC=0.8151 n_pos=28 mag_Sp=0.0436
    spleen                           AUROC=0.7184 n_pos=134 mag_Sp=0.0453
    thyroid_gland                    AUROC=0.7010 n_pos=81 mag_Sp=0.0766
    transverse_colon                 AUROC=0.6479 n_pos=55 mag_Sp=0.0440
    upper_lobe_of_left_lung          AUROC=0.7499 n_pos=75 mag_Sp=0.0660

===== donor ENC-003: 196350 rows (pos=10462, neg=185888) =====
[windows] built 196350/196350  (dropped: 0 out-of-bounds, 0 bad-chrom; hg38-base!=ref on 0 kept rows)
[score] running twin inference on 196350 variants (dump_embeddings=False)...
Loaded weights from /home/asm242/palmer_scratch/entexBERT-2_experiments/EN-TEx/experiments/stage2_ctcf_asb/runs/asb_2b_s20/pytorch_model.bin
  missing keys: 0 | unexpected keys: 0
[leakage] 177304/196350 ENC-003 (cross-donor) variants in a seen bin (9769 positive).
  [ENC-003:full] AUROC=0.6639 CI[0.6568,0.6712] AUPRC=0.7185 n_pos=10462 | mag_Spearman=0.0662 signed_Spearman=0.1173
  [ENC-003:leak_free] AUROC=0.7027 CI[0.6748,0.7290] AUPRC=0.7546 n_pos=693 | mag_Spearman=0.0553 signed_Spearman=0.0930
  --- per-tissue [leak_free] (>= 20 pos & neg) ---
    Peyers_patch                     AUROC=0.6946 n_pos=68 mag_Sp=0.0916
    adrenal_gland                    AUROC=0.7483 n_pos=54 mag_Sp=0.0853
    body_of_pancreas                 AUROC=0.7443 n_pos=37 mag_Sp=0.0664
    coronary_artery                  AUROC=0.7483 n_pos=21 mag_Sp=0.0761
    esophagus_squamous_epithelium    AUROC=0.7112 n_pos=49 mag_Sp=0.0406
    gastrocnemius_medialis           AUROC=0.7293 n_pos=26 mag_Sp=0.0709
    gastroesophageal_sphincter       AUROC=0.7979 n_pos=29 mag_Sp=0.0652
    heart_left_ventricle             AUROC=0.7493 n_pos=38 mag_Sp=0.1105
    right_lobe_of_liver              AUROC=0.5740 n_pos=51 mag_Sp=0.0454
    spleen                           AUROC=0.6593 n_pos=59 mag_Sp=0.0959
    thyroid_gland                    AUROC=0.7486 n_pos=23 mag_Sp=0.0533
    tibial_nerve                     AUROC=0.7190 n_pos=44 mag_Sp=0.0414
    transverse_colon                 AUROC=0.7483 n_pos=34 mag_Sp=-0.0335
    upper_lobe_of_left_lung          AUROC=0.6456 n_pos=30 mag_Sp=0.0182
    uterus                           AUROC=0.7585 n_pos=42 mag_Sp=0.0816

===== donor ENC-004: 214839 rows (pos=10629, neg=204210) =====
[windows] built 214839/214839  (dropped: 0 out-of-bounds, 0 bad-chrom; hg38-base!=ref on 0 kept rows)
[score] running twin inference on 214839 variants (dump_embeddings=False)...
Loaded weights from /home/asm242/palmer_scratch/entexBERT-2_experiments/EN-TEx/experiments/stage2_ctcf_asb/runs/asb_2b_s20/pytorch_model.bin
  missing keys: 0 | unexpected keys: 0
[leakage] 193455/214839 ENC-004 (cross-donor) variants in a seen bin (9822 positive).
  [ENC-004:full] AUROC=0.6822 CI[0.6755,0.6891] AUPRC=0.7288 n_pos=10629 | mag_Spearman=0.0633 signed_Spearman=0.1031
  [ENC-004:leak_free] AUROC=0.7238 CI[0.7001,0.7464] AUPRC=0.7624 n_pos=807 | mag_Spearman=0.0395 signed_Spearman=0.0695
  --- per-tissue [leak_free] (>= 20 pos & neg) ---
    adrenal_gland                    AUROC=0.7847 n_pos=24 mag_Sp=0.0235
    ascending_aorta                  AUROC=0.7930 n_pos=32 mag_Sp=0.0297
    body_of_pancreas                 AUROC=0.7323 n_pos=66 mag_Sp=0.1135
    breast_epithelium                AUROC=0.6350 n_pos=20 mag_Sp=0.0043
    esophagus_squamous_epithelium    AUROC=0.7316 n_pos=23 mag_Sp=0.0333
    gastrocnemius_medialis           AUROC=0.6345 n_pos=33 mag_Sp=0.0344
    gastroesophageal_sphincter       AUROC=0.7351 n_pos=81 mag_Sp=0.0257
    heart_left_ventricle             AUROC=0.7369 n_pos=53 mag_Sp=0.0494
    right_atrium_auricular_region    AUROC=0.7134 n_pos=52 mag_Sp=0.0221
    spleen                           AUROC=0.6529 n_pos=72 mag_Sp=0.0027
    stomach                          AUROC=0.6961 n_pos=31 mag_Sp=-0.0464
    thyroid_gland                    AUROC=0.7177 n_pos=99 mag_Sp=0.0373
    tibial_nerve                     AUROC=0.6120 n_pos=71 mag_Sp=0.0107
    upper_lobe_of_left_lung          AUROC=0.7039 n_pos=65 mag_Sp=0.0835
    uterus                           AUROC=0.7617 n_pos=31 mag_Sp=0.0988

[write] /home/asm242/palmer_scratch/entexBERT-2_experiments/EN-TEx/experiments/stage2_ctcf_asb/score_2b_hetsnv_perVariant.csv.gz  (790085 scored variants)
[write] /home/asm242/palmer_scratch/entexBERT-2_experiments/EN-TEx/experiments/stage2_ctcf_asb/score_2b_hetsnv_summary.csv

=== donor-level (ALL-tissue) summary ===
  donor  donor_kind    regime    auroc  n_pos  mag_spearman  signed_spearman
ENC-001 cross-donor      full 0.666477  11296      0.066161         0.114265
ENC-001 cross-donor leak_free 0.665830   1089      0.055012         0.100247
ENC-002     matched      full 0.685832  10877      0.061491         0.110851
ENC-002     matched leak_free 0.704191    967      0.064275         0.092776
ENC-003 cross-donor      full 0.663941  10462      0.066185         0.117259
ENC-003 cross-donor leak_free 0.702727    693      0.055342         0.092969
ENC-004 cross-donor      full 0.682239  10629      0.063335         0.103118
ENC-004 cross-donor leak_free 0.723834    807      0.039493         0.069454
[STEP 3] OK

============================================================
 STAGE-2b + SCORING COMPLETE.
   best 2a: s=20  (/home/asm242/palmer_scratch/entexBERT-2_experiments/EN-TEx/experiments/stage2_ctcf_asb/runs/asb_2a_s20)
   2b:      /home/asm242/palmer_scratch/entexBERT-2_experiments/EN-TEx/experiments/stage2_ctcf_asb/runs/asb_2b_s20
   scores:  /home/asm242/palmer_scratch/entexBERT-2_experiments/EN-TEx/experiments/stage2_ctcf_asb/score_2a_*  and  /home/asm242/palmer_scratch/entexBERT-2_experiments/EN-TEx/experiments/stage2_ctcf_asb/score_2b_*
 Compare leak-free |Delta| AUROC vs the ~0.68 probe baseline
 and the benchmark table (adastra scorer prints the ranking).
============================================================
