=== preflight ===
NVIDIA GeForce RTX 3090, 24576 MiB
torch 1.13.1+cu117 | cuda True
  found: /home/asm242/entexBERT-2/DNABERT-2-117M-attention
  found: /home/asm242/reference_genome/hg38.fa
  found: /home/asm242/palmer_scratch/entexBERT-2_experiments/ADASTRA/ctcf_adastra_evalset.csv
  found: /home/asm242/palmer_scratch/entexBERT-2_experiments/ADASTRA/ctcf_benchmark_reference_auroc.csv
  found: /home/asm242/palmer_scratch/entexBERT-2_experiments/EN-TEx/experiments/stage2_ctcf_clf/inputs_clf/train.csv
  found: /home/asm242/palmer_scratch/entexBERT-2_experiments/EN-TEx/experiments/stage2_ctcf_clf/inputs_clf/test.csv
  found: /home/asm242/palmer_scratch/entexBERT-2_experiments/EN-TEx/experiments/stage2_ctcf_clf/inputs_clf/train.meta.csv
  found: /home/asm242/palmer_scratch/entexBERT-2_experiments/EN-TEx/experiments/stage2_ctcf_clf/inputs_clf/dev.meta.csv

=== [nodapt] Stage-2a (frozen-head A/B): s=20 lr=1e-3 --freeze_backbone True -> /home/asm242/palmer_scratch/entexBERT-2_experiments/EN-TEx/experiments/ctcf_a1_multitrack/stage2_nodapt/runs/clf_2a_s20 ===
{'loss': 0.6895, 'learning_rate': 0.0004, 'epoch': 0.0}
{'loss': 0.6847, 'learning_rate': 0.0008, 'epoch': 0.01}
{'loss': 0.6877, 'learning_rate': 0.000999426506853243, 'epoch': 0.01}
{'loss': 0.6965, 'learning_rate': 0.0009982795205597294, 'epoch': 0.01}
{'loss': 0.6984, 'learning_rate': 0.0009971325342662154, 'epoch': 0.02}
{'loss': 0.6875, 'learning_rate': 0.0009959855479727017, 'epoch': 0.02}
{'loss': 0.6868, 'learning_rate': 0.000994838561679188, 'epoch': 0.02}
{'loss': 0.696, 'learning_rate': 0.000993691575385674, 'epoch': 0.03}
{'loss': 0.6956, 'learning_rate': 0.0009925445890921604, 'epoch': 0.03}
{'loss': 0.6902, 'learning_rate': 0.0009913976027986465, 'epoch': 0.03}
{'loss': 0.6849, 'learning_rate': 0.0009902506165051328, 'epoch': 0.04}
{'loss': 0.6928, 'learning_rate': 0.000989103630211619, 'epoch': 0.04}
{'eval_loss': 0.7269138693809509, 'eval_bce': 0.727958793673384, 'eval_n_pos': 2024.0, 'eval_pos_rate': 0.09120814744716327, 'eval_auroc': 0.5183117461293064, 'eval_auprc': 0.09943120921251995, 'eval_mcc': -0.014711611955463874, 'eval_precision': 0.09051365108745951, 'eval_recall': 0.9664031620553359, 'eval_f1': 0.1655242447321655, 'eval_runtime': 20.1501, 'eval_samples_per_second': 1101.283, 'eval_steps_per_second': 17.221, 'epoch': 0.04}
{'loss': 0.6926, 'learning_rate': 0.0009879566439181052, 'epoch': 0.04}
{'loss': 0.6844, 'learning_rate': 0.0009868096576245915, 'epoch': 0.05}
{'loss': 0.694, 'learning_rate': 0.0009856626713310775, 'epoch': 0.05}
{'loss': 0.6922, 'learning_rate': 0.0009845156850375638, 'epoch': 0.05}
{'loss': 0.6907, 'learning_rate': 0.00098336869874405, 'epoch': 0.06}
{'loss': 0.6787, 'learning_rate': 0.0009822217124505362, 'epoch': 0.06}
{'loss': 0.6903, 'learning_rate': 0.0009810747261570225, 'epoch': 0.07}
{'loss': 0.6906, 'learning_rate': 0.0009799277398635088, 'epoch': 0.07}
{'loss': 0.6842, 'learning_rate': 0.0009787807535699949, 'epoch': 0.07}
{'loss': 0.6951, 'learning_rate': 0.000977633767276481, 'epoch': 0.08}
{'loss': 0.6834, 'learning_rate': 0.0009764867809829672, 'epoch': 0.08}
{'loss': 0.6998, 'learning_rate': 0.0009753397946894534, 'epoch': 0.08}
{'loss': 0.683, 'learning_rate': 0.0009741928083959397, 'epoch': 0.09}
{'eval_loss': 0.714067280292511, 'eval_bce': 0.7147446078158357, 'eval_n_pos': 2024.0, 'eval_pos_rate': 0.09120814744716327, 'eval_auroc': 0.5194763546520937, 'eval_auprc': 0.10250253491497616, 'eval_mcc': 0.015237001067220975, 'eval_precision': 0.09378599575628979, 'eval_recall': 0.7643280632411067, 'eval_f1': 0.16707165613694044, 'eval_runtime': 20.3287, 'eval_samples_per_second': 1091.609, 'eval_steps_per_second': 17.069, 'epoch': 0.09}
{'loss': 0.6717, 'learning_rate': 0.0009730458221024259, 'epoch': 0.09}
{'loss': 0.6954, 'learning_rate': 0.0009718988358089121, 'epoch': 0.09}
{'loss': 0.6796, 'learning_rate': 0.0009707518495153983, 'epoch': 0.1}
{'loss': 0.6945, 'learning_rate': 0.0009696048632218846, 'epoch': 0.1}
{'loss': 0.6876, 'learning_rate': 0.0009684578769283708, 'epoch': 0.1}
{'loss': 0.6926, 'learning_rate': 0.0009673108906348569, 'epoch': 0.11}
{'loss': 0.6926, 'learning_rate': 0.0009661639043413432, 'epoch': 0.11}
{'loss': 0.673, 'learning_rate': 0.0009650169180478293, 'epoch': 0.11}
{'loss': 0.6879, 'learning_rate': 0.0009638699317543156, 'epoch': 0.12}
{'loss': 0.6872, 'learning_rate': 0.0009627229454608017, 'epoch': 0.12}
{'loss': 0.6885, 'learning_rate': 0.000961575959167288, 'epoch': 0.12}
{'loss': 0.6904, 'learning_rate': 0.0009604289728737742, 'epoch': 0.13}
{'eval_loss': 0.7038852572441101, 'eval_bce': 0.7042484388437701, 'eval_n_pos': 2024.0, 'eval_pos_rate': 0.09120814744716327, 'eval_auroc': 0.5334456914212962, 'eval_auprc': 0.10900622224280408, 'eval_mcc': 0.030499830669799603, 'eval_precision': 0.09866583928017375, 'eval_recall': 0.6284584980237155, 'eval_f1': 0.17055510860820597, 'eval_runtime': 20.317, 'eval_samples_per_second': 1092.238, 'eval_steps_per_second': 17.079, 'epoch': 0.13}
{'loss': 0.6791, 'learning_rate': 0.0009592819865802603, 'epoch': 0.13}
{'loss': 0.6927, 'learning_rate': 0.0009581350002867466, 'epoch': 0.13}
{'loss': 0.685, 'learning_rate': 0.0009569880139932328, 'epoch': 0.14}
{'loss': 0.6867, 'learning_rate': 0.0009558410276997191, 'epoch': 0.14}
{'loss': 0.6899, 'learning_rate': 0.0009546940414062051, 'epoch': 0.14}
{'loss': 0.6861, 'learning_rate': 0.0009535470551126914, 'epoch': 0.15}
{'loss': 0.6853, 'learning_rate': 0.0009524000688191776, 'epoch': 0.15}
{'loss': 0.6857, 'learning_rate': 0.0009512530825256639, 'epoch': 0.15}
{'loss': 0.695, 'learning_rate': 0.00095010609623215, 'epoch': 0.16}
{'loss': 0.6884, 'learning_rate': 0.0009489591099386362, 'epoch': 0.16}
{'loss': 0.6869, 'learning_rate': 0.0009478121236451225, 'epoch': 0.16}
{'loss': 0.6816, 'learning_rate': 0.0009466651373516087, 'epoch': 0.17}
{'loss': 0.6971, 'learning_rate': 0.0009455181510580949, 'epoch': 0.17}
{'eval_loss': 0.6957087516784668, 'eval_bce': 0.6956804826902222, 'eval_n_pos': 2024.0, 'eval_pos_rate': 0.09120814744716327, 'eval_auroc': 0.5337097537929827, 'eval_auprc': 0.11075528022892975, 'eval_mcc': 0.024628186556403246, 'eval_precision': 0.09875120076849184, 'eval_recall': 0.5079051383399209, 'eval_f1': 0.1653530641788644, 'eval_runtime': 20.3281, 'eval_samples_per_second': 1091.644, 'eval_steps_per_second': 17.07, 'epoch': 0.17}
{'loss': 0.6802, 'learning_rate': 0.000944371164764581, 'epoch': 0.17}
{'loss': 0.6954, 'learning_rate': 0.0009432241784710673, 'epoch': 0.18}
{'loss': 0.6795, 'learning_rate': 0.0009420771921775535, 'epoch': 0.18}
{'loss': 0.6931, 'learning_rate': 0.0009409302058840396, 'epoch': 0.19}
{'loss': 0.6757, 'learning_rate': 0.0009397832195905259, 'epoch': 0.19}
{'loss': 0.6805, 'learning_rate': 0.0009386362332970121, 'epoch': 0.19}
{'loss': 0.6826, 'learning_rate': 0.0009374892470034984, 'epoch': 0.2}
{'loss': 0.6829, 'learning_rate': 0.0009363422607099845, 'epoch': 0.2}
{'loss': 0.6878, 'learning_rate': 0.0009351952744164708, 'epoch': 0.2}
{'loss': 0.6919, 'learning_rate': 0.000934048288122957, 'epoch': 0.21}
{'loss': 0.6813, 'learning_rate': 0.0009329013018294431, 'epoch': 0.21}
{'loss': 0.6817, 'learning_rate': 0.0009317543155359293, 'epoch': 0.21}
{'eval_loss': 0.6885693669319153, 'eval_bce': 0.6884063165739223, 'eval_n_pos': 2024.0, 'eval_pos_rate': 0.09120814744716327, 'eval_auroc': 0.5386907660952001, 'eval_auprc': 0.11283025010678506, 'eval_mcc': 0.030850260907957536, 'eval_precision': 0.10235580828594638, 'eval_recall': 0.4357707509881423, 'eval_f1': 0.1657738934310685, 'eval_runtime': 20.395, 'eval_samples_per_second': 1088.059, 'eval_steps_per_second': 17.014, 'epoch': 0.21}
{'loss': 0.6884, 'learning_rate': 0.0009306073292424155, 'epoch': 0.22}
{'loss': 0.6836, 'learning_rate': 0.0009294603429489018, 'epoch': 0.22}
{'loss': 0.68, 'learning_rate': 0.000928313356655388, 'epoch': 0.22}
{'loss': 0.6922, 'learning_rate': 0.0009271663703618742, 'epoch': 0.23}
{'loss': 0.6882, 'learning_rate': 0.0009260193840683604, 'epoch': 0.23}
{'loss': 0.6825, 'learning_rate': 0.0009248723977748467, 'epoch': 0.23}
{'loss': 0.6901, 'learning_rate': 0.0009237254114813329, 'epoch': 0.24}
{'loss': 0.6783, 'learning_rate': 0.0009225784251878189, 'epoch': 0.24}
{'loss': 0.6877, 'learning_rate': 0.0009214314388943052, 'epoch': 0.24}
{'loss': 0.6897, 'learning_rate': 0.0009202844526007914, 'epoch': 0.25}
{'loss': 0.6881, 'learning_rate': 0.0009191374663072777, 'epoch': 0.25}
{'loss': 0.6798, 'learning_rate': 0.0009179904800137638, 'epoch': 0.25}
{'loss': 0.6859, 'learning_rate': 0.0009168434937202501, 'epoch': 0.26}
{'eval_loss': 0.6686593890190125, 'eval_bce': 0.6677839332886898, 'eval_n_pos': 2024.0, 'eval_pos_rate': 0.09120814744716327, 'eval_auroc': 0.5407171878647288, 'eval_auprc': 0.11660734281479887, 'eval_mcc': 0.049893991032369016, 'eval_precision': 0.11724937222329535, 'eval_recall': 0.299901185770751, 'eval_f1': 0.168587696153312, 'eval_runtime': 20.3799, 'eval_samples_per_second': 1088.864, 'eval_steps_per_second': 17.027, 'epoch': 0.26}
{'loss': 0.6807, 'learning_rate': 0.0009156965074267363, 'epoch': 0.26}
{'loss': 0.6809, 'learning_rate': 0.0009145495211332225, 'epoch': 0.26}
{'loss': 0.6874, 'learning_rate': 0.0009134025348397087, 'epoch': 0.27}
{'loss': 0.6848, 'learning_rate': 0.0009122555485461948, 'epoch': 0.27}
{'loss': 0.6832, 'learning_rate': 0.0009111085622526811, 'epoch': 0.27}
{'loss': 0.6781, 'learning_rate': 0.0009099615759591673, 'epoch': 0.28}
{'loss': 0.6885, 'learning_rate': 0.0009088145896656535, 'epoch': 0.28}
{'loss': 0.6818, 'learning_rate': 0.0009076676033721397, 'epoch': 0.28}
{'loss': 0.6815, 'learning_rate': 0.0009065206170786259, 'epoch': 0.29}
{'loss': 0.6815, 'learning_rate': 0.0009053736307851122, 'epoch': 0.29}
{'loss': 0.6828, 'learning_rate': 0.0009042266444915983, 'epoch': 0.3}
{'loss': 0.68, 'learning_rate': 0.0009030796581980846, 'epoch': 0.3}
{'eval_loss': 0.6711740493774414, 'eval_bce': 0.6703683732655535, 'eval_n_pos': 2024.0, 'eval_pos_rate': 0.09120814744716327, 'eval_auroc': 0.5481516760935516, 'eval_auprc': 0.1176878737016275, 'eval_mcc': 0.05675439314081837, 'eval_precision': 0.11805902951475739, 'eval_recall': 0.34980237154150196, 'eval_f1': 0.17653659144745046, 'eval_runtime': 20.3865, 'eval_samples_per_second': 1088.516, 'eval_steps_per_second': 17.021, 'epoch': 0.3}
{'loss': 0.6801, 'learning_rate': 0.0009019326719045708, 'epoch': 0.3}
{'loss': 0.6817, 'learning_rate': 0.000900785685611057, 'epoch': 0.31}
{'loss': 0.6953, 'learning_rate': 0.0008996386993175431, 'epoch': 0.31}
{'loss': 0.6846, 'learning_rate': 0.0008984917130240294, 'epoch': 0.31}
{'loss': 0.6771, 'learning_rate': 0.0008973447267305156, 'epoch': 0.32}
{'loss': 0.6767, 'learning_rate': 0.0008961977404370018, 'epoch': 0.32}
{'loss': 0.6872, 'learning_rate': 0.000895050754143488, 'epoch': 0.32}
{'loss': 0.691, 'learning_rate': 0.0008939037678499742, 'epoch': 0.33}
{'loss': 0.6847, 'learning_rate': 0.0008927567815564605, 'epoch': 0.33}
{'loss': 0.6746, 'learning_rate': 0.0008916097952629467, 'epoch': 0.33}
{'loss': 0.6819, 'learning_rate': 0.0008904628089694329, 'epoch': 0.34}
{'loss': 0.673, 'learning_rate': 0.000889315822675919, 'epoch': 0.34}
{'loss': 0.679, 'learning_rate': 0.0008881688363824052, 'epoch': 0.34}
{'eval_loss': 0.6695881485939026, 'eval_bce': 0.6685120419374228, 'eval_n_pos': 2024.0, 'eval_pos_rate': 0.09120814744716327, 'eval_auroc': 0.5459471221623554, 'eval_auprc': 0.11630827249351644, 'eval_mcc': 0.04556117704969427, 'eval_precision': 0.11259479063633367, 'eval_recall': 0.3374505928853755, 'eval_f1': 0.1688504326328801, 'eval_runtime': 20.3814, 'eval_samples_per_second': 1088.785, 'eval_steps_per_second': 17.025, 'epoch': 0.34}
{'loss': 0.6803, 'learning_rate': 0.0008870218500888915, 'epoch': 0.35}
{'loss': 0.6786, 'learning_rate': 0.0008858748637953776, 'epoch': 0.35}
{'loss': 0.672, 'learning_rate': 0.0008847278775018639, 'epoch': 0.35}
{'loss': 0.693, 'learning_rate': 0.0008835808912083501, 'epoch': 0.36}
{'loss': 0.6844, 'learning_rate': 0.0008824339049148363, 'epoch': 0.36}
{'loss': 0.684, 'learning_rate': 0.0008812869186213225, 'epoch': 0.36}
{'loss': 0.6803, 'learning_rate': 0.0008801399323278086, 'epoch': 0.37}
{'loss': 0.6872, 'learning_rate': 0.0008789929460342949, 'epoch': 0.37}
{'loss': 0.6825, 'learning_rate': 0.000877845959740781, 'epoch': 0.37}
{'loss': 0.684, 'learning_rate': 0.0008766989734472673, 'epoch': 0.38}
{'loss': 0.6859, 'learning_rate': 0.0008755519871537535, 'epoch': 0.38}
{'loss': 0.6767, 'learning_rate': 0.0008744050008602398, 'epoch': 0.38}
{'eval_loss': 0.6651881337165833, 'eval_bce': 0.6639988591535032, 'eval_n_pos': 2024.0, 'eval_pos_rate': 0.09120814744716327, 'eval_auroc': 0.5458300904835924, 'eval_auprc': 0.11695939807327538, 'eval_mcc': 0.04608953004508167, 'eval_precision': 0.11390166253979483, 'eval_recall': 0.3181818181818182, 'eval_f1': 0.16775201875488407, 'eval_runtime': 20.3798, 'eval_samples_per_second': 1088.871, 'eval_steps_per_second': 17.027, 'epoch': 0.39}
{'loss': 0.6752, 'learning_rate': 0.0008732580145667259, 'epoch': 0.39}
{'loss': 0.6813, 'learning_rate': 0.0008721110282732122, 'epoch': 0.39}
{'loss': 0.6768, 'learning_rate': 0.0008709640419796984, 'epoch': 0.39}
{'loss': 0.6823, 'learning_rate': 0.0008698170556861846, 'epoch': 0.4}
{'loss': 0.6912, 'learning_rate': 0.0008686700693926707, 'epoch': 0.4}
{'loss': 0.6836, 'learning_rate': 0.0008675230830991569, 'epoch': 0.4}
{'loss': 0.6865, 'learning_rate': 0.0008663760968056432, 'epoch': 0.41}
{'loss': 0.6794, 'learning_rate': 0.0008652291105121294, 'epoch': 0.41}
{'loss': 0.6783, 'learning_rate': 0.0008640821242186156, 'epoch': 0.42}
{'loss': 0.6838, 'learning_rate': 0.0008629351379251018, 'epoch': 0.42}
{'loss': 0.6763, 'learning_rate': 0.000861788151631588, 'epoch': 0.42}
{'loss': 0.6844, 'learning_rate': 0.0008606411653380743, 'epoch': 0.43}
{'loss': 0.6803, 'learning_rate': 0.0008594941790445604, 'epoch': 0.43}
{'eval_loss': 0.6598348617553711, 'eval_bce': 0.6584818422137783, 'eval_n_pos': 2024.0, 'eval_pos_rate': 0.09120814744716327, 'eval_auroc': 0.5461310850838189, 'eval_auprc': 0.1190050610823412, 'eval_mcc': 0.049228531882156014, 'eval_precision': 0.11694094869312681, 'eval_recall': 0.2984189723320158, 'eval_f1': 0.1680344971484212, 'eval_runtime': 20.3787, 'eval_samples_per_second': 1088.932, 'eval_steps_per_second': 17.028, 'epoch': 0.43}
{'loss': 0.6805, 'learning_rate': 0.0008583471927510467, 'epoch': 0.43}
{'loss': 0.6755, 'learning_rate': 0.0008572002064575328, 'epoch': 0.44}
{'loss': 0.6792, 'learning_rate': 0.0008560532201640191, 'epoch': 0.44}
{'loss': 0.6774, 'learning_rate': 0.0008549062338705052, 'epoch': 0.44}
{'loss': 0.6811, 'learning_rate': 0.0008537592475769915, 'epoch': 0.45}
{'loss': 0.6905, 'learning_rate': 0.0008526122612834777, 'epoch': 0.45}
{'loss': 0.679, 'learning_rate': 0.0008514652749899639, 'epoch': 0.45}
{'loss': 0.6693, 'learning_rate': 0.0008503182886964501, 'epoch': 0.46}
{'loss': 0.6887, 'learning_rate': 0.0008491713024029363, 'epoch': 0.46}
{'loss': 0.6762, 'learning_rate': 0.0008480243161094226, 'epoch': 0.46}
{'loss': 0.6752, 'learning_rate': 0.0008468773298159087, 'epoch': 0.47}
{'loss': 0.6891, 'learning_rate': 0.0008457303435223949, 'epoch': 0.47}
{'eval_loss': 0.6464712023735046, 'eval_bce': 0.6448021203696885, 'eval_n_pos': 2024.0, 'eval_pos_rate': 0.09120814744716327, 'eval_auroc': 0.5523113229827384, 'eval_auprc': 0.11917761238578779, 'eval_mcc': 0.04627285030048743, 'eval_precision': 0.12011316872427984, 'eval_recall': 0.2307312252964427, 'eval_f1': 0.15798376184032475, 'eval_runtime': 20.3719, 'eval_samples_per_second': 1089.297, 'eval_steps_per_second': 17.033, 'epoch': 0.47}
{'loss': 0.6861, 'learning_rate': 0.0008445833572288811, 'epoch': 0.47}
{'loss': 0.6898, 'learning_rate': 0.0008434363709353673, 'epoch': 0.48}
{'loss': 0.6789, 'learning_rate': 0.0008422893846418536, 'epoch': 0.48}
{'loss': 0.681, 'learning_rate': 0.0008411423983483397, 'epoch': 0.48}
{'loss': 0.6871, 'learning_rate': 0.000839995412054826, 'epoch': 0.49}
{'loss': 0.6831, 'learning_rate': 0.0008388484257613122, 'epoch': 0.49}
{'loss': 0.6625, 'learning_rate': 0.0008377014394677985, 'epoch': 0.49}
{'loss': 0.6733, 'learning_rate': 0.0008365544531742845, 'epoch': 0.5}
{'loss': 0.6783, 'learning_rate': 0.0008354074668807707, 'epoch': 0.5}
{'loss': 0.6826, 'learning_rate': 0.000834260480587257, 'epoch': 0.5}
{'loss': 0.6933, 'learning_rate': 0.0008331134942937432, 'epoch': 0.51}
{'loss': 0.6858, 'learning_rate': 0.0008319665080002294, 'epoch': 0.51}
{'loss': 0.6783, 'learning_rate': 0.0008308195217067156, 'epoch': 0.51}
{'eval_loss': 0.6408881545066833, 'eval_bce': 0.6389368832886688, 'eval_n_pos': 2024.0, 'eval_pos_rate': 0.09120814744716327, 'eval_auroc': 0.5449035999012984, 'eval_auprc': 0.11972982783194819, 'eval_mcc': 0.04012256650650495, 'eval_precision': 0.11758118701007839, 'eval_recall': 0.2075098814229249, 'eval_f1': 0.1501072194424589, 'eval_runtime': 20.3859, 'eval_samples_per_second': 1088.546, 'eval_steps_per_second': 17.022, 'epoch': 0.51}
{'loss': 0.6829, 'learning_rate': 0.0008296725354132019, 'epoch': 0.52}
{'loss': 0.6829, 'learning_rate': 0.0008285255491196881, 'epoch': 0.52}
{'loss': 0.6579, 'learning_rate': 0.0008273785628261743, 'epoch': 0.52}
{'loss': 0.6702, 'learning_rate': 0.0008262315765326605, 'epoch': 0.53}
{'loss': 0.6728, 'learning_rate': 0.0008250845902391466, 'epoch': 0.53}
{'loss': 0.6817, 'learning_rate': 0.0008239376039456329, 'epoch': 0.54}
{'loss': 0.6778, 'learning_rate': 0.000822790617652119, 'epoch': 0.54}
{'loss': 0.6814, 'learning_rate': 0.0008216436313586053, 'epoch': 0.54}
{'loss': 0.6761, 'learning_rate': 0.0008204966450650915, 'epoch': 0.55}
{'loss': 0.6721, 'learning_rate': 0.0008193496587715778, 'epoch': 0.55}
{'loss': 0.6879, 'learning_rate': 0.0008182026724780639, 'epoch': 0.55}
{'loss': 0.6794, 'learning_rate': 0.0008170556861845501, 'epoch': 0.56}
{'eval_loss': 0.6530685424804688, 'eval_bce': 0.651441011732916, 'eval_n_pos': 2024.0, 'eval_pos_rate': 0.09120814744716327, 'eval_auroc': 0.5514337813839421, 'eval_auprc': 0.12355290981149752, 'eval_mcc': 0.056616269900900774, 'eval_precision': 0.1217479674796748, 'eval_recall': 0.2959486166007905, 'eval_f1': 0.17252304147465436, 'eval_runtime': 20.4002, 'eval_samples_per_second': 1087.783, 'eval_steps_per_second': 17.01, 'epoch': 0.56}
{'loss': 0.677, 'learning_rate': 0.0008159086998910364, 'epoch': 0.56}
{'loss': 0.6735, 'learning_rate': 0.0008147617135975225, 'epoch': 0.56}
{'loss': 0.6752, 'learning_rate': 0.0008136147273040087, 'epoch': 0.57}
{'loss': 0.6857, 'learning_rate': 0.0008124677410104949, 'epoch': 0.57}
{'loss': 0.6761, 'learning_rate': 0.0008113207547169812, 'epoch': 0.57}
{'loss': 0.6805, 'learning_rate': 0.0008101737684234673, 'epoch': 0.58}
{'loss': 0.679, 'learning_rate': 0.0008090267821299535, 'epoch': 0.58}
{'loss': 0.6819, 'learning_rate': 0.0008078797958364398, 'epoch': 0.58}
{'loss': 0.6837, 'learning_rate': 0.000806732809542926, 'epoch': 0.59}
{'loss': 0.6692, 'learning_rate': 0.0008055858232494122, 'epoch': 0.59}
{'loss': 0.6986, 'learning_rate': 0.0008044388369558983, 'epoch': 0.59}
{'loss': 0.6649, 'learning_rate': 0.0008032918506623846, 'epoch': 0.6}
{'loss': 0.686, 'learning_rate': 0.0008021448643688708, 'epoch': 0.6}
{'eval_loss': 0.6494253873825073, 'eval_bce': 0.6477642881987768, 'eval_n_pos': 2024.0, 'eval_pos_rate': 0.09120814744716327, 'eval_auroc': 0.5547005993041111, 'eval_auprc': 0.12359813118542423, 'eval_mcc': 0.05857013867005941, 'eval_precision': 0.123550495467004, 'eval_recall': 0.28952569169960474, 'eval_f1': 0.17319343874685972, 'eval_runtime': 20.3765, 'eval_samples_per_second': 1089.048, 'eval_steps_per_second': 17.029, 'epoch': 0.6}
{'loss': 0.6872, 'learning_rate': 0.000800997878075357, 'epoch': 0.6}
{'loss': 0.6808, 'learning_rate': 0.0007998508917818432, 'epoch': 0.61}
{'loss': 0.6754, 'learning_rate': 0.0007987039054883294, 'epoch': 0.61}
{'loss': 0.6726, 'learning_rate': 0.0007975569191948157, 'epoch': 0.61}
{'loss': 0.6829, 'learning_rate': 0.0007964099329013018, 'epoch': 0.62}
{'loss': 0.677, 'learning_rate': 0.0007952629466077881, 'epoch': 0.62}
{'loss': 0.678, 'learning_rate': 0.0007941159603142742, 'epoch': 0.62}
{'loss': 0.6776, 'learning_rate': 0.0007929689740207605, 'epoch': 0.63}
{'loss': 0.6736, 'learning_rate': 0.0007918219877272466, 'epoch': 0.63}
{'loss': 0.6804, 'learning_rate': 0.0007906750014337328, 'epoch': 0.63}
{'loss': 0.6769, 'learning_rate': 0.0007895280151402191, 'epoch': 0.64}
{'loss': 0.6833, 'learning_rate': 0.0007883810288467053, 'epoch': 0.64}
{'eval_loss': 0.6397342085838318, 'eval_bce': 0.6375969554904881, 'eval_n_pos': 2024.0, 'eval_pos_rate': 0.09120814744716327, 'eval_auroc': 0.5594706752960605, 'eval_auprc': 0.12662936914809594, 'eval_mcc': 0.06368544314695876, 'eval_precision': 0.13043478260869565, 'eval_recall': 0.2564229249011858, 'eval_f1': 0.1729135432283858, 'eval_runtime': 20.3715, 'eval_samples_per_second': 1089.317, 'eval_steps_per_second': 17.034, 'epoch': 0.64}
{'loss': 0.6805, 'learning_rate': 0.0007872340425531915, 'epoch': 0.65}
{'loss': 0.6835, 'learning_rate': 0.0007860870562596777, 'epoch': 0.65}
{'loss': 0.6747, 'learning_rate': 0.000784940069966164, 'epoch': 0.65}
{'loss': 0.6649, 'learning_rate': 0.0007837930836726502, 'epoch': 0.66}
{'loss': 0.6826, 'learning_rate': 0.0007826460973791363, 'epoch': 0.66}
{'loss': 0.6785, 'learning_rate': 0.0007814991110856225, 'epoch': 0.66}
{'loss': 0.6794, 'learning_rate': 0.0007803521247921087, 'epoch': 0.67}
{'loss': 0.6724, 'learning_rate': 0.000779205138498595, 'epoch': 0.67}
{'loss': 0.6882, 'learning_rate': 0.0007780581522050811, 'epoch': 0.67}
{'loss': 0.6854, 'learning_rate': 0.0007769111659115674, 'epoch': 0.68}
{'loss': 0.679, 'learning_rate': 0.0007757641796180536, 'epoch': 0.68}
{'loss': 0.6729, 'learning_rate': 0.0007746171933245399, 'epoch': 0.68}
{'loss': 0.681, 'learning_rate': 0.000773470207031026, 'epoch': 0.69}
{'eval_loss': 0.6444105505943298, 'eval_bce': 0.6423573959240253, 'eval_n_pos': 2024.0, 'eval_pos_rate': 0.09120814744716327, 'eval_auroc': 0.558950218736789, 'eval_auprc': 0.1277351964348641, 'eval_mcc': 0.0533179487547082, 'eval_precision': 0.12212349054454318, 'eval_recall': 0.2648221343873518, 'eval_f1': 0.16716045532512083, 'eval_runtime': 20.3846, 'eval_samples_per_second': 1088.619, 'eval_steps_per_second': 17.023, 'epoch': 0.69}
{'loss': 0.6723, 'learning_rate': 0.0007723232207375121, 'epoch': 0.69}
{'loss': 0.6681, 'learning_rate': 0.0007711762344439984, 'epoch': 0.69}
{'loss': 0.6789, 'learning_rate': 0.0007700292481504846, 'epoch': 0.7}
{'loss': 0.6696, 'learning_rate': 0.0007688822618569708, 'epoch': 0.7}
{'loss': 0.6832, 'learning_rate': 0.000767735275563457, 'epoch': 0.7}
{'loss': 0.6776, 'learning_rate': 0.0007665882892699433, 'epoch': 0.71}
{'loss': 0.6773, 'learning_rate': 0.0007654413029764295, 'epoch': 0.71}
{'loss': 0.6685, 'learning_rate': 0.0007642943166829156, 'epoch': 0.71}
{'loss': 0.6871, 'learning_rate': 0.0007631473303894019, 'epoch': 0.72}
{'loss': 0.6726, 'learning_rate': 0.000762000344095888, 'epoch': 0.72}
{'loss': 0.6701, 'learning_rate': 0.0007608533578023743, 'epoch': 0.72}
{'loss': 0.6723, 'learning_rate': 0.0007597063715088604, 'epoch': 0.73}
{'eval_loss': 0.6529202461242676, 'eval_bce': 0.6510655448690319, 'eval_n_pos': 2024.0, 'eval_pos_rate': 0.09120814744716327, 'eval_auroc': 0.5610780295794934, 'eval_auprc': 0.13117625614744127, 'eval_mcc': 0.06079307874837339, 'eval_precision': 0.1220414201183432, 'eval_recall': 0.32608695652173914, 'eval_f1': 0.1776103336921421, 'eval_runtime': 20.3934, 'eval_samples_per_second': 1088.144, 'eval_steps_per_second': 17.015, 'epoch': 0.73}
{'loss': 0.6783, 'learning_rate': 0.0007585593852153467, 'epoch': 0.73}
{'loss': 0.6741, 'learning_rate': 0.0007574123989218329, 'epoch': 0.73}
{'loss': 0.6735, 'learning_rate': 0.0007562654126283192, 'epoch': 0.74}
{'loss': 0.673, 'learning_rate': 0.0007551184263348053, 'epoch': 0.74}
{'loss': 0.6789, 'learning_rate': 0.0007539714400412915, 'epoch': 0.74}
{'loss': 0.6827, 'learning_rate': 0.0007528244537477778, 'epoch': 0.75}
{'loss': 0.663, 'learning_rate': 0.000751677467454264, 'epoch': 0.75}
{'loss': 0.6665, 'learning_rate': 0.0007505304811607501, 'epoch': 0.75}
{'loss': 0.6847, 'learning_rate': 0.0007493834948672363, 'epoch': 0.76}
{'loss': 0.6801, 'learning_rate': 0.0007482365085737226, 'epoch': 0.76}
{'loss': 0.6646, 'learning_rate': 0.0007470895222802088, 'epoch': 0.77}
{'loss': 0.6714, 'learning_rate': 0.0007459425359866949, 'epoch': 0.77}
{'loss': 0.6869, 'learning_rate': 0.0007447955496931812, 'epoch': 0.77}
{'eval_loss': 0.6389461159706116, 'eval_bce': 0.63665108140134, 'eval_n_pos': 2024.0, 'eval_pos_rate': 0.09120814744716327, 'eval_auroc': 0.5646078931632333, 'eval_auprc': 0.1331298908359946, 'eval_mcc': 0.06886882769222137, 'eval_precision': 0.1311176872296836, 'eval_recall': 0.2845849802371542, 'eval_f1': 0.17952314165497896, 'eval_runtime': 20.3678, 'eval_samples_per_second': 1089.513, 'eval_steps_per_second': 17.037, 'epoch': 0.77}
{'loss': 0.6721, 'learning_rate': 0.0007436485633996674, 'epoch': 0.78}
{'loss': 0.6724, 'learning_rate': 0.0007425015771061537, 'epoch': 0.78}
{'loss': 0.6799, 'learning_rate': 0.0007413545908126398, 'epoch': 0.78}
{'loss': 0.6801, 'learning_rate': 0.000740207604519126, 'epoch': 0.79}
{'loss': 0.6735, 'learning_rate': 0.0007390606182256122, 'epoch': 0.79}
{'loss': 0.6774, 'learning_rate': 0.0007379136319320984, 'epoch': 0.79}
{'loss': 0.6803, 'learning_rate': 0.0007367666456385846, 'epoch': 0.8}
{'loss': 0.6781, 'learning_rate': 0.0007356196593450708, 'epoch': 0.8}
{'loss': 0.6588, 'learning_rate': 0.0007344726730515571, 'epoch': 0.8}
{'loss': 0.6735, 'learning_rate': 0.0007333256867580432, 'epoch': 0.81}
{'loss': 0.686, 'learning_rate': 0.0007321787004645295, 'epoch': 0.81}
{'loss': 0.6652, 'learning_rate': 0.0007310317141710157, 'epoch': 0.81}
{'eval_loss': 0.6324647068977356, 'eval_bce': 0.6299351624042189, 'eval_n_pos': 2024.0, 'eval_pos_rate': 0.09120814744716327, 'eval_auroc': 0.5636687366027271, 'eval_auprc': 0.13321800354792107, 'eval_mcc': 0.06830628944831979, 'eval_precision': 0.13397005678884874, 'eval_recall': 0.2564229249011858, 'eval_f1': 0.17599186164801628, 'eval_runtime': 20.3939, 'eval_samples_per_second': 1088.119, 'eval_steps_per_second': 17.015, 'epoch': 0.81}
{'loss': 0.6926, 'learning_rate': 0.000729884727877502, 'epoch': 0.82}
{'loss': 0.6701, 'learning_rate': 0.000728737741583988, 'epoch': 0.82}
{'loss': 0.6778, 'learning_rate': 0.0007275907552904742, 'epoch': 0.82}
{'loss': 0.6647, 'learning_rate': 0.0007264437689969605, 'epoch': 0.83}
{'loss': 0.6593, 'learning_rate': 0.0007252967827034467, 'epoch': 0.83}
{'loss': 0.6681, 'learning_rate': 0.0007241497964099329, 'epoch': 0.83}
{'loss': 0.674, 'learning_rate': 0.0007230028101164191, 'epoch': 0.84}
{'loss': 0.6692, 'learning_rate': 0.0007218558238229054, 'epoch': 0.84}
{'loss': 0.664, 'learning_rate': 0.0007207088375293916, 'epoch': 0.84}
{'loss': 0.6708, 'learning_rate': 0.0007195618512358776, 'epoch': 0.85}
{'loss': 0.6832, 'learning_rate': 0.0007184148649423639, 'epoch': 0.85}
{'loss': 0.6821, 'learning_rate': 0.0007172678786488501, 'epoch': 0.85}
{'loss': 0.6789, 'learning_rate': 0.0007161208923553364, 'epoch': 0.86}
{'eval_loss': 0.632074236869812, 'eval_bce': 0.6296122649497021, 'eval_n_pos': 2024.0, 'eval_pos_rate': 0.09120814744716327, 'eval_auroc': 0.5606169953222606, 'eval_auprc': 0.13268416084549403, 'eval_mcc': 0.06750595674881144, 'eval_precision': 0.13335046248715313, 'eval_recall': 0.2564229249011858, 'eval_f1': 0.17545638945233266, 'eval_runtime': 20.3761, 'eval_samples_per_second': 1089.068, 'eval_steps_per_second': 17.03, 'epoch': 0.86}
{'loss': 0.6785, 'learning_rate': 0.0007149739060618225, 'epoch': 0.86}
{'loss': 0.6732, 'learning_rate': 0.0007138269197683088, 'epoch': 0.86}
{'loss': 0.6751, 'learning_rate': 0.000712679933474795, 'epoch': 0.87}
{'loss': 0.6756, 'learning_rate': 0.0007115329471812813, 'epoch': 0.87}
{'loss': 0.6784, 'learning_rate': 0.0007103859608877674, 'epoch': 0.87}
{'loss': 0.6798, 'learning_rate': 0.0007092389745942536, 'epoch': 0.88}
{'loss': 0.6676, 'learning_rate': 0.0007080919883007399, 'epoch': 0.88}
{'loss': 0.674, 'learning_rate': 0.000706945002007226, 'epoch': 0.89}
{'loss': 0.6678, 'learning_rate': 0.0007057980157137122, 'epoch': 0.89}
{'loss': 0.6676, 'learning_rate': 0.0007046510294201984, 'epoch': 0.89}
{'loss': 0.6794, 'learning_rate': 0.0007035040431266847, 'epoch': 0.9}
{'loss': 0.6743, 'learning_rate': 0.0007023570568331709, 'epoch': 0.9}
{'eval_loss': 0.6285723447799683, 'eval_bce': 0.6259311851048105, 'eval_n_pos': 2024.0, 'eval_pos_rate': 0.09120814744716327, 'eval_auroc': 0.5628376695893635, 'eval_auprc': 0.13136776028104158, 'eval_mcc': 0.06466611173390335, 'eval_precision': 0.1338206353668822, 'eval_recall': 0.23517786561264822, 'eval_f1': 0.17057874932807743, 'eval_runtime': 20.3788, 'eval_samples_per_second': 1088.927, 'eval_steps_per_second': 17.028, 'epoch': 0.9}
{'loss': 0.6817, 'learning_rate': 0.000701210070539657, 'epoch': 0.9}
{'loss': 0.6731, 'learning_rate': 0.0007000630842461433, 'epoch': 0.91}
{'loss': 0.6886, 'learning_rate': 0.0006989160979526295, 'epoch': 0.91}
{'loss': 0.6693, 'learning_rate': 0.0006977691116591158, 'epoch': 0.91}
{'loss': 0.6656, 'learning_rate': 0.0006966221253656018, 'epoch': 0.92}
{'loss': 0.6859, 'learning_rate': 0.0006954751390720881, 'epoch': 0.92}
{'loss': 0.6728, 'learning_rate': 0.0006943281527785743, 'epoch': 0.92}
{'loss': 0.6673, 'learning_rate': 0.0006931811664850605, 'epoch': 0.93}
{'loss': 0.6727, 'learning_rate': 0.0006920341801915467, 'epoch': 0.93}
{'loss': 0.67, 'learning_rate': 0.0006908871938980329, 'epoch': 0.93}
{'loss': 0.6639, 'learning_rate': 0.0006897402076045192, 'epoch': 0.94}
{'loss': 0.6681, 'learning_rate': 0.0006885932213110054, 'epoch': 0.94}
{'loss': 0.6774, 'learning_rate': 0.0006874462350174916, 'epoch': 0.94}
{'eval_loss': 0.6300547122955322, 'eval_bce': 0.6274437474117256, 'eval_n_pos': 2024.0, 'eval_pos_rate': 0.09120814744716327, 'eval_auroc': 0.5630275857655769, 'eval_auprc': 0.13187990665006927, 'eval_mcc': 0.05887032872298451, 'eval_precision': 0.12817851582771148, 'eval_recall': 0.2440711462450593, 'eval_f1': 0.16808438244300786, 'eval_runtime': 20.3812, 'eval_samples_per_second': 1088.799, 'eval_steps_per_second': 17.026, 'epoch': 0.94}
{'loss': 0.6678, 'learning_rate': 0.0006862992487239777, 'epoch': 0.95}
{'loss': 0.6709, 'learning_rate': 0.000685152262430464, 'epoch': 0.95}
{'loss': 0.6819, 'learning_rate': 0.0006840052761369502, 'epoch': 0.95}
{'loss': 0.6687, 'learning_rate': 0.0006828582898434363, 'epoch': 0.96}
{'loss': 0.6701, 'learning_rate': 0.0006817113035499226, 'epoch': 0.96}
{'loss': 0.6795, 'learning_rate': 0.0006805643172564088, 'epoch': 0.96}
{'loss': 0.6802, 'learning_rate': 0.0006794173309628951, 'epoch': 0.97}
{'loss': 0.6663, 'learning_rate': 0.0006782703446693812, 'epoch': 0.97}
{'loss': 0.6644, 'learning_rate': 0.0006771233583758675, 'epoch': 0.97}
{'loss': 0.6735, 'learning_rate': 0.0006759763720823537, 'epoch': 0.98}
{'loss': 0.6792, 'learning_rate': 0.0006748293857888398, 'epoch': 0.98}
{'loss': 0.6702, 'learning_rate': 0.000673682399495326, 'epoch': 0.98}
{'eval_loss': 0.6231383085250854, 'eval_bce': 0.620371983780726, 'eval_n_pos': 2024.0, 'eval_pos_rate': 0.09120814744716327, 'eval_auroc': 0.5653514742806655, 'eval_auprc': 0.13108308550598324, 'eval_mcc': 0.06351914240117312, 'eval_precision': 0.134014598540146, 'eval_recall': 0.2267786561264822, 'eval_f1': 0.168471279133786, 'eval_runtime': 20.3766, 'eval_samples_per_second': 1089.041, 'eval_steps_per_second': 17.029, 'epoch': 0.99}
{'loss': 0.6761, 'learning_rate': 0.0006725354132018122, 'epoch': 0.99}
{'loss': 0.6857, 'learning_rate': 0.0006713884269082985, 'epoch': 0.99}
{'loss': 0.6697, 'learning_rate': 0.0006702414406147847, 'epoch': 1.0}
{'loss': 0.6905, 'learning_rate': 0.0006690944543212709, 'epoch': 1.0}
{'loss': 0.6794, 'learning_rate': 0.0006679474680277571, 'epoch': 1.0}
{'loss': 0.6716, 'learning_rate': 0.0006668004817342433, 'epoch': 1.01}
{'loss': 0.6762, 'learning_rate': 0.0006656534954407296, 'epoch': 1.01}
{'loss': 0.6753, 'learning_rate': 0.0006645065091472156, 'epoch': 1.01}
{'loss': 0.6789, 'learning_rate': 0.0006633595228537019, 'epoch': 1.02}
{'loss': 0.67, 'learning_rate': 0.0006622125365601881, 'epoch': 1.02}
{'loss': 0.6773, 'learning_rate': 0.0006610655502666744, 'epoch': 1.02}
{'loss': 0.6729, 'learning_rate': 0.0006599185639731605, 'epoch': 1.03}
{'loss': 0.6651, 'learning_rate': 0.0006587715776796468, 'epoch': 1.03}
{'eval_loss': 0.6337732672691345, 'eval_bce': 0.6313135287003464, 'eval_n_pos': 2024.0, 'eval_pos_rate': 0.09120814744716327, 'eval_auroc': 0.5641030669600535, 'eval_auprc': 0.1293604806943955, 'eval_mcc': 0.06883443748676607, 'eval_precision': 0.13146950092421442, 'eval_recall': 0.2811264822134387, 'eval_f1': 0.1791561712846348, 'eval_runtime': 20.3813, 'eval_samples_per_second': 1088.794, 'eval_steps_per_second': 17.025, 'epoch': 1.03}
{'loss': 0.6663, 'learning_rate': 0.000657624591386133, 'epoch': 1.03}
{'loss': 0.6779, 'learning_rate': 0.0006564776050926191, 'epoch': 1.04}
{'loss': 0.6803, 'learning_rate': 0.0006553306187991054, 'epoch': 1.04}
{'loss': 0.681, 'learning_rate': 0.0006541836325055915, 'epoch': 1.04}
{'loss': 0.6872, 'learning_rate': 0.0006530366462120778, 'epoch': 1.05}
{'loss': 0.6767, 'learning_rate': 0.0006518896599185639, 'epoch': 1.05}
{'loss': 0.672, 'learning_rate': 0.0006507426736250502, 'epoch': 1.05}
{'loss': 0.6646, 'learning_rate': 0.0006495956873315364, 'epoch': 1.06}
{'loss': 0.6733, 'learning_rate': 0.0006484487010380226, 'epoch': 1.06}
{'loss': 0.6741, 'learning_rate': 0.0006473017147445088, 'epoch': 1.06}
{'loss': 0.6755, 'learning_rate': 0.000646154728450995, 'epoch': 1.07}
{'loss': 0.669, 'learning_rate': 0.0006450077421574813, 'epoch': 1.07}
{'eval_loss': 0.6289047598838806, 'eval_bce': 0.6262303121347553, 'eval_n_pos': 2024.0, 'eval_pos_rate': 0.09120814744716327, 'eval_auroc': 0.5641335559540289, 'eval_auprc': 0.13255440487109338, 'eval_mcc': 0.06055889559671657, 'eval_precision': 0.12804727899532134, 'eval_recall': 0.25691699604743085, 'eval_f1': 0.17091207888249793, 'eval_runtime': 20.409, 'eval_samples_per_second': 1087.314, 'eval_steps_per_second': 17.002, 'epoch': 1.07}
{'loss': 0.6687, 'learning_rate': 0.0006438607558639675, 'epoch': 1.07}
{'loss': 0.6781, 'learning_rate': 0.0006427137695704536, 'epoch': 1.08}
{'loss': 0.6716, 'learning_rate': 0.0006415667832769398, 'epoch': 1.08}
{'loss': 0.6581, 'learning_rate': 0.000640419796983426, 'epoch': 1.08}
{'loss': 0.6672, 'learning_rate': 0.0006392728106899123, 'epoch': 1.09}
{'loss': 0.6727, 'learning_rate': 0.0006381258243963984, 'epoch': 1.09}
{'loss': 0.6737, 'learning_rate': 0.0006369788381028847, 'epoch': 1.09}
{'loss': 0.6607, 'learning_rate': 0.0006358318518093709, 'epoch': 1.1}
{'loss': 0.6666, 'learning_rate': 0.0006346848655158572, 'epoch': 1.1}
{'loss': 0.6723, 'learning_rate': 0.0006335378792223432, 'epoch': 1.1}
{'loss': 0.6726, 'learning_rate': 0.0006323908929288295, 'epoch': 1.11}
{'loss': 0.6657, 'learning_rate': 0.0006312439066353157, 'epoch': 1.11}
{'loss': 0.6839, 'learning_rate': 0.0006300969203418019, 'epoch': 1.12}
{'eval_loss': 0.6212641000747681, 'eval_bce': 0.6182773018393258, 'eval_n_pos': 2024.0, 'eval_pos_rate': 0.09120814744716327, 'eval_auroc': 0.5635144052105631, 'eval_auprc': 0.1308565093225949, 'eval_mcc': 0.059729334387210085, 'eval_precision': 0.13059386433999437, 'eval_recall': 0.22924901185770752, 'eval_f1': 0.16639770485924332, 'eval_runtime': 20.3803, 'eval_samples_per_second': 1088.845, 'eval_steps_per_second': 17.026, 'epoch': 1.12}
{'loss': 0.6703, 'learning_rate': 0.0006289499340482881, 'epoch': 1.12}
{'loss': 0.6708, 'learning_rate': 0.0006278029477547743, 'epoch': 1.12}
{'loss': 0.6846, 'learning_rate': 0.0006266559614612606, 'epoch': 1.13}
{'loss': 0.6697, 'learning_rate': 0.0006255089751677468, 'epoch': 1.13}
{'loss': 0.663, 'learning_rate': 0.000624361988874233, 'epoch': 1.13}
{'loss': 0.6696, 'learning_rate': 0.0006232150025807192, 'epoch': 1.14}
{'loss': 0.671, 'learning_rate': 0.0006220680162872053, 'epoch': 1.14}
{'loss': 0.6806, 'learning_rate': 0.0006209210299936916, 'epoch': 1.14}
{'loss': 0.6628, 'learning_rate': 0.0006197740437001777, 'epoch': 1.15}
{'loss': 0.665, 'learning_rate': 0.000618627057406664, 'epoch': 1.15}
{'loss': 0.6832, 'learning_rate': 0.0006174800711131502, 'epoch': 1.15}
{'loss': 0.6704, 'learning_rate': 0.0006163330848196365, 'epoch': 1.16}
{'eval_loss': 0.616446852684021, 'eval_bce': 0.6133948239213545, 'eval_n_pos': 2024.0, 'eval_pos_rate': 0.09120814744716327, 'eval_auroc': 0.5677380802120476, 'eval_auprc': 0.13313994282943198, 'eval_mcc': 0.06457164038945644, 'eval_precision': 0.13640610401744005, 'eval_recall': 0.21640316205533597, 'eval_f1': 0.16733524355300858, 'eval_runtime': 20.3697, 'eval_samples_per_second': 1089.413, 'eval_steps_per_second': 17.035, 'epoch': 1.16}
{'loss': 0.6817, 'learning_rate': 0.0006151860985261226, 'epoch': 1.16}
{'loss': 0.6726, 'learning_rate': 0.0006140391122326089, 'epoch': 1.16}
{'loss': 0.6704, 'learning_rate': 0.0006128921259390951, 'epoch': 1.17}
{'loss': 0.6773, 'learning_rate': 0.0006117451396455813, 'epoch': 1.17}
{'loss': 0.6639, 'learning_rate': 0.0006105981533520674, 'epoch': 1.17}
{'loss': 0.6767, 'learning_rate': 0.0006094511670585536, 'epoch': 1.18}
{'loss': 0.6669, 'learning_rate': 0.0006083041807650399, 'epoch': 1.18}
{'loss': 0.686, 'learning_rate': 0.0006071571944715261, 'epoch': 1.18}
{'loss': 0.6703, 'learning_rate': 0.0006060102081780123, 'epoch': 1.19}
{'loss': 0.6714, 'learning_rate': 0.0006048632218844985, 'epoch': 1.19}
{'loss': 0.6791, 'learning_rate': 0.0006037162355909847, 'epoch': 1.19}
{'loss': 0.6649, 'learning_rate': 0.000602569249297471, 'epoch': 1.2}
{'loss': 0.681, 'learning_rate': 0.000601422263003957, 'epoch': 1.2}
{'eval_loss': 0.6295576691627502, 'eval_bce': 0.6266790858573152, 'eval_n_pos': 2024.0, 'eval_pos_rate': 0.09120814744716327, 'eval_auroc': 0.562659537427696, 'eval_auprc': 0.13020563579785152, 'eval_mcc': 0.061316014962254084, 'eval_precision': 0.12797690642290113, 'eval_recall': 0.2628458498023715, 'eval_f1': 0.17214043035107587, 'eval_runtime': 20.3545, 'eval_samples_per_second': 1090.226, 'eval_steps_per_second': 17.048, 'epoch': 1.2}
{'loss': 0.6782, 'learning_rate': 0.0006002752767104433, 'epoch': 1.2}
{'loss': 0.6836, 'learning_rate': 0.0005991282904169295, 'epoch': 1.21}
{'loss': 0.6805, 'learning_rate': 0.0005979813041234158, 'epoch': 1.21}
{'loss': 0.6721, 'learning_rate': 0.0005968343178299019, 'epoch': 1.21}
{'loss': 0.6681, 'learning_rate': 0.0005956873315363881, 'epoch': 1.22}
{'loss': 0.6679, 'learning_rate': 0.0005945403452428744, 'epoch': 1.22}
{'loss': 0.6808, 'learning_rate': 0.0005933933589493606, 'epoch': 1.22}
{'loss': 0.6722, 'learning_rate': 0.0005922463726558468, 'epoch': 1.23}
{'loss': 0.6734, 'learning_rate': 0.000591099386362333, 'epoch': 1.23}
{'loss': 0.6698, 'learning_rate': 0.0005899524000688193, 'epoch': 1.24}
{'loss': 0.6683, 'learning_rate': 0.0005888054137753054, 'epoch': 1.24}
{'loss': 0.6625, 'learning_rate': 0.0005876584274817916, 'epoch': 1.24}
{'eval_loss': 0.6348202228546143, 'eval_bce': 0.6321463067603846, 'eval_n_pos': 2024.0, 'eval_pos_rate': 0.09120814744716327, 'eval_auroc': 0.5645834554199706, 'eval_auprc': 0.13433952500607282, 'eval_mcc': 0.06401994177172268, 'eval_precision': 0.12731632875517768, 'eval_recall': 0.2885375494071146, 'eval_f1': 0.17667523823929815, 'eval_runtime': 20.3577, 'eval_samples_per_second': 1090.057, 'eval_steps_per_second': 17.045, 'epoch': 1.24}
{'loss': 0.6722, 'learning_rate': 0.0005865114411882778, 'epoch': 1.25}
{'loss': 0.6695, 'learning_rate': 0.000585364454894764, 'epoch': 1.25}
{'loss': 0.6692, 'learning_rate': 0.0005842174686012503, 'epoch': 1.25}
{'loss': 0.674, 'learning_rate': 0.0005830704823077364, 'epoch': 1.26}
{'loss': 0.6617, 'learning_rate': 0.0005819234960142227, 'epoch': 1.26}
{'loss': 0.6858, 'learning_rate': 0.0005807765097207089, 'epoch': 1.26}
{'loss': 0.6623, 'learning_rate': 0.0005796295234271952, 'epoch': 1.27}
{'loss': 0.6782, 'learning_rate': 0.0005784825371336812, 'epoch': 1.27}
{'loss': 0.6645, 'learning_rate': 0.0005773355508401674, 'epoch': 1.27}
{'loss': 0.677, 'learning_rate': 0.0005761885645466537, 'epoch': 1.28}
{'loss': 0.68, 'learning_rate': 0.0005750415782531398, 'epoch': 1.28}
{'loss': 0.6759, 'learning_rate': 0.0005738945919596261, 'epoch': 1.28}
{'loss': 0.6686, 'learning_rate': 0.0005727476056661123, 'epoch': 1.29}
{'eval_loss': 0.6190497279167175, 'eval_bce': 0.6159890147994085, 'eval_n_pos': 2024.0, 'eval_pos_rate': 0.09120814744716327, 'eval_auroc': 0.5665932546242824, 'eval_auprc': 0.1348199356565562, 'eval_mcc': 0.06661334394847385, 'eval_precision': 0.13507441729851166, 'eval_recall': 0.2376482213438735, 'eval_f1': 0.1722470904207699, 'eval_runtime': 20.3708, 'eval_samples_per_second': 1089.356, 'eval_steps_per_second': 17.034, 'epoch': 1.29}
{'loss': 0.671, 'learning_rate': 0.0005716006193725986, 'epoch': 1.29}
{'loss': 0.6571, 'learning_rate': 0.0005704536330790847, 'epoch': 1.29}
{'loss': 0.6758, 'learning_rate': 0.0005693066467855708, 'epoch': 1.3}
{'loss': 0.6787, 'learning_rate': 0.0005681596604920571, 'epoch': 1.3}
{'loss': 0.6856, 'learning_rate': 0.0005670126741985433, 'epoch': 1.3}
{'loss': 0.6644, 'learning_rate': 0.0005658656879050295, 'epoch': 1.31}
{'loss': 0.6608, 'learning_rate': 0.0005647187016115157, 'epoch': 1.31}
{'loss': 0.6657, 'learning_rate': 0.000563571715318002, 'epoch': 1.31}
{'loss': 0.6652, 'learning_rate': 0.0005624247290244882, 'epoch': 1.32}
{'loss': 0.68, 'learning_rate': 0.0005612777427309744, 'epoch': 1.32}
{'loss': 0.6713, 'learning_rate': 0.0005601307564374606, 'epoch': 1.32}
{'loss': 0.6562, 'learning_rate': 0.0005589837701439468, 'epoch': 1.33}
{'eval_loss': 0.6348760724067688, 'eval_bce': 0.6321798661684889, 'eval_n_pos': 2024.0, 'eval_pos_rate': 0.09120814744716327, 'eval_auroc': 0.5676156710048172, 'eval_auprc': 0.1359687293344421, 'eval_mcc': 0.06430787353342184, 'eval_precision': 0.12708958422631805, 'eval_recall': 0.29298418972332013, 'eval_f1': 0.17727952167414052, 'eval_runtime': 20.3654, 'eval_samples_per_second': 1089.644, 'eval_steps_per_second': 17.039, 'epoch': 1.33}
{'loss': 0.6616, 'learning_rate': 0.000557836783850433, 'epoch': 1.33}
{'loss': 0.6671, 'learning_rate': 0.0005566897975569191, 'epoch': 1.33}
{'loss': 0.661, 'learning_rate': 0.0005555428112634054, 'epoch': 1.34}
{'loss': 0.6805, 'learning_rate': 0.0005543958249698916, 'epoch': 1.34}
{'loss': 0.6663, 'learning_rate': 0.0005532488386763779, 'epoch': 1.34}
{'loss': 0.6717, 'learning_rate': 0.000552101852382864, 'epoch': 1.35}
{'loss': 0.6567, 'learning_rate': 0.0005509548660893502, 'epoch': 1.35}
{'loss': 0.6731, 'learning_rate': 0.0005498078797958365, 'epoch': 1.36}
{'loss': 0.6653, 'learning_rate': 0.0005486608935023227, 'epoch': 1.36}
{'loss': 0.6588, 'learning_rate': 0.0005475139072088088, 'epoch': 1.36}
{'loss': 0.6685, 'learning_rate': 0.000546366920915295, 'epoch': 1.37}
{'loss': 0.6668, 'learning_rate': 0.0005452199346217813, 'epoch': 1.37}
{'loss': 0.6673, 'learning_rate': 0.0005440729483282675, 'epoch': 1.37}
{'eval_loss': 0.6444414854049683, 'eval_bce': 0.6419639907736222, 'eval_n_pos': 2024.0, 'eval_pos_rate': 0.09120814744716327, 'eval_auroc': 0.5626493213485577, 'eval_auprc': 0.13622418127538724, 'eval_mcc': 0.055145870609524195, 'eval_precision': 0.11922862970517337, 'eval_recall': 0.3176877470355731, 'eval_f1': 0.17338546582176081, 'eval_runtime': 20.3682, 'eval_samples_per_second': 1089.491, 'eval_steps_per_second': 17.036, 'epoch': 1.37}
{'loss': 0.6597, 'learning_rate': 0.0005429259620347537, 'epoch': 1.38}
{'loss': 0.6723, 'learning_rate': 0.0005417789757412399, 'epoch': 1.38}
{'loss': 0.6639, 'learning_rate': 0.0005406319894477261, 'epoch': 1.38}
{'loss': 0.688, 'learning_rate': 0.0005394850031542124, 'epoch': 1.39}
{'loss': 0.6492, 'learning_rate': 0.0005383380168606985, 'epoch': 1.39}
{'loss': 0.6647, 'learning_rate': 0.0005371910305671848, 'epoch': 1.39}
{'loss': 0.6686, 'learning_rate': 0.0005360440442736709, 'epoch': 1.4}
{'loss': 0.6651, 'learning_rate': 0.0005348970579801572, 'epoch': 1.4}
{'loss': 0.6561, 'learning_rate': 0.0005337500716866433, 'epoch': 1.4}
{'loss': 0.6741, 'learning_rate': 0.0005326030853931295, 'epoch': 1.41}
{'loss': 0.6704, 'learning_rate': 0.0005314560990996158, 'epoch': 1.41}
{'loss': 0.6667, 'learning_rate': 0.000530309112806102, 'epoch': 1.41}
{'eval_loss': 0.6217471957206726, 'eval_bce': 0.6186791770160538, 'eval_n_pos': 2024.0, 'eval_pos_rate': 0.09120814744716327, 'eval_auroc': 0.5675495482288111, 'eval_auprc': 0.13824311212988882, 'eval_mcc': 0.06861484869688796, 'eval_precision': 0.1331184928111056, 'eval_recall': 0.26531620553359686, 'eval_f1': 0.17728623308022448, 'eval_runtime': 20.3655, 'eval_samples_per_second': 1089.635, 'eval_steps_per_second': 17.039, 'epoch': 1.42}
{'loss': 0.6683, 'learning_rate': 0.0005291621265125882, 'epoch': 1.42}
{'loss': 0.6521, 'learning_rate': 0.0005280151402190744, 'epoch': 1.42}
{'loss': 0.6631, 'learning_rate': 0.0005268681539255607, 'epoch': 1.42}
{'loss': 0.6567, 'learning_rate': 0.0005257211676320469, 'epoch': 1.43}
{'loss': 0.6668, 'learning_rate': 0.0005245741813385329, 'epoch': 1.43}
{'loss': 0.6869, 'learning_rate': 0.0005234271950450192, 'epoch': 1.43}
{'loss': 0.6666, 'learning_rate': 0.0005222802087515054, 'epoch': 1.44}
{'loss': 0.6632, 'learning_rate': 0.0005211332224579917, 'epoch': 1.44}
{'loss': 0.6779, 'learning_rate': 0.0005199862361644778, 'epoch': 1.44}
{'loss': 0.6549, 'learning_rate': 0.0005188392498709641, 'epoch': 1.45}
{'loss': 0.6757, 'learning_rate': 0.0005176922635774503, 'epoch': 1.45}
{'loss': 0.6784, 'learning_rate': 0.0005165452772839366, 'epoch': 1.45}
{'loss': 0.6716, 'learning_rate': 0.0005153982909904226, 'epoch': 1.46}
{'eval_loss': 0.6083710789680481, 'eval_bce': 0.6048816669816067, 'eval_n_pos': 2024.0, 'eval_pos_rate': 0.09120814744716327, 'eval_auroc': 0.5701109544591201, 'eval_auprc': 0.13852810793702705, 'eval_mcc': 0.07452746088134153, 'eval_precision': 0.1429889298892989, 'eval_recall': 0.22974308300395258, 'eval_f1': 0.1762699014404852, 'eval_runtime': 20.3873, 'eval_samples_per_second': 1088.471, 'eval_steps_per_second': 17.02, 'epoch': 1.46}
{'loss': 0.6675, 'learning_rate': 0.0005142513046969088, 'epoch': 1.46}
{'loss': 0.6706, 'learning_rate': 0.0005131043184033951, 'epoch': 1.47}
{'loss': 0.6616, 'learning_rate': 0.0005119573321098813, 'epoch': 1.47}
{'loss': 0.6669, 'learning_rate': 0.0005108103458163675, 'epoch': 1.47}
{'loss': 0.6689, 'learning_rate': 0.0005096633595228537, 'epoch': 1.48}
{'loss': 0.6711, 'learning_rate': 0.00050851637322934, 'epoch': 1.48}
{'loss': 0.6662, 'learning_rate': 0.0005073693869358262, 'epoch': 1.48}
{'loss': 0.679, 'learning_rate': 0.0005062224006423123, 'epoch': 1.49}
{'loss': 0.678, 'learning_rate': 0.0005050754143487986, 'epoch': 1.49}
{'loss': 0.6664, 'learning_rate': 0.0005039284280552847, 'epoch': 1.49}
{'loss': 0.6689, 'learning_rate': 0.0005027814417617709, 'epoch': 1.5}
{'loss': 0.6663, 'learning_rate': 0.0005016344554682571, 'epoch': 1.5}
{'eval_loss': 0.6179007887840271, 'eval_bce': 0.6146764233093612, 'eval_n_pos': 2024.0, 'eval_pos_rate': 0.09120814744716327, 'eval_auroc': 0.5701884937648108, 'eval_auprc': 0.13678891522491166, 'eval_mcc': 0.06527612313717716, 'eval_precision': 0.13229166666666667, 'eval_recall': 0.2509881422924901, 'eval_f1': 0.17326057298772166, 'eval_runtime': 20.3915, 'eval_samples_per_second': 1088.25, 'eval_steps_per_second': 17.017, 'epoch': 1.5}
{'loss': 0.6661, 'learning_rate': 0.0005004874691747434, 'epoch': 1.5}
{'loss': 0.6581, 'learning_rate': 0.0004993404828812296, 'epoch': 1.51}
{'loss': 0.6582, 'learning_rate': 0.0004981934965877158, 'epoch': 1.51}
{'loss': 0.6591, 'learning_rate': 0.000497046510294202, 'epoch': 1.51}
{'loss': 0.664, 'learning_rate': 0.0004958995240006882, 'epoch': 1.52}
{'loss': 0.6724, 'learning_rate': 0.0004947525377071745, 'epoch': 1.52}
{'loss': 0.6697, 'learning_rate': 0.0004936055514136605, 'epoch': 1.52}
{'loss': 0.6657, 'learning_rate': 0.0004924585651201468, 'epoch': 1.53}
{'loss': 0.6684, 'learning_rate': 0.000491311578826633, 'epoch': 1.53}
{'loss': 0.6678, 'learning_rate': 0.0004901645925331192, 'epoch': 1.53}
{'loss': 0.6783, 'learning_rate': 0.0004890176062396054, 'epoch': 1.54}
{'loss': 0.6646, 'learning_rate': 0.00048787061994609164, 'epoch': 1.54}
{'loss': 0.6634, 'learning_rate': 0.0004867236336525779, 'epoch': 1.54}
{'eval_loss': 0.6171256303787231, 'eval_bce': 0.6138651373665556, 'eval_n_pos': 2024.0, 'eval_pos_rate': 0.09120814744716327, 'eval_auroc': 0.5706565837313766, 'eval_auprc': 0.1384887123435074, 'eval_mcc': 0.07226989975761992, 'eval_precision': 0.13708399366085577, 'eval_recall': 0.2564229249011858, 'eval_f1': 0.17865748709122203, 'eval_runtime': 20.3817, 'eval_samples_per_second': 1088.77, 'eval_steps_per_second': 17.025, 'epoch': 1.54}
{'loss': 0.6586, 'learning_rate': 0.0004855766473590641, 'epoch': 1.55}
{'loss': 0.6627, 'learning_rate': 0.00048442966106555026, 'epoch': 1.55}
{'loss': 0.6748, 'learning_rate': 0.00048328267477203645, 'epoch': 1.55}
{'loss': 0.6738, 'learning_rate': 0.0004821356884785227, 'epoch': 1.56}
{'loss': 0.6678, 'learning_rate': 0.0004809887021850089, 'epoch': 1.56}
{'loss': 0.6742, 'learning_rate': 0.0004798417158914951, 'epoch': 1.56}
{'loss': 0.6642, 'learning_rate': 0.0004786947295979813, 'epoch': 1.57}
{'loss': 0.6468, 'learning_rate': 0.00047754774330446755, 'epoch': 1.57}
{'loss': 0.6733, 'learning_rate': 0.00047640075701095374, 'epoch': 1.57}
{'loss': 0.6732, 'learning_rate': 0.0004752537707174399, 'epoch': 1.58}
{'loss': 0.6661, 'learning_rate': 0.0004741067844239261, 'epoch': 1.58}
{'loss': 0.6489, 'learning_rate': 0.00047295979813041236, 'epoch': 1.59}
{'eval_loss': 0.6303029656410217, 'eval_bce': 0.6274864377497115, 'eval_n_pos': 2024.0, 'eval_pos_rate': 0.09120814744716327, 'eval_auroc': 0.5712148299838641, 'eval_auprc': 0.1378741061442992, 'eval_mcc': 0.07293244502539901, 'eval_precision': 0.13176972281449895, 'eval_recall': 0.30533596837944665, 'eval_f1': 0.1840929401251117, 'eval_runtime': 20.3682, 'eval_samples_per_second': 1089.491, 'eval_steps_per_second': 17.036, 'epoch': 1.59}
{'loss': 0.6756, 'learning_rate': 0.00047181281183689854, 'epoch': 1.59}
{'loss': 0.6789, 'learning_rate': 0.0004706658255433848, 'epoch': 1.59}
{'loss': 0.665, 'learning_rate': 0.000469518839249871, 'epoch': 1.6}
{'loss': 0.6754, 'learning_rate': 0.0004683718529563572, 'epoch': 1.6}
{'loss': 0.6569, 'learning_rate': 0.00046722486666284335, 'epoch': 1.6}
{'loss': 0.6767, 'learning_rate': 0.0004660778803693296, 'epoch': 1.61}
{'loss': 0.6619, 'learning_rate': 0.0004649308940758158, 'epoch': 1.61}
{'loss': 0.676, 'learning_rate': 0.000463783907782302, 'epoch': 1.61}
{'loss': 0.6762, 'learning_rate': 0.0004626369214887882, 'epoch': 1.62}
{'loss': 0.6638, 'learning_rate': 0.00046148993519527445, 'epoch': 1.62}
{'loss': 0.6555, 'learning_rate': 0.00046034294890176064, 'epoch': 1.62}
{'loss': 0.668, 'learning_rate': 0.0004591959626082469, 'epoch': 1.63}
{'loss': 0.6712, 'learning_rate': 0.000458048976314733, 'epoch': 1.63}
{'eval_loss': 0.6193596720695496, 'eval_bce': 0.6163669072658532, 'eval_n_pos': 2024.0, 'eval_pos_rate': 0.09120814744716327, 'eval_auroc': 0.5705893829997779, 'eval_auprc': 0.13849680360976352, 'eval_mcc': 0.07514523191999234, 'eval_precision': 0.13717693836978131, 'eval_recall': 0.2727272727272727, 'eval_f1': 0.18253968253968256, 'eval_runtime': 20.3913, 'eval_samples_per_second': 1088.261, 'eval_steps_per_second': 17.017, 'epoch': 1.63}
{'loss': 0.6883, 'learning_rate': 0.00045690199002121926, 'epoch': 1.63}
{'loss': 0.6612, 'learning_rate': 0.00045575500372770544, 'epoch': 1.64}
{'loss': 0.6676, 'learning_rate': 0.0004546080174341917, 'epoch': 1.64}
{'loss': 0.6857, 'learning_rate': 0.0004534610311406779, 'epoch': 1.64}
{'loss': 0.6604, 'learning_rate': 0.0004523140448471641, 'epoch': 1.65}
{'loss': 0.6651, 'learning_rate': 0.0004511670585536503, 'epoch': 1.65}
{'loss': 0.6613, 'learning_rate': 0.00045002007226013655, 'epoch': 1.65}
{'loss': 0.6831, 'learning_rate': 0.0004488730859666227, 'epoch': 1.66}
{'loss': 0.6559, 'learning_rate': 0.0004477260996731089, 'epoch': 1.66}
{'loss': 0.6701, 'learning_rate': 0.0004465791133795951, 'epoch': 1.66}
{'loss': 0.6543, 'learning_rate': 0.00044543212708608135, 'epoch': 1.67}
{'loss': 0.6589, 'learning_rate': 0.00044428514079256754, 'epoch': 1.67}
{'eval_loss': 0.6153472661972046, 'eval_bce': 0.6121872321925622, 'eval_n_pos': 2024.0, 'eval_pos_rate': 0.09120814744716327, 'eval_auroc': 0.5732708710331968, 'eval_auprc': 0.14171961915589737, 'eval_mcc': 0.07739993434875164, 'eval_precision': 0.14043455219925807, 'eval_recall': 0.2618577075098814, 'eval_f1': 0.18282166264229044, 'eval_runtime': 20.3858, 'eval_samples_per_second': 1088.553, 'eval_steps_per_second': 17.022, 'epoch': 1.67}
{'loss': 0.6542, 'learning_rate': 0.0004431381544990538, 'epoch': 1.67}
{'loss': 0.6736, 'learning_rate': 0.00044199116820553997, 'epoch': 1.68}
{'loss': 0.6548, 'learning_rate': 0.0004408441819120262, 'epoch': 1.68}
{'loss': 0.6669, 'learning_rate': 0.00043969719561851234, 'epoch': 1.68}
{'loss': 0.6657, 'learning_rate': 0.0004385502093249986, 'epoch': 1.69}
{'loss': 0.6745, 'learning_rate': 0.0004374032230314848, 'epoch': 1.69}
{'loss': 0.6605, 'learning_rate': 0.000436256236737971, 'epoch': 1.69}
{'loss': 0.6632, 'learning_rate': 0.0004351092504444572, 'epoch': 1.7}
{'loss': 0.6623, 'learning_rate': 0.00043396226415094345, 'epoch': 1.7}
{'loss': 0.6626, 'learning_rate': 0.00043281527785742963, 'epoch': 1.71}
{'loss': 0.6623, 'learning_rate': 0.0004316682915639158, 'epoch': 1.71}
{'loss': 0.6735, 'learning_rate': 0.000430521305270402, 'epoch': 1.71}
{'loss': 0.6739, 'learning_rate': 0.0004293743189768882, 'epoch': 1.72}
{'eval_loss': 0.5985075831413269, 'eval_bce': 0.5948382988074717, 'eval_n_pos': 2024.0, 'eval_pos_rate': 0.09120814744716327, 'eval_auroc': 0.5763000732421828, 'eval_auprc': 0.1430839453456713, 'eval_mcc': 0.08353869060602856, 'eval_precision': 0.15478761699064075, 'eval_recall': 0.2124505928853755, 'eval_f1': 0.17909204498125783, 'eval_runtime': 20.3568, 'eval_samples_per_second': 1090.105, 'eval_steps_per_second': 17.046, 'epoch': 1.72}
{'loss': 0.6753, 'learning_rate': 0.00042822733268337444, 'epoch': 1.72}
{'loss': 0.6613, 'learning_rate': 0.0004270803463898606, 'epoch': 1.72}
{'loss': 0.6707, 'learning_rate': 0.00042593336009634687, 'epoch': 1.73}
{'loss': 0.6714, 'learning_rate': 0.00042478637380283306, 'epoch': 1.73}
{'loss': 0.6659, 'learning_rate': 0.0004236393875093193, 'epoch': 1.73}
{'loss': 0.6601, 'learning_rate': 0.00042249240121580543, 'epoch': 1.74}
{'loss': 0.6741, 'learning_rate': 0.0004213454149222917, 'epoch': 1.74}
{'loss': 0.6727, 'learning_rate': 0.00042019842862877786, 'epoch': 1.74}
{'loss': 0.6784, 'learning_rate': 0.0004190514423352641, 'epoch': 1.75}
{'loss': 0.6732, 'learning_rate': 0.0004179044560417503, 'epoch': 1.75}
{'loss': 0.6579, 'learning_rate': 0.00041675746974823653, 'epoch': 1.75}
{'loss': 0.6788, 'learning_rate': 0.0004156104834547227, 'epoch': 1.76}
{'eval_loss': 0.601769208908081, 'eval_bce': 0.598205891035645, 'eval_n_pos': 2024.0, 'eval_pos_rate': 0.09120814744716327, 'eval_auroc': 0.575111063724619, 'eval_auprc': 0.14304619213425177, 'eval_mcc': 0.07585929138488728, 'eval_precision': 0.14574502771437886, 'eval_recall': 0.2208498023715415, 'eval_f1': 0.17560400707130228, 'eval_runtime': 20.3742, 'eval_samples_per_second': 1089.169, 'eval_steps_per_second': 17.031, 'epoch': 1.76}
{'loss': 0.6692, 'learning_rate': 0.00041446349716120896, 'epoch': 1.76}
{'loss': 0.6699, 'learning_rate': 0.0004133165108676951, 'epoch': 1.76}
{'loss': 0.6626, 'learning_rate': 0.00041216952457418134, 'epoch': 1.77}
{'loss': 0.6592, 'learning_rate': 0.0004110225382806675, 'epoch': 1.77}
{'loss': 0.6649, 'learning_rate': 0.00040987555198715377, 'epoch': 1.77}
{'loss': 0.6723, 'learning_rate': 0.00040872856569363996, 'epoch': 1.78}
{'loss': 0.6716, 'learning_rate': 0.0004075815794001262, 'epoch': 1.78}
{'loss': 0.6532, 'learning_rate': 0.0004064345931066124, 'epoch': 1.78}
{'loss': 0.6667, 'learning_rate': 0.00040528760681309863, 'epoch': 1.79}
{'loss': 0.6744, 'learning_rate': 0.00040414062051958476, 'epoch': 1.79}
{'loss': 0.6561, 'learning_rate': 0.000402993634226071, 'epoch': 1.79}
{'loss': 0.6517, 'learning_rate': 0.0004018466479325572, 'epoch': 1.8}
{'loss': 0.6625, 'learning_rate': 0.00040069966163904343, 'epoch': 1.8}
{'eval_loss': 0.6254963278770447, 'eval_bce': 0.6225833381000012, 'eval_n_pos': 2024.0, 'eval_pos_rate': 0.09120814744716327, 'eval_auroc': 0.5741898649243246, 'eval_auprc': 0.13978709108683712, 'eval_mcc': 0.08287245513776104, 'eval_precision': 0.13890139576767221, 'eval_recall': 0.3048418972332016, 'eval_f1': 0.19084441695020107, 'eval_runtime': 20.394, 'eval_samples_per_second': 1088.116, 'eval_steps_per_second': 17.015, 'epoch': 1.8}
{'loss': 0.6596, 'learning_rate': 0.0003995526753455296, 'epoch': 1.8}
{'loss': 0.6616, 'learning_rate': 0.00039840568905201586, 'epoch': 1.81}
{'loss': 0.6656, 'learning_rate': 0.00039725870275850205, 'epoch': 1.81}
{'loss': 0.6707, 'learning_rate': 0.00039611171646498824, 'epoch': 1.82}
{'loss': 0.6853, 'learning_rate': 0.0003949647301714744, 'epoch': 1.82}
{'loss': 0.67, 'learning_rate': 0.00039381774387796067, 'epoch': 1.82}
{'loss': 0.6736, 'learning_rate': 0.00039267075758444686, 'epoch': 1.83}
{'loss': 0.664, 'learning_rate': 0.0003915237712909331, 'epoch': 1.83}
{'loss': 0.6705, 'learning_rate': 0.0003903767849974193, 'epoch': 1.83}
{'loss': 0.6745, 'learning_rate': 0.00038922979870390553, 'epoch': 1.84}
{'loss': 0.6653, 'learning_rate': 0.0003880828124103917, 'epoch': 1.84}
{'loss': 0.6557, 'learning_rate': 0.0003869358261168779, 'epoch': 1.84}
{'eval_loss': 0.617114245891571, 'eval_bce': 0.6139021867485063, 'eval_n_pos': 2024.0, 'eval_pos_rate': 0.09120814744716327, 'eval_auroc': 0.5766786071480997, 'eval_auprc': 0.14150227216763617, 'eval_mcc': 0.08240911850733021, 'eval_precision': 0.14217050341512774, 'eval_recall': 0.2776679841897233, 'eval_f1': 0.18805420779655344, 'eval_runtime': 20.3836, 'eval_samples_per_second': 1088.669, 'eval_steps_per_second': 17.023, 'epoch': 1.84}
{'loss': 0.671, 'learning_rate': 0.0003857888398233641, 'epoch': 1.85}
{'loss': 0.6795, 'learning_rate': 0.00038464185352985033, 'epoch': 1.85}
{'loss': 0.6525, 'learning_rate': 0.0003834948672363365, 'epoch': 1.85}
{'loss': 0.6626, 'learning_rate': 0.00038234788094282276, 'epoch': 1.86}
{'loss': 0.6629, 'learning_rate': 0.00038120089464930895, 'epoch': 1.86}
{'loss': 0.6764, 'learning_rate': 0.0003800539083557952, 'epoch': 1.86}
{'loss': 0.6569, 'learning_rate': 0.0003789069220622814, 'epoch': 1.87}
{'loss': 0.6641, 'learning_rate': 0.00037775993576876757, 'epoch': 1.87}
{'loss': 0.6794, 'learning_rate': 0.00037661294947525376, 'epoch': 1.87}
{'loss': 0.6759, 'learning_rate': 0.00037546596318174, 'epoch': 1.88}
{'loss': 0.6569, 'learning_rate': 0.0003743189768882262, 'epoch': 1.88}
{'loss': 0.6714, 'learning_rate': 0.00037317199059471243, 'epoch': 1.88}
{'loss': 0.6745, 'learning_rate': 0.0003720250043011986, 'epoch': 1.89}
{'eval_loss': 0.6116371750831604, 'eval_bce': 0.6081623075628813, 'eval_n_pos': 2024.0, 'eval_pos_rate': 0.09120814744716327, 'eval_auroc': 0.5765102868322237, 'eval_auprc': 0.14126372162124118, 'eval_mcc': 0.0809926540878332, 'eval_precision': 0.14343817787418656, 'eval_recall': 0.26136363636363635, 'eval_f1': 0.18522408963585432, 'eval_runtime': 20.39, 'eval_samples_per_second': 1088.325, 'eval_steps_per_second': 17.018, 'epoch': 1.89}
{'loss': 0.6692, 'learning_rate': 0.00037087801800768486, 'epoch': 1.89}
{'loss': 0.6703, 'learning_rate': 0.00036973103171417104, 'epoch': 1.89}
{'loss': 0.6626, 'learning_rate': 0.00036858404542065723, 'epoch': 1.9}
{'loss': 0.65, 'learning_rate': 0.0003674370591271434, 'epoch': 1.9}
{'loss': 0.6724, 'learning_rate': 0.00036629007283362966, 'epoch': 1.9}
{'loss': 0.6713, 'learning_rate': 0.00036514308654011585, 'epoch': 1.91}
{'loss': 0.6671, 'learning_rate': 0.0003639961002466021, 'epoch': 1.91}
{'loss': 0.6785, 'learning_rate': 0.0003628491139530883, 'epoch': 1.91}
{'loss': 0.6758, 'learning_rate': 0.0003617021276595745, 'epoch': 1.92}
{'loss': 0.6636, 'learning_rate': 0.00036055514136606066, 'epoch': 1.92}
{'loss': 0.6729, 'learning_rate': 0.0003594081550725469, 'epoch': 1.92}
{'loss': 0.6695, 'learning_rate': 0.0003582611687790331, 'epoch': 1.93}
{'eval_loss': 0.6149718165397644, 'eval_bce': 0.611573443862415, 'eval_n_pos': 2024.0, 'eval_pos_rate': 0.09120814744716327, 'eval_auroc': 0.5747673428845425, 'eval_auprc': 0.1409850545187596, 'eval_mcc': 0.0810881283403956, 'eval_precision': 0.14168797953964193, 'eval_recall': 0.2737154150197628, 'eval_f1': 0.1867205931917762, 'eval_runtime': 20.3889, 'eval_samples_per_second': 1088.384, 'eval_steps_per_second': 17.019, 'epoch': 1.93}
{'loss': 0.6654, 'learning_rate': 0.0003571141824855193, 'epoch': 1.93}
{'loss': 0.662, 'learning_rate': 0.0003559671961920055, 'epoch': 1.94}
{'loss': 0.675, 'learning_rate': 0.00035482020989849176, 'epoch': 1.94}
{'loss': 0.6686, 'learning_rate': 0.00035367322360497794, 'epoch': 1.94}
{'loss': 0.664, 'learning_rate': 0.0003525262373114642, 'epoch': 1.95}
{'loss': 0.6626, 'learning_rate': 0.0003513792510179503, 'epoch': 1.95}
{'loss': 0.6627, 'learning_rate': 0.0003502322647244365, 'epoch': 1.95}
{'loss': 0.6661, 'learning_rate': 0.00034908527843092275, 'epoch': 1.96}
{'loss': 0.659, 'learning_rate': 0.00034793829213740894, 'epoch': 1.96}
{'loss': 0.6518, 'learning_rate': 0.0003467913058438952, 'epoch': 1.96}
{'loss': 0.6716, 'learning_rate': 0.00034564431955038137, 'epoch': 1.97}
{'loss': 0.6603, 'learning_rate': 0.0003444973332568676, 'epoch': 1.97}
{'loss': 0.6585, 'learning_rate': 0.0003433503469633538, 'epoch': 1.97}
{'eval_loss': 0.624671220779419, 'eval_bce': 0.6216480240081832, 'eval_n_pos': 2024.0, 'eval_pos_rate': 0.09120814744716327, 'eval_auroc': 0.574716874963619, 'eval_auprc': 0.141001777941903, 'eval_mcc': 0.07796952489941364, 'eval_precision': 0.13581623550401428, 'eval_recall': 0.3008893280632411, 'eval_f1': 0.1871542716656423, 'eval_runtime': 20.359, 'eval_samples_per_second': 1089.986, 'eval_steps_per_second': 17.044, 'epoch': 1.97}
{'loss': 0.6684, 'learning_rate': 0.00034220336066984, 'epoch': 1.98}
{'loss': 0.6602, 'learning_rate': 0.00034105637437632617, 'epoch': 1.98}
{'loss': 0.6522, 'learning_rate': 0.0003399093880828124, 'epoch': 1.98}
{'loss': 0.6897, 'learning_rate': 0.0003387624017892986, 'epoch': 1.99}
{'loss': 0.6568, 'learning_rate': 0.00033761541549578484, 'epoch': 1.99}
{'loss': 0.6657, 'learning_rate': 0.00033646842920227103, 'epoch': 1.99}
{'loss': 0.6728, 'learning_rate': 0.0003353214429087573, 'epoch': 2.0}
{'loss': 0.6472, 'learning_rate': 0.0003341744566152434, 'epoch': 2.0}
{'loss': 0.655, 'learning_rate': 0.00033302747032172965, 'epoch': 2.0}
{'loss': 0.6589, 'learning_rate': 0.00033188048402821584, 'epoch': 2.01}
{'loss': 0.666, 'learning_rate': 0.0003307334977347021, 'epoch': 2.01}
{'loss': 0.6737, 'learning_rate': 0.00032958651144118827, 'epoch': 2.01}
{'eval_loss': 0.6301886439323425, 'eval_bce': 0.6272978837602857, 'eval_n_pos': 2024.0, 'eval_pos_rate': 0.09120814744716327, 'eval_auroc': 0.5736976924498618, 'eval_auprc': 0.13977222375387066, 'eval_mcc': 0.07286954412149227, 'eval_precision': 0.13121604680317592, 'eval_recall': 0.3102766798418972, 'eval_f1': 0.1844346549192364, 'eval_runtime': 20.3673, 'eval_samples_per_second': 1089.54, 'eval_steps_per_second': 17.037, 'epoch': 2.02}
{'loss': 0.6622, 'learning_rate': 0.0003284395251476745, 'epoch': 2.02}
{'loss': 0.6639, 'learning_rate': 0.0003272925388541607, 'epoch': 2.02}
{'loss': 0.6754, 'learning_rate': 0.00032614555256064694, 'epoch': 2.02}
{'loss': 0.6681, 'learning_rate': 0.00032499856626713307, 'epoch': 2.03}
{'loss': 0.6605, 'learning_rate': 0.0003238515799736193, 'epoch': 2.03}
{'loss': 0.6659, 'learning_rate': 0.0003227045936801055, 'epoch': 2.03}
{'loss': 0.671, 'learning_rate': 0.00032155760738659174, 'epoch': 2.04}
{'loss': 0.6699, 'learning_rate': 0.00032041062109307793, 'epoch': 2.04}
{'loss': 0.6758, 'learning_rate': 0.0003192636347995642, 'epoch': 2.04}
{'loss': 0.6748, 'learning_rate': 0.00031811664850605036, 'epoch': 2.05}
{'loss': 0.6715, 'learning_rate': 0.0003169696622125366, 'epoch': 2.05}
{'loss': 0.6476, 'learning_rate': 0.00031582267591902274, 'epoch': 2.06}
{'loss': 0.6557, 'learning_rate': 0.000314675689625509, 'epoch': 2.06}
{'eval_loss': 0.6107189059257507, 'eval_bce': 0.6073200206001443, 'eval_n_pos': 2024.0, 'eval_pos_rate': 0.09120814744716327, 'eval_auroc': 0.5756611028152083, 'eval_auprc': 0.14228901347789724, 'eval_mcc': 0.08358065795015661, 'eval_precision': 0.14473331546502277, 'eval_recall': 0.26679841897233203, 'eval_f1': 0.18766290182450043, 'eval_runtime': 20.3761, 'eval_samples_per_second': 1089.072, 'eval_steps_per_second': 17.03, 'epoch': 2.06}
{'loss': 0.6599, 'learning_rate': 0.00031352870333199517, 'epoch': 2.06}
{'loss': 0.6575, 'learning_rate': 0.0003123817170384814, 'epoch': 2.07}
{'loss': 0.6579, 'learning_rate': 0.0003112347307449676, 'epoch': 2.07}
{'loss': 0.661, 'learning_rate': 0.00031008774445145384, 'epoch': 2.07}
{'loss': 0.6545, 'learning_rate': 0.00030894075815794, 'epoch': 2.08}
{'loss': 0.6766, 'learning_rate': 0.00030779377186442627, 'epoch': 2.08}
{'loss': 0.6553, 'learning_rate': 0.0003066467855709124, 'epoch': 2.08}
{'loss': 0.6692, 'learning_rate': 0.00030549979927739864, 'epoch': 2.09}
{'loss': 0.6642, 'learning_rate': 0.00030435281298388483, 'epoch': 2.09}
{'loss': 0.6727, 'learning_rate': 0.0003032058266903711, 'epoch': 2.09}
{'loss': 0.6626, 'learning_rate': 0.00030205884039685726, 'epoch': 2.1}
{'loss': 0.6759, 'learning_rate': 0.0003009118541033435, 'epoch': 2.1}
{'eval_loss': 0.615897536277771, 'eval_bce': 0.6126393145063568, 'eval_n_pos': 2024.0, 'eval_pos_rate': 0.09120814744716327, 'eval_auroc': 0.5743993802931294, 'eval_auprc': 0.1414906241306992, 'eval_mcc': 0.07851665575138284, 'eval_precision': 0.13945918878317476, 'eval_recall': 0.27519762845849804, 'eval_f1': 0.18511133266866067, 'eval_runtime': 20.3739, 'eval_samples_per_second': 1089.187, 'eval_steps_per_second': 17.032, 'epoch': 2.1}
{'loss': 0.6527, 'learning_rate': 0.0002997648678098297, 'epoch': 2.1}
{'loss': 0.6593, 'learning_rate': 0.0002986178815163159, 'epoch': 2.11}
{'loss': 0.6601, 'learning_rate': 0.00029747089522280207, 'epoch': 2.11}
{'loss': 0.6787, 'learning_rate': 0.0002963239089292883, 'epoch': 2.11}
{'loss': 0.663, 'learning_rate': 0.0002951769226357745, 'epoch': 2.12}
{'loss': 0.6652, 'learning_rate': 0.00029402993634226074, 'epoch': 2.12}
{'loss': 0.656, 'learning_rate': 0.0002928829500487469, 'epoch': 2.12}
{'loss': 0.6789, 'learning_rate': 0.00029173596375523317, 'epoch': 2.13}
{'loss': 0.6586, 'learning_rate': 0.00029058897746171936, 'epoch': 2.13}
{'loss': 0.6522, 'learning_rate': 0.00028944199116820554, 'epoch': 2.13}
{'loss': 0.6637, 'learning_rate': 0.00028829500487469173, 'epoch': 2.14}
{'loss': 0.6696, 'learning_rate': 0.000287148018581178, 'epoch': 2.14}
{'loss': 0.6554, 'learning_rate': 0.00028600103228766416, 'epoch': 2.14}
{'eval_loss': 0.6192671656608582, 'eval_bce': 0.6161213190357843, 'eval_n_pos': 2024.0, 'eval_pos_rate': 0.09120814744716327, 'eval_auroc': 0.5764238176444083, 'eval_auprc': 0.14289797511892388, 'eval_mcc': 0.07349498694399977, 'eval_precision': 0.13476516403115413, 'eval_recall': 0.28211462450592883, 'eval_f1': 0.18239897779907363, 'eval_runtime': 20.4138, 'eval_samples_per_second': 1087.06, 'eval_steps_per_second': 16.998, 'epoch': 2.14}
{'loss': 0.6582, 'learning_rate': 0.0002848540459941504, 'epoch': 2.15}
{'loss': 0.6616, 'learning_rate': 0.0002837070597006366, 'epoch': 2.15}
{'loss': 0.6677, 'learning_rate': 0.00028256007340712283, 'epoch': 2.15}
{'loss': 0.6747, 'learning_rate': 0.000281413087113609, 'epoch': 2.16}
{'loss': 0.6587, 'learning_rate': 0.0002802661008200952, 'epoch': 2.16}
{'loss': 0.6645, 'learning_rate': 0.0002791191145265814, 'epoch': 2.17}
{'loss': 0.6594, 'learning_rate': 0.0002779721282330676, 'epoch': 2.17}
{'loss': 0.6706, 'learning_rate': 0.0002768251419395538, 'epoch': 2.17}
{'loss': 0.6565, 'learning_rate': 0.00027567815564604, 'epoch': 2.18}
{'loss': 0.6622, 'learning_rate': 0.00027453116935252626, 'epoch': 2.18}
{'loss': 0.6631, 'learning_rate': 0.00027338418305901244, 'epoch': 2.18}
{'loss': 0.6567, 'learning_rate': 0.0002722371967654987, 'epoch': 2.19}
{'eval_loss': 0.6165132522583008, 'eval_bce': 0.6132865994760782, 'eval_n_pos': 2024.0, 'eval_pos_rate': 0.09120814744716327, 'eval_auroc': 0.5773035519028757, 'eval_auprc': 0.14298541413409882, 'eval_mcc': 0.07848547573132378, 'eval_precision': 0.13864522417153996, 'eval_recall': 0.2811264822134387, 'eval_f1': 0.18570496083550914, 'eval_runtime': 20.3909, 'eval_samples_per_second': 1088.279, 'eval_steps_per_second': 17.017, 'epoch': 2.19}
{'loss': 0.6681, 'learning_rate': 0.0002710902104719848, 'epoch': 2.19}
{'loss': 0.6564, 'learning_rate': 0.00026994322417847106, 'epoch': 2.19}
{'loss': 0.6676, 'learning_rate': 0.00026879623788495725, 'epoch': 2.2}
{'loss': 0.6605, 'learning_rate': 0.0002676492515914435, 'epoch': 2.2}
{'loss': 0.6458, 'learning_rate': 0.0002665022652979297, 'epoch': 2.2}
{'loss': 0.6749, 'learning_rate': 0.0002653552790044159, 'epoch': 2.21}
{'loss': 0.6618, 'learning_rate': 0.0002642082927109021, 'epoch': 2.21}
{'loss': 0.6797, 'learning_rate': 0.0002630613064173883, 'epoch': 2.21}
{'loss': 0.6564, 'learning_rate': 0.0002619143201238745, 'epoch': 2.22}
{'loss': 0.6621, 'learning_rate': 0.0002607673338303607, 'epoch': 2.22}
{'loss': 0.6411, 'learning_rate': 0.0002596203475368469, 'epoch': 2.22}
{'loss': 0.6658, 'learning_rate': 0.00025847336124333316, 'epoch': 2.23}
{'loss': 0.6613, 'learning_rate': 0.00025732637494981934, 'epoch': 2.23}
{'eval_loss': 0.613875150680542, 'eval_bce': 0.6105594635136771, 'eval_n_pos': 2024.0, 'eval_pos_rate': 0.09120814744716327, 'eval_auroc': 0.5774007761476259, 'eval_auprc': 0.1426484278884112, 'eval_mcc': 0.08277326973715154, 'eval_precision': 0.14245880861850443, 'eval_recall': 0.2776679841897233, 'eval_f1': 0.18830624895292344, 'eval_runtime': 20.38, 'eval_samples_per_second': 1088.861, 'eval_steps_per_second': 17.026, 'epoch': 2.23}
{'loss': 0.6648, 'learning_rate': 0.0002561793886563056, 'epoch': 2.23}
{'loss': 0.6596, 'learning_rate': 0.0002550324023627918, 'epoch': 2.24}
{'loss': 0.6646, 'learning_rate': 0.00025388541606927796, 'epoch': 2.24}
{'loss': 0.6623, 'learning_rate': 0.00025273842977576415, 'epoch': 2.24}
{'loss': 0.6676, 'learning_rate': 0.0002515914434822504, 'epoch': 2.25}
{'loss': 0.6583, 'learning_rate': 0.0002504444571887366, 'epoch': 2.25}
{'loss': 0.6543, 'learning_rate': 0.0002492974708952228, 'epoch': 2.25}
{'loss': 0.6672, 'learning_rate': 0.000248150484601709, 'epoch': 2.26}
{'loss': 0.6609, 'learning_rate': 0.0002470034983081952, 'epoch': 2.26}
{'loss': 0.6633, 'learning_rate': 0.00024585651201468144, 'epoch': 2.26}
{'loss': 0.6724, 'learning_rate': 0.0002447095257211676, 'epoch': 2.27}
{'loss': 0.6561, 'learning_rate': 0.00024356253942765387, 'epoch': 2.27}
{'eval_loss': 0.6160255074501038, 'eval_bce': 0.6126227424725195, 'eval_n_pos': 2024.0, 'eval_pos_rate': 0.09120814744716327, 'eval_auroc': 0.5768050464393069, 'eval_auprc': 0.14263838124794442, 'eval_mcc': 0.07728280528381978, 'eval_precision': 0.13785557986870897, 'eval_recall': 0.2801383399209486, 'eval_f1': 0.18478083754277333, 'eval_runtime': 20.3588, 'eval_samples_per_second': 1089.998, 'eval_steps_per_second': 17.044, 'epoch': 2.27}
{'loss': 0.6654, 'learning_rate': 0.00024241555313414006, 'epoch': 2.27}
{'loss': 0.6656, 'learning_rate': 0.00024126856684062627, 'epoch': 2.28}
{'loss': 0.6586, 'learning_rate': 0.00024012158054711249, 'epoch': 2.28}
{'loss': 0.6505, 'learning_rate': 0.0002389745942535987, 'epoch': 2.29}
{'loss': 0.6366, 'learning_rate': 0.00023782760796008486, 'epoch': 2.29}
{'loss': 0.6686, 'learning_rate': 0.00023668062166657108, 'epoch': 2.29}
{'loss': 0.6788, 'learning_rate': 0.0002355336353730573, 'epoch': 2.3}
{'loss': 0.6568, 'learning_rate': 0.0002343866490795435, 'epoch': 2.3}
{'loss': 0.6708, 'learning_rate': 0.0002332396627860297, 'epoch': 2.3}
{'loss': 0.6583, 'learning_rate': 0.0002320926764925159, 'epoch': 2.31}
{'loss': 0.659, 'learning_rate': 0.00023094569019900212, 'epoch': 2.31}
{'loss': 0.6666, 'learning_rate': 0.0002297987039054883, 'epoch': 2.31}
{'loss': 0.6609, 'learning_rate': 0.00022865171761197453, 'epoch': 2.32}
{'eval_loss': 0.6062489151954651, 'eval_bce': 0.6026309940626567, 'eval_n_pos': 2024.0, 'eval_pos_rate': 0.09120814744716327, 'eval_auroc': 0.5780509426133681, 'eval_auprc': 0.14286615517519147, 'eval_mcc': 0.07994004535593088, 'eval_precision': 0.14402711098559728, 'eval_recall': 0.2519762845849802, 'eval_f1': 0.18328840970350405, 'eval_runtime': 20.3973, 'eval_samples_per_second': 1087.936, 'eval_steps_per_second': 17.012, 'epoch': 2.32}
{'loss': 0.663, 'learning_rate': 0.00022750473131846074, 'epoch': 2.32}
{'loss': 0.667, 'learning_rate': 0.00022635774502494696, 'epoch': 2.32}
{'loss': 0.667, 'learning_rate': 0.00022521075873143314, 'epoch': 2.33}
{'loss': 0.6684, 'learning_rate': 0.00022406377243791936, 'epoch': 2.33}
{'loss': 0.6663, 'learning_rate': 0.00022291678614440557, 'epoch': 2.33}
{'loss': 0.6713, 'learning_rate': 0.0002217697998508918, 'epoch': 2.34}
{'loss': 0.6762, 'learning_rate': 0.00022062281355737798, 'epoch': 2.34}
{'loss': 0.6765, 'learning_rate': 0.0002194758272638642, 'epoch': 2.34}
{'loss': 0.6576, 'learning_rate': 0.0002183288409703504, 'epoch': 2.35}
{'loss': 0.6676, 'learning_rate': 0.00021718185467683662, 'epoch': 2.35}
{'loss': 0.6574, 'learning_rate': 0.0002160348683833228, 'epoch': 2.35}
{'loss': 0.6471, 'learning_rate': 0.00021488788208980902, 'epoch': 2.36}
{'eval_loss': 0.6078351736068726, 'eval_bce': 0.6042300113404522, 'eval_n_pos': 2024.0, 'eval_pos_rate': 0.09120814744716327, 'eval_auroc': 0.5768548038894988, 'eval_auprc': 0.14212248433329058, 'eval_mcc': 0.08164921773119113, 'eval_precision': 0.14390442573988596, 'eval_recall': 0.2618577075098814, 'eval_f1': 0.18573681443840895, 'eval_runtime': 20.3869, 'eval_samples_per_second': 1088.495, 'eval_steps_per_second': 17.021, 'epoch': 2.36}
{'loss': 0.6678, 'learning_rate': 0.00021374089579629524, 'epoch': 2.36}
{'loss': 0.6763, 'learning_rate': 0.00021259390950278145, 'epoch': 2.36}
{'loss': 0.6642, 'learning_rate': 0.00021144692320926764, 'epoch': 2.37}
{'loss': 0.661, 'learning_rate': 0.00021029993691575386, 'epoch': 2.37}
{'loss': 0.6634, 'learning_rate': 0.00020915295062224007, 'epoch': 2.37}
{'loss': 0.6553, 'learning_rate': 0.00020800596432872629, 'epoch': 2.38}
{'loss': 0.6755, 'learning_rate': 0.00020685897803521247, 'epoch': 2.38}
{'loss': 0.6676, 'learning_rate': 0.0002057119917416987, 'epoch': 2.38}
{'loss': 0.6712, 'learning_rate': 0.0002045650054481849, 'epoch': 2.39}
{'loss': 0.6605, 'learning_rate': 0.00020341801915467112, 'epoch': 2.39}
{'loss': 0.6596, 'learning_rate': 0.0002022710328611573, 'epoch': 2.39}
{'loss': 0.6629, 'learning_rate': 0.00020112404656764352, 'epoch': 2.4}
{'loss': 0.6647, 'learning_rate': 0.00019997706027412974, 'epoch': 2.4}
{'eval_loss': 0.6084413528442383, 'eval_bce': 0.6048013298577993, 'eval_n_pos': 2024.0, 'eval_pos_rate': 0.09120814744716327, 'eval_auroc': 0.5766178006530842, 'eval_auprc': 0.1419930006300335, 'eval_mcc': 0.08069777836543973, 'eval_precision': 0.14289544235924934, 'eval_recall': 0.2633399209486166, 'eval_f1': 0.18526242613833854, 'eval_runtime': 20.39, 'eval_samples_per_second': 1088.325, 'eval_steps_per_second': 17.018, 'epoch': 2.4}
{'loss': 0.681, 'learning_rate': 0.00019883007398061592, 'epoch': 2.41}
{'loss': 0.6636, 'learning_rate': 0.00019768308768710214, 'epoch': 2.41}
{'loss': 0.6627, 'learning_rate': 0.00019653610139358835, 'epoch': 2.41}
{'loss': 0.6493, 'learning_rate': 0.00019538911510007457, 'epoch': 2.42}
{'loss': 0.6567, 'learning_rate': 0.00019424212880656076, 'epoch': 2.42}
{'loss': 0.6733, 'learning_rate': 0.00019309514251304697, 'epoch': 2.42}
{'loss': 0.6595, 'learning_rate': 0.00019194815621953319, 'epoch': 2.43}
{'loss': 0.6581, 'learning_rate': 0.0001908011699260194, 'epoch': 2.43}
{'loss': 0.649, 'learning_rate': 0.0001896541836325056, 'epoch': 2.43}
{'loss': 0.6924, 'learning_rate': 0.0001885071973389918, 'epoch': 2.44}
{'loss': 0.6669, 'learning_rate': 0.00018736021104547802, 'epoch': 2.44}
{'loss': 0.6754, 'learning_rate': 0.00018621322475196423, 'epoch': 2.44}
{'eval_loss': 0.6076809763908386, 'eval_bce': 0.6040834195827302, 'eval_n_pos': 2024.0, 'eval_pos_rate': 0.09120814744716327, 'eval_auroc': 0.5766782029147528, 'eval_auprc': 0.14114355972420536, 'eval_mcc': 0.08263836310555497, 'eval_precision': 0.14464723508580768, 'eval_recall': 0.26235177865612647, 'eval_f1': 0.1864793678665496, 'eval_runtime': 20.3836, 'eval_samples_per_second': 1088.669, 'eval_steps_per_second': 17.023, 'epoch': 2.44}
{'loss': 0.6628, 'learning_rate': 0.00018506623845845042, 'epoch': 2.45}
{'loss': 0.6513, 'learning_rate': 0.00018391925216493664, 'epoch': 2.45}
{'loss': 0.6715, 'learning_rate': 0.00018277226587142285, 'epoch': 2.45}
{'loss': 0.6592, 'learning_rate': 0.00018162527957790907, 'epoch': 2.46}
{'loss': 0.6714, 'learning_rate': 0.00018047829328439525, 'epoch': 2.46}
{'loss': 0.6775, 'learning_rate': 0.00017933130699088147, 'epoch': 2.46}
{'loss': 0.6586, 'learning_rate': 0.00017818432069736768, 'epoch': 2.47}
{'loss': 0.6678, 'learning_rate': 0.0001770373344038539, 'epoch': 2.47}
{'loss': 0.6568, 'learning_rate': 0.00017589034811034009, 'epoch': 2.47}
{'loss': 0.6612, 'learning_rate': 0.0001747433618168263, 'epoch': 2.48}
{'loss': 0.6697, 'learning_rate': 0.00017359637552331252, 'epoch': 2.48}
{'loss': 0.6609, 'learning_rate': 0.00017244938922979873, 'epoch': 2.48}
{'loss': 0.6555, 'learning_rate': 0.00017130240293628492, 'epoch': 2.49}
{'eval_loss': 0.6043366193771362, 'eval_bce': 0.6006349332684133, 'eval_n_pos': 2024.0, 'eval_pos_rate': 0.09120814744716327, 'eval_auroc': 0.5771245990250187, 'eval_auprc': 0.14173951346602437, 'eval_mcc': 0.0792628816194548, 'eval_precision': 0.14337822671156006, 'eval_recall': 0.2524703557312253, 'eval_f1': 0.18289191123836793, 'eval_runtime': 20.3739, 'eval_samples_per_second': 1089.185, 'eval_steps_per_second': 17.032, 'epoch': 2.49}
{'loss': 0.655, 'learning_rate': 0.00017015541664277113, 'epoch': 2.49}
{'loss': 0.6584, 'learning_rate': 0.00016900843034925735, 'epoch': 2.49}
{'loss': 0.6713, 'learning_rate': 0.00016786144405574356, 'epoch': 2.5}
{'loss': 0.6453, 'learning_rate': 0.00016671445776222975, 'epoch': 2.5}
{'loss': 0.6607, 'learning_rate': 0.00016556747146871597, 'epoch': 2.5}
{'loss': 0.6479, 'learning_rate': 0.00016442048517520218, 'epoch': 2.51}
{'loss': 0.6672, 'learning_rate': 0.00016327349888168834, 'epoch': 2.51}
{'loss': 0.6701, 'learning_rate': 0.00016212651258817456, 'epoch': 2.52}
{'loss': 0.6725, 'learning_rate': 0.00016097952629466077, 'epoch': 2.52}
{'loss': 0.6522, 'learning_rate': 0.00015983254000114699, 'epoch': 2.52}
{'loss': 0.6737, 'learning_rate': 0.00015868555370763317, 'epoch': 2.53}
{'loss': 0.6543, 'learning_rate': 0.0001575385674141194, 'epoch': 2.53}
{'eval_loss': 0.6070224642753601, 'eval_bce': 0.6033570267486229, 'eval_n_pos': 2024.0, 'eval_pos_rate': 0.09120814744716327, 'eval_auroc': 0.5771395924073512, 'eval_auprc': 0.141967648231899, 'eval_mcc': 0.07986063673656317, 'eval_precision': 0.1423592493297587, 'eval_recall': 0.26235177865612647, 'eval_f1': 0.18456725755995826, 'eval_runtime': 20.3784, 'eval_samples_per_second': 1088.948, 'eval_steps_per_second': 17.028, 'epoch': 2.53}
{'loss': 0.6651, 'learning_rate': 0.0001563915811206056, 'epoch': 2.53}
{'loss': 0.6654, 'learning_rate': 0.00015524459482709182, 'epoch': 2.54}
{'loss': 0.6675, 'learning_rate': 0.000154097608533578, 'epoch': 2.54}
{'loss': 0.6646, 'learning_rate': 0.00015295062224006422, 'epoch': 2.54}
{'loss': 0.649, 'learning_rate': 0.00015180363594655044, 'epoch': 2.55}
{'loss': 0.6593, 'learning_rate': 0.00015065664965303665, 'epoch': 2.55}
{'loss': 0.6616, 'learning_rate': 0.00014950966335952284, 'epoch': 2.55}
{'loss': 0.6553, 'learning_rate': 0.00014836267706600905, 'epoch': 2.56}
{'loss': 0.6518, 'learning_rate': 0.00014721569077249527, 'epoch': 2.56}
{'loss': 0.6749, 'learning_rate': 0.00014606870447898148, 'epoch': 2.56}
{'loss': 0.6509, 'learning_rate': 0.00014492171818546767, 'epoch': 2.57}
{'loss': 0.6543, 'learning_rate': 0.00014377473189195389, 'epoch': 2.57}
{'loss': 0.663, 'learning_rate': 0.0001426277455984401, 'epoch': 2.57}
{'eval_loss': 0.6126738786697388, 'eval_bce': 0.6091888542197278, 'eval_n_pos': 2024.0, 'eval_pos_rate': 0.09120814744716327, 'eval_auroc': 0.5761721150135499, 'eval_auprc': 0.142191760194481, 'eval_mcc': 0.07637029757309982, 'eval_precision': 0.13786263327547732, 'eval_recall': 0.274703557312253, 'eval_f1': 0.18358923559517915, 'eval_runtime': 20.3553, 'eval_samples_per_second': 1090.182, 'eval_steps_per_second': 17.047, 'epoch': 2.57}
{'loss': 0.6651, 'learning_rate': 0.00014148075930492631, 'epoch': 2.58}
{'loss': 0.6513, 'learning_rate': 0.0001403337730114125, 'epoch': 2.58}
{'loss': 0.6695, 'learning_rate': 0.00013918678671789872, 'epoch': 2.58}
{'loss': 0.6597, 'learning_rate': 0.00013803980042438493, 'epoch': 2.59}
{'loss': 0.6568, 'learning_rate': 0.00013689281413087115, 'epoch': 2.59}
{'loss': 0.6686, 'learning_rate': 0.00013574582783735734, 'epoch': 2.59}
{'loss': 0.6662, 'learning_rate': 0.00013459884154384355, 'epoch': 2.6}
{'loss': 0.643, 'learning_rate': 0.00013345185525032976, 'epoch': 2.6}
{'loss': 0.6733, 'learning_rate': 0.00013230486895681598, 'epoch': 2.6}
{'loss': 0.6567, 'learning_rate': 0.00013115788266330217, 'epoch': 2.61}
{'loss': 0.6654, 'learning_rate': 0.00013001089636978838, 'epoch': 2.61}
{'loss': 0.656, 'learning_rate': 0.0001288639100762746, 'epoch': 2.61}
{'eval_loss': 0.6082138419151306, 'eval_bce': 0.6046542305428299, 'eval_n_pos': 2024.0, 'eval_pos_rate': 0.09120814744716327, 'eval_auroc': 0.576647272938944, 'eval_auprc': 0.14259698720148944, 'eval_mcc': 0.08194254299977329, 'eval_precision': 0.1434655310087836, 'eval_recall': 0.266304347826087, 'eval_f1': 0.18647292855907283, 'eval_runtime': 20.383, 'eval_samples_per_second': 1088.703, 'eval_steps_per_second': 17.024, 'epoch': 2.62}
{'loss': 0.6691, 'learning_rate': 0.00012771692378276079, 'epoch': 2.62}
{'loss': 0.6753, 'learning_rate': 0.000126569937489247, 'epoch': 2.62}
{'loss': 0.6631, 'learning_rate': 0.00012542295119573321, 'epoch': 2.62}
{'loss': 0.6533, 'learning_rate': 0.0001242759649022194, 'epoch': 2.63}
{'loss': 0.6493, 'learning_rate': 0.00012312897860870562, 'epoch': 2.63}
{'loss': 0.6606, 'learning_rate': 0.00012198199231519183, 'epoch': 2.64}
{'loss': 0.664, 'learning_rate': 0.00012083500602167805, 'epoch': 2.64}
{'loss': 0.6584, 'learning_rate': 0.00011968801972816425, 'epoch': 2.64}
{'loss': 0.653, 'learning_rate': 0.00011854103343465046, 'epoch': 2.65}
{'loss': 0.6501, 'learning_rate': 0.00011739404714113666, 'epoch': 2.65}
{'loss': 0.6537, 'learning_rate': 0.00011624706084762288, 'epoch': 2.65}
{'loss': 0.6791, 'learning_rate': 0.00011510007455410908, 'epoch': 2.66}
{'loss': 0.6614, 'learning_rate': 0.0001139530882605953, 'epoch': 2.66}
{'eval_loss': 0.6084809303283691, 'eval_bce': 0.6049216381128567, 'eval_n_pos': 2024.0, 'eval_pos_rate': 0.09120814744716327, 'eval_auroc': 0.5766888232272385, 'eval_auprc': 0.14285256202930802, 'eval_mcc': 0.07846452206883474, 'eval_precision': 0.14115149907137173, 'eval_recall': 0.2628458498023715, 'eval_f1': 0.18366994648713963, 'eval_runtime': 20.4078, 'eval_samples_per_second': 1087.38, 'eval_steps_per_second': 17.003, 'epoch': 2.66}
{'loss': 0.6569, 'learning_rate': 0.0001128061019670815, 'epoch': 2.66}
{'loss': 0.6728, 'learning_rate': 0.00011165911567356771, 'epoch': 2.67}
{'loss': 0.6728, 'learning_rate': 0.00011051212938005391, 'epoch': 2.67}
{'loss': 0.6523, 'learning_rate': 0.00010936514308654013, 'epoch': 2.67}
{'loss': 0.6598, 'learning_rate': 0.00010821815679302633, 'epoch': 2.68}
{'loss': 0.6536, 'learning_rate': 0.00010707117049951254, 'epoch': 2.68}
{'loss': 0.6732, 'learning_rate': 0.00010592418420599873, 'epoch': 2.68}
{'loss': 0.6693, 'learning_rate': 0.00010477719791248495, 'epoch': 2.69}
{'loss': 0.6627, 'learning_rate': 0.00010363021161897115, 'epoch': 2.69}
{'loss': 0.6731, 'learning_rate': 0.00010248322532545736, 'epoch': 2.69}
{'loss': 0.6582, 'learning_rate': 0.00010133623903194356, 'epoch': 2.7}
{'loss': 0.6597, 'learning_rate': 0.00010018925273842978, 'epoch': 2.7}
{'eval_loss': 0.6124246120452881, 'eval_bce': 0.6089679001396231, 'eval_n_pos': 2024.0, 'eval_pos_rate': 0.09120814744716327, 'eval_auroc': 0.5761688933962676, 'eval_auprc': 0.14242352817975468, 'eval_mcc': 0.07574141330883785, 'eval_precision': 0.13789632611977856, 'eval_recall': 0.2707509881422925, 'eval_f1': 0.18272757585861954, 'eval_runtime': 20.3992, 'eval_samples_per_second': 1087.834, 'eval_steps_per_second': 17.01, 'epoch': 2.7}
{'loss': 0.6558, 'learning_rate': 9.904226644491598e-05, 'epoch': 2.7}
{'loss': 0.6609, 'learning_rate': 9.78952801514022e-05, 'epoch': 2.71}
{'loss': 0.6558, 'learning_rate': 9.67482938578884e-05, 'epoch': 2.71}
{'loss': 0.651, 'learning_rate': 9.56013075643746e-05, 'epoch': 2.71}
{'loss': 0.6567, 'learning_rate': 9.445432127086081e-05, 'epoch': 2.72}
{'loss': 0.6643, 'learning_rate': 9.330733497734701e-05, 'epoch': 2.72}
{'loss': 0.656, 'learning_rate': 9.216034868383323e-05, 'epoch': 2.72}
{'loss': 0.6565, 'learning_rate': 9.101336239031943e-05, 'epoch': 2.73}
{'loss': 0.6562, 'learning_rate': 8.986637609680565e-05, 'epoch': 2.73}
{'loss': 0.654, 'learning_rate': 8.871938980329185e-05, 'epoch': 2.73}
{'loss': 0.6611, 'learning_rate': 8.757240350977806e-05, 'epoch': 2.74}
{'loss': 0.666, 'learning_rate': 8.642541721626426e-05, 'epoch': 2.74}
{'loss': 0.6592, 'learning_rate': 8.527843092275048e-05, 'epoch': 2.74}
{'eval_loss': 0.6132081747055054, 'eval_bce': 0.6097950846133512, 'eval_n_pos': 2024.0, 'eval_pos_rate': 0.09120814744716327, 'eval_auroc': 0.576302437394789, 'eval_auprc': 0.14248346366552583, 'eval_mcc': 0.07311725688777103, 'eval_precision': 0.13562653562653562, 'eval_recall': 0.2727272727272727, 'eval_f1': 0.18116179849031835, 'eval_runtime': 20.4035, 'eval_samples_per_second': 1087.609, 'eval_steps_per_second': 17.007, 'epoch': 2.74}
{'loss': 0.6495, 'learning_rate': 8.413144462923668e-05, 'epoch': 2.75}
{'loss': 0.6601, 'learning_rate': 8.29844583357229e-05, 'epoch': 2.75}
{'loss': 0.6582, 'learning_rate': 8.18374720422091e-05, 'epoch': 2.76}
{'loss': 0.6616, 'learning_rate': 8.069048574869531e-05, 'epoch': 2.76}
{'loss': 0.6587, 'learning_rate': 7.954349945518151e-05, 'epoch': 2.76}
{'loss': 0.6545, 'learning_rate': 7.839651316166773e-05, 'epoch': 2.77}
{'loss': 0.6779, 'learning_rate': 7.724952686815393e-05, 'epoch': 2.77}
{'loss': 0.6618, 'learning_rate': 7.610254057464014e-05, 'epoch': 2.77}
{'loss': 0.6632, 'learning_rate': 7.495555428112634e-05, 'epoch': 2.78}
{'loss': 0.6439, 'learning_rate': 7.380856798761256e-05, 'epoch': 2.78}
{'loss': 0.6626, 'learning_rate': 7.266158169409876e-05, 'epoch': 2.78}
{'loss': 0.6645, 'learning_rate': 7.151459540058498e-05, 'epoch': 2.79}
{'eval_loss': 0.6119626760482788, 'eval_bce': 0.6085035631279966, 'eval_n_pos': 2024.0, 'eval_pos_rate': 0.09120814744716327, 'eval_auroc': 0.5767156496220981, 'eval_auprc': 0.14268960509625808, 'eval_mcc': 0.07751807898970367, 'eval_precision': 0.13888192529456003, 'eval_recall': 0.2737154150197628, 'eval_f1': 0.18426742058872442, 'eval_runtime': 20.3887, 'eval_samples_per_second': 1088.399, 'eval_steps_per_second': 17.019, 'epoch': 2.79}
{'loss': 0.664, 'learning_rate': 7.036760910707118e-05, 'epoch': 2.79}
{'loss': 0.6408, 'learning_rate': 6.922062281355739e-05, 'epoch': 2.79}
{'loss': 0.6643, 'learning_rate': 6.807363652004358e-05, 'epoch': 2.8}
{'loss': 0.6685, 'learning_rate': 6.69266502265298e-05, 'epoch': 2.8}
{'loss': 0.6691, 'learning_rate': 6.5779663933016e-05, 'epoch': 2.8}
{'loss': 0.6613, 'learning_rate': 6.463267763950221e-05, 'epoch': 2.81}
{'loss': 0.6624, 'learning_rate': 6.348569134598841e-05, 'epoch': 2.81}
{'loss': 0.6617, 'learning_rate': 6.233870505247463e-05, 'epoch': 2.81}
{'loss': 0.6598, 'learning_rate': 6.119171875896083e-05, 'epoch': 2.82}
{'loss': 0.6578, 'learning_rate': 6.004473246544704e-05, 'epoch': 2.82}
{'loss': 0.674, 'learning_rate': 5.889774617193325e-05, 'epoch': 2.82}
{'loss': 0.6715, 'learning_rate': 5.775075987841945e-05, 'epoch': 2.83}
{'loss': 0.6555, 'learning_rate': 5.660377358490566e-05, 'epoch': 2.83}
{'eval_loss': 0.6083998084068298, 'eval_bce': 0.6048327163484577, 'eval_n_pos': 2024.0, 'eval_pos_rate': 0.09120814744716327, 'eval_auroc': 0.5766886762332939, 'eval_auprc': 0.1430962718006203, 'eval_mcc': 0.07832830607523805, 'eval_precision': 0.1407563025210084, 'eval_recall': 0.2648221343873518, 'eval_f1': 0.18381344307270234, 'eval_runtime': 20.3702, 'eval_samples_per_second': 1089.387, 'eval_steps_per_second': 17.035, 'epoch': 2.83}
{'loss': 0.651, 'learning_rate': 5.545678729139187e-05, 'epoch': 2.83}
{'loss': 0.6672, 'learning_rate': 5.4309800997878076e-05, 'epoch': 2.84}
{'loss': 0.6446, 'learning_rate': 5.3162814704364285e-05, 'epoch': 2.84}
{'loss': 0.6584, 'learning_rate': 5.201582841085049e-05, 'epoch': 2.84}
{'loss': 0.6625, 'learning_rate': 5.08688421173367e-05, 'epoch': 2.85}
{'loss': 0.6516, 'learning_rate': 4.972185582382291e-05, 'epoch': 2.85}
{'loss': 0.6639, 'learning_rate': 4.857486953030912e-05, 'epoch': 2.85}
{'loss': 0.6651, 'learning_rate': 4.7427883236795325e-05, 'epoch': 2.86}
{'loss': 0.6585, 'learning_rate': 4.628089694328153e-05, 'epoch': 2.86}
{'loss': 0.6789, 'learning_rate': 4.5133910649767735e-05, 'epoch': 2.86}
{'loss': 0.6482, 'learning_rate': 4.398692435625394e-05, 'epoch': 2.87}
{'loss': 0.6758, 'learning_rate': 4.283993806274015e-05, 'epoch': 2.87}
{'eval_loss': 0.6075263619422913, 'eval_bce': 0.6039350032290924, 'eval_n_pos': 2024.0, 'eval_pos_rate': 0.09120814744716327, 'eval_auroc': 0.5768429096294948, 'eval_auprc': 0.14335673454277534, 'eval_mcc': 0.07878926851451121, 'eval_precision': 0.14148681055155876, 'eval_recall': 0.26235177865612647, 'eval_f1': 0.1838324389821707, 'eval_runtime': 20.3789, 'eval_samples_per_second': 1088.921, 'eval_steps_per_second': 17.027, 'epoch': 2.87}
{'loss': 0.6589, 'learning_rate': 4.169295176922636e-05, 'epoch': 2.88}
{'loss': 0.663, 'learning_rate': 4.054596547571257e-05, 'epoch': 2.88}
{'loss': 0.6589, 'learning_rate': 3.939897918219877e-05, 'epoch': 2.88}
{'loss': 0.6644, 'learning_rate': 3.8251992888684976e-05, 'epoch': 2.89}
{'loss': 0.6544, 'learning_rate': 3.7105006595171184e-05, 'epoch': 2.89}
{'loss': 0.6633, 'learning_rate': 3.595802030165739e-05, 'epoch': 2.89}
{'loss': 0.6643, 'learning_rate': 3.48110340081436e-05, 'epoch': 2.9}
{'loss': 0.6619, 'learning_rate': 3.366404771462981e-05, 'epoch': 2.9}
{'loss': 0.6684, 'learning_rate': 3.251706142111602e-05, 'epoch': 2.9}
{'loss': 0.646, 'learning_rate': 3.1370075127602225e-05, 'epoch': 2.91}
{'loss': 0.6722, 'learning_rate': 3.0223088834088433e-05, 'epoch': 2.91}
{'loss': 0.6745, 'learning_rate': 2.907610254057464e-05, 'epoch': 2.91}
{'loss': 0.6551, 'learning_rate': 2.792911624706085e-05, 'epoch': 2.92}
{'eval_loss': 0.608322262763977, 'eval_bce': 0.6047569476825877, 'eval_n_pos': 2024.0, 'eval_pos_rate': 0.09120814744716327, 'eval_auroc': 0.5767839038102986, 'eval_auprc': 0.1433205324755562, 'eval_mcc': 0.0789277848162064, 'eval_precision': 0.1411671924290221, 'eval_recall': 0.26531620553359686, 'eval_f1': 0.1842827728208648, 'eval_runtime': 20.383, 'eval_samples_per_second': 1088.703, 'eval_steps_per_second': 17.024, 'epoch': 2.92}
{'loss': 0.6587, 'learning_rate': 2.6782129953547057e-05, 'epoch': 2.92}
{'loss': 0.668, 'learning_rate': 2.5635143660033266e-05, 'epoch': 2.92}
{'loss': 0.672, 'learning_rate': 2.448815736651947e-05, 'epoch': 2.93}
{'loss': 0.6593, 'learning_rate': 2.334117107300568e-05, 'epoch': 2.93}
{'loss': 0.6542, 'learning_rate': 2.2194184779491886e-05, 'epoch': 2.93}
{'loss': 0.6642, 'learning_rate': 2.1047198485978095e-05, 'epoch': 2.94}
{'loss': 0.6693, 'learning_rate': 1.99002121924643e-05, 'epoch': 2.94}
{'loss': 0.6511, 'learning_rate': 1.8753225898950507e-05, 'epoch': 2.94}
{'loss': 0.6581, 'learning_rate': 1.7606239605436715e-05, 'epoch': 2.95}
{'loss': 0.6609, 'learning_rate': 1.6459253311922924e-05, 'epoch': 2.95}
{'loss': 0.673, 'learning_rate': 1.5312267018409128e-05, 'epoch': 2.95}
{'loss': 0.6512, 'learning_rate': 1.4165280724895338e-05, 'epoch': 2.96}
{'eval_loss': 0.6077091693878174, 'eval_bce': 0.6041222967628944, 'eval_n_pos': 2024.0, 'eval_pos_rate': 0.09120814744716327, 'eval_auroc': 0.576902442176992, 'eval_auprc': 0.1433276843280421, 'eval_mcc': 0.0796686176211061, 'eval_precision': 0.1419098143236074, 'eval_recall': 0.2643280632411067, 'eval_f1': 0.18467380048325852, 'eval_runtime': 20.3856, 'eval_samples_per_second': 1088.561, 'eval_steps_per_second': 17.022, 'epoch': 2.96}
{'loss': 0.6593, 'learning_rate': 1.3018294431381544e-05, 'epoch': 2.96}
{'loss': 0.6746, 'learning_rate': 1.1871308137867753e-05, 'epoch': 2.96}
{'loss': 0.6678, 'learning_rate': 1.072432184435396e-05, 'epoch': 2.97}
{'loss': 0.6762, 'learning_rate': 9.577335550840169e-06, 'epoch': 2.97}
{'loss': 0.6644, 'learning_rate': 8.430349257326375e-06, 'epoch': 2.97}
{'loss': 0.6618, 'learning_rate': 7.2833629638125824e-06, 'epoch': 2.98}
{'loss': 0.661, 'learning_rate': 6.1363766702987905e-06, 'epoch': 2.98}
{'loss': 0.6589, 'learning_rate': 4.989390376784997e-06, 'epoch': 2.99}
{'loss': 0.6775, 'learning_rate': 3.842404083271205e-06, 'epoch': 2.99}
{'loss': 0.6576, 'learning_rate': 2.6954177897574127e-06, 'epoch': 2.99}
{'loss': 0.6603, 'learning_rate': 1.5484314962436198e-06, 'epoch': 3.0}
{'loss': 0.6591, 'learning_rate': 4.014452027298274e-07, 'epoch': 3.0}
{'train_runtime': 2204.3779, 'train_samples_per_second': 253.813, 'train_steps_per_second': 7.933, 'train_loss': 0.6704993276071977, 'epoch': 3.0}
  [nodapt] dev AUROC = 0.5780509426133681
=== [nodapt] score leak-free ADASTRA + hetSNV ===
[load] ADASTRA eval: 251791 rows (pos=9071, neg=242720)
[windows] built 251791/251791  (dropped: 0 out-of-bounds, 0 bad-chrom; hg38-base!=ref on 0 kept rows)
[score] running twin inference on 251791 variants (dump_embeddings=False)...
Loaded weights from /home/asm242/palmer_scratch/entexBERT-2_experiments/EN-TEx/experiments/ctcf_a1_multitrack/stage2_nodapt/runs/clf_2a_s20/pytorch_model.bin
  missing keys: 0 | unexpected keys: 0
[score] task=classification -> ranking AUROC on 'delta'
[leakage] train.meta.csv: +16193 bins, 16193 seen total
[leakage] dev.meta.csv: +2019 bins, 18212 seen total
[leakage] 206210/251791 eval variants (81.90%) in a seen bin; 7480 ASB-positive. Dropped for leak_free.
[AUROC:full] balanced 9071 pos + 9071 neg  AUROC=0.5898 95%CI[0.5818,0.5983]  AUPRC=0.5981
[AUROC:leak_free] balanced 1591 pos + 1591 neg  AUROC=0.5827 95%CI[0.5646,0.6021]  AUPRC=0.5868

=== entexBERT-2 vs benchmark models (CTCF_AUROC, 11 models) ===
      Sei                  DNN       0.7668
      DeepSEA              DNN       0.7664
      Enformer             DNN       0.7338
      DeepBind_ChIP-seq    DNN       0.6596
      DeepBind_HT-SELEX    DNN       0.6296
      deltaSVM_ChIP-seq    kmer/gkm  0.6118
      tRap                 PWM       0.6076
  >>> entexBERT-2 (this run)   0.5827  <<<
      FABIAN-variant       PWM       0.5514
      Beluga               DNN       0.5423
      atSNP                PWM       0.5312
      motifbreakR          PWM       0.5283

[done] wrote /home/asm242/palmer_scratch/entexBERT-2_experiments/EN-TEx/experiments/ctcf_a1_multitrack/score_nodapt_adastra_metrics.json + /home/asm242/palmer_scratch/entexBERT-2_experiments/EN-TEx/experiments/ctcf_a1_multitrack/score_nodapt_adastra_perVariant.csv.gz
[filter] total_reads>=20: 790085/2391015 rows kept
[load] 790085 hetSNV rows over donors=['ENC-001', 'ENC-002', 'ENC-003', 'ENC-004']
[leakage] train.meta.csv: +16193 bins, 16193 seen total
[leakage] dev.meta.csv: +2019 bins, 18212 seen total

===== donor ENC-001: 176390 rows (pos=11296, neg=165094) =====
[windows] built 176390/176390  (dropped: 0 out-of-bounds, 0 bad-chrom; hg38-base!=ref on 0 kept rows)
[score] running twin inference on 176390 variants (dump_embeddings=False)...
Loaded weights from /home/asm242/palmer_scratch/entexBERT-2_experiments/EN-TEx/experiments/ctcf_a1_multitrack/stage2_nodapt/runs/clf_2a_s20/pytorch_model.bin
  missing keys: 0 | unexpected keys: 0
[leakage] 158545/176390 ENC-001 (cross-donor) variants in a seen bin (10090 positive).
  [ENC-001:full] AUROC=0.6518 CI[0.6450,0.6588] AUPRC=0.6741 n_pos=11296 | mag_Spearman=nan signed_Spearman=nan
  [ENC-001:leak_free] AUROC=0.6122 CI[0.5888,0.6342] AUPRC=0.6210 n_pos=1206 | mag_Spearman=nan signed_Spearman=nan
  --- per-tissue [leak_free] (>= 20 pos & neg) ---
    Peyers_patch                     AUROC=0.6438 n_pos=68 mag_Sp=nan
    adrenal_gland                    AUROC=0.6912 n_pos=78 mag_Sp=nan
    body_of_pancreas                 AUROC=0.6321 n_pos=189 mag_Sp=nan
    esophagus_muscularis_mucosa      AUROC=0.6100 n_pos=50 mag_Sp=nan
    esophagus_squamous_epithelium    AUROC=0.5839 n_pos=70 mag_Sp=nan
    gastroesophageal_sphincter       AUROC=0.7445 n_pos=38 mag_Sp=nan
    prostate_gland                   AUROC=0.6290 n_pos=98 mag_Sp=nan
    spleen                           AUROC=0.6672 n_pos=25 mag_Sp=nan
    testis                           AUROC=0.5420 n_pos=34 mag_Sp=nan
    thoracic_aorta                   AUROC=0.6348 n_pos=106 mag_Sp=nan
    tibial_artery                    AUROC=0.5456 n_pos=91 mag_Sp=nan
    tibial_nerve                     AUROC=0.5854 n_pos=52 mag_Sp=nan
    transverse_colon                 AUROC=0.6229 n_pos=143 mag_Sp=nan
    upper_lobe_of_left_lung          AUROC=0.5996 n_pos=110 mag_Sp=nan

===== donor ENC-002: 202506 rows (pos=10877, neg=191629) =====
[windows] built 202506/202506  (dropped: 0 out-of-bounds, 0 bad-chrom; hg38-base!=ref on 0 kept rows)
[score] running twin inference on 202506 variants (dump_embeddings=False)...
Loaded weights from /home/asm242/palmer_scratch/entexBERT-2_experiments/EN-TEx/experiments/ctcf_a1_multitrack/stage2_nodapt/runs/clf_2a_s20/pytorch_model.bin
  missing keys: 0 | unexpected keys: 0
[leakage] 180810/202506 ENC-002 (matched) variants in a seen bin (9668 positive).
  [ENC-002:full] AUROC=0.6508 CI[0.6438,0.6580] AUPRC=0.6638 n_pos=10877 | mag_Spearman=nan signed_Spearman=nan
  [ENC-002:leak_free] AUROC=0.6774 CI[0.6569,0.6995] AUPRC=0.6787 n_pos=1209 | mag_Spearman=nan signed_Spearman=nan
  --- per-tissue [leak_free] (>= 20 pos & neg) ---
    Peyers_patch                     AUROC=0.7039 n_pos=101 mag_Sp=nan
    adrenal_gland                    AUROC=0.6936 n_pos=81 mag_Sp=nan
    body_of_pancreas                 AUROC=0.6325 n_pos=138 mag_Sp=nan
    breast_epithelium                AUROC=0.6445 n_pos=32 mag_Sp=nan
    esophagus_muscularis_mucosa      AUROC=0.7078 n_pos=84 mag_Sp=nan
    esophagus_squamous_epithelium    AUROC=0.6932 n_pos=107 mag_Sp=nan
    gastroesophageal_sphincter       AUROC=0.7060 n_pos=49 mag_Sp=nan
    prostate_gland                   AUROC=0.6381 n_pos=56 mag_Sp=nan
    sigmoid_colon                    AUROC=0.7840 n_pos=42 mag_Sp=nan
    spleen                           AUROC=0.6562 n_pos=183 mag_Sp=nan
    testis                           AUROC=0.7088 n_pos=25 mag_Sp=nan
    thyroid_gland                    AUROC=0.6968 n_pos=101 mag_Sp=nan
    transverse_colon                 AUROC=0.7131 n_pos=73 mag_Sp=nan
    upper_lobe_of_left_lung          AUROC=0.6836 n_pos=98 mag_Sp=nan

===== donor ENC-003: 196350 rows (pos=10462, neg=185888) =====
[windows] built 196350/196350  (dropped: 0 out-of-bounds, 0 bad-chrom; hg38-base!=ref on 0 kept rows)
[score] running twin inference on 196350 variants (dump_embeddings=False)...
Loaded weights from /home/asm242/palmer_scratch/entexBERT-2_experiments/EN-TEx/experiments/ctcf_a1_multitrack/stage2_nodapt/runs/clf_2a_s20/pytorch_model.bin
  missing keys: 0 | unexpected keys: 0
[leakage] 175316/196350 ENC-003 (cross-donor) variants in a seen bin (9351 positive).
  [ENC-003:full] AUROC=0.6478 CI[0.6409,0.6549] AUPRC=0.6642 n_pos=10462 | mag_Spearman=nan signed_Spearman=nan
  [ENC-003:leak_free] AUROC=0.7004 CI[0.6787,0.7222] AUPRC=0.6764 n_pos=1111 | mag_Spearman=nan signed_Spearman=nan
  --- per-tissue [leak_free] (>= 20 pos & neg) ---
    Peyers_patch                     AUROC=0.6500 n_pos=85 mag_Sp=nan
    adrenal_gland                    AUROC=0.6651 n_pos=66 mag_Sp=nan
    body_of_pancreas                 AUROC=0.6245 n_pos=70 mag_Sp=nan
    coronary_artery                  AUROC=0.6786 n_pos=46 mag_Sp=nan
    esophagus_squamous_epithelium    AUROC=0.6780 n_pos=79 mag_Sp=nan
    gastrocnemius_medialis           AUROC=0.6605 n_pos=58 mag_Sp=nan
    gastroesophageal_sphincter       AUROC=0.6608 n_pos=57 mag_Sp=nan
    heart_left_ventricle             AUROC=0.6836 n_pos=85 mag_Sp=nan
    ovary                            AUROC=0.6603 n_pos=41 mag_Sp=nan
    right_lobe_of_liver              AUROC=0.6998 n_pos=76 mag_Sp=nan
    spleen                           AUROC=0.7143 n_pos=91 mag_Sp=nan
    thyroid_gland                    AUROC=0.6768 n_pos=32 mag_Sp=nan
    tibial_nerve                     AUROC=0.6515 n_pos=69 mag_Sp=nan
    transverse_colon                 AUROC=0.8167 n_pos=59 mag_Sp=nan
    upper_lobe_of_left_lung          AUROC=0.6805 n_pos=49 mag_Sp=nan
    uterus                           AUROC=0.6555 n_pos=79 mag_Sp=nan

===== donor ENC-004: 214839 rows (pos=10629, neg=204210) =====
[windows] built 214839/214839  (dropped: 0 out-of-bounds, 0 bad-chrom; hg38-base!=ref on 0 kept rows)
[score] running twin inference on 214839 variants (dump_embeddings=False)...
Loaded weights from /home/asm242/palmer_scratch/entexBERT-2_experiments/EN-TEx/experiments/ctcf_a1_multitrack/stage2_nodapt/runs/clf_2a_s20/pytorch_model.bin
  missing keys: 0 | unexpected keys: 0
[leakage] 191967/214839 ENC-004 (cross-donor) variants in a seen bin (9514 positive).
  [ENC-004:full] AUROC=0.6595 CI[0.6520,0.6670] AUPRC=0.6813 n_pos=10629 | mag_Spearman=nan signed_Spearman=nan
  [ENC-004:leak_free] AUROC=0.6125 CI[0.5889,0.6350] AUPRC=0.6216 n_pos=1115 | mag_Spearman=nan signed_Spearman=nan
  --- per-tissue [leak_free] (>= 20 pos & neg) ---
    adrenal_gland                    AUROC=0.6026 n_pos=46 mag_Sp=nan
    ascending_aorta                  AUROC=0.6751 n_pos=49 mag_Sp=nan
    body_of_pancreas                 AUROC=0.6318 n_pos=107 mag_Sp=nan
    breast_epithelium                AUROC=0.4530 n_pos=29 mag_Sp=nan
    esophagus_muscularis_mucosa      AUROC=0.6562 n_pos=28 mag_Sp=nan
    esophagus_squamous_epithelium    AUROC=0.5076 n_pos=50 mag_Sp=nan
    gastrocnemius_medialis           AUROC=0.5590 n_pos=66 mag_Sp=nan
    gastroesophageal_sphincter       AUROC=0.7074 n_pos=74 mag_Sp=nan
    heart_left_ventricle             AUROC=0.6959 n_pos=69 mag_Sp=nan
    ovary                            AUROC=0.5917 n_pos=26 mag_Sp=nan
    right_atrium_auricular_region    AUROC=0.7501 n_pos=49 mag_Sp=nan
    spleen                           AUROC=0.6216 n_pos=100 mag_Sp=nan
    stomach                          AUROC=0.6420 n_pos=52 mag_Sp=nan
    thyroid_gland                    AUROC=0.6701 n_pos=95 mag_Sp=nan
    tibial_nerve                     AUROC=0.5749 n_pos=75 mag_Sp=nan
    upper_lobe_of_left_lung          AUROC=0.6878 n_pos=71 mag_Sp=nan
    uterus                           AUROC=0.7015 n_pos=59 mag_Sp=nan

[write] /home/asm242/palmer_scratch/entexBERT-2_experiments/EN-TEx/experiments/ctcf_a1_multitrack/score_nodapt_hetsnv_perVariant.csv.gz  (790085 scored variants)
[write] /home/asm242/palmer_scratch/entexBERT-2_experiments/EN-TEx/experiments/ctcf_a1_multitrack/score_nodapt_hetsnv_summary.csv

=== donor-level (ALL-tissue) summary ===
  donor  donor_kind    regime    auroc  n_pos  mag_spearman  signed_spearman
ENC-001 cross-donor      full 0.651818  11296           NaN              NaN
ENC-001 cross-donor leak_free 0.612218   1206           NaN              NaN
ENC-002     matched      full 0.650847  10877           NaN              NaN
ENC-002     matched leak_free 0.677395   1209           NaN              NaN
ENC-003 cross-donor      full 0.647807  10462           NaN              NaN
ENC-003 cross-donor leak_free 0.700385   1111           NaN              NaN
ENC-004 cross-donor      full 0.659487  10629           NaN              NaN
ENC-004 cross-donor leak_free 0.612467   1115           NaN              NaN
[nodapt] scored -> /home/asm242/palmer_scratch/entexBERT-2_experiments/EN-TEx/experiments/ctcf_a1_multitrack/score_nodapt_adastra*

=== [nodapt_ft] Stage-2a (frozen-head A/B): s=20 lr=2e-5  -> /home/asm242/palmer_scratch/entexBERT-2_experiments/EN-TEx/experiments/ctcf_a1_multitrack/stage2_nodapt_ft/runs/clf_2a_s20 ===
{'loss': 0.6885, 'learning_rate': 8.000000000000001e-06, 'epoch': 0.0}
{'loss': 0.6847, 'learning_rate': 1.6000000000000003e-05, 'epoch': 0.01}
{'loss': 0.6866, 'learning_rate': 1.9988530137064865e-05, 'epoch': 0.01}
{'loss': 0.6953, 'learning_rate': 1.9965590411194587e-05, 'epoch': 0.01}
{'loss': 0.6958, 'learning_rate': 1.9942650685324313e-05, 'epoch': 0.02}
{'loss': 0.6883, 'learning_rate': 1.9919710959454036e-05, 'epoch': 0.02}
{'loss': 0.6869, 'learning_rate': 1.989677123358376e-05, 'epoch': 0.02}
{'loss': 0.6909, 'learning_rate': 1.9873831507713484e-05, 'epoch': 0.03}
{'loss': 0.6912, 'learning_rate': 1.985089178184321e-05, 'epoch': 0.03}
{'loss': 0.6897, 'learning_rate': 1.9827952055972933e-05, 'epoch': 0.03}
{'loss': 0.6805, 'learning_rate': 1.980501233010266e-05, 'epoch': 0.04}
{'loss': 0.6904, 'learning_rate': 1.978207260423238e-05, 'epoch': 0.04}
{'eval_loss': 0.7291668653488159, 'eval_bce': 0.7303120375851101, 'eval_n_pos': 2024.0, 'eval_pos_rate': 0.09120814744716327, 'eval_auroc': 0.5124108212238089, 'eval_auprc': 0.09603758694889447, 'eval_mcc': 0.0, 'eval_precision': 0.09120814744716327, 'eval_recall': 1.0, 'eval_f1': 0.16716911005575055, 'eval_runtime': 19.9703, 'eval_samples_per_second': 1111.202, 'eval_steps_per_second': 17.376, 'epoch': 0.04}
{'loss': 0.6873, 'learning_rate': 1.9759132878362107e-05, 'epoch': 0.04}
{'loss': 0.6827, 'learning_rate': 1.973619315249183e-05, 'epoch': 0.05}
{'loss': 0.692, 'learning_rate': 1.9713253426621552e-05, 'epoch': 0.05}
{'loss': 0.6851, 'learning_rate': 1.9690313700751278e-05, 'epoch': 0.05}
{'loss': 0.6878, 'learning_rate': 1.9667373974881e-05, 'epoch': 0.06}
{'loss': 0.669, 'learning_rate': 1.9644434249010726e-05, 'epoch': 0.06}
{'loss': 0.6867, 'learning_rate': 1.962149452314045e-05, 'epoch': 0.07}
{'loss': 0.6803, 'learning_rate': 1.9598554797270175e-05, 'epoch': 0.07}
{'loss': 0.6823, 'learning_rate': 1.9575615071399897e-05, 'epoch': 0.07}
{'loss': 0.6847, 'learning_rate': 1.955267534552962e-05, 'epoch': 0.08}
{'loss': 0.6749, 'learning_rate': 1.9529735619659346e-05, 'epoch': 0.08}
{'loss': 0.6958, 'learning_rate': 1.950679589378907e-05, 'epoch': 0.08}
{'loss': 0.6786, 'learning_rate': 1.9483856167918794e-05, 'epoch': 0.09}
{'eval_loss': 0.7345530390739441, 'eval_bce': 0.7361769688386393, 'eval_n_pos': 2024.0, 'eval_pos_rate': 0.09120814744716327, 'eval_auroc': 0.45588494911363636, 'eval_auprc': 0.0809405442810003, 'eval_mcc': 0.0, 'eval_precision': 0.09120814744716327, 'eval_recall': 1.0, 'eval_f1': 0.16716911005575055, 'eval_runtime': 20.0068, 'eval_samples_per_second': 1109.172, 'eval_steps_per_second': 17.344, 'epoch': 0.09}
{'loss': 0.6547, 'learning_rate': 1.946091644204852e-05, 'epoch': 0.09}
{'loss': 0.6727, 'learning_rate': 1.9437976716178243e-05, 'epoch': 0.09}
{'loss': 0.6489, 'learning_rate': 1.941503699030797e-05, 'epoch': 0.1}
{'loss': 0.684, 'learning_rate': 1.939209726443769e-05, 'epoch': 0.1}
{'loss': 0.677, 'learning_rate': 1.9369157538567417e-05, 'epoch': 0.1}
{'loss': 0.6708, 'learning_rate': 1.934621781269714e-05, 'epoch': 0.11}
{'loss': 0.6824, 'learning_rate': 1.9323278086826866e-05, 'epoch': 0.11}
{'loss': 0.6425, 'learning_rate': 1.9300338360956588e-05, 'epoch': 0.11}
{'loss': 0.6522, 'learning_rate': 1.9277398635086314e-05, 'epoch': 0.12}
{'loss': 0.6667, 'learning_rate': 1.9254458909216037e-05, 'epoch': 0.12}
{'loss': 0.6647, 'learning_rate': 1.9231519183345762e-05, 'epoch': 0.12}
{'loss': 0.6607, 'learning_rate': 1.9208579457475485e-05, 'epoch': 0.13}
{'eval_loss': 0.7102347612380981, 'eval_bce': 0.7109293723166995, 'eval_n_pos': 2024.0, 'eval_pos_rate': 0.09120814744716327, 'eval_auroc': 0.6060516965943071, 'eval_auprc': 0.15942793435060088, 'eval_mcc': -0.02471366741275107, 'eval_precision': 0.09106482733748084, 'eval_recall': 0.9980237154150198, 'eval_f1': 0.1669007684045278, 'eval_runtime': 20.028, 'eval_samples_per_second': 1108.001, 'eval_steps_per_second': 17.326, 'epoch': 0.13}
{'loss': 0.6516, 'learning_rate': 1.9185639731605208e-05, 'epoch': 0.13}
{'loss': 0.6638, 'learning_rate': 1.9162700005734933e-05, 'epoch': 0.13}
{'loss': 0.6633, 'learning_rate': 1.9139760279864656e-05, 'epoch': 0.14}
{'loss': 0.6501, 'learning_rate': 1.9116820553994382e-05, 'epoch': 0.14}
{'loss': 0.6614, 'learning_rate': 1.9093880828124104e-05, 'epoch': 0.14}
{'loss': 0.6618, 'learning_rate': 1.907094110225383e-05, 'epoch': 0.15}
{'loss': 0.6632, 'learning_rate': 1.9048001376383553e-05, 'epoch': 0.15}
{'loss': 0.664, 'learning_rate': 1.902506165051328e-05, 'epoch': 0.15}
{'loss': 0.6729, 'learning_rate': 1.9002121924643e-05, 'epoch': 0.16}
{'loss': 0.6623, 'learning_rate': 1.8979182198772724e-05, 'epoch': 0.16}
{'loss': 0.6651, 'learning_rate': 1.895624247290245e-05, 'epoch': 0.16}
{'loss': 0.6543, 'learning_rate': 1.8933302747032172e-05, 'epoch': 0.17}
{'loss': 0.6786, 'learning_rate': 1.89103630211619e-05, 'epoch': 0.17}
{'eval_loss': 0.7121648788452148, 'eval_bce': 0.712462794331503, 'eval_n_pos': 2024.0, 'eval_pos_rate': 0.09120814744716327, 'eval_auroc': 0.6155715144158922, 'eval_auprc': 0.14830014747319076, 'eval_mcc': 0.013810843519786085, 'eval_precision': 0.09163855201969545, 'eval_recall': 0.9930830039525692, 'eval_f1': 0.167793638868019, 'eval_runtime': 20.0344, 'eval_samples_per_second': 1107.647, 'eval_steps_per_second': 17.32, 'epoch': 0.17}
{'loss': 0.6487, 'learning_rate': 1.8887423295291624e-05, 'epoch': 0.17}
{'loss': 0.675, 'learning_rate': 1.8864483569421347e-05, 'epoch': 0.18}
{'loss': 0.6717, 'learning_rate': 1.8841543843551073e-05, 'epoch': 0.18}
{'loss': 0.6686, 'learning_rate': 1.8818604117680795e-05, 'epoch': 0.19}
{'loss': 0.6546, 'learning_rate': 1.879566439181052e-05, 'epoch': 0.19}
{'loss': 0.6529, 'learning_rate': 1.8772724665940244e-05, 'epoch': 0.19}
{'loss': 0.6531, 'learning_rate': 1.874978494006997e-05, 'epoch': 0.2}
{'loss': 0.6497, 'learning_rate': 1.8726845214199692e-05, 'epoch': 0.2}
{'loss': 0.6534, 'learning_rate': 1.8703905488329418e-05, 'epoch': 0.2}
{'loss': 0.6514, 'learning_rate': 1.868096576245914e-05, 'epoch': 0.21}
{'loss': 0.6523, 'learning_rate': 1.8658026036588863e-05, 'epoch': 0.21}
{'loss': 0.6505, 'learning_rate': 1.863508631071859e-05, 'epoch': 0.21}
{'eval_loss': 0.7216851115226746, 'eval_bce': 0.7216404893686869, 'eval_n_pos': 2024.0, 'eval_pos_rate': 0.09120814744716327, 'eval_auroc': 0.6278957072084459, 'eval_auprc': 0.14778094592338684, 'eval_mcc': 0.06072360299094137, 'eval_precision': 0.09976538934197296, 'eval_recall': 0.8824110671936759, 'eval_f1': 0.1792632741142226, 'eval_runtime': 20.0567, 'eval_samples_per_second': 1106.415, 'eval_steps_per_second': 17.301, 'epoch': 0.21}
{'loss': 0.6588, 'learning_rate': 1.861214658484831e-05, 'epoch': 0.22}
{'loss': 0.6543, 'learning_rate': 1.8589206858978038e-05, 'epoch': 0.22}
{'loss': 0.6451, 'learning_rate': 1.856626713310776e-05, 'epoch': 0.22}
{'loss': 0.6588, 'learning_rate': 1.8543327407237486e-05, 'epoch': 0.23}
{'loss': 0.6683, 'learning_rate': 1.852038768136721e-05, 'epoch': 0.23}
{'loss': 0.6569, 'learning_rate': 1.8497447955496934e-05, 'epoch': 0.23}
{'loss': 0.6587, 'learning_rate': 1.8474508229626657e-05, 'epoch': 0.24}
{'loss': 0.6467, 'learning_rate': 1.845156850375638e-05, 'epoch': 0.24}
{'loss': 0.6616, 'learning_rate': 1.8428628777886105e-05, 'epoch': 0.24}
{'loss': 0.674, 'learning_rate': 1.8405689052015828e-05, 'epoch': 0.25}
{'loss': 0.6428, 'learning_rate': 1.8382749326145554e-05, 'epoch': 0.25}
{'loss': 0.6365, 'learning_rate': 1.8359809600275276e-05, 'epoch': 0.25}
{'loss': 0.6541, 'learning_rate': 1.8336869874405002e-05, 'epoch': 0.26}
{'eval_loss': 0.7187399864196777, 'eval_bce': 0.7188807619189804, 'eval_n_pos': 2024.0, 'eval_pos_rate': 0.09120814744716327, 'eval_auroc': 0.6393879755229603, 'eval_auprc': 0.16491127190800653, 'eval_mcc': 0.1187634921431599, 'eval_precision': 0.12273826398732594, 'eval_recall': 0.7272727272727273, 'eval_f1': 0.2100306770350289, 'eval_runtime': 20.0349, 'eval_samples_per_second': 1107.619, 'eval_steps_per_second': 17.32, 'epoch': 0.26}
{'loss': 0.6324, 'learning_rate': 1.8313930148534725e-05, 'epoch': 0.26}
{'loss': 0.6508, 'learning_rate': 1.829099042266445e-05, 'epoch': 0.26}
{'loss': 0.6452, 'learning_rate': 1.8268050696794177e-05, 'epoch': 0.27}
{'loss': 0.6453, 'learning_rate': 1.82451109709239e-05, 'epoch': 0.27}
{'loss': 0.6431, 'learning_rate': 1.8222171245053625e-05, 'epoch': 0.27}
{'loss': 0.6314, 'learning_rate': 1.8199231519183348e-05, 'epoch': 0.28}
{'loss': 0.642, 'learning_rate': 1.8176291793313074e-05, 'epoch': 0.28}
{'loss': 0.6366, 'learning_rate': 1.8153352067442796e-05, 'epoch': 0.28}
{'loss': 0.6381, 'learning_rate': 1.813041234157252e-05, 'epoch': 0.29}
{'loss': 0.6521, 'learning_rate': 1.8107472615702245e-05, 'epoch': 0.29}
{'loss': 0.6366, 'learning_rate': 1.8084532889831967e-05, 'epoch': 0.3}
{'loss': 0.6292, 'learning_rate': 1.8061593163961693e-05, 'epoch': 0.3}
{'eval_loss': 0.725331723690033, 'eval_bce': 0.7260664310252383, 'eval_n_pos': 2024.0, 'eval_pos_rate': 0.09120814744716327, 'eval_auroc': 0.6352164956212464, 'eval_auprc': 0.15245399791251318, 'eval_mcc': 0.12621115314853615, 'eval_precision': 0.12956082690292464, 'eval_recall': 0.6719367588932806, 'eval_f1': 0.21723504512419137, 'eval_runtime': 20.0653, 'eval_samples_per_second': 1105.94, 'eval_steps_per_second': 17.294, 'epoch': 0.3}
{'loss': 0.6472, 'learning_rate': 1.8038653438091416e-05, 'epoch': 0.3}
{'loss': 0.6232, 'learning_rate': 1.801571371222114e-05, 'epoch': 0.31}
{'loss': 0.6646, 'learning_rate': 1.7992773986350864e-05, 'epoch': 0.31}
{'loss': 0.6461, 'learning_rate': 1.796983426048059e-05, 'epoch': 0.31}
{'loss': 0.622, 'learning_rate': 1.7946894534610313e-05, 'epoch': 0.32}
{'loss': 0.6461, 'learning_rate': 1.7923954808740035e-05, 'epoch': 0.32}
{'loss': 0.6587, 'learning_rate': 1.790101508286976e-05, 'epoch': 0.32}
{'loss': 0.651, 'learning_rate': 1.7878075356999484e-05, 'epoch': 0.33}
{'loss': 0.6214, 'learning_rate': 1.785513563112921e-05, 'epoch': 0.33}
{'loss': 0.6254, 'learning_rate': 1.7832195905258932e-05, 'epoch': 0.33}
{'loss': 0.6263, 'learning_rate': 1.7809256179388658e-05, 'epoch': 0.34}
{'loss': 0.637, 'learning_rate': 1.778631645351838e-05, 'epoch': 0.34}
{'loss': 0.6336, 'learning_rate': 1.7763376727648106e-05, 'epoch': 0.34}
{'eval_loss': 0.7108338475227356, 'eval_bce': 0.7110827746078626, 'eval_n_pos': 2024.0, 'eval_pos_rate': 0.09120814744716327, 'eval_auroc': 0.6486891643511854, 'eval_auprc': 0.17609610561922867, 'eval_mcc': 0.1550645124037515, 'eval_precision': 0.1557194544948511, 'eval_recall': 0.5528656126482213, 'eval_f1': 0.2429967426710098, 'eval_runtime': 20.0604, 'eval_samples_per_second': 1106.208, 'eval_steps_per_second': 17.298, 'epoch': 0.34}
{'loss': 0.6386, 'learning_rate': 1.774043700177783e-05, 'epoch': 0.35}
{'loss': 0.6316, 'learning_rate': 1.7717497275907555e-05, 'epoch': 0.35}
{'loss': 0.63, 'learning_rate': 1.7694557550037277e-05, 'epoch': 0.35}
{'loss': 0.6344, 'learning_rate': 1.7671617824167003e-05, 'epoch': 0.36}
{'loss': 0.6336, 'learning_rate': 1.764867809829673e-05, 'epoch': 0.36}
{'loss': 0.6238, 'learning_rate': 1.7625738372426452e-05, 'epoch': 0.36}
{'loss': 0.635, 'learning_rate': 1.7602798646556174e-05, 'epoch': 0.37}
{'loss': 0.6543, 'learning_rate': 1.75798589206859e-05, 'epoch': 0.37}
{'loss': 0.6248, 'learning_rate': 1.7556919194815623e-05, 'epoch': 0.37}
{'loss': 0.6269, 'learning_rate': 1.753397946894535e-05, 'epoch': 0.38}
{'loss': 0.6461, 'learning_rate': 1.751103974307507e-05, 'epoch': 0.38}
{'loss': 0.6371, 'learning_rate': 1.7488100017204797e-05, 'epoch': 0.38}
{'eval_loss': 0.730248749256134, 'eval_bce': 0.7305365754139355, 'eval_n_pos': 2024.0, 'eval_pos_rate': 0.09120814744716327, 'eval_auroc': 0.6384171785159138, 'eval_auprc': 0.14947250922018301, 'eval_mcc': 0.14421085072995082, 'eval_precision': 0.14312117361672635, 'eval_recall': 0.6121541501976284, 'eval_f1': 0.23200074899353995, 'eval_runtime': 20.047, 'eval_samples_per_second': 1106.947, 'eval_steps_per_second': 17.309, 'epoch': 0.39}
{'loss': 0.626, 'learning_rate': 1.746516029133452e-05, 'epoch': 0.39}
{'loss': 0.6313, 'learning_rate': 1.7442220565464246e-05, 'epoch': 0.39}
{'loss': 0.6346, 'learning_rate': 1.7419280839593968e-05, 'epoch': 0.39}
{'loss': 0.642, 'learning_rate': 1.739634111372369e-05, 'epoch': 0.4}
{'loss': 0.6255, 'learning_rate': 1.7373401387853417e-05, 'epoch': 0.4}
{'loss': 0.6293, 'learning_rate': 1.735046166198314e-05, 'epoch': 0.4}
{'loss': 0.6369, 'learning_rate': 1.7327521936112865e-05, 'epoch': 0.41}
{'loss': 0.6173, 'learning_rate': 1.7304582210242588e-05, 'epoch': 0.41}
{'loss': 0.6227, 'learning_rate': 1.7281642484372314e-05, 'epoch': 0.42}
{'loss': 0.6444, 'learning_rate': 1.7258702758502036e-05, 'epoch': 0.42}
{'loss': 0.6249, 'learning_rate': 1.7235763032631762e-05, 'epoch': 0.42}
{'loss': 0.6504, 'learning_rate': 1.7212823306761485e-05, 'epoch': 0.43}
{'loss': 0.645, 'learning_rate': 1.718988358089121e-05, 'epoch': 0.43}
{'eval_loss': 0.7188959121704102, 'eval_bce': 0.7189347348574735, 'eval_n_pos': 2024.0, 'eval_pos_rate': 0.09120814744716327, 'eval_auroc': 0.6416540709188944, 'eval_auprc': 0.150781746680884, 'eval_mcc': 0.12813044383635894, 'eval_precision': 0.14570486160906354, 'eval_recall': 0.5019762845849802, 'eval_f1': 0.22585306213182177, 'eval_runtime': 20.0492, 'eval_samples_per_second': 1106.828, 'eval_steps_per_second': 17.307, 'epoch': 0.43}
{'loss': 0.6422, 'learning_rate': 1.7166943855020933e-05, 'epoch': 0.43}
{'loss': 0.6151, 'learning_rate': 1.714400412915066e-05, 'epoch': 0.44}
{'loss': 0.6146, 'learning_rate': 1.712106440328038e-05, 'epoch': 0.44}
{'loss': 0.6216, 'learning_rate': 1.7098124677410107e-05, 'epoch': 0.44}
{'loss': 0.6437, 'learning_rate': 1.707518495153983e-05, 'epoch': 0.45}
{'loss': 0.6307, 'learning_rate': 1.7052245225669556e-05, 'epoch': 0.45}
{'loss': 0.6364, 'learning_rate': 1.702930549979928e-05, 'epoch': 0.45}
{'loss': 0.6034, 'learning_rate': 1.7006365773929004e-05, 'epoch': 0.46}
{'loss': 0.6433, 'learning_rate': 1.6983426048058727e-05, 'epoch': 0.46}
{'loss': 0.6291, 'learning_rate': 1.6960486322188453e-05, 'epoch': 0.46}
{'loss': 0.6198, 'learning_rate': 1.6937546596318175e-05, 'epoch': 0.47}
{'loss': 0.6221, 'learning_rate': 1.69146068704479e-05, 'epoch': 0.47}
{'eval_loss': 0.7124289274215698, 'eval_bce': 0.7126805278330249, 'eval_n_pos': 2024.0, 'eval_pos_rate': 0.09120814744716327, 'eval_auroc': 0.6530563544404224, 'eval_auprc': 0.17898958110294969, 'eval_mcc': 0.15928735112795242, 'eval_precision': 0.17635270541082165, 'eval_recall': 0.43478260869565216, 'eval_f1': 0.25092671799258626, 'eval_runtime': 20.0334, 'eval_samples_per_second': 1107.702, 'eval_steps_per_second': 17.321, 'epoch': 0.47}
{'loss': 0.6187, 'learning_rate': 1.6891667144577624e-05, 'epoch': 0.47}
{'loss': 0.6337, 'learning_rate': 1.6868727418707346e-05, 'epoch': 0.48}
{'loss': 0.6391, 'learning_rate': 1.6845787692837072e-05, 'epoch': 0.48}
{'loss': 0.6354, 'learning_rate': 1.6822847966966795e-05, 'epoch': 0.48}
{'loss': 0.6344, 'learning_rate': 1.679990824109652e-05, 'epoch': 0.49}
{'loss': 0.6093, 'learning_rate': 1.6776968515226243e-05, 'epoch': 0.49}
{'loss': 0.6221, 'learning_rate': 1.675402878935597e-05, 'epoch': 0.49}
{'loss': 0.6185, 'learning_rate': 1.673108906348569e-05, 'epoch': 0.5}
{'loss': 0.6251, 'learning_rate': 1.6708149337615414e-05, 'epoch': 0.5}
{'loss': 0.6153, 'learning_rate': 1.668520961174514e-05, 'epoch': 0.5}
{'loss': 0.6511, 'learning_rate': 1.6662269885874866e-05, 'epoch': 0.51}
{'loss': 0.6341, 'learning_rate': 1.663933016000459e-05, 'epoch': 0.51}
{'loss': 0.6515, 'learning_rate': 1.6616390434134315e-05, 'epoch': 0.51}
{'eval_loss': 0.7139316201210022, 'eval_bce': 0.7138265217805206, 'eval_n_pos': 2024.0, 'eval_pos_rate': 0.09120814744716327, 'eval_auroc': 0.6474828462966639, 'eval_auprc': 0.1774210778944898, 'eval_mcc': 0.13889292380665016, 'eval_precision': 0.16708126036484244, 'eval_recall': 0.39822134387351776, 'eval_f1': 0.23539719626168226, 'eval_runtime': 20.052, 'eval_samples_per_second': 1106.672, 'eval_steps_per_second': 17.305, 'epoch': 0.51}
{'loss': 0.6287, 'learning_rate': 1.6593450708264037e-05, 'epoch': 0.52}
{'loss': 0.6007, 'learning_rate': 1.6570510982393763e-05, 'epoch': 0.52}
{'loss': 0.6126, 'learning_rate': 1.6547571256523486e-05, 'epoch': 0.52}
{'loss': 0.6247, 'learning_rate': 1.652463153065321e-05, 'epoch': 0.53}
{'loss': 0.6286, 'learning_rate': 1.6501691804782934e-05, 'epoch': 0.53}
{'loss': 0.6395, 'learning_rate': 1.647875207891266e-05, 'epoch': 0.54}
{'loss': 0.608, 'learning_rate': 1.6455812353042382e-05, 'epoch': 0.54}
{'loss': 0.635, 'learning_rate': 1.643287262717211e-05, 'epoch': 0.54}
{'loss': 0.6236, 'learning_rate': 1.640993290130183e-05, 'epoch': 0.55}
{'loss': 0.5774, 'learning_rate': 1.6386993175431557e-05, 'epoch': 0.55}
{'loss': 0.6197, 'learning_rate': 1.636405344956128e-05, 'epoch': 0.55}
{'loss': 0.6339, 'learning_rate': 1.6341113723691002e-05, 'epoch': 0.56}
{'eval_loss': 0.72860187292099, 'eval_bce': 0.7286405325726937, 'eval_n_pos': 2024.0, 'eval_pos_rate': 0.09120814744716327, 'eval_auroc': 0.6256871599417589, 'eval_auprc': 0.14872858633267536, 'eval_mcc': 0.10697952553402328, 'eval_precision': 0.13139308329274232, 'eval_recall': 0.533102766798419, 'eval_f1': 0.21082454083626415, 'eval_runtime': 20.0646, 'eval_samples_per_second': 1105.98, 'eval_steps_per_second': 17.294, 'epoch': 0.56}
{'loss': 0.6614, 'learning_rate': 1.6318173997820728e-05, 'epoch': 0.56}
{'loss': 0.6292, 'learning_rate': 1.629523427195045e-05, 'epoch': 0.56}
{'loss': 0.6212, 'learning_rate': 1.6272294546080176e-05, 'epoch': 0.57}
{'loss': 0.6316, 'learning_rate': 1.62493548202099e-05, 'epoch': 0.57}
{'loss': 0.634, 'learning_rate': 1.6226415094339625e-05, 'epoch': 0.57}
{'loss': 0.6223, 'learning_rate': 1.6203475368469347e-05, 'epoch': 0.58}
{'loss': 0.6295, 'learning_rate': 1.618053564259907e-05, 'epoch': 0.58}
{'loss': 0.597, 'learning_rate': 1.6157595916728796e-05, 'epoch': 0.58}
{'loss': 0.6284, 'learning_rate': 1.6134656190858518e-05, 'epoch': 0.59}
{'loss': 0.6215, 'learning_rate': 1.6111716464988244e-05, 'epoch': 0.59}
{'loss': 0.6572, 'learning_rate': 1.6088776739117967e-05, 'epoch': 0.59}
{'loss': 0.6047, 'learning_rate': 1.6065837013247693e-05, 'epoch': 0.6}
{'loss': 0.6281, 'learning_rate': 1.604289728737742e-05, 'epoch': 0.6}
{'eval_loss': 0.7124378681182861, 'eval_bce': 0.712185519408359, 'eval_n_pos': 2024.0, 'eval_pos_rate': 0.09120814744716327, 'eval_auroc': 0.6438584533571555, 'eval_auprc': 0.17291667865879634, 'eval_mcc': 0.13671270012737358, 'eval_precision': 0.1795429815016322, 'eval_recall': 0.32608695652173914, 'eval_f1': 0.23157894736842105, 'eval_runtime': 20.0732, 'eval_samples_per_second': 1105.501, 'eval_steps_per_second': 17.287, 'epoch': 0.6}
{'loss': 0.6305, 'learning_rate': 1.601995756150714e-05, 'epoch': 0.6}
{'loss': 0.6316, 'learning_rate': 1.5997017835636867e-05, 'epoch': 0.61}
{'loss': 0.5906, 'learning_rate': 1.597407810976659e-05, 'epoch': 0.61}
{'loss': 0.6099, 'learning_rate': 1.5951138383896315e-05, 'epoch': 0.61}
{'loss': 0.6457, 'learning_rate': 1.5928198658026038e-05, 'epoch': 0.62}
{'loss': 0.6417, 'learning_rate': 1.5905258932155764e-05, 'epoch': 0.62}
{'loss': 0.6301, 'learning_rate': 1.5882319206285486e-05, 'epoch': 0.62}
{'loss': 0.6105, 'learning_rate': 1.5859379480415212e-05, 'epoch': 0.63}
{'loss': 0.6081, 'learning_rate': 1.5836439754544935e-05, 'epoch': 0.63}
{'loss': 0.6376, 'learning_rate': 1.5813500028674657e-05, 'epoch': 0.63}
{'loss': 0.622, 'learning_rate': 1.5790560302804383e-05, 'epoch': 0.64}
{'loss': 0.6365, 'learning_rate': 1.5767620576934106e-05, 'epoch': 0.64}
{'eval_loss': 0.6958525776863098, 'eval_bce': 0.6957176650240688, 'eval_n_pos': 2024.0, 'eval_pos_rate': 0.09120814744716327, 'eval_auroc': 0.6461404485980796, 'eval_auprc': 0.1969315246263278, 'eval_mcc': 0.1684635663583926, 'eval_precision': 0.22800645682001613, 'eval_recall': 0.2791501976284585, 'eval_f1': 0.25099955575299865, 'eval_runtime': 20.0421, 'eval_samples_per_second': 1107.217, 'eval_steps_per_second': 17.314, 'epoch': 0.64}
{'loss': 0.6048, 'learning_rate': 1.5744680851063832e-05, 'epoch': 0.65}
{'loss': 0.5903, 'learning_rate': 1.5721741125193554e-05, 'epoch': 0.65}
{'loss': 0.6409, 'learning_rate': 1.569880139932328e-05, 'epoch': 0.65}
{'loss': 0.6183, 'learning_rate': 1.5675861673453003e-05, 'epoch': 0.66}
{'loss': 0.6086, 'learning_rate': 1.565292194758273e-05, 'epoch': 0.66}
{'loss': 0.6046, 'learning_rate': 1.562998222171245e-05, 'epoch': 0.66}
{'loss': 0.6352, 'learning_rate': 1.5607042495842174e-05, 'epoch': 0.67}
{'loss': 0.6119, 'learning_rate': 1.55841027699719e-05, 'epoch': 0.67}
{'loss': 0.6217, 'learning_rate': 1.5561163044101622e-05, 'epoch': 0.67}
{'loss': 0.6204, 'learning_rate': 1.5538223318231348e-05, 'epoch': 0.68}
{'loss': 0.6075, 'learning_rate': 1.551528359236107e-05, 'epoch': 0.68}
{'loss': 0.6138, 'learning_rate': 1.5492343866490797e-05, 'epoch': 0.68}
{'loss': 0.6182, 'learning_rate': 1.546940414062052e-05, 'epoch': 0.69}
{'eval_loss': 0.70940101146698, 'eval_bce': 0.7088259958684215, 'eval_n_pos': 2024.0, 'eval_pos_rate': 0.09120814744716327, 'eval_auroc': 0.655285395112863, 'eval_auprc': 0.1845545779348899, 'eval_mcc': 0.1633792308556941, 'eval_precision': 0.18979343863912515, 'eval_recall': 0.3858695652173913, 'eval_f1': 0.25443883368626813, 'eval_runtime': 20.0447, 'eval_samples_per_second': 1107.076, 'eval_steps_per_second': 17.311, 'epoch': 0.69}
{'loss': 0.5992, 'learning_rate': 1.5446464414750245e-05, 'epoch': 0.69}
{'loss': 0.6097, 'learning_rate': 1.542352468887997e-05, 'epoch': 0.69}
{'loss': 0.5998, 'learning_rate': 1.5400584963009694e-05, 'epoch': 0.7}
{'loss': 0.5869, 'learning_rate': 1.537764523713942e-05, 'epoch': 0.7}
{'loss': 0.6191, 'learning_rate': 1.5354705511269142e-05, 'epoch': 0.7}
{'loss': 0.6383, 'learning_rate': 1.5331765785398868e-05, 'epoch': 0.71}
{'loss': 0.6048, 'learning_rate': 1.530882605952859e-05, 'epoch': 0.71}
{'loss': 0.6048, 'learning_rate': 1.5285886333658313e-05, 'epoch': 0.71}
{'loss': 0.648, 'learning_rate': 1.526294660778804e-05, 'epoch': 0.72}
{'loss': 0.6305, 'learning_rate': 1.5240006881917762e-05, 'epoch': 0.72}
{'loss': 0.6084, 'learning_rate': 1.5217067156047487e-05, 'epoch': 0.72}
{'loss': 0.6031, 'learning_rate': 1.519412743017721e-05, 'epoch': 0.73}
{'eval_loss': 0.7143071293830872, 'eval_bce': 0.7137670706301543, 'eval_n_pos': 2024.0, 'eval_pos_rate': 0.09120814744716327, 'eval_auroc': 0.6490918910104578, 'eval_auprc': 0.17253179252609302, 'eval_mcc': 0.14010635464827992, 'eval_precision': 0.1749640976543801, 'eval_recall': 0.36116600790513836, 'eval_f1': 0.23573040954530797, 'eval_runtime': 20.0486, 'eval_samples_per_second': 1106.861, 'eval_steps_per_second': 17.308, 'epoch': 0.73}
{'loss': 0.6396, 'learning_rate': 1.5171187704306936e-05, 'epoch': 0.73}
{'loss': 0.6055, 'learning_rate': 1.5148247978436658e-05, 'epoch': 0.73}
{'loss': 0.6052, 'learning_rate': 1.5125308252566384e-05, 'epoch': 0.74}
{'loss': 0.5904, 'learning_rate': 1.5102368526696107e-05, 'epoch': 0.74}
{'loss': 0.6339, 'learning_rate': 1.5079428800825831e-05, 'epoch': 0.74}
{'loss': 0.6244, 'learning_rate': 1.5056489074955555e-05, 'epoch': 0.75}
{'loss': 0.5714, 'learning_rate': 1.503354934908528e-05, 'epoch': 0.75}
{'loss': 0.6051, 'learning_rate': 1.5010609623215004e-05, 'epoch': 0.75}
{'loss': 0.6132, 'learning_rate': 1.4987669897344728e-05, 'epoch': 0.76}
{'loss': 0.6109, 'learning_rate': 1.4964730171474452e-05, 'epoch': 0.76}
{'loss': 0.5928, 'learning_rate': 1.4941790445604177e-05, 'epoch': 0.77}
{'loss': 0.5885, 'learning_rate': 1.4918850719733899e-05, 'epoch': 0.77}
{'loss': 0.6231, 'learning_rate': 1.4895910993863625e-05, 'epoch': 0.77}
{'eval_loss': 0.7010300755500793, 'eval_bce': 0.7005288116696079, 'eval_n_pos': 2024.0, 'eval_pos_rate': 0.09120814744716327, 'eval_auroc': 0.6394164923481813, 'eval_auprc': 0.18959280933188496, 'eval_mcc': 0.16298043274418114, 'eval_precision': 0.21667278736687476, 'eval_recall': 0.29150197628458496, 'eval_f1': 0.2485780492942911, 'eval_runtime': 20.0652, 'eval_samples_per_second': 1105.946, 'eval_steps_per_second': 17.294, 'epoch': 0.77}
{'loss': 0.6157, 'learning_rate': 1.4872971267993348e-05, 'epoch': 0.78}
{'loss': 0.5979, 'learning_rate': 1.4850031542123073e-05, 'epoch': 0.78}
{'loss': 0.6227, 'learning_rate': 1.4827091816252796e-05, 'epoch': 0.78}
{'loss': 0.563, 'learning_rate': 1.4804152090382522e-05, 'epoch': 0.79}
{'loss': 0.6162, 'learning_rate': 1.4781212364512244e-05, 'epoch': 0.79}
{'loss': 0.6088, 'learning_rate': 1.4758272638641969e-05, 'epoch': 0.79}
{'loss': 0.6213, 'learning_rate': 1.4735332912771695e-05, 'epoch': 0.8}
{'loss': 0.6099, 'learning_rate': 1.4712393186901417e-05, 'epoch': 0.8}
{'loss': 0.5844, 'learning_rate': 1.4689453461031143e-05, 'epoch': 0.8}
{'loss': 0.6373, 'learning_rate': 1.4666513735160866e-05, 'epoch': 0.81}
{'loss': 0.5956, 'learning_rate': 1.4643574009290592e-05, 'epoch': 0.81}
{'loss': 0.594, 'learning_rate': 1.4620634283420314e-05, 'epoch': 0.81}
{'eval_loss': 0.7110216617584229, 'eval_bce': 0.7102226404225204, 'eval_n_pos': 2024.0, 'eval_pos_rate': 0.09120814744716327, 'eval_auroc': 0.6491864081167312, 'eval_auprc': 0.18314954996491647, 'eval_mcc': 0.1516433067158141, 'eval_precision': 0.1970260223048327, 'eval_recall': 0.3142292490118577, 'eval_f1': 0.24219345011424218, 'eval_runtime': 20.0685, 'eval_samples_per_second': 1105.764, 'eval_steps_per_second': 17.291, 'epoch': 0.81}
{'loss': 0.6093, 'learning_rate': 1.459769455755004e-05, 'epoch': 0.82}
{'loss': 0.6005, 'learning_rate': 1.4574754831679763e-05, 'epoch': 0.82}
{'loss': 0.6086, 'learning_rate': 1.4551815105809485e-05, 'epoch': 0.82}
{'loss': 0.5956, 'learning_rate': 1.4528875379939211e-05, 'epoch': 0.83}
{'loss': 0.6063, 'learning_rate': 1.4505935654068935e-05, 'epoch': 0.83}
{'loss': 0.5965, 'learning_rate': 1.448299592819866e-05, 'epoch': 0.83}
{'loss': 0.5882, 'learning_rate': 1.4460056202328384e-05, 'epoch': 0.84}
{'loss': 0.5749, 'learning_rate': 1.4437116476458108e-05, 'epoch': 0.84}
{'loss': 0.576, 'learning_rate': 1.4414176750587832e-05, 'epoch': 0.84}
{'loss': 0.6219, 'learning_rate': 1.4391237024717555e-05, 'epoch': 0.85}
{'loss': 0.6113, 'learning_rate': 1.436829729884728e-05, 'epoch': 0.85}
{'loss': 0.6005, 'learning_rate': 1.4345357572977003e-05, 'epoch': 0.85}
{'loss': 0.6036, 'learning_rate': 1.4322417847106729e-05, 'epoch': 0.86}
{'eval_loss': 0.7068632245063782, 'eval_bce': 0.7061626391916639, 'eval_n_pos': 2024.0, 'eval_pos_rate': 0.09120814744716327, 'eval_auroc': 0.656389907611366, 'eval_auprc': 0.19086166731719617, 'eval_mcc': 0.16651471905061838, 'eval_precision': 0.19317898929549415, 'eval_recall': 0.383399209486166, 'eval_f1': 0.2569111074325443, 'eval_runtime': 20.0657, 'eval_samples_per_second': 1105.916, 'eval_steps_per_second': 17.293, 'epoch': 0.86}
{'loss': 0.61, 'learning_rate': 1.4299478121236452e-05, 'epoch': 0.86}
{'loss': 0.6032, 'learning_rate': 1.4276538395366177e-05, 'epoch': 0.86}
{'loss': 0.6182, 'learning_rate': 1.42535986694959e-05, 'epoch': 0.87}
{'loss': 0.5957, 'learning_rate': 1.4230658943625626e-05, 'epoch': 0.87}
{'loss': 0.6027, 'learning_rate': 1.4207719217755348e-05, 'epoch': 0.87}
{'loss': 0.6273, 'learning_rate': 1.4184779491885073e-05, 'epoch': 0.88}
{'loss': 0.6026, 'learning_rate': 1.4161839766014797e-05, 'epoch': 0.88}
{'loss': 0.5647, 'learning_rate': 1.4138900040144521e-05, 'epoch': 0.89}
{'loss': 0.6245, 'learning_rate': 1.4115960314274247e-05, 'epoch': 0.89}
{'loss': 0.6176, 'learning_rate': 1.409302058840397e-05, 'epoch': 0.89}
{'loss': 0.6229, 'learning_rate': 1.4070080862533696e-05, 'epoch': 0.9}
{'loss': 0.62, 'learning_rate': 1.4047141136663418e-05, 'epoch': 0.9}
{'eval_loss': 0.7156461477279663, 'eval_bce': 0.7145735266553255, 'eval_n_pos': 2024.0, 'eval_pos_rate': 0.09120814744716327, 'eval_auroc': 0.6520331295931932, 'eval_auprc': 0.16866037013386545, 'eval_mcc': 0.14089014705149575, 'eval_precision': 0.17583212735166426, 'eval_recall': 0.3601778656126482, 'eval_f1': 0.2363047001620745, 'eval_runtime': 20.0634, 'eval_samples_per_second': 1106.043, 'eval_steps_per_second': 17.295, 'epoch': 0.9}
{'loss': 0.6225, 'learning_rate': 1.402420141079314e-05, 'epoch': 0.9}
{'loss': 0.5879, 'learning_rate': 1.4001261684922867e-05, 'epoch': 0.91}
{'loss': 0.6261, 'learning_rate': 1.3978321959052589e-05, 'epoch': 0.91}
{'loss': 0.588, 'learning_rate': 1.3955382233182315e-05, 'epoch': 0.91}
{'loss': 0.6028, 'learning_rate': 1.3932442507312038e-05, 'epoch': 0.92}
{'loss': 0.6055, 'learning_rate': 1.3909502781441763e-05, 'epoch': 0.92}
{'loss': 0.5815, 'learning_rate': 1.3886563055571488e-05, 'epoch': 0.92}
{'loss': 0.5847, 'learning_rate': 1.386362332970121e-05, 'epoch': 0.93}
{'loss': 0.6059, 'learning_rate': 1.3840683603830936e-05, 'epoch': 0.93}
{'loss': 0.637, 'learning_rate': 1.3817743877960659e-05, 'epoch': 0.93}
{'loss': 0.599, 'learning_rate': 1.3794804152090385e-05, 'epoch': 0.94}
{'loss': 0.6067, 'learning_rate': 1.3771864426220107e-05, 'epoch': 0.94}
{'loss': 0.6115, 'learning_rate': 1.3748924700349833e-05, 'epoch': 0.94}
{'eval_loss': 0.6934676766395569, 'eval_bce': 0.6928659504914536, 'eval_n_pos': 2024.0, 'eval_pos_rate': 0.09120814744716327, 'eval_auroc': 0.6436019856725982, 'eval_auprc': 0.19531343535899706, 'eval_mcc': 0.17067418268691523, 'eval_precision': 0.2392192464820699, 'eval_recall': 0.26037549407114624, 'eval_f1': 0.2493494203927135, 'eval_runtime': 20.0481, 'eval_samples_per_second': 1106.885, 'eval_steps_per_second': 17.308, 'epoch': 0.94}
{'loss': 0.5754, 'learning_rate': 1.3725984974479556e-05, 'epoch': 0.95}
{'loss': 0.6135, 'learning_rate': 1.3703045248609282e-05, 'epoch': 0.95}
{'loss': 0.6393, 'learning_rate': 1.3680105522739004e-05, 'epoch': 0.95}
{'loss': 0.6148, 'learning_rate': 1.3657165796868728e-05, 'epoch': 0.96}
{'loss': 0.6011, 'learning_rate': 1.3634226070998453e-05, 'epoch': 0.96}
{'loss': 0.6092, 'learning_rate': 1.3611286345128177e-05, 'epoch': 0.96}
{'loss': 0.6164, 'learning_rate': 1.3588346619257901e-05, 'epoch': 0.97}
{'loss': 0.5891, 'learning_rate': 1.3565406893387625e-05, 'epoch': 0.97}
{'loss': 0.5927, 'learning_rate': 1.354246716751735e-05, 'epoch': 0.97}
{'loss': 0.5714, 'learning_rate': 1.3519527441647074e-05, 'epoch': 0.98}
{'loss': 0.624, 'learning_rate': 1.3496587715776796e-05, 'epoch': 0.98}
{'loss': 0.6208, 'learning_rate': 1.3473647989906522e-05, 'epoch': 0.98}
{'eval_loss': 0.7044278979301453, 'eval_bce': 0.7039099729116823, 'eval_n_pos': 2024.0, 'eval_pos_rate': 0.09120814744716327, 'eval_auroc': 0.6566105945199482, 'eval_auprc': 0.18695175047487173, 'eval_mcc': 0.15082876067424678, 'eval_precision': 0.19318849089841456, 'eval_recall': 0.325098814229249, 'eval_f1': 0.2423572744014733, 'eval_runtime': 20.067, 'eval_samples_per_second': 1105.844, 'eval_steps_per_second': 17.292, 'epoch': 0.99}
{'loss': 0.5975, 'learning_rate': 1.3450708264036245e-05, 'epoch': 0.99}
{'loss': 0.6342, 'learning_rate': 1.342776853816597e-05, 'epoch': 0.99}
{'loss': 0.6093, 'learning_rate': 1.3404828812295693e-05, 'epoch': 1.0}
{'loss': 0.6237, 'learning_rate': 1.3381889086425419e-05, 'epoch': 1.0}
{'loss': 0.588, 'learning_rate': 1.3358949360555142e-05, 'epoch': 1.0}
{'loss': 0.6028, 'learning_rate': 1.3336009634684866e-05, 'epoch': 1.01}
{'loss': 0.6382, 'learning_rate': 1.3313069908814592e-05, 'epoch': 1.01}
{'loss': 0.6024, 'learning_rate': 1.3290130182944314e-05, 'epoch': 1.01}
{'loss': 0.6247, 'learning_rate': 1.326719045707404e-05, 'epoch': 1.02}
{'loss': 0.5847, 'learning_rate': 1.3244250731203763e-05, 'epoch': 1.02}
{'loss': 0.6118, 'learning_rate': 1.3221311005333489e-05, 'epoch': 1.02}
{'loss': 0.5967, 'learning_rate': 1.3198371279463211e-05, 'epoch': 1.03}
{'loss': 0.6183, 'learning_rate': 1.3175431553592937e-05, 'epoch': 1.03}
{'eval_loss': 0.7131031155586243, 'eval_bce': 0.7119746085865221, 'eval_n_pos': 2024.0, 'eval_pos_rate': 0.09120814744716327, 'eval_auroc': 0.6506463764718747, 'eval_auprc': 0.17275166055850844, 'eval_mcc': 0.13670839205465155, 'eval_precision': 0.17775440441756507, 'eval_recall': 0.3339920948616601, 'eval_f1': 0.23202333962587957, 'eval_runtime': 20.0598, 'eval_samples_per_second': 1106.24, 'eval_steps_per_second': 17.298, 'epoch': 1.03}
{'loss': 0.5798, 'learning_rate': 1.315249182772266e-05, 'epoch': 1.03}
{'loss': 0.5997, 'learning_rate': 1.3129552101852382e-05, 'epoch': 1.04}
{'loss': 0.6056, 'learning_rate': 1.3106612375982108e-05, 'epoch': 1.04}
{'loss': 0.6127, 'learning_rate': 1.3083672650111832e-05, 'epoch': 1.04}
{'loss': 0.6109, 'learning_rate': 1.3060732924241557e-05, 'epoch': 1.05}
{'loss': 0.6049, 'learning_rate': 1.303779319837128e-05, 'epoch': 1.05}
{'loss': 0.5669, 'learning_rate': 1.3014853472501005e-05, 'epoch': 1.05}
{'loss': 0.594, 'learning_rate': 1.299191374663073e-05, 'epoch': 1.06}
{'loss': 0.5874, 'learning_rate': 1.2968974020760452e-05, 'epoch': 1.06}
{'loss': 0.5998, 'learning_rate': 1.2946034294890178e-05, 'epoch': 1.06}
{'loss': 0.6173, 'learning_rate': 1.29230945690199e-05, 'epoch': 1.07}
{'loss': 0.5568, 'learning_rate': 1.2900154843149626e-05, 'epoch': 1.07}
{'eval_loss': 0.6988232731819153, 'eval_bce': 0.6983164594373318, 'eval_n_pos': 2024.0, 'eval_pos_rate': 0.09120814744716327, 'eval_auroc': 0.647691075468455, 'eval_auprc': 0.18202625792957922, 'eval_mcc': 0.1454291790716792, 'eval_precision': 0.19883441892355158, 'eval_recall': 0.2865612648221344, 'eval_f1': 0.23477028941509814, 'eval_runtime': 20.0731, 'eval_samples_per_second': 1105.511, 'eval_steps_per_second': 17.287, 'epoch': 1.07}
{'loss': 0.6179, 'learning_rate': 1.2877215117279349e-05, 'epoch': 1.07}
{'loss': 0.5749, 'learning_rate': 1.2854275391409075e-05, 'epoch': 1.08}
{'loss': 0.6317, 'learning_rate': 1.2831335665538797e-05, 'epoch': 1.08}
{'loss': 0.5966, 'learning_rate': 1.2808395939668521e-05, 'epoch': 1.08}
{'loss': 0.6134, 'learning_rate': 1.2785456213798246e-05, 'epoch': 1.09}
{'loss': 0.6161, 'learning_rate': 1.276251648792797e-05, 'epoch': 1.09}
{'loss': 0.6061, 'learning_rate': 1.2739576762057694e-05, 'epoch': 1.09}
{'loss': 0.5583, 'learning_rate': 1.2716637036187418e-05, 'epoch': 1.1}
{'loss': 0.6005, 'learning_rate': 1.2693697310317144e-05, 'epoch': 1.1}
{'loss': 0.6037, 'learning_rate': 1.2670757584446867e-05, 'epoch': 1.1}
{'loss': 0.6044, 'learning_rate': 1.2647817858576593e-05, 'epoch': 1.11}
{'loss': 0.5951, 'learning_rate': 1.2624878132706315e-05, 'epoch': 1.11}
{'loss': 0.6183, 'learning_rate': 1.2601938406836038e-05, 'epoch': 1.12}
{'eval_loss': 0.6947099566459656, 'eval_bce': 0.6942602937198309, 'eval_n_pos': 2024.0, 'eval_pos_rate': 0.09120814744716327, 'eval_auroc': 0.6519330267170311, 'eval_auprc': 0.18482829135543322, 'eval_mcc': 0.15351321238885324, 'eval_precision': 0.20906432748538012, 'eval_recall': 0.2826086956521739, 'eval_f1': 0.24033613445378152, 'eval_runtime': 20.0573, 'eval_samples_per_second': 1106.378, 'eval_steps_per_second': 17.3, 'epoch': 1.12}
{'loss': 0.605, 'learning_rate': 1.2578998680965764e-05, 'epoch': 1.12}
{'loss': 0.5903, 'learning_rate': 1.2556058955095486e-05, 'epoch': 1.12}
{'loss': 0.5764, 'learning_rate': 1.2533119229225212e-05, 'epoch': 1.13}
{'loss': 0.5845, 'learning_rate': 1.2510179503354936e-05, 'epoch': 1.13}
{'loss': 0.5953, 'learning_rate': 1.248723977748466e-05, 'epoch': 1.13}
{'loss': 0.5728, 'learning_rate': 1.2464300051614385e-05, 'epoch': 1.14}
{'loss': 0.5712, 'learning_rate': 1.2441360325744107e-05, 'epoch': 1.14}
{'loss': 0.5794, 'learning_rate': 1.2418420599873833e-05, 'epoch': 1.14}
{'loss': 0.5798, 'learning_rate': 1.2395480874003556e-05, 'epoch': 1.15}
{'loss': 0.5719, 'learning_rate': 1.2372541148133282e-05, 'epoch': 1.15}
{'loss': 0.6226, 'learning_rate': 1.2349601422263004e-05, 'epoch': 1.15}
{'loss': 0.6054, 'learning_rate': 1.232666169639273e-05, 'epoch': 1.16}
{'eval_loss': 0.6990984082221985, 'eval_bce': 0.6980679758184547, 'eval_n_pos': 2024.0, 'eval_pos_rate': 0.09120814744716327, 'eval_auroc': 0.6552769674600486, 'eval_auprc': 0.18148332325919142, 'eval_mcc': 0.15673237603286322, 'eval_precision': 0.20942593905031892, 'eval_recall': 0.29199604743083, 'eval_f1': 0.24391250515889396, 'eval_runtime': 20.095, 'eval_samples_per_second': 1104.304, 'eval_steps_per_second': 17.268, 'epoch': 1.16}
{'loss': 0.6424, 'learning_rate': 1.2303721970522453e-05, 'epoch': 1.16}
{'loss': 0.5974, 'learning_rate': 1.2280782244652179e-05, 'epoch': 1.16}
{'loss': 0.5781, 'learning_rate': 1.2257842518781901e-05, 'epoch': 1.17}
{'loss': 0.6099, 'learning_rate': 1.2234902792911625e-05, 'epoch': 1.17}
{'loss': 0.5784, 'learning_rate': 1.221196306704135e-05, 'epoch': 1.17}
{'loss': 0.5739, 'learning_rate': 1.2189023341171074e-05, 'epoch': 1.18}
{'loss': 0.6141, 'learning_rate': 1.2166083615300798e-05, 'epoch': 1.18}
{'loss': 0.5836, 'learning_rate': 1.2143143889430522e-05, 'epoch': 1.18}
{'loss': 0.5813, 'learning_rate': 1.2120204163560247e-05, 'epoch': 1.19}
{'loss': 0.5778, 'learning_rate': 1.2097264437689971e-05, 'epoch': 1.19}
{'loss': 0.6056, 'learning_rate': 1.2074324711819693e-05, 'epoch': 1.19}
{'loss': 0.5773, 'learning_rate': 1.205138498594942e-05, 'epoch': 1.2}
{'loss': 0.5957, 'learning_rate': 1.2028445260079142e-05, 'epoch': 1.2}
{'eval_loss': 0.6978196501731873, 'eval_bce': 0.6971085782379076, 'eval_n_pos': 2024.0, 'eval_pos_rate': 0.09120814744716327, 'eval_auroc': 0.6543087673460204, 'eval_auprc': 0.18354214973358413, 'eval_mcc': 0.14435951740509595, 'eval_precision': 0.2035166479610924, 'eval_recall': 0.26877470355731226, 'eval_f1': 0.23163721524377262, 'eval_runtime': 20.0735, 'eval_samples_per_second': 1105.485, 'eval_steps_per_second': 17.286, 'epoch': 1.2}
{'loss': 0.5734, 'learning_rate': 1.2005505534208868e-05, 'epoch': 1.2}
{'loss': 0.603, 'learning_rate': 1.198256580833859e-05, 'epoch': 1.21}
{'loss': 0.5988, 'learning_rate': 1.1959626082468316e-05, 'epoch': 1.21}
{'loss': 0.57, 'learning_rate': 1.1936686356598039e-05, 'epoch': 1.21}
{'loss': 0.58, 'learning_rate': 1.1913746630727763e-05, 'epoch': 1.22}
{'loss': 0.5776, 'learning_rate': 1.1890806904857489e-05, 'epoch': 1.22}
{'loss': 0.6173, 'learning_rate': 1.1867867178987211e-05, 'epoch': 1.22}
{'loss': 0.5791, 'learning_rate': 1.1844927453116937e-05, 'epoch': 1.23}
{'loss': 0.5714, 'learning_rate': 1.182198772724666e-05, 'epoch': 1.23}
{'loss': 0.6005, 'learning_rate': 1.1799048001376386e-05, 'epoch': 1.24}
{'loss': 0.5922, 'learning_rate': 1.1776108275506108e-05, 'epoch': 1.24}
{'loss': 0.5667, 'learning_rate': 1.1753168549635834e-05, 'epoch': 1.24}
{'eval_loss': 0.7031100392341614, 'eval_bce': 0.702593450006046, 'eval_n_pos': 2024.0, 'eval_pos_rate': 0.09120814744716327, 'eval_auroc': 0.6582045233564556, 'eval_auprc': 0.18474906149209563, 'eval_mcc': 0.1449093149741831, 'eval_precision': 0.20129171151776104, 'eval_recall': 0.27717391304347827, 'eval_f1': 0.23321554770318023, 'eval_runtime': 20.075, 'eval_samples_per_second': 1105.405, 'eval_steps_per_second': 17.285, 'epoch': 1.24}
{'loss': 0.5694, 'learning_rate': 1.1730228823765557e-05, 'epoch': 1.25}
{'loss': 0.5925, 'learning_rate': 1.1707289097895281e-05, 'epoch': 1.25}
{'loss': 0.5702, 'learning_rate': 1.1684349372025005e-05, 'epoch': 1.25}
{'loss': 0.6022, 'learning_rate': 1.166140964615473e-05, 'epoch': 1.26}
{'loss': 0.5773, 'learning_rate': 1.1638469920284454e-05, 'epoch': 1.26}
{'loss': 0.6308, 'learning_rate': 1.1615530194414178e-05, 'epoch': 1.26}
{'loss': 0.5925, 'learning_rate': 1.1592590468543902e-05, 'epoch': 1.27}
{'loss': 0.6097, 'learning_rate': 1.1569650742673626e-05, 'epoch': 1.27}
{'loss': 0.5627, 'learning_rate': 1.1546711016803349e-05, 'epoch': 1.27}
{'loss': 0.5918, 'learning_rate': 1.1523771290933075e-05, 'epoch': 1.28}
{'loss': 0.5764, 'learning_rate': 1.1500831565062797e-05, 'epoch': 1.28}
{'loss': 0.6004, 'learning_rate': 1.1477891839192523e-05, 'epoch': 1.28}
{'loss': 0.5633, 'learning_rate': 1.1454952113322246e-05, 'epoch': 1.29}
{'eval_loss': 0.6996701955795288, 'eval_bce': 0.6989020792427915, 'eval_n_pos': 2024.0, 'eval_pos_rate': 0.09120814744716327, 'eval_auroc': 0.6428259311429405, 'eval_auprc': 0.18011782659662784, 'eval_mcc': 0.14239436200269237, 'eval_precision': 0.19696447050707142, 'eval_recall': 0.28211462450592883, 'eval_f1': 0.23197237456835262, 'eval_runtime': 20.089, 'eval_samples_per_second': 1104.633, 'eval_steps_per_second': 17.273, 'epoch': 1.29}
{'loss': 0.6058, 'learning_rate': 1.1432012387451972e-05, 'epoch': 1.29}
{'loss': 0.5561, 'learning_rate': 1.1409072661581694e-05, 'epoch': 1.29}
{'loss': 0.5856, 'learning_rate': 1.1386132935711419e-05, 'epoch': 1.3}
{'loss': 0.5861, 'learning_rate': 1.1363193209841143e-05, 'epoch': 1.3}
{'loss': 0.5867, 'learning_rate': 1.1340253483970867e-05, 'epoch': 1.3}
{'loss': 0.5838, 'learning_rate': 1.1317313758100591e-05, 'epoch': 1.31}
{'loss': 0.549, 'learning_rate': 1.1294374032230316e-05, 'epoch': 1.31}
{'loss': 0.5988, 'learning_rate': 1.1271434306360041e-05, 'epoch': 1.31}
{'loss': 0.5644, 'learning_rate': 1.1248494580489764e-05, 'epoch': 1.32}
{'loss': 0.5786, 'learning_rate': 1.122555485461949e-05, 'epoch': 1.32}
{'loss': 0.5782, 'learning_rate': 1.1202615128749212e-05, 'epoch': 1.32}
{'loss': 0.6197, 'learning_rate': 1.1179675402878935e-05, 'epoch': 1.33}
{'eval_loss': 0.7041363716125488, 'eval_bce': 0.702864966278466, 'eval_n_pos': 2024.0, 'eval_pos_rate': 0.09120814744716327, 'eval_auroc': 0.6608790169280186, 'eval_auprc': 0.1835292692266268, 'eval_mcc': 0.1577747945078834, 'eval_precision': 0.20098643649815043, 'eval_recall': 0.3221343873517787, 'eval_f1': 0.24753227031131358, 'eval_runtime': 20.0741, 'eval_samples_per_second': 1105.456, 'eval_steps_per_second': 17.286, 'epoch': 1.33}
{'loss': 0.5518, 'learning_rate': 1.1156735677008661e-05, 'epoch': 1.33}
{'loss': 0.5668, 'learning_rate': 1.1133795951138383e-05, 'epoch': 1.33}
{'loss': 0.5643, 'learning_rate': 1.111085622526811e-05, 'epoch': 1.34}
{'loss': 0.5879, 'learning_rate': 1.1087916499397834e-05, 'epoch': 1.34}
{'loss': 0.5982, 'learning_rate': 1.1064976773527558e-05, 'epoch': 1.34}
{'loss': 0.5594, 'learning_rate': 1.1042037047657282e-05, 'epoch': 1.35}
{'loss': 0.5612, 'learning_rate': 1.1019097321787005e-05, 'epoch': 1.35}
{'loss': 0.5917, 'learning_rate': 1.099615759591673e-05, 'epoch': 1.36}
{'loss': 0.5976, 'learning_rate': 1.0973217870046453e-05, 'epoch': 1.36}
{'loss': 0.5757, 'learning_rate': 1.0950278144176179e-05, 'epoch': 1.36}
{'loss': 0.5836, 'learning_rate': 1.0927338418305901e-05, 'epoch': 1.37}
{'loss': 0.5726, 'learning_rate': 1.0904398692435627e-05, 'epoch': 1.37}
{'loss': 0.5639, 'learning_rate': 1.088145896656535e-05, 'epoch': 1.37}
{'eval_loss': 0.7074319124221802, 'eval_bce': 0.7059309944549758, 'eval_n_pos': 2024.0, 'eval_pos_rate': 0.09120814744716327, 'eval_auroc': 0.6615193960469603, 'eval_auprc': 0.18127254695645367, 'eval_mcc': 0.143542574218002, 'eval_precision': 0.18985813462118925, 'eval_recall': 0.3107707509881423, 'eval_f1': 0.2357129473486978, 'eval_runtime': 20.0934, 'eval_samples_per_second': 1104.393, 'eval_steps_per_second': 17.269, 'epoch': 1.37}
{'loss': 0.5916, 'learning_rate': 1.0858519240695076e-05, 'epoch': 1.38}
{'loss': 0.6056, 'learning_rate': 1.0835579514824798e-05, 'epoch': 1.38}
{'loss': 0.5599, 'learning_rate': 1.0812639788954523e-05, 'epoch': 1.38}
{'loss': 0.5926, 'learning_rate': 1.0789700063084247e-05, 'epoch': 1.39}
{'loss': 0.5755, 'learning_rate': 1.0766760337213971e-05, 'epoch': 1.39}
{'loss': 0.5751, 'learning_rate': 1.0743820611343695e-05, 'epoch': 1.39}
{'loss': 0.5851, 'learning_rate': 1.072088088547342e-05, 'epoch': 1.4}
{'loss': 0.5759, 'learning_rate': 1.0697941159603144e-05, 'epoch': 1.4}
{'loss': 0.5753, 'learning_rate': 1.0675001433732868e-05, 'epoch': 1.4}
{'loss': 0.6058, 'learning_rate': 1.065206170786259e-05, 'epoch': 1.41}
{'loss': 0.5982, 'learning_rate': 1.0629121981992316e-05, 'epoch': 1.41}
{'loss': 0.5829, 'learning_rate': 1.0606182256122039e-05, 'epoch': 1.41}
{'eval_loss': 0.6927106976509094, 'eval_bce': 0.69202171414603, 'eval_n_pos': 2024.0, 'eval_pos_rate': 0.09120814744716327, 'eval_auroc': 0.643403752089029, 'eval_auprc': 0.1838013705796385, 'eval_mcc': 0.14509503985769584, 'eval_precision': 0.2033271719038817, 'eval_recall': 0.2717391304347826, 'eval_f1': 0.23260731655741168, 'eval_runtime': 20.0765, 'eval_samples_per_second': 1105.324, 'eval_steps_per_second': 17.284, 'epoch': 1.42}
{'loss': 0.563, 'learning_rate': 1.0583242530251765e-05, 'epoch': 1.42}
{'loss': 0.5588, 'learning_rate': 1.0560302804381487e-05, 'epoch': 1.42}
{'loss': 0.6036, 'learning_rate': 1.0537363078511213e-05, 'epoch': 1.42}
{'loss': 0.5648, 'learning_rate': 1.0514423352640936e-05, 'epoch': 1.43}
{'loss': 0.5405, 'learning_rate': 1.049148362677066e-05, 'epoch': 1.43}
{'loss': 0.5805, 'learning_rate': 1.0468543900900386e-05, 'epoch': 1.43}
{'loss': 0.5586, 'learning_rate': 1.0445604175030109e-05, 'epoch': 1.44}
{'loss': 0.5746, 'learning_rate': 1.0422664449159835e-05, 'epoch': 1.44}
{'loss': 0.5931, 'learning_rate': 1.0399724723289557e-05, 'epoch': 1.44}
{'loss': 0.5436, 'learning_rate': 1.0376784997419283e-05, 'epoch': 1.45}
{'loss': 0.5791, 'learning_rate': 1.0353845271549006e-05, 'epoch': 1.45}
{'loss': 0.5728, 'learning_rate': 1.0330905545678731e-05, 'epoch': 1.45}
{'loss': 0.6103, 'learning_rate': 1.0307965819808454e-05, 'epoch': 1.46}
{'eval_loss': 0.7009130120277405, 'eval_bce': 0.6996963512155443, 'eval_n_pos': 2024.0, 'eval_pos_rate': 0.09120814744716327, 'eval_auroc': 0.6618236245139646, 'eval_auprc': 0.1898214726349254, 'eval_mcc': 0.16146029908682163, 'eval_precision': 0.20997286295793757, 'eval_recall': 0.3058300395256917, 'eval_f1': 0.248994368463395, 'eval_runtime': 20.0713, 'eval_samples_per_second': 1105.609, 'eval_steps_per_second': 17.288, 'epoch': 1.46}
{'loss': 0.6029, 'learning_rate': 1.0285026093938178e-05, 'epoch': 1.46}
{'loss': 0.6022, 'learning_rate': 1.0262086368067902e-05, 'epoch': 1.47}
{'loss': 0.5662, 'learning_rate': 1.0239146642197627e-05, 'epoch': 1.47}
{'loss': 0.5882, 'learning_rate': 1.0216206916327351e-05, 'epoch': 1.47}
{'loss': 0.5704, 'learning_rate': 1.0193267190457075e-05, 'epoch': 1.48}
{'loss': 0.5689, 'learning_rate': 1.01703274645868e-05, 'epoch': 1.48}
{'loss': 0.5804, 'learning_rate': 1.0147387738716524e-05, 'epoch': 1.48}
{'loss': 0.5849, 'learning_rate': 1.0124448012846246e-05, 'epoch': 1.49}
{'loss': 0.6053, 'learning_rate': 1.0101508286975972e-05, 'epoch': 1.49}
{'loss': 0.5558, 'learning_rate': 1.0078568561105695e-05, 'epoch': 1.49}
{'loss': 0.554, 'learning_rate': 1.005562883523542e-05, 'epoch': 1.5}
{'loss': 0.582, 'learning_rate': 1.0032689109365143e-05, 'epoch': 1.5}
{'eval_loss': 0.6979794502258301, 'eval_bce': 0.6969470540156105, 'eval_n_pos': 2024.0, 'eval_pos_rate': 0.09120814744716327, 'eval_auroc': 0.6513643316449935, 'eval_auprc': 0.18162382895567758, 'eval_mcc': 0.1522877491106853, 'eval_precision': 0.20517301642782243, 'eval_recall': 0.2900197628458498, 'eval_f1': 0.24032753326509723, 'eval_runtime': 20.0866, 'eval_samples_per_second': 1104.767, 'eval_steps_per_second': 17.275, 'epoch': 1.5}
{'loss': 0.5737, 'learning_rate': 1.0009749383494869e-05, 'epoch': 1.5}
{'loss': 0.5667, 'learning_rate': 9.986809657624592e-06, 'epoch': 1.51}
{'loss': 0.5968, 'learning_rate': 9.963869931754316e-06, 'epoch': 1.51}
{'loss': 0.5578, 'learning_rate': 9.94093020588404e-06, 'epoch': 1.51}
{'loss': 0.5886, 'learning_rate': 9.917990480013764e-06, 'epoch': 1.52}
{'loss': 0.5747, 'learning_rate': 9.895050754143488e-06, 'epoch': 1.52}
{'loss': 0.5706, 'learning_rate': 9.872111028273213e-06, 'epoch': 1.52}
{'loss': 0.5588, 'learning_rate': 9.849171302402937e-06, 'epoch': 1.53}
{'loss': 0.5974, 'learning_rate': 9.826231576532661e-06, 'epoch': 1.53}
{'loss': 0.579, 'learning_rate': 9.803291850662385e-06, 'epoch': 1.53}
{'loss': 0.5848, 'learning_rate': 9.78035212479211e-06, 'epoch': 1.54}
{'loss': 0.5581, 'learning_rate': 9.757412398921834e-06, 'epoch': 1.54}
{'loss': 0.5504, 'learning_rate': 9.734472673051558e-06, 'epoch': 1.54}
{'eval_loss': 0.6919873952865601, 'eval_bce': 0.6912035613008444, 'eval_n_pos': 2024.0, 'eval_pos_rate': 0.09120814744716327, 'eval_auroc': 0.6501159610728675, 'eval_auprc': 0.18997922824713642, 'eval_mcc': 0.15506378718318542, 'eval_precision': 0.2161624203821656, 'eval_recall': 0.2682806324110672, 'eval_f1': 0.23941798941798942, 'eval_runtime': 20.0792, 'eval_samples_per_second': 1105.171, 'eval_steps_per_second': 17.282, 'epoch': 1.54}
{'loss': 0.5307, 'learning_rate': 9.711532947181282e-06, 'epoch': 1.55}
{'loss': 0.5982, 'learning_rate': 9.688593221311005e-06, 'epoch': 1.55}
{'loss': 0.6019, 'learning_rate': 9.66565349544073e-06, 'epoch': 1.55}
{'loss': 0.5833, 'learning_rate': 9.642713769570455e-06, 'epoch': 1.56}
{'loss': 0.5752, 'learning_rate': 9.61977404370018e-06, 'epoch': 1.56}
{'loss': 0.6221, 'learning_rate': 9.596834317829903e-06, 'epoch': 1.56}
{'loss': 0.5584, 'learning_rate': 9.573894591959628e-06, 'epoch': 1.57}
{'loss': 0.5561, 'learning_rate': 9.550954866089352e-06, 'epoch': 1.57}
{'loss': 0.5503, 'learning_rate': 9.528015140219076e-06, 'epoch': 1.57}
{'loss': 0.5908, 'learning_rate': 9.505075414348799e-06, 'epoch': 1.58}
{'loss': 0.5769, 'learning_rate': 9.482135688478523e-06, 'epoch': 1.58}
{'loss': 0.5345, 'learning_rate': 9.459195962608247e-06, 'epoch': 1.59}
{'eval_loss': 0.6929923295974731, 'eval_bce': 0.6922144501143171, 'eval_n_pos': 2024.0, 'eval_pos_rate': 0.09120814744716327, 'eval_auroc': 0.6544127288132238, 'eval_auprc': 0.18801781810700513, 'eval_mcc': 0.15358674883676138, 'eval_precision': 0.21290571870170016, 'eval_recall': 0.27223320158102765, 'eval_f1': 0.23894189071986124, 'eval_runtime': 20.0516, 'eval_samples_per_second': 1106.697, 'eval_steps_per_second': 17.305, 'epoch': 1.59}
{'loss': 0.5883, 'learning_rate': 9.436256236737971e-06, 'epoch': 1.59}
{'loss': 0.5776, 'learning_rate': 9.413316510867696e-06, 'epoch': 1.59}
{'loss': 0.5631, 'learning_rate': 9.39037678499742e-06, 'epoch': 1.6}
{'loss': 0.6009, 'learning_rate': 9.367437059127144e-06, 'epoch': 1.6}
{'loss': 0.5988, 'learning_rate': 9.344497333256868e-06, 'epoch': 1.6}
{'loss': 0.5903, 'learning_rate': 9.321557607386593e-06, 'epoch': 1.61}
{'loss': 0.5489, 'learning_rate': 9.298617881516317e-06, 'epoch': 1.61}
{'loss': 0.5703, 'learning_rate': 9.275678155646041e-06, 'epoch': 1.61}
{'loss': 0.5843, 'learning_rate': 9.252738429775765e-06, 'epoch': 1.62}
{'loss': 0.5347, 'learning_rate': 9.22979870390549e-06, 'epoch': 1.62}
{'loss': 0.5385, 'learning_rate': 9.206858978035214e-06, 'epoch': 1.62}
{'loss': 0.5628, 'learning_rate': 9.183919252164938e-06, 'epoch': 1.63}
{'loss': 0.5489, 'learning_rate': 9.16097952629466e-06, 'epoch': 1.63}
{'eval_loss': 0.6883838176727295, 'eval_bce': 0.6874953033207147, 'eval_n_pos': 2024.0, 'eval_pos_rate': 0.09120814744716327, 'eval_auroc': 0.6557246375178328, 'eval_auprc': 0.19109813410287105, 'eval_mcc': 0.16744265050156015, 'eval_precision': 0.23294219904389396, 'eval_recall': 0.2648221343873518, 'eval_f1': 0.2478612716763006, 'eval_runtime': 20.0786, 'eval_samples_per_second': 1105.208, 'eval_steps_per_second': 17.282, 'epoch': 1.63}
{'loss': 0.6111, 'learning_rate': 9.138039800424385e-06, 'epoch': 1.63}
{'loss': 0.5888, 'learning_rate': 9.115100074554109e-06, 'epoch': 1.64}
{'loss': 0.5694, 'learning_rate': 9.092160348683833e-06, 'epoch': 1.64}
{'loss': 0.5794, 'learning_rate': 9.069220622813559e-06, 'epoch': 1.64}
{'loss': 0.5619, 'learning_rate': 9.046280896943283e-06, 'epoch': 1.65}
{'loss': 0.5652, 'learning_rate': 9.023341171073007e-06, 'epoch': 1.65}
{'loss': 0.5848, 'learning_rate': 9.000401445202732e-06, 'epoch': 1.65}
{'loss': 0.5519, 'learning_rate': 8.977461719332454e-06, 'epoch': 1.66}
{'loss': 0.5814, 'learning_rate': 8.954521993462178e-06, 'epoch': 1.66}
{'loss': 0.5769, 'learning_rate': 8.931582267591903e-06, 'epoch': 1.66}
{'loss': 0.583, 'learning_rate': 8.908642541721627e-06, 'epoch': 1.67}
{'loss': 0.5739, 'learning_rate': 8.885702815851351e-06, 'epoch': 1.67}
{'eval_loss': 0.68427574634552, 'eval_bce': 0.6835507979200127, 'eval_n_pos': 2024.0, 'eval_pos_rate': 0.09120814744716327, 'eval_auroc': 0.6469990769760249, 'eval_auprc': 0.19347147542719545, 'eval_mcc': 0.17752335039546246, 'eval_precision': 0.24469525959367946, 'eval_recall': 0.26778656126482214, 'eval_f1': 0.25572068884170795, 'eval_runtime': 20.0799, 'eval_samples_per_second': 1105.133, 'eval_steps_per_second': 17.281, 'epoch': 1.67}
{'loss': 0.5779, 'learning_rate': 8.862763089981075e-06, 'epoch': 1.67}
{'loss': 0.5328, 'learning_rate': 8.8398233641108e-06, 'epoch': 1.68}
{'loss': 0.5563, 'learning_rate': 8.816883638240524e-06, 'epoch': 1.68}
{'loss': 0.5581, 'learning_rate': 8.793943912370248e-06, 'epoch': 1.68}
{'loss': 0.5984, 'learning_rate': 8.771004186499972e-06, 'epoch': 1.69}
{'loss': 0.5749, 'learning_rate': 8.748064460629697e-06, 'epoch': 1.69}
{'loss': 0.5711, 'learning_rate': 8.72512473475942e-06, 'epoch': 1.69}
{'loss': 0.5457, 'learning_rate': 8.702185008889145e-06, 'epoch': 1.7}
{'loss': 0.5694, 'learning_rate': 8.67924528301887e-06, 'epoch': 1.7}
{'loss': 0.5574, 'learning_rate': 8.656305557148593e-06, 'epoch': 1.71}
{'loss': 0.5646, 'learning_rate': 8.633365831278316e-06, 'epoch': 1.71}
{'loss': 0.5865, 'learning_rate': 8.61042610540804e-06, 'epoch': 1.71}
{'loss': 0.5818, 'learning_rate': 8.587486379537764e-06, 'epoch': 1.72}
{'eval_loss': 0.6856379508972168, 'eval_bce': 0.6848233529032618, 'eval_n_pos': 2024.0, 'eval_pos_rate': 0.09120814744716327, 'eval_auroc': 0.6451510446075663, 'eval_auprc': 0.18627351682471222, 'eval_mcc': 0.1547755007476678, 'eval_precision': 0.23095703125, 'eval_recall': 0.23369565217391305, 'eval_f1': 0.23231827111984282, 'eval_runtime': 20.0819, 'eval_samples_per_second': 1105.025, 'eval_steps_per_second': 17.279, 'epoch': 1.72}
{'loss': 0.5883, 'learning_rate': 8.564546653667489e-06, 'epoch': 1.72}
{'loss': 0.5656, 'learning_rate': 8.541606927797213e-06, 'epoch': 1.72}
{'loss': 0.6077, 'learning_rate': 8.518667201926937e-06, 'epoch': 1.73}
{'loss': 0.6037, 'learning_rate': 8.495727476056661e-06, 'epoch': 1.73}
{'loss': 0.5597, 'learning_rate': 8.472787750186386e-06, 'epoch': 1.73}
{'loss': 0.5523, 'learning_rate': 8.44984802431611e-06, 'epoch': 1.74}
{'loss': 0.5846, 'learning_rate': 8.426908298445834e-06, 'epoch': 1.74}
{'loss': 0.5523, 'learning_rate': 8.403968572575558e-06, 'epoch': 1.74}
{'loss': 0.5603, 'learning_rate': 8.381028846705283e-06, 'epoch': 1.75}
{'loss': 0.5832, 'learning_rate': 8.358089120835007e-06, 'epoch': 1.75}
{'loss': 0.5651, 'learning_rate': 8.335149394964731e-06, 'epoch': 1.75}
{'loss': 0.5971, 'learning_rate': 8.312209669094455e-06, 'epoch': 1.76}
{'eval_loss': 0.693318247795105, 'eval_bce': 0.6921394163939961, 'eval_n_pos': 2024.0, 'eval_pos_rate': 0.09120814744716327, 'eval_auroc': 0.6575247498604049, 'eval_auprc': 0.18455301231431412, 'eval_mcc': 0.1681715243367719, 'eval_precision': 0.2208317997791682, 'eval_recall': 0.2964426877470356, 'eval_f1': 0.25311115798354783, 'eval_runtime': 20.0697, 'eval_samples_per_second': 1105.695, 'eval_steps_per_second': 17.29, 'epoch': 1.76}
{'loss': 0.5951, 'learning_rate': 8.28926994322418e-06, 'epoch': 1.76}
{'loss': 0.5619, 'learning_rate': 8.266330217353904e-06, 'epoch': 1.76}
{'loss': 0.5593, 'learning_rate': 8.243390491483628e-06, 'epoch': 1.77}
{'loss': 0.5461, 'learning_rate': 8.220450765613352e-06, 'epoch': 1.77}
{'loss': 0.5771, 'learning_rate': 8.197511039743076e-06, 'epoch': 1.77}
{'loss': 0.5811, 'learning_rate': 8.1745713138728e-06, 'epoch': 1.78}
{'loss': 0.5548, 'learning_rate': 8.151631588002525e-06, 'epoch': 1.78}
{'loss': 0.5585, 'learning_rate': 8.128691862132249e-06, 'epoch': 1.78}
{'loss': 0.5766, 'learning_rate': 8.105752136261973e-06, 'epoch': 1.79}
{'loss': 0.5635, 'learning_rate': 8.082812410391696e-06, 'epoch': 1.79}
{'loss': 0.5512, 'learning_rate': 8.05987268452142e-06, 'epoch': 1.79}
{'loss': 0.548, 'learning_rate': 8.036932958651144e-06, 'epoch': 1.8}
{'loss': 0.5557, 'learning_rate': 8.013993232780869e-06, 'epoch': 1.8}
{'eval_loss': 0.6901687383651733, 'eval_bce': 0.6895509475584933, 'eval_n_pos': 2024.0, 'eval_pos_rate': 0.09120814744716327, 'eval_auroc': 0.6527291826685908, 'eval_auprc': 0.1857112640340488, 'eval_mcc': 0.15986215433340023, 'eval_precision': 0.21489440533530937, 'eval_recall': 0.2865612648221344, 'eval_f1': 0.2456066059707813, 'eval_runtime': 20.0895, 'eval_samples_per_second': 1104.608, 'eval_steps_per_second': 17.273, 'epoch': 1.8}
{'loss': 0.5588, 'learning_rate': 7.991053506910593e-06, 'epoch': 1.8}
{'loss': 0.569, 'learning_rate': 7.968113781040317e-06, 'epoch': 1.81}
{'loss': 0.5696, 'learning_rate': 7.945174055170041e-06, 'epoch': 1.81}
{'loss': 0.5515, 'learning_rate': 7.922234329299765e-06, 'epoch': 1.82}
{'loss': 0.5571, 'learning_rate': 7.89929460342949e-06, 'epoch': 1.82}
{'loss': 0.5848, 'learning_rate': 7.876354877559214e-06, 'epoch': 1.82}
{'loss': 0.5924, 'learning_rate': 7.853415151688938e-06, 'epoch': 1.83}
{'loss': 0.5556, 'learning_rate': 7.830475425818662e-06, 'epoch': 1.83}
{'loss': 0.601, 'learning_rate': 7.807535699948387e-06, 'epoch': 1.83}
{'loss': 0.5762, 'learning_rate': 7.78459597407811e-06, 'epoch': 1.84}
{'loss': 0.573, 'learning_rate': 7.761656248207835e-06, 'epoch': 1.84}
{'loss': 0.5129, 'learning_rate': 7.738716522337558e-06, 'epoch': 1.84}
{'eval_loss': 0.6898886561393738, 'eval_bce': 0.6887422243666051, 'eval_n_pos': 2024.0, 'eval_pos_rate': 0.09120814744716327, 'eval_auroc': 0.6589384028735553, 'eval_auprc': 0.1892449641075919, 'eval_mcc': 0.17730977200296372, 'eval_precision': 0.23664749383730485, 'eval_recall': 0.2845849802371542, 'eval_f1': 0.25841184387617766, 'eval_runtime': 20.0818, 'eval_samples_per_second': 1105.031, 'eval_steps_per_second': 17.279, 'epoch': 1.84}
{'loss': 0.5719, 'learning_rate': 7.715776796467282e-06, 'epoch': 1.85}
{'loss': 0.6074, 'learning_rate': 7.692837070597006e-06, 'epoch': 1.85}
{'loss': 0.5582, 'learning_rate': 7.66989734472673e-06, 'epoch': 1.85}
{'loss': 0.5703, 'learning_rate': 7.646957618856456e-06, 'epoch': 1.86}
{'loss': 0.5485, 'learning_rate': 7.62401789298618e-06, 'epoch': 1.86}
{'loss': 0.5669, 'learning_rate': 7.601078167115904e-06, 'epoch': 1.86}
{'loss': 0.5438, 'learning_rate': 7.578138441245628e-06, 'epoch': 1.87}
{'loss': 0.591, 'learning_rate': 7.555198715375351e-06, 'epoch': 1.87}
{'loss': 0.5714, 'learning_rate': 7.532258989505076e-06, 'epoch': 1.87}
{'loss': 0.5893, 'learning_rate': 7.5093192636348e-06, 'epoch': 1.88}
{'loss': 0.5349, 'learning_rate': 7.486379537764524e-06, 'epoch': 1.88}
{'loss': 0.5855, 'learning_rate': 7.463439811894248e-06, 'epoch': 1.88}
{'loss': 0.5938, 'learning_rate': 7.4405000860239726e-06, 'epoch': 1.89}
{'eval_loss': 0.688180685043335, 'eval_bce': 0.6874235658027511, 'eval_n_pos': 2024.0, 'eval_pos_rate': 0.09120814744716327, 'eval_auroc': 0.6544165016577977, 'eval_auprc': 0.1846785495104056, 'eval_mcc': 0.15575702287774024, 'eval_precision': 0.21091175393628708, 'eval_recall': 0.2845849802371542, 'eval_f1': 0.24227129337539435, 'eval_runtime': 20.0949, 'eval_samples_per_second': 1104.311, 'eval_steps_per_second': 17.268, 'epoch': 1.89}
{'loss': 0.5763, 'learning_rate': 7.417560360153697e-06, 'epoch': 1.89}
{'loss': 0.5745, 'learning_rate': 7.394620634283422e-06, 'epoch': 1.89}
{'loss': 0.547, 'learning_rate': 7.371680908413144e-06, 'epoch': 1.9}
{'loss': 0.5284, 'learning_rate': 7.348741182542869e-06, 'epoch': 1.9}
{'loss': 0.5879, 'learning_rate': 7.325801456672593e-06, 'epoch': 1.9}
{'loss': 0.5834, 'learning_rate': 7.302861730802318e-06, 'epoch': 1.91}
{'loss': 0.5718, 'learning_rate': 7.279922004932042e-06, 'epoch': 1.91}
{'loss': 0.5932, 'learning_rate': 7.256982279061766e-06, 'epoch': 1.91}
{'loss': 0.5595, 'learning_rate': 7.234042553191491e-06, 'epoch': 1.92}
{'loss': 0.5608, 'learning_rate': 7.211102827321213e-06, 'epoch': 1.92}
{'loss': 0.5617, 'learning_rate': 7.188163101450938e-06, 'epoch': 1.92}
{'loss': 0.5689, 'learning_rate': 7.1652233755806625e-06, 'epoch': 1.93}
{'eval_loss': 0.6798403263092041, 'eval_bce': 0.6791416328632868, 'eval_n_pos': 2024.0, 'eval_pos_rate': 0.09120814744716327, 'eval_auroc': 0.6622952545846922, 'eval_auprc': 0.19217482540686714, 'eval_mcc': 0.16246136360658386, 'eval_precision': 0.22413087934560327, 'eval_recall': 0.2707509881422925, 'eval_f1': 0.24524502125755204, 'eval_runtime': 20.072, 'eval_samples_per_second': 1105.568, 'eval_steps_per_second': 17.288, 'epoch': 1.93}
{'loss': 0.5584, 'learning_rate': 7.142283649710387e-06, 'epoch': 1.93}
{'loss': 0.5752, 'learning_rate': 7.119343923840111e-06, 'epoch': 1.94}
{'loss': 0.559, 'learning_rate': 7.096404197969835e-06, 'epoch': 1.94}
{'loss': 0.5531, 'learning_rate': 7.073464472099559e-06, 'epoch': 1.94}
{'loss': 0.5604, 'learning_rate': 7.050524746229284e-06, 'epoch': 1.95}
{'loss': 0.5211, 'learning_rate': 7.027585020359007e-06, 'epoch': 1.95}
{'loss': 0.5478, 'learning_rate': 7.004645294488731e-06, 'epoch': 1.95}
{'loss': 0.5782, 'learning_rate': 6.9817055686184555e-06, 'epoch': 1.96}
{'loss': 0.5282, 'learning_rate': 6.95876584274818e-06, 'epoch': 1.96}
{'loss': 0.5497, 'learning_rate': 6.935826116877904e-06, 'epoch': 1.96}
{'loss': 0.5799, 'learning_rate': 6.912886391007628e-06, 'epoch': 1.97}
{'loss': 0.5732, 'learning_rate': 6.889946665137352e-06, 'epoch': 1.97}
{'loss': 0.5404, 'learning_rate': 6.867006939267077e-06, 'epoch': 1.97}
{'eval_loss': 0.6876268982887268, 'eval_bce': 0.6867560309372127, 'eval_n_pos': 2024.0, 'eval_pos_rate': 0.09120814744716327, 'eval_auroc': 0.6482804354391818, 'eval_auprc': 0.18394009037027387, 'eval_mcc': 0.16470193991299228, 'eval_precision': 0.22363203806502777, 'eval_recall': 0.27865612648221344, 'eval_f1': 0.24813022437307522, 'eval_runtime': 20.0702, 'eval_samples_per_second': 1105.67, 'eval_steps_per_second': 17.289, 'epoch': 1.97}
{'loss': 0.5437, 'learning_rate': 6.8440672133968e-06, 'epoch': 1.98}
{'loss': 0.5478, 'learning_rate': 6.821127487526524e-06, 'epoch': 1.98}
{'loss': 0.5706, 'learning_rate': 6.7981877616562485e-06, 'epoch': 1.98}
{'loss': 0.5749, 'learning_rate': 6.775248035785973e-06, 'epoch': 1.99}
{'loss': 0.5898, 'learning_rate': 6.752308309915697e-06, 'epoch': 1.99}
{'loss': 0.5572, 'learning_rate': 6.729368584045421e-06, 'epoch': 1.99}
{'loss': 0.5796, 'learning_rate': 6.706428858175145e-06, 'epoch': 2.0}
{'loss': 0.504, 'learning_rate': 6.683489132304869e-06, 'epoch': 2.0}
{'loss': 0.5501, 'learning_rate': 6.660549406434593e-06, 'epoch': 2.0}
{'loss': 0.5546, 'learning_rate': 6.637609680564317e-06, 'epoch': 2.01}
{'loss': 0.5295, 'learning_rate': 6.6146699546940415e-06, 'epoch': 2.01}
{'loss': 0.5601, 'learning_rate': 6.5917302288237665e-06, 'epoch': 2.01}
{'eval_loss': 0.6895321011543274, 'eval_bce': 0.6882325034784711, 'eval_n_pos': 2024.0, 'eval_pos_rate': 0.09120814744716327, 'eval_auroc': 0.6509886273725067, 'eval_auprc': 0.1827689661691781, 'eval_mcc': 0.16526168898904398, 'eval_precision': 0.2265464973371569, 'eval_recall': 0.27322134387351776, 'eval_f1': 0.2477043673012318, 'eval_runtime': 20.0664, 'eval_samples_per_second': 1105.879, 'eval_steps_per_second': 17.293, 'epoch': 2.02}
{'loss': 0.5646, 'learning_rate': 6.568790502953491e-06, 'epoch': 2.02}
{'loss': 0.5932, 'learning_rate': 6.545850777083215e-06, 'epoch': 2.02}
{'loss': 0.5489, 'learning_rate': 6.522911051212939e-06, 'epoch': 2.02}
{'loss': 0.5364, 'learning_rate': 6.499971325342662e-06, 'epoch': 2.03}
{'loss': 0.5627, 'learning_rate': 6.477031599472387e-06, 'epoch': 2.03}
{'loss': 0.57, 'learning_rate': 6.454091873602111e-06, 'epoch': 2.03}
{'loss': 0.5723, 'learning_rate': 6.431152147731835e-06, 'epoch': 2.04}
{'loss': 0.6016, 'learning_rate': 6.4082124218615595e-06, 'epoch': 2.04}
{'loss': 0.6141, 'learning_rate': 6.385272695991284e-06, 'epoch': 2.04}
{'loss': 0.5622, 'learning_rate': 6.362332970121008e-06, 'epoch': 2.05}
{'loss': 0.5598, 'learning_rate': 6.339393244250732e-06, 'epoch': 2.05}
{'loss': 0.5649, 'learning_rate': 6.316453518380456e-06, 'epoch': 2.06}
{'loss': 0.5785, 'learning_rate': 6.29351379251018e-06, 'epoch': 2.06}
{'eval_loss': 0.6791969537734985, 'eval_bce': 0.6785922280834807, 'eval_n_pos': 2024.0, 'eval_pos_rate': 0.09120814744716327, 'eval_auroc': 0.6457328343901544, 'eval_auprc': 0.1825922964117402, 'eval_mcc': 0.1630274866362947, 'eval_precision': 0.23872549019607844, 'eval_recall': 0.24061264822134387, 'eval_f1': 0.23966535433070865, 'eval_runtime': 20.0949, 'eval_samples_per_second': 1104.31, 'eval_steps_per_second': 17.268, 'epoch': 2.06}
{'loss': 0.5154, 'learning_rate': 6.270574066639904e-06, 'epoch': 2.06}
{'loss': 0.5441, 'learning_rate': 6.247634340769628e-06, 'epoch': 2.07}
{'loss': 0.5608, 'learning_rate': 6.2246946148993525e-06, 'epoch': 2.07}
{'loss': 0.5369, 'learning_rate': 6.201754889029077e-06, 'epoch': 2.07}
{'loss': 0.542, 'learning_rate': 6.178815163158801e-06, 'epoch': 2.08}
{'loss': 0.5452, 'learning_rate': 6.155875437288525e-06, 'epoch': 2.08}
{'loss': 0.5522, 'learning_rate': 6.132935711418249e-06, 'epoch': 2.08}
{'loss': 0.5826, 'learning_rate': 6.109995985547973e-06, 'epoch': 2.09}
{'loss': 0.5603, 'learning_rate': 6.087056259677697e-06, 'epoch': 2.09}
{'loss': 0.5285, 'learning_rate': 6.064116533807421e-06, 'epoch': 2.09}
{'loss': 0.537, 'learning_rate': 6.0411768079371455e-06, 'epoch': 2.1}
{'loss': 0.5561, 'learning_rate': 6.01823708206687e-06, 'epoch': 2.1}
{'eval_loss': 0.6837050914764404, 'eval_bce': 0.6824904760831906, 'eval_n_pos': 2024.0, 'eval_pos_rate': 0.09120814744716327, 'eval_auroc': 0.6567729860800655, 'eval_auprc': 0.18595367428137338, 'eval_mcc': 0.16128775412007193, 'eval_precision': 0.22883597883597884, 'eval_recall': 0.2564229249011858, 'eval_f1': 0.24184529356943152, 'eval_runtime': 20.0924, 'eval_samples_per_second': 1104.45, 'eval_steps_per_second': 17.27, 'epoch': 2.1}
{'loss': 0.5285, 'learning_rate': 5.995297356196594e-06, 'epoch': 2.1}
{'loss': 0.5595, 'learning_rate': 5.972357630326317e-06, 'epoch': 2.11}
{'loss': 0.542, 'learning_rate': 5.949417904456042e-06, 'epoch': 2.11}
{'loss': 0.5836, 'learning_rate': 5.926478178585766e-06, 'epoch': 2.11}
{'loss': 0.5671, 'learning_rate': 5.90353845271549e-06, 'epoch': 2.12}
{'loss': 0.5587, 'learning_rate': 5.880598726845215e-06, 'epoch': 2.12}
{'loss': 0.5596, 'learning_rate': 5.857659000974939e-06, 'epoch': 2.12}
{'loss': 0.5657, 'learning_rate': 5.8347192751046636e-06, 'epoch': 2.13}
{'loss': 0.5415, 'learning_rate': 5.811779549234388e-06, 'epoch': 2.13}
{'loss': 0.5548, 'learning_rate': 5.788839823364111e-06, 'epoch': 2.13}
{'loss': 0.5682, 'learning_rate': 5.765900097493835e-06, 'epoch': 2.14}
{'loss': 0.5744, 'learning_rate': 5.74296037162356e-06, 'epoch': 2.14}
{'loss': 0.524, 'learning_rate': 5.720020645753284e-06, 'epoch': 2.14}
{'eval_loss': 0.6851845383644104, 'eval_bce': 0.6837767513136691, 'eval_n_pos': 2024.0, 'eval_pos_rate': 0.09120814744716327, 'eval_auroc': 0.6465566619517543, 'eval_auprc': 0.18637996450395367, 'eval_mcc': 0.15993162426595137, 'eval_precision': 0.22515991471215352, 'eval_recall': 0.2608695652173913, 'eval_f1': 0.24170290684367132, 'eval_runtime': 20.0748, 'eval_samples_per_second': 1105.417, 'eval_steps_per_second': 17.285, 'epoch': 2.14}
{'loss': 0.5624, 'learning_rate': 5.697080919883008e-06, 'epoch': 2.15}
{'loss': 0.5644, 'learning_rate': 5.674141194012732e-06, 'epoch': 2.15}
{'loss': 0.5856, 'learning_rate': 5.6512014681424566e-06, 'epoch': 2.15}
{'loss': 0.5699, 'learning_rate': 5.628261742272181e-06, 'epoch': 2.16}
{'loss': 0.5512, 'learning_rate': 5.605322016401904e-06, 'epoch': 2.16}
{'loss': 0.5558, 'learning_rate': 5.582382290531628e-06, 'epoch': 2.17}
{'loss': 0.5526, 'learning_rate': 5.559442564661353e-06, 'epoch': 2.17}
{'loss': 0.5772, 'learning_rate': 5.536502838791077e-06, 'epoch': 2.17}
{'loss': 0.543, 'learning_rate': 5.513563112920801e-06, 'epoch': 2.18}
{'loss': 0.5519, 'learning_rate': 5.490623387050525e-06, 'epoch': 2.18}
{'loss': 0.548, 'learning_rate': 5.4676836611802496e-06, 'epoch': 2.18}
{'loss': 0.5134, 'learning_rate': 5.444743935309974e-06, 'epoch': 2.19}
{'eval_loss': 0.6858364343643188, 'eval_bce': 0.6844284332000821, 'eval_n_pos': 2024.0, 'eval_pos_rate': 0.09120814744716327, 'eval_auroc': 0.6527203262834386, 'eval_auprc': 0.1876120862257084, 'eval_mcc': 0.16959323261885997, 'eval_precision': 0.2293950466910272, 'eval_recall': 0.2791501976284585, 'eval_f1': 0.2518386449743704, 'eval_runtime': 20.088, 'eval_samples_per_second': 1104.687, 'eval_steps_per_second': 17.274, 'epoch': 2.19}
{'loss': 0.5962, 'learning_rate': 5.421804209439697e-06, 'epoch': 2.19}
{'loss': 0.5605, 'learning_rate': 5.398864483569421e-06, 'epoch': 2.19}
{'loss': 0.5472, 'learning_rate': 5.375924757699146e-06, 'epoch': 2.2}
{'loss': 0.5541, 'learning_rate': 5.35298503182887e-06, 'epoch': 2.2}
{'loss': 0.5671, 'learning_rate': 5.330045305958594e-06, 'epoch': 2.2}
{'loss': 0.626, 'learning_rate': 5.307105580088318e-06, 'epoch': 2.21}
{'loss': 0.5511, 'learning_rate': 5.2841658542180425e-06, 'epoch': 2.21}
{'loss': 0.5665, 'learning_rate': 5.261226128347766e-06, 'epoch': 2.21}
{'loss': 0.5338, 'learning_rate': 5.23828640247749e-06, 'epoch': 2.22}
{'loss': 0.5694, 'learning_rate': 5.215346676607214e-06, 'epoch': 2.22}
{'loss': 0.5364, 'learning_rate': 5.192406950736939e-06, 'epoch': 2.22}
{'loss': 0.5578, 'learning_rate': 5.169467224866664e-06, 'epoch': 2.23}
{'loss': 0.5522, 'learning_rate': 5.146527498996388e-06, 'epoch': 2.23}
{'eval_loss': 0.6856279373168945, 'eval_bce': 0.6842038257601666, 'eval_n_pos': 2024.0, 'eval_pos_rate': 0.09120814744716327, 'eval_auroc': 0.6498532461456719, 'eval_auprc': 0.18215828744175255, 'eval_mcc': 0.1652261345945531, 'eval_precision': 0.22366863905325443, 'eval_recall': 0.2801383399209486, 'eval_f1': 0.24873875849967098, 'eval_runtime': 20.0801, 'eval_samples_per_second': 1105.124, 'eval_steps_per_second': 17.281, 'epoch': 2.23}
{'loss': 0.5305, 'learning_rate': 5.123587773126112e-06, 'epoch': 2.23}
{'loss': 0.5478, 'learning_rate': 5.100648047255836e-06, 'epoch': 2.24}
{'loss': 0.5202, 'learning_rate': 5.07770832138556e-06, 'epoch': 2.24}
{'loss': 0.6017, 'learning_rate': 5.054768595515284e-06, 'epoch': 2.24}
{'loss': 0.5395, 'learning_rate': 5.031828869645008e-06, 'epoch': 2.25}
{'loss': 0.5178, 'learning_rate': 5.0088891437747325e-06, 'epoch': 2.25}
{'loss': 0.5222, 'learning_rate': 4.985949417904457e-06, 'epoch': 2.25}
{'loss': 0.5532, 'learning_rate': 4.963009692034181e-06, 'epoch': 2.26}
{'loss': 0.5458, 'learning_rate': 4.940069966163904e-06, 'epoch': 2.26}
{'loss': 0.5892, 'learning_rate': 4.9171302402936285e-06, 'epoch': 2.26}
{'loss': 0.5688, 'learning_rate': 4.894190514423353e-06, 'epoch': 2.27}
{'loss': 0.534, 'learning_rate': 4.871250788553078e-06, 'epoch': 2.27}
{'eval_loss': 0.6846067309379578, 'eval_bce': 0.6833821998961177, 'eval_n_pos': 2024.0, 'eval_pos_rate': 0.09120814744716327, 'eval_auroc': 0.6473926655117515, 'eval_auprc': 0.1859900374871778, 'eval_mcc': 0.16329125400567956, 'eval_precision': 0.22962962962962963, 'eval_recall': 0.26037549407114624, 'eval_f1': 0.24403797175272054, 'eval_runtime': 20.079, 'eval_samples_per_second': 1105.183, 'eval_steps_per_second': 17.282, 'epoch': 2.27}
{'loss': 0.5765, 'learning_rate': 4.848311062682801e-06, 'epoch': 2.27}
{'loss': 0.5624, 'learning_rate': 4.8253713368125255e-06, 'epoch': 2.28}
{'loss': 0.5684, 'learning_rate': 4.80243161094225e-06, 'epoch': 2.28}
{'loss': 0.544, 'learning_rate': 4.779491885071974e-06, 'epoch': 2.29}
{'loss': 0.507, 'learning_rate': 4.756552159201698e-06, 'epoch': 2.29}
{'loss': 0.5319, 'learning_rate': 4.733612433331422e-06, 'epoch': 2.29}
{'loss': 0.5431, 'learning_rate': 4.710672707461147e-06, 'epoch': 2.3}
{'loss': 0.553, 'learning_rate': 4.687732981590871e-06, 'epoch': 2.3}
{'loss': 0.5742, 'learning_rate': 4.664793255720594e-06, 'epoch': 2.3}
{'loss': 0.5343, 'learning_rate': 4.6418535298503184e-06, 'epoch': 2.31}
{'loss': 0.5307, 'learning_rate': 4.618913803980043e-06, 'epoch': 2.31}
{'loss': 0.5678, 'learning_rate': 4.595974078109767e-06, 'epoch': 2.31}
{'loss': 0.5864, 'learning_rate': 4.573034352239491e-06, 'epoch': 2.32}
{'eval_loss': 0.6799159049987793, 'eval_bce': 0.6786818640155655, 'eval_n_pos': 2024.0, 'eval_pos_rate': 0.09120814744716327, 'eval_auroc': 0.6476857714369598, 'eval_auprc': 0.19086543788472357, 'eval_mcc': 0.17206573642284254, 'eval_precision': 0.24813525609149678, 'eval_recall': 0.24654150197628458, 'eval_f1': 0.24733581164807933, 'eval_runtime': 20.0967, 'eval_samples_per_second': 1104.214, 'eval_steps_per_second': 17.267, 'epoch': 2.32}
{'loss': 0.5294, 'learning_rate': 4.550094626369215e-06, 'epoch': 2.32}
{'loss': 0.5428, 'learning_rate': 4.52715490049894e-06, 'epoch': 2.32}
{'loss': 0.5327, 'learning_rate': 4.504215174628663e-06, 'epoch': 2.33}
{'loss': 0.5707, 'learning_rate': 4.481275448758387e-06, 'epoch': 2.33}
{'loss': 0.5563, 'learning_rate': 4.458335722888112e-06, 'epoch': 2.33}
{'loss': 0.5354, 'learning_rate': 4.4353959970178365e-06, 'epoch': 2.34}
{'loss': 0.5379, 'learning_rate': 4.41245627114756e-06, 'epoch': 2.34}
{'loss': 0.5975, 'learning_rate': 4.389516545277284e-06, 'epoch': 2.34}
{'loss': 0.5915, 'learning_rate': 4.366576819407008e-06, 'epoch': 2.35}
{'loss': 0.5831, 'learning_rate': 4.343637093536733e-06, 'epoch': 2.35}
{'loss': 0.56, 'learning_rate': 4.320697367666457e-06, 'epoch': 2.35}
{'loss': 0.5654, 'learning_rate': 4.297757641796181e-06, 'epoch': 2.36}
{'eval_loss': 0.6751351356506348, 'eval_bce': 0.6738709068325033, 'eval_n_pos': 2024.0, 'eval_pos_rate': 0.09120814744716327, 'eval_auroc': 0.6482492727229608, 'eval_auprc': 0.19524795881116094, 'eval_mcc': 0.17942040303885934, 'eval_precision': 0.26119402985074625, 'eval_recall': 0.24209486166007904, 'eval_f1': 0.2512820512820512, 'eval_runtime': 20.076, 'eval_samples_per_second': 1105.348, 'eval_steps_per_second': 17.284, 'epoch': 2.36}
{'loss': 0.5352, 'learning_rate': 4.274817915925905e-06, 'epoch': 2.36}
{'loss': 0.567, 'learning_rate': 4.2518781900556295e-06, 'epoch': 2.36}
{'loss': 0.5422, 'learning_rate': 4.228938464185353e-06, 'epoch': 2.37}
{'loss': 0.5498, 'learning_rate': 4.205998738315077e-06, 'epoch': 2.37}
{'loss': 0.5435, 'learning_rate': 4.183059012444801e-06, 'epoch': 2.37}
{'loss': 0.5655, 'learning_rate': 4.160119286574526e-06, 'epoch': 2.38}
{'loss': 0.5597, 'learning_rate': 4.13717956070425e-06, 'epoch': 2.38}
{'loss': 0.5629, 'learning_rate': 4.114239834833974e-06, 'epoch': 2.38}
{'loss': 0.5696, 'learning_rate': 4.091300108963698e-06, 'epoch': 2.39}
{'loss': 0.5545, 'learning_rate': 4.0683603830934225e-06, 'epoch': 2.39}
{'loss': 0.5232, 'learning_rate': 4.045420657223147e-06, 'epoch': 2.39}
{'loss': 0.5539, 'learning_rate': 4.022480931352871e-06, 'epoch': 2.4}
{'loss': 0.5573, 'learning_rate': 3.999541205482595e-06, 'epoch': 2.4}
{'eval_loss': 0.6788797378540039, 'eval_bce': 0.677623984107972, 'eval_n_pos': 2024.0, 'eval_pos_rate': 0.09120814744716327, 'eval_auroc': 0.6507713703226282, 'eval_auprc': 0.1935404083809591, 'eval_mcc': 0.17362892909760982, 'eval_precision': 0.24538133585978208, 'eval_recall': 0.25592885375494073, 'eval_f1': 0.2505441354292624, 'eval_runtime': 20.0782, 'eval_samples_per_second': 1105.226, 'eval_steps_per_second': 17.282, 'epoch': 2.4}
{'loss': 0.5881, 'learning_rate': 3.9766014796123186e-06, 'epoch': 2.41}
{'loss': 0.5788, 'learning_rate': 3.953661753742043e-06, 'epoch': 2.41}
{'loss': 0.5288, 'learning_rate': 3.930722027871767e-06, 'epoch': 2.41}
{'loss': 0.536, 'learning_rate': 3.907782302001491e-06, 'epoch': 2.42}
{'loss': 0.551, 'learning_rate': 3.8848425761312155e-06, 'epoch': 2.42}
{'loss': 0.5693, 'learning_rate': 3.86190285026094e-06, 'epoch': 2.42}
{'loss': 0.5557, 'learning_rate': 3.838963124390664e-06, 'epoch': 2.43}
{'loss': 0.5272, 'learning_rate': 3.816023398520388e-06, 'epoch': 2.43}
{'loss': 0.5343, 'learning_rate': 3.793083672650112e-06, 'epoch': 2.43}
{'loss': 0.5799, 'learning_rate': 3.7701439467798362e-06, 'epoch': 2.44}
{'loss': 0.5261, 'learning_rate': 3.7472042209095604e-06, 'epoch': 2.44}
{'loss': 0.5493, 'learning_rate': 3.7242644950392847e-06, 'epoch': 2.44}
{'eval_loss': 0.6800394058227539, 'eval_bce': 0.6786971619773781, 'eval_n_pos': 2024.0, 'eval_pos_rate': 0.09120814744716327, 'eval_auroc': 0.6479875377553945, 'eval_auprc': 0.19007954268261257, 'eval_mcc': 0.1699716109317804, 'eval_precision': 0.23996308260267651, 'eval_recall': 0.25691699604743085, 'eval_f1': 0.24815079933190168, 'eval_runtime': 20.084, 'eval_samples_per_second': 1104.909, 'eval_steps_per_second': 17.277, 'epoch': 2.44}
{'loss': 0.5603, 'learning_rate': 3.7013247691690085e-06, 'epoch': 2.45}
{'loss': 0.5576, 'learning_rate': 3.6783850432987327e-06, 'epoch': 2.45}
{'loss': 0.5367, 'learning_rate': 3.655445317428457e-06, 'epoch': 2.45}
{'loss': 0.5553, 'learning_rate': 3.6325055915581816e-06, 'epoch': 2.46}
{'loss': 0.5392, 'learning_rate': 3.609565865687905e-06, 'epoch': 2.46}
{'loss': 0.5625, 'learning_rate': 3.586626139817629e-06, 'epoch': 2.46}
{'loss': 0.51, 'learning_rate': 3.563686413947354e-06, 'epoch': 2.47}
{'loss': 0.5854, 'learning_rate': 3.540746688077078e-06, 'epoch': 2.47}
{'loss': 0.5571, 'learning_rate': 3.517806962206802e-06, 'epoch': 2.47}
{'loss': 0.5304, 'learning_rate': 3.494867236336526e-06, 'epoch': 2.48}
{'loss': 0.5635, 'learning_rate': 3.4719275104662504e-06, 'epoch': 2.48}
{'loss': 0.5595, 'learning_rate': 3.4489877845959746e-06, 'epoch': 2.48}
{'loss': 0.5337, 'learning_rate': 3.4260480587256984e-06, 'epoch': 2.49}
{'eval_loss': 0.678768515586853, 'eval_bce': 0.677193479597049, 'eval_n_pos': 2024.0, 'eval_pos_rate': 0.09120814744716327, 'eval_auroc': 0.6520757333380893, 'eval_auprc': 0.18939694252011108, 'eval_mcc': 0.17016298686226164, 'eval_precision': 0.23807380738073808, 'eval_recall': 0.26136363636363635, 'eval_f1': 0.2491756947715497, 'eval_runtime': 20.0908, 'eval_samples_per_second': 1104.534, 'eval_steps_per_second': 17.272, 'epoch': 2.49}
{'loss': 0.545, 'learning_rate': 3.4031083328554226e-06, 'epoch': 2.49}
{'loss': 0.5457, 'learning_rate': 3.380168606985147e-06, 'epoch': 2.49}
{'loss': 0.5522, 'learning_rate': 3.357228881114871e-06, 'epoch': 2.5}
{'loss': 0.5588, 'learning_rate': 3.334289155244595e-06, 'epoch': 2.5}
{'loss': 0.5357, 'learning_rate': 3.311349429374319e-06, 'epoch': 2.5}
{'loss': 0.5441, 'learning_rate': 3.2884097035040433e-06, 'epoch': 2.51}
{'loss': 0.5504, 'learning_rate': 3.265469977633767e-06, 'epoch': 2.51}
{'loss': 0.5649, 'learning_rate': 3.2425302517634914e-06, 'epoch': 2.52}
{'loss': 0.5611, 'learning_rate': 3.219590525893216e-06, 'epoch': 2.52}
{'loss': 0.5411, 'learning_rate': 3.1966508000229403e-06, 'epoch': 2.52}
{'loss': 0.524, 'learning_rate': 3.173711074152664e-06, 'epoch': 2.53}
{'loss': 0.5714, 'learning_rate': 3.1507713482823883e-06, 'epoch': 2.53}
{'eval_loss': 0.6769047379493713, 'eval_bce': 0.6754268797684898, 'eval_n_pos': 2024.0, 'eval_pos_rate': 0.09120814744716327, 'eval_auroc': 0.6552472011863001, 'eval_auprc': 0.19455523821377838, 'eval_mcc': 0.1715989074697718, 'eval_precision': 0.24540174249757987, 'eval_recall': 0.25049407114624506, 'eval_f1': 0.24792176039119804, 'eval_runtime': 20.0738, 'eval_samples_per_second': 1105.473, 'eval_steps_per_second': 17.286, 'epoch': 2.53}
{'loss': 0.5581, 'learning_rate': 3.1278316224121125e-06, 'epoch': 2.53}
{'loss': 0.5452, 'learning_rate': 3.1048918965418368e-06, 'epoch': 2.54}
{'loss': 0.5879, 'learning_rate': 3.0819521706715606e-06, 'epoch': 2.54}
{'loss': 0.5845, 'learning_rate': 3.059012444801285e-06, 'epoch': 2.54}
{'loss': 0.5585, 'learning_rate': 3.036072718931009e-06, 'epoch': 2.55}
{'loss': 0.5516, 'learning_rate': 3.0131329930607333e-06, 'epoch': 2.55}
{'loss': 0.5703, 'learning_rate': 2.990193267190457e-06, 'epoch': 2.55}
{'loss': 0.5213, 'learning_rate': 2.9672535413201813e-06, 'epoch': 2.56}
{'loss': 0.5486, 'learning_rate': 2.9443138154499055e-06, 'epoch': 2.56}
{'loss': 0.5493, 'learning_rate': 2.92137408957963e-06, 'epoch': 2.56}
{'loss': 0.5271, 'learning_rate': 2.8984343637093536e-06, 'epoch': 2.57}
{'loss': 0.5587, 'learning_rate': 2.875494637839078e-06, 'epoch': 2.57}
{'loss': 0.5596, 'learning_rate': 2.8525549119688024e-06, 'epoch': 2.57}
{'eval_loss': 0.6847819685935974, 'eval_bce': 0.683162550562113, 'eval_n_pos': 2024.0, 'eval_pos_rate': 0.09120814744716327, 'eval_auroc': 0.6586634017025036, 'eval_auprc': 0.18837800396341425, 'eval_mcc': 0.17068573616901833, 'eval_precision': 0.22786304604486424, 'eval_recall': 0.28606719367588934, 'eval_f1': 0.25366922234392114, 'eval_runtime': 20.0792, 'eval_samples_per_second': 1105.176, 'eval_steps_per_second': 17.282, 'epoch': 2.57}
{'loss': 0.5782, 'learning_rate': 2.8296151860985267e-06, 'epoch': 2.58}
{'loss': 0.5315, 'learning_rate': 2.8066754602282505e-06, 'epoch': 2.58}
{'loss': 0.5692, 'learning_rate': 2.7837357343579747e-06, 'epoch': 2.58}
{'loss': 0.5294, 'learning_rate': 2.760796008487699e-06, 'epoch': 2.59}
{'loss': 0.5563, 'learning_rate': 2.737856282617423e-06, 'epoch': 2.59}
{'loss': 0.535, 'learning_rate': 2.714916556747147e-06, 'epoch': 2.59}
{'loss': 0.5699, 'learning_rate': 2.691976830876871e-06, 'epoch': 2.6}
{'loss': 0.5089, 'learning_rate': 2.6690371050065954e-06, 'epoch': 2.6}
{'loss': 0.542, 'learning_rate': 2.6460973791363197e-06, 'epoch': 2.6}
{'loss': 0.585, 'learning_rate': 2.6231576532660435e-06, 'epoch': 2.61}
{'loss': 0.5756, 'learning_rate': 2.6002179273957677e-06, 'epoch': 2.61}
{'loss': 0.5366, 'learning_rate': 2.577278201525492e-06, 'epoch': 2.61}
{'eval_loss': 0.6753436326980591, 'eval_bce': 0.673998869571272, 'eval_n_pos': 2024.0, 'eval_pos_rate': 0.09120814744716327, 'eval_auroc': 0.6495478539766075, 'eval_auprc': 0.1888810931756224, 'eval_mcc': 0.17072158037731908, 'eval_precision': 0.249743062692703, 'eval_recall': 0.24011857707509882, 'eval_f1': 0.24483627204030226, 'eval_runtime': 20.075, 'eval_samples_per_second': 1105.407, 'eval_steps_per_second': 17.285, 'epoch': 2.62}
{'loss': 0.5495, 'learning_rate': 2.5543384756552157e-06, 'epoch': 2.62}
{'loss': 0.5837, 'learning_rate': 2.53139874978494e-06, 'epoch': 2.62}
{'loss': 0.5617, 'learning_rate': 2.5084590239146646e-06, 'epoch': 2.62}
{'loss': 0.5175, 'learning_rate': 2.4855192980443884e-06, 'epoch': 2.63}
{'loss': 0.5418, 'learning_rate': 2.4625795721741127e-06, 'epoch': 2.63}
{'loss': 0.5606, 'learning_rate': 2.439639846303837e-06, 'epoch': 2.64}
{'loss': 0.5667, 'learning_rate': 2.416700120433561e-06, 'epoch': 2.64}
{'loss': 0.5269, 'learning_rate': 2.393760394563285e-06, 'epoch': 2.64}
{'loss': 0.5552, 'learning_rate': 2.3708206686930096e-06, 'epoch': 2.65}
{'loss': 0.5365, 'learning_rate': 2.3478809428227334e-06, 'epoch': 2.65}
{'loss': 0.5088, 'learning_rate': 2.3249412169524576e-06, 'epoch': 2.65}
{'loss': 0.5649, 'learning_rate': 2.302001491082182e-06, 'epoch': 2.66}
{'loss': 0.5063, 'learning_rate': 2.279061765211906e-06, 'epoch': 2.66}
{'eval_loss': 0.6825044751167297, 'eval_bce': 0.6807928300600609, 'eval_n_pos': 2024.0, 'eval_pos_rate': 0.09120814744716327, 'eval_auroc': 0.6511783720557849, 'eval_auprc': 0.18448546414855233, 'eval_mcc': 0.16909143287088435, 'eval_precision': 0.23855311355311357, 'eval_recall': 0.2574110671936759, 'eval_f1': 0.24762357414448669, 'eval_runtime': 20.0909, 'eval_samples_per_second': 1104.53, 'eval_steps_per_second': 17.272, 'epoch': 2.66}
{'loss': 0.5495, 'learning_rate': 2.25612203934163e-06, 'epoch': 2.66}
{'loss': 0.5833, 'learning_rate': 2.233182313471354e-06, 'epoch': 2.67}
{'loss': 0.5394, 'learning_rate': 2.2102425876010783e-06, 'epoch': 2.67}
{'loss': 0.5105, 'learning_rate': 2.1873028617308026e-06, 'epoch': 2.67}
{'loss': 0.5377, 'learning_rate': 2.164363135860527e-06, 'epoch': 2.68}
{'loss': 0.5373, 'learning_rate': 2.141423409990251e-06, 'epoch': 2.68}
{'loss': 0.5653, 'learning_rate': 2.118483684119975e-06, 'epoch': 2.68}
{'loss': 0.5335, 'learning_rate': 2.095543958249699e-06, 'epoch': 2.69}
{'loss': 0.5577, 'learning_rate': 2.0726042323794233e-06, 'epoch': 2.69}
{'loss': 0.5068, 'learning_rate': 2.0496645065091475e-06, 'epoch': 2.69}
{'loss': 0.5569, 'learning_rate': 2.0267247806388713e-06, 'epoch': 2.7}
{'loss': 0.5528, 'learning_rate': 2.003785054768596e-06, 'epoch': 2.7}
{'eval_loss': 0.677988588809967, 'eval_bce': 0.6766373887168127, 'eval_n_pos': 2024.0, 'eval_pos_rate': 0.09120814744716327, 'eval_auroc': 0.6388203094085337, 'eval_auprc': 0.18131371921214923, 'eval_mcc': 0.16483290768013387, 'eval_precision': 0.2441025641025641, 'eval_recall': 0.23517786561264822, 'eval_f1': 0.23955712128837442, 'eval_runtime': 20.0917, 'eval_samples_per_second': 1104.488, 'eval_steps_per_second': 17.271, 'epoch': 2.7}
{'loss': 0.5469, 'learning_rate': 1.9808453288983198e-06, 'epoch': 2.7}
{'loss': 0.52, 'learning_rate': 1.957905603028044e-06, 'epoch': 2.71}
{'loss': 0.5385, 'learning_rate': 1.9349658771577682e-06, 'epoch': 2.71}
{'loss': 0.5344, 'learning_rate': 1.912026151287492e-06, 'epoch': 2.71}
{'loss': 0.5147, 'learning_rate': 1.8890864254172165e-06, 'epoch': 2.72}
{'loss': 0.5456, 'learning_rate': 1.8661466995469405e-06, 'epoch': 2.72}
{'loss': 0.5694, 'learning_rate': 1.8432069736766647e-06, 'epoch': 2.72}
{'loss': 0.5286, 'learning_rate': 1.8202672478063888e-06, 'epoch': 2.73}
{'loss': 0.5712, 'learning_rate': 1.797327521936113e-06, 'epoch': 2.73}
{'loss': 0.5509, 'learning_rate': 1.774387796065837e-06, 'epoch': 2.73}
{'loss': 0.5441, 'learning_rate': 1.7514480701955614e-06, 'epoch': 2.74}
{'loss': 0.5564, 'learning_rate': 1.7285083443252853e-06, 'epoch': 2.74}
{'loss': 0.5414, 'learning_rate': 1.7055686184550097e-06, 'epoch': 2.74}
{'eval_loss': 0.6818421483039856, 'eval_bce': 0.6802110017132886, 'eval_n_pos': 2024.0, 'eval_pos_rate': 0.09120814744716327, 'eval_auroc': 0.6482728040035665, 'eval_auprc': 0.18106594499614367, 'eval_mcc': 0.16402613748642322, 'eval_precision': 0.23685457129322596, 'eval_recall': 0.24703557312252963, 'eval_f1': 0.24183796856106407, 'eval_runtime': 20.0793, 'eval_samples_per_second': 1105.165, 'eval_steps_per_second': 17.281, 'epoch': 2.74}
{'loss': 0.5136, 'learning_rate': 1.6826288925847337e-06, 'epoch': 2.75}
{'loss': 0.5336, 'learning_rate': 1.659689166714458e-06, 'epoch': 2.75}
{'loss': 0.5723, 'learning_rate': 1.636749440844182e-06, 'epoch': 2.76}
{'loss': 0.5485, 'learning_rate': 1.6138097149739062e-06, 'epoch': 2.76}
{'loss': 0.558, 'learning_rate': 1.5908699891036302e-06, 'epoch': 2.76}
{'loss': 0.5312, 'learning_rate': 1.5679302632333547e-06, 'epoch': 2.77}
{'loss': 0.5842, 'learning_rate': 1.5449905373630787e-06, 'epoch': 2.77}
{'loss': 0.5576, 'learning_rate': 1.522050811492803e-06, 'epoch': 2.77}
{'loss': 0.5556, 'learning_rate': 1.499111085622527e-06, 'epoch': 2.78}
{'loss': 0.5061, 'learning_rate': 1.4761713597522511e-06, 'epoch': 2.78}
{'loss': 0.5236, 'learning_rate': 1.4532316338819752e-06, 'epoch': 2.78}
{'loss': 0.5159, 'learning_rate': 1.4302919080116994e-06, 'epoch': 2.79}
{'eval_loss': 0.6807841062545776, 'eval_bce': 0.679234695204833, 'eval_n_pos': 2024.0, 'eval_pos_rate': 0.09120814744716327, 'eval_auroc': 0.6447596364820156, 'eval_auprc': 0.18179983130465885, 'eval_mcc': 0.16602130391728234, 'eval_precision': 0.24312156078039018, 'eval_recall': 0.24011857707509882, 'eval_f1': 0.24161073825503354, 'eval_runtime': 20.0676, 'eval_samples_per_second': 1105.812, 'eval_steps_per_second': 17.292, 'epoch': 2.79}
{'loss': 0.5465, 'learning_rate': 1.4073521821414234e-06, 'epoch': 2.79}
{'loss': 0.5425, 'learning_rate': 1.3844124562711479e-06, 'epoch': 2.79}
{'loss': 0.5648, 'learning_rate': 1.3614727304008719e-06, 'epoch': 2.8}
{'loss': 0.5552, 'learning_rate': 1.338533004530596e-06, 'epoch': 2.8}
{'loss': 0.578, 'learning_rate': 1.3155932786603201e-06, 'epoch': 2.8}
{'loss': 0.5142, 'learning_rate': 1.2926535527900444e-06, 'epoch': 2.81}
{'loss': 0.5039, 'learning_rate': 1.2697138269197684e-06, 'epoch': 2.81}
{'loss': 0.5396, 'learning_rate': 1.2467741010494926e-06, 'epoch': 2.81}
{'loss': 0.5425, 'learning_rate': 1.2238343751792166e-06, 'epoch': 2.82}
{'loss': 0.5151, 'learning_rate': 1.2008946493089408e-06, 'epoch': 2.82}
{'loss': 0.5185, 'learning_rate': 1.177954923438665e-06, 'epoch': 2.82}
{'loss': 0.5369, 'learning_rate': 1.155015197568389e-06, 'epoch': 2.83}
{'loss': 0.5491, 'learning_rate': 1.1320754716981133e-06, 'epoch': 2.83}
{'eval_loss': 0.6796653866767883, 'eval_bce': 0.6781722738909842, 'eval_n_pos': 2024.0, 'eval_pos_rate': 0.09120814744716327, 'eval_auroc': 0.6460540774062271, 'eval_auprc': 0.18440947036878166, 'eval_mcc': 0.168135966952942, 'eval_precision': 0.24908232826428947, 'eval_recall': 0.23468379446640317, 'eval_f1': 0.24166878656830326, 'eval_runtime': 20.08, 'eval_samples_per_second': 1105.13, 'eval_steps_per_second': 17.281, 'epoch': 2.83}
{'loss': 0.5592, 'learning_rate': 1.1091357458278376e-06, 'epoch': 2.83}
{'loss': 0.5697, 'learning_rate': 1.0861960199575616e-06, 'epoch': 2.84}
{'loss': 0.5273, 'learning_rate': 1.0632562940872858e-06, 'epoch': 2.84}
{'loss': 0.5613, 'learning_rate': 1.04031656821701e-06, 'epoch': 2.84}
{'loss': 0.5283, 'learning_rate': 1.017376842346734e-06, 'epoch': 2.85}
{'loss': 0.553, 'learning_rate': 9.944371164764583e-07, 'epoch': 2.85}
{'loss': 0.5477, 'learning_rate': 9.714973906061823e-07, 'epoch': 2.85}
{'loss': 0.5391, 'learning_rate': 9.485576647359065e-07, 'epoch': 2.86}
{'loss': 0.5482, 'learning_rate': 9.256179388656307e-07, 'epoch': 2.86}
{'loss': 0.5957, 'learning_rate': 9.026782129953547e-07, 'epoch': 2.86}
{'loss': 0.5325, 'learning_rate': 8.797384871250789e-07, 'epoch': 2.87}
{'loss': 0.5396, 'learning_rate': 8.56798761254803e-07, 'epoch': 2.87}
{'eval_loss': 0.6802776455879211, 'eval_bce': 0.6787354287887355, 'eval_n_pos': 2024.0, 'eval_pos_rate': 0.09120814744716327, 'eval_auroc': 0.6418125793889795, 'eval_auprc': 0.18296217487498107, 'eval_mcc': 0.16640055041687854, 'eval_precision': 0.24234945705824285, 'eval_recall': 0.2425889328063241, 'eval_f1': 0.24246913580246912, 'eval_runtime': 20.0671, 'eval_samples_per_second': 1105.841, 'eval_steps_per_second': 17.292, 'epoch': 2.87}
{'loss': 0.5574, 'learning_rate': 8.338590353845271e-07, 'epoch': 2.88}
{'loss': 0.5174, 'learning_rate': 8.109193095142513e-07, 'epoch': 2.88}
{'loss': 0.5134, 'learning_rate': 7.879795836439755e-07, 'epoch': 2.88}
{'loss': 0.5393, 'learning_rate': 7.650398577736996e-07, 'epoch': 2.89}
{'loss': 0.5147, 'learning_rate': 7.421001319034237e-07, 'epoch': 2.89}
{'loss': 0.5601, 'learning_rate': 7.19160406033148e-07, 'epoch': 2.89}
{'loss': 0.5415, 'learning_rate': 6.962206801628721e-07, 'epoch': 2.9}
{'loss': 0.5403, 'learning_rate': 6.732809542925962e-07, 'epoch': 2.9}
{'loss': 0.5419, 'learning_rate': 6.503412284223204e-07, 'epoch': 2.9}
{'loss': 0.5258, 'learning_rate': 6.274015025520446e-07, 'epoch': 2.91}
{'loss': 0.5503, 'learning_rate': 6.044617766817687e-07, 'epoch': 2.91}
{'loss': 0.5643, 'learning_rate': 5.815220508114928e-07, 'epoch': 2.91}
{'loss': 0.5384, 'learning_rate': 5.58582324941217e-07, 'epoch': 2.92}
{'eval_loss': 0.6816493272781372, 'eval_bce': 0.6800248904087889, 'eval_n_pos': 2024.0, 'eval_pos_rate': 0.09120814744716327, 'eval_auroc': 0.6529058203918233, 'eval_auprc': 0.18496657762399374, 'eval_mcc': 0.16544747292595832, 'eval_precision': 0.24027237354085604, 'eval_recall': 0.2440711462450593, 'eval_f1': 0.24215686274509804, 'eval_runtime': 20.0457, 'eval_samples_per_second': 1107.021, 'eval_steps_per_second': 17.31, 'epoch': 2.92}
{'loss': 0.552, 'learning_rate': 5.356425990709412e-07, 'epoch': 2.92}
{'loss': 0.564, 'learning_rate': 5.127028732006653e-07, 'epoch': 2.92}
{'loss': 0.6028, 'learning_rate': 4.897631473303894e-07, 'epoch': 2.93}
{'loss': 0.5582, 'learning_rate': 4.668234214601136e-07, 'epoch': 2.93}
{'loss': 0.5463, 'learning_rate': 4.438836955898378e-07, 'epoch': 2.93}
{'loss': 0.5473, 'learning_rate': 4.209439697195619e-07, 'epoch': 2.94}
{'loss': 0.551, 'learning_rate': 3.98004243849286e-07, 'epoch': 2.94}
{'loss': 0.5321, 'learning_rate': 3.7506451797901016e-07, 'epoch': 2.94}
{'loss': 0.5675, 'learning_rate': 3.5212479210873433e-07, 'epoch': 2.95}
{'loss': 0.5508, 'learning_rate': 3.2918506623845846e-07, 'epoch': 2.95}
{'loss': 0.5419, 'learning_rate': 3.0624534036818263e-07, 'epoch': 2.95}
{'loss': 0.5575, 'learning_rate': 2.8330561449790676e-07, 'epoch': 2.96}
{'eval_loss': 0.6809613108634949, 'eval_bce': 0.6793912920728676, 'eval_n_pos': 2024.0, 'eval_pos_rate': 0.09120814744716327, 'eval_auroc': 0.6480402228349801, 'eval_auprc': 0.1839590266885375, 'eval_mcc': 0.16786455672165465, 'eval_precision': 0.24257184607890891, 'eval_recall': 0.24604743083003952, 'eval_f1': 0.24429727740986018, 'eval_runtime': 20.0618, 'eval_samples_per_second': 1106.133, 'eval_steps_per_second': 17.297, 'epoch': 2.96}
{'loss': 0.5385, 'learning_rate': 2.6036588862763093e-07, 'epoch': 2.96}
{'loss': 0.5422, 'learning_rate': 2.3742616275735506e-07, 'epoch': 2.96}
{'loss': 0.5262, 'learning_rate': 2.1448643688707923e-07, 'epoch': 2.97}
{'loss': 0.5404, 'learning_rate': 1.9154671101680339e-07, 'epoch': 2.97}
{'loss': 0.5428, 'learning_rate': 1.6860698514652754e-07, 'epoch': 2.97}
{'loss': 0.543, 'learning_rate': 1.4566725927625166e-07, 'epoch': 2.98}
{'loss': 0.5489, 'learning_rate': 1.227275334059758e-07, 'epoch': 2.98}
{'loss': 0.5466, 'learning_rate': 9.978780753569995e-08, 'epoch': 2.99}
{'loss': 0.5581, 'learning_rate': 7.68480816654241e-08, 'epoch': 2.99}
{'loss': 0.5395, 'learning_rate': 5.3908355795148254e-08, 'epoch': 2.99}
{'loss': 0.5198, 'learning_rate': 3.09686299248724e-08, 'epoch': 3.0}
{'loss': 0.548, 'learning_rate': 8.028904054596549e-09, 'epoch': 3.0}
{'train_runtime': 3811.7378, 'train_samples_per_second': 146.783, 'train_steps_per_second': 4.588, 'train_loss': 0.5869495068227965, 'epoch': 3.0}
  [nodapt_ft] dev AUROC = 0.6622952545846922
=== [nodapt_ft] score leak-free ADASTRA + hetSNV ===
[load] ADASTRA eval: 251791 rows (pos=9071, neg=242720)
[windows] built 251791/251791  (dropped: 0 out-of-bounds, 0 bad-chrom; hg38-base!=ref on 0 kept rows)
[score] running twin inference on 251791 variants (dump_embeddings=False)...
Loaded weights from /home/asm242/palmer_scratch/entexBERT-2_experiments/EN-TEx/experiments/ctcf_a1_multitrack/stage2_nodapt_ft/runs/clf_2a_s20/pytorch_model.bin
  missing keys: 0 | unexpected keys: 0
[score] task=classification -> ranking AUROC on 'delta'
[leakage] train.meta.csv: +16193 bins, 16193 seen total
[leakage] dev.meta.csv: +2019 bins, 18212 seen total
[leakage] 206210/251791 eval variants (81.90%) in a seen bin; 7480 ASB-positive. Dropped for leak_free.
[AUROC:full] balanced 9071 pos + 9071 neg  AUROC=0.6589 95%CI[0.6510,0.6671]  AUPRC=0.6935
[AUROC:leak_free] balanced 1591 pos + 1591 neg  AUROC=0.6364 95%CI[0.6162,0.6538]  AUPRC=0.6696

=== entexBERT-2 vs benchmark models (CTCF_AUROC, 11 models) ===
      Sei                  DNN       0.7668
      DeepSEA              DNN       0.7664
      Enformer             DNN       0.7338
      DeepBind_ChIP-seq    DNN       0.6596
  >>> entexBERT-2 (this run)   0.6364  <<<
      DeepBind_HT-SELEX    DNN       0.6296
      deltaSVM_ChIP-seq    kmer/gkm  0.6118
      tRap                 PWM       0.6076
      FABIAN-variant       PWM       0.5514
      Beluga               DNN       0.5423
      atSNP                PWM       0.5312
      motifbreakR          PWM       0.5283

[done] wrote /home/asm242/palmer_scratch/entexBERT-2_experiments/EN-TEx/experiments/ctcf_a1_multitrack/score_nodapt_ft_adastra_metrics.json + /home/asm242/palmer_scratch/entexBERT-2_experiments/EN-TEx/experiments/ctcf_a1_multitrack/score_nodapt_ft_adastra_perVariant.csv.gz
[filter] total_reads>=20: 790085/2391015 rows kept
[load] 790085 hetSNV rows over donors=['ENC-001', 'ENC-002', 'ENC-003', 'ENC-004']
[leakage] train.meta.csv: +16193 bins, 16193 seen total
[leakage] dev.meta.csv: +2019 bins, 18212 seen total

===== donor ENC-001: 176390 rows (pos=11296, neg=165094) =====
[windows] built 176390/176390  (dropped: 0 out-of-bounds, 0 bad-chrom; hg38-base!=ref on 0 kept rows)
[score] running twin inference on 176390 variants (dump_embeddings=False)...
Loaded weights from /home/asm242/palmer_scratch/entexBERT-2_experiments/EN-TEx/experiments/ctcf_a1_multitrack/stage2_nodapt_ft/runs/clf_2a_s20/pytorch_model.bin
  missing keys: 0 | unexpected keys: 0
[leakage] 158545/176390 ENC-001 (cross-donor) variants in a seen bin (10090 positive).
  [ENC-001:full] AUROC=0.7190 CI[0.7125,0.7253] AUPRC=0.7157 n_pos=11296 | mag_Spearman=nan signed_Spearman=nan
  [ENC-001:leak_free] AUROC=0.6057 CI[0.5832,0.6278] AUPRC=0.6058 n_pos=1206 | mag_Spearman=nan signed_Spearman=nan
  --- per-tissue [leak_free] (>= 20 pos & neg) ---
    Peyers_patch                     AUROC=0.6410 n_pos=68 mag_Sp=nan
    adrenal_gland                    AUROC=0.6319 n_pos=78 mag_Sp=nan
    body_of_pancreas                 AUROC=0.6649 n_pos=189 mag_Sp=nan
    esophagus_muscularis_mucosa      AUROC=0.5680 n_pos=50 mag_Sp=nan
    esophagus_squamous_epithelium    AUROC=0.6465 n_pos=70 mag_Sp=nan
    gastroesophageal_sphincter       AUROC=0.6427 n_pos=38 mag_Sp=nan
    prostate_gland                   AUROC=0.6218 n_pos=98 mag_Sp=nan
    spleen                           AUROC=0.4096 n_pos=25 mag_Sp=nan
    testis                           AUROC=0.5030 n_pos=34 mag_Sp=nan
    thoracic_aorta                   AUROC=0.6068 n_pos=106 mag_Sp=nan
    tibial_artery                    AUROC=0.5405 n_pos=91 mag_Sp=nan
    tibial_nerve                     AUROC=0.6905 n_pos=52 mag_Sp=nan
    transverse_colon                 AUROC=0.6071 n_pos=143 mag_Sp=nan
    upper_lobe_of_left_lung          AUROC=0.5891 n_pos=110 mag_Sp=nan

===== donor ENC-002: 202506 rows (pos=10877, neg=191629) =====
[windows] built 202506/202506  (dropped: 0 out-of-bounds, 0 bad-chrom; hg38-base!=ref on 0 kept rows)
[score] running twin inference on 202506 variants (dump_embeddings=False)...
Loaded weights from /home/asm242/palmer_scratch/entexBERT-2_experiments/EN-TEx/experiments/ctcf_a1_multitrack/stage2_nodapt_ft/runs/clf_2a_s20/pytorch_model.bin
  missing keys: 0 | unexpected keys: 0
[leakage] 180810/202506 ENC-002 (matched) variants in a seen bin (9668 positive).
  [ENC-002:full] AUROC=0.7159 CI[0.7090,0.7233] AUPRC=0.7199 n_pos=10877 | mag_Spearman=nan signed_Spearman=nan
  [ENC-002:leak_free] AUROC=0.6841 CI[0.6630,0.7055] AUPRC=0.6946 n_pos=1209 | mag_Spearman=nan signed_Spearman=nan
  --- per-tissue [leak_free] (>= 20 pos & neg) ---
    Peyers_patch                     AUROC=0.6702 n_pos=101 mag_Sp=nan
    adrenal_gland                    AUROC=0.6950 n_pos=81 mag_Sp=nan
    body_of_pancreas                 AUROC=0.6362 n_pos=138 mag_Sp=nan
    breast_epithelium                AUROC=0.6143 n_pos=32 mag_Sp=nan
    esophagus_muscularis_mucosa      AUROC=0.7358 n_pos=84 mag_Sp=nan
    esophagus_squamous_epithelium    AUROC=0.6270 n_pos=107 mag_Sp=nan
    gastroesophageal_sphincter       AUROC=0.7068 n_pos=49 mag_Sp=nan
    prostate_gland                   AUROC=0.7302 n_pos=56 mag_Sp=nan
    sigmoid_colon                    AUROC=0.8316 n_pos=42 mag_Sp=nan
    spleen                           AUROC=0.7018 n_pos=183 mag_Sp=nan
    testis                           AUROC=0.5744 n_pos=25 mag_Sp=nan
    thyroid_gland                    AUROC=0.7185 n_pos=101 mag_Sp=nan
    transverse_colon                 AUROC=0.7955 n_pos=73 mag_Sp=nan
    upper_lobe_of_left_lung          AUROC=0.7235 n_pos=98 mag_Sp=nan

===== donor ENC-003: 196350 rows (pos=10462, neg=185888) =====
[windows] built 196350/196350  (dropped: 0 out-of-bounds, 0 bad-chrom; hg38-base!=ref on 0 kept rows)
[score] running twin inference on 196350 variants (dump_embeddings=False)...
Loaded weights from /home/asm242/palmer_scratch/entexBERT-2_experiments/EN-TEx/experiments/ctcf_a1_multitrack/stage2_nodapt_ft/runs/clf_2a_s20/pytorch_model.bin
  missing keys: 0 | unexpected keys: 0
[leakage] 175316/196350 ENC-003 (cross-donor) variants in a seen bin (9351 positive).
  [ENC-003:full] AUROC=0.7217 CI[0.7150,0.7292] AUPRC=0.7127 n_pos=10462 | mag_Spearman=nan signed_Spearman=nan
  [ENC-003:leak_free] AUROC=0.7226 CI[0.6999,0.7444] AUPRC=0.7199 n_pos=1111 | mag_Spearman=nan signed_Spearman=nan
  --- per-tissue [leak_free] (>= 20 pos & neg) ---
    Peyers_patch                     AUROC=0.7413 n_pos=85 mag_Sp=nan
    adrenal_gland                    AUROC=0.7103 n_pos=66 mag_Sp=nan
    body_of_pancreas                 AUROC=0.6902 n_pos=70 mag_Sp=nan
    coronary_artery                  AUROC=0.6106 n_pos=46 mag_Sp=nan
    esophagus_squamous_epithelium    AUROC=0.7536 n_pos=79 mag_Sp=nan
    gastrocnemius_medialis           AUROC=0.8083 n_pos=58 mag_Sp=nan
    gastroesophageal_sphincter       AUROC=0.7858 n_pos=57 mag_Sp=nan
    heart_left_ventricle             AUROC=0.6940 n_pos=85 mag_Sp=nan
    ovary                            AUROC=0.6996 n_pos=41 mag_Sp=nan
    right_lobe_of_liver              AUROC=0.7249 n_pos=76 mag_Sp=nan
    spleen                           AUROC=0.7844 n_pos=91 mag_Sp=nan
    thyroid_gland                    AUROC=0.7324 n_pos=32 mag_Sp=nan
    tibial_nerve                     AUROC=0.7484 n_pos=69 mag_Sp=nan
    transverse_colon                 AUROC=0.8124 n_pos=59 mag_Sp=nan
    upper_lobe_of_left_lung          AUROC=0.8109 n_pos=49 mag_Sp=nan
    uterus                           AUROC=0.7589 n_pos=79 mag_Sp=nan

===== donor ENC-004: 214839 rows (pos=10629, neg=204210) =====
[windows] built 214839/214839  (dropped: 0 out-of-bounds, 0 bad-chrom; hg38-base!=ref on 0 kept rows)
[score] running twin inference on 214839 variants (dump_embeddings=False)...
Loaded weights from /home/asm242/palmer_scratch/entexBERT-2_experiments/EN-TEx/experiments/ctcf_a1_multitrack/stage2_nodapt_ft/runs/clf_2a_s20/pytorch_model.bin
  missing keys: 0 | unexpected keys: 0
[leakage] 191967/214839 ENC-004 (cross-donor) variants in a seen bin (9514 positive).
  [ENC-004:full] AUROC=0.7225 CI[0.7153,0.7291] AUPRC=0.7150 n_pos=10629 | mag_Spearman=nan signed_Spearman=nan
  [ENC-004:leak_free] AUROC=0.6519 CI[0.6312,0.6744] AUPRC=0.6312 n_pos=1115 | mag_Spearman=nan signed_Spearman=nan
  --- per-tissue [leak_free] (>= 20 pos & neg) ---
    adrenal_gland                    AUROC=0.6498 n_pos=46 mag_Sp=nan
    ascending_aorta                  AUROC=0.7387 n_pos=49 mag_Sp=nan
    body_of_pancreas                 AUROC=0.7064 n_pos=107 mag_Sp=nan
    breast_epithelium                AUROC=0.7824 n_pos=29 mag_Sp=nan
    esophagus_muscularis_mucosa      AUROC=0.7277 n_pos=28 mag_Sp=nan
    esophagus_squamous_epithelium    AUROC=0.5816 n_pos=50 mag_Sp=nan
    gastrocnemius_medialis           AUROC=0.6160 n_pos=66 mag_Sp=nan
    gastroesophageal_sphincter       AUROC=0.7643 n_pos=74 mag_Sp=nan
    heart_left_ventricle             AUROC=0.6644 n_pos=69 mag_Sp=nan
    ovary                            AUROC=0.6686 n_pos=26 mag_Sp=nan
    right_atrium_auricular_region    AUROC=0.6910 n_pos=49 mag_Sp=nan
    spleen                           AUROC=0.6533 n_pos=100 mag_Sp=nan
    stomach                          AUROC=0.7274 n_pos=52 mag_Sp=nan
    thyroid_gland                    AUROC=0.7462 n_pos=95 mag_Sp=nan
    tibial_nerve                     AUROC=0.6468 n_pos=75 mag_Sp=nan
    upper_lobe_of_left_lung          AUROC=0.7213 n_pos=71 mag_Sp=nan
    uterus                           AUROC=0.6808 n_pos=59 mag_Sp=nan

[write] /home/asm242/palmer_scratch/entexBERT-2_experiments/EN-TEx/experiments/ctcf_a1_multitrack/score_nodapt_ft_hetsnv_perVariant.csv.gz  (790085 scored variants)
[write] /home/asm242/palmer_scratch/entexBERT-2_experiments/EN-TEx/experiments/ctcf_a1_multitrack/score_nodapt_ft_hetsnv_summary.csv

=== donor-level (ALL-tissue) summary ===
  donor  donor_kind    regime    auroc  n_pos  mag_spearman  signed_spearman
ENC-001 cross-donor      full 0.719036  11296           NaN              NaN
ENC-001 cross-donor leak_free 0.605664   1206           NaN              NaN
ENC-002     matched      full 0.715878  10877           NaN              NaN
ENC-002     matched leak_free 0.684074   1209           NaN              NaN
ENC-003 cross-donor      full 0.721727  10462           NaN              NaN
ENC-003 cross-donor leak_free 0.722569   1111           NaN              NaN
ENC-004 cross-donor      full 0.722546  10629           NaN              NaN
ENC-004 cross-donor leak_free 0.651879   1115           NaN              NaN
[nodapt_ft] scored -> /home/asm242/palmer_scratch/entexBERT-2_experiments/EN-TEx/experiments/ctcf_a1_multitrack/score_nodapt_ft_adastra*

============================================================
 NO-DAPT ARMS COMPLETE (s=20).
   nodapt    (frozen head)  -> /home/asm242/palmer_scratch/entexBERT-2_experiments/EN-TEx/experiments/ctcf_a1_multitrack/score_nodapt_adastra*
   nodapt_ft (full FT)      -> /home/asm242/palmer_scratch/entexBERT-2_experiments/EN-TEx/experiments/ctcf_a1_multitrack/score_nodapt_ft_adastra*
 Compare to: single-track 0.7208 | a1 multi-track 0.7082 (leak-free ADASTRA).
============================================================
