*** FULL RUN: 3-epoch 2a over s-sweep {s_hat,20,50,100} + 2-epoch 2b. This is the real number. ***
=== preflight ===
NVIDIA GeForce RTX 3090, 24576 MiB
torch 1.13.1+cu117 | cuda True
  repo OK: as_class label present
  found: /home/asm242/entexBERT-2/DNABERT-2-117M-attention
  found: /home/asm242/reference_genome/hg38.fa
  found: /home/asm242/palmer_scratch/entex_data/hetSNVs.tsv
  found: /home/asm242/palmer_scratch/entexBERT-2_experiments/ADASTRA/ctcf_adastra_evalset.csv
  found: /home/asm242/palmer_scratch/entexBERT-2_experiments/ADASTRA/ctcf_benchmark_reference_auroc.csv
  found: /home/asm242/palmer_scratch/entexBERT-2_experiments/EN-TEx/experiments/binding_reg_ENC-002_CTCF_ctcf_binding_regression_multitissue_enc002/runs/reg/pytorch_model.bin

=== STEP 3c: counts + held-out chroms + s_hat ===
[STEP 3c] counts absent -> building from hetSNVs
[in]  22310439 rows (assay=CTCF)
[agg] 712805 donor-loci -> 233906 kept (n>=20; dropped 478899)
[pos] imbalance_significant loci: 23346 (10.0%)
[k/n] median n=55, median k/n=0.500
[wrote] /home/asm242/palmer_scratch/entexBERT-2_experiments/EN-TEx/experiments/stage2_ctcf_clf_full/ctcf_betabinom_counts.csv
total positives = 23346  over 22 chromosomes
largest-2 by variant count (spared from holdout): ['chr1', 'chr2']
special-regime excluded: ['chr1', 'chrM', 'chrX', 'chrY']

HELD-OUT SET: chr3+chr10  pos=2335  frac=0.1000 (target 10%, dev 0.0000)
CI-viability OK (2335 >= 100 positives).

wrote /home/asm242/palmer_scratch/entexBERT-2_experiments/EN-TEx/experiments/stage2_ctcf_clf_full/ctcf_heldout_clf_per_chrom_counts.csv
[STEP 3c] held-out chroms = chr3,chr10
[STEP 3c] s_hat=31.6 | s-sweep = 31.6 20 50 100

=== STEP 4c: build Stage-2 classification dataset ===
Experiment: ctcf_stage2_asb_clf_enc002
  source:     betabinom_counts (has_variants=True)
  primary:    as_class [classification]
  aux:        none
  input_mode: hap_pair
  window:     L128/R128 offset=fixed jitter=0
  split:      train_dev_test group=locus exclude=0 loci
  depth_col:  n (-> 'depth' privileged weight)
  partition:  hybrid bin_size=100000 fold_id=0 test_chroms=['chr10', 'chr3'] (overrides group-shuffle)
  output_dir: /home/asm242/palmer_scratch/entexBERT-2_experiments/EN-TEx/experiments/stage2_ctcf_clf_full/inputs_clf
Loading reference FASTA...
partition_spec enabled (bin_size=100000, fold_id=0): row-level split counts {'train': 186512, 'test': 24634, 'dev': 22197, '__exclude__': 563}
  boundary exclusion: dropped 563 loci whose window straddled a 100000bp bin edge (boundary_bp=128)

Duplicate AS/window summary
Rows: 233343
Unique groups: 173671
Duplicate groups: 46065
Rows in duplicate groups: 105737
Conflicting-label groups: 6506
Rows in conflicting-label groups: 16019

Example conflicting groups:
                  n_rows  n_unique_labels  mean_label  min_label  max_label
_group_key                                                                 
002a74a1e374eb43       2                2    0.500000        0.0        1.0
00353f0a0aafac34       4                2    0.750000        0.0        1.0
003d5a2fcefd016c       2                2    0.500000        0.0        1.0
005717e0596c616c       3                2    0.333333        0.0        1.0
005ce4269dda50dd       3                2    0.333333        0.0        1.0
006f17328266552c       3                2    0.333333        0.0        1.0
007553914f29e105       3                2    0.333333        0.0        1.0
007882a61ac6f90d       2                2    0.500000        0.0        1.0
008fedc5cf3b1ace       2                2    0.500000        0.0        1.0
0090bf9432f7de50       3                2    0.333333        0.0        1.0
Precomputed split via column '_assigned_split': {'train.csv': 186500, 'dev.csv': 22195, 'test.csv': 24632}
cross-split dedup: dropped 4 rows from dev (sequence already present in an earlier split).
cross-split dedup: removed 4 cross-split duplicate-sequence rows total.
Saved 233323 total examples to /home/asm242/palmer_scratch/entexBERT-2_experiments/EN-TEx/experiments/stage2_ctcf_clf_full/inputs_clf
{'train.csv': 186500, 'dev.csv': 22191, 'test.csv': 24632}

Main label summary:
count    233323.000000
mean          0.099892
std           0.299856
min           0.000000
25%           0.000000
50%           0.000000
75%           0.000000
max           1.000000
Name: label, dtype: float64

Main label counts:
label
0.0    210016
1.0     23307
Name: count, dtype: int64

Done. Final rows: 233343

Finetune settings (map to finetune_entexbert2.py):
  --task classification
  --head_num_layers 2  (1 = linear, >1 = MLP)
  --head_hidden_size 128
  --proj_dim 128   (shared projection dim d for the contrast distance)
  --balanced_sampler True   (class-balanced batches: AS is rare, ~5-6% positive)
  --neff_s <s>   (privileged precision weight from 'n' -> depth; LUPI)
  trainer data path: /home/asm242/palmer_scratch/entexBERT-2_experiments/EN-TEx/experiments/stage2_ctcf_clf_full/inputs_clf
  primary label column: as_class
[STEP 4c] train.csv cols: ['sequence1', 'sequence2', 'label', 'depth'] | rows: 186500
[STEP 4c] label counts: {0.0: 167552, 1.0: 18948} | positive fraction: 0.1016
[STEP 4c] OK

=== STEP 5c: Stage-2a frozen contrast head (s sweep) ===
--- Stage-2a s=31.6 -> /home/asm242/palmer_scratch/entexBERT-2_experiments/EN-TEx/experiments/stage2_ctcf_clf_full/runs/clf_2a_s31.6 ---
{'loss': 0.6822, 'learning_rate': 0.0004, 'epoch': 0.0}
{'loss': 0.6706, 'learning_rate': 0.0008, 'epoch': 0.01}
{'loss': 0.6528, 'learning_rate': 0.000999426506853243, 'epoch': 0.01}
{'loss': 0.6851, 'learning_rate': 0.0009982795205597294, 'epoch': 0.01}
{'loss': 0.6712, 'learning_rate': 0.0009971325342662154, 'epoch': 0.02}
{'loss': 0.6524, 'learning_rate': 0.0009959855479727017, 'epoch': 0.02}
{'loss': 0.6546, 'learning_rate': 0.000994838561679188, 'epoch': 0.02}
{'loss': 0.6713, 'learning_rate': 0.000993691575385674, 'epoch': 0.03}
{'loss': 0.6776, 'learning_rate': 0.0009925445890921604, 'epoch': 0.03}
{'loss': 0.6826, 'learning_rate': 0.0009913976027986465, 'epoch': 0.03}
{'loss': 0.6551, 'learning_rate': 0.0009902506165051328, 'epoch': 0.04}
{'loss': 0.6749, 'learning_rate': 0.000989103630211619, 'epoch': 0.04}
{'eval_loss': 0.6812528371810913, 'eval_bce': 0.6806612218186331, 'eval_n_pos': 2024.0, 'eval_pos_rate': 0.09120814744716327, 'eval_auroc': 0.5964737916656786, 'eval_auprc': 0.16993404516892802, 'eval_mcc': 0.11463394427386259, 'eval_precision': 0.16728307254623045, 'eval_recall': 0.29051383399209485, 'eval_f1': 0.21231269182162849, 'eval_runtime': 20.4975, 'eval_samples_per_second': 1082.617, 'eval_steps_per_second': 16.929, 'epoch': 0.04}
{'loss': 0.6494, 'learning_rate': 0.0009879566439181052, 'epoch': 0.04}
{'loss': 0.6447, 'learning_rate': 0.0009868096576245915, 'epoch': 0.05}
{'loss': 0.6821, 'learning_rate': 0.0009856626713310775, 'epoch': 0.05}
{'loss': 0.6491, 'learning_rate': 0.0009845156850375638, 'epoch': 0.05}
{'loss': 0.6607, 'learning_rate': 0.00098336869874405, 'epoch': 0.06}
{'loss': 0.6393, 'learning_rate': 0.0009822217124505362, 'epoch': 0.06}
{'loss': 0.6661, 'learning_rate': 0.0009810747261570225, 'epoch': 0.07}
{'loss': 0.6626, 'learning_rate': 0.0009799277398635088, 'epoch': 0.07}
{'loss': 0.6565, 'learning_rate': 0.0009787807535699949, 'epoch': 0.07}
{'loss': 0.6881, 'learning_rate': 0.000977633767276481, 'epoch': 0.08}
{'loss': 0.66, 'learning_rate': 0.0009764867809829672, 'epoch': 0.08}
{'loss': 0.6681, 'learning_rate': 0.0009753397946894534, 'epoch': 0.08}
{'loss': 0.6446, 'learning_rate': 0.0009741928083959397, 'epoch': 0.09}
{'eval_loss': 0.6502476334571838, 'eval_bce': 0.6485217543088228, 'eval_n_pos': 2024.0, 'eval_pos_rate': 0.09120814744716327, 'eval_auroc': 0.591625502645793, 'eval_auprc': 0.16255571488243103, 'eval_mcc': 0.10974688976660658, 'eval_precision': 0.18559928443649373, 'eval_recall': 0.20503952569169961, 'eval_f1': 0.19483568075117372, 'eval_runtime': 20.6544, 'eval_samples_per_second': 1074.397, 'eval_steps_per_second': 16.8, 'epoch': 0.09}
{'loss': 0.6597, 'learning_rate': 0.0009730458221024259, 'epoch': 0.09}
{'loss': 0.6449, 'learning_rate': 0.0009718988358089121, 'epoch': 0.09}
{'loss': 0.6536, 'learning_rate': 0.0009707518495153983, 'epoch': 0.1}
{'loss': 0.6632, 'learning_rate': 0.0009696048632218846, 'epoch': 0.1}
{'loss': 0.67, 'learning_rate': 0.0009684578769283708, 'epoch': 0.1}
{'loss': 0.6519, 'learning_rate': 0.0009673108906348569, 'epoch': 0.11}
{'loss': 0.6696, 'learning_rate': 0.0009661639043413432, 'epoch': 0.11}
{'loss': 0.6296, 'learning_rate': 0.0009650169180478293, 'epoch': 0.11}
{'loss': 0.6454, 'learning_rate': 0.0009638699317543156, 'epoch': 0.12}
{'loss': 0.6537, 'learning_rate': 0.0009627229454608017, 'epoch': 0.12}
{'loss': 0.6487, 'learning_rate': 0.000961575959167288, 'epoch': 0.12}
{'loss': 0.658, 'learning_rate': 0.0009604289728737742, 'epoch': 0.13}
{'eval_loss': 0.6227228045463562, 'eval_bce': 0.6192669051297898, 'eval_n_pos': 2024.0, 'eval_pos_rate': 0.09120814744716327, 'eval_auroc': 0.6089512501442991, 'eval_auprc': 0.1798418028451591, 'eval_mcc': 0.1348387973538967, 'eval_precision': 0.2300995024875622, 'eval_recall': 0.18280632411067194, 'eval_f1': 0.20374449339207049, 'eval_runtime': 20.7199, 'eval_samples_per_second': 1070.999, 'eval_steps_per_second': 16.747, 'epoch': 0.13}
{'loss': 0.6453, 'learning_rate': 0.0009592819865802603, 'epoch': 0.13}
{'loss': 0.6736, 'learning_rate': 0.0009581350002867466, 'epoch': 0.13}
{'loss': 0.6625, 'learning_rate': 0.0009569880139932328, 'epoch': 0.14}
{'loss': 0.6422, 'learning_rate': 0.0009558410276997191, 'epoch': 0.14}
{'loss': 0.6661, 'learning_rate': 0.0009546940414062051, 'epoch': 0.14}
{'loss': 0.6521, 'learning_rate': 0.0009535470551126914, 'epoch': 0.15}
{'loss': 0.669, 'learning_rate': 0.0009524000688191776, 'epoch': 0.15}
{'loss': 0.6474, 'learning_rate': 0.0009512530825256639, 'epoch': 0.15}
{'loss': 0.6501, 'learning_rate': 0.00095010609623215, 'epoch': 0.16}
{'loss': 0.6509, 'learning_rate': 0.0009489591099386362, 'epoch': 0.16}
{'loss': 0.6608, 'learning_rate': 0.0009478121236451225, 'epoch': 0.16}
{'loss': 0.6471, 'learning_rate': 0.0009466651373516087, 'epoch': 0.17}
{'loss': 0.6532, 'learning_rate': 0.0009455181510580949, 'epoch': 0.17}
{'eval_loss': 0.6017346382141113, 'eval_bce': 0.5977499540703926, 'eval_n_pos': 2024.0, 'eval_pos_rate': 0.09120814744716327, 'eval_auroc': 0.616711097219639, 'eval_auprc': 0.16619149243408493, 'eval_mcc': 0.11747776750357546, 'eval_precision': 0.22532027128862095, 'eval_recall': 0.14772727272727273, 'eval_f1': 0.17845419277827512, 'eval_runtime': 20.7825, 'eval_samples_per_second': 1067.776, 'eval_steps_per_second': 16.697, 'epoch': 0.17}
{'loss': 0.6423, 'learning_rate': 0.000944371164764581, 'epoch': 0.17}
{'loss': 0.6666, 'learning_rate': 0.0009432241784710673, 'epoch': 0.18}
{'loss': 0.6517, 'learning_rate': 0.0009420771921775535, 'epoch': 0.18}
{'loss': 0.6531, 'learning_rate': 0.0009409302058840396, 'epoch': 0.19}
{'loss': 0.6466, 'learning_rate': 0.0009397832195905259, 'epoch': 0.19}
{'loss': 0.6378, 'learning_rate': 0.0009386362332970121, 'epoch': 0.19}
{'loss': 0.6689, 'learning_rate': 0.0009374892470034984, 'epoch': 0.2}
{'loss': 0.6329, 'learning_rate': 0.0009363422607099845, 'epoch': 0.2}
{'loss': 0.6476, 'learning_rate': 0.0009351952744164708, 'epoch': 0.2}
{'loss': 0.6522, 'learning_rate': 0.000934048288122957, 'epoch': 0.21}
{'loss': 0.634, 'learning_rate': 0.0009329013018294431, 'epoch': 0.21}
{'loss': 0.6652, 'learning_rate': 0.0009317543155359293, 'epoch': 0.21}
{'eval_loss': 0.591376781463623, 'eval_bce': 0.586784102187195, 'eval_n_pos': 2024.0, 'eval_pos_rate': 0.09120814744716327, 'eval_auroc': 0.6174722931114128, 'eval_auprc': 0.17580169720400643, 'eval_mcc': 0.12435632598100303, 'eval_precision': 0.2336874051593323, 'eval_recall': 0.15217391304347827, 'eval_f1': 0.1843207660083782, 'eval_runtime': 20.8065, 'eval_samples_per_second': 1066.541, 'eval_steps_per_second': 16.677, 'epoch': 0.21}
{'loss': 0.6589, 'learning_rate': 0.0009306073292424155, 'epoch': 0.22}
{'loss': 0.6489, 'learning_rate': 0.0009294603429489018, 'epoch': 0.22}
{'loss': 0.6527, 'learning_rate': 0.000928313356655388, 'epoch': 0.22}
{'loss': 0.6427, 'learning_rate': 0.0009271663703618742, 'epoch': 0.23}
{'loss': 0.6457, 'learning_rate': 0.0009260193840683604, 'epoch': 0.23}
{'loss': 0.6571, 'learning_rate': 0.0009248723977748467, 'epoch': 0.23}
{'loss': 0.6572, 'learning_rate': 0.0009237254114813329, 'epoch': 0.24}
{'loss': 0.6438, 'learning_rate': 0.0009225784251878189, 'epoch': 0.24}
{'loss': 0.6565, 'learning_rate': 0.0009214314388943052, 'epoch': 0.24}
{'loss': 0.6677, 'learning_rate': 0.0009202844526007914, 'epoch': 0.25}
{'loss': 0.6618, 'learning_rate': 0.0009191374663072777, 'epoch': 0.25}
{'loss': 0.6566, 'learning_rate': 0.0009179904800137638, 'epoch': 0.25}
{'loss': 0.6547, 'learning_rate': 0.0009168434937202501, 'epoch': 0.26}
{'eval_loss': 0.5724616050720215, 'eval_bce': 0.5670109757121852, 'eval_n_pos': 2024.0, 'eval_pos_rate': 0.09120814744716327, 'eval_auroc': 0.6204203791620602, 'eval_auprc': 0.17302728402546544, 'eval_mcc': 0.12044856264040057, 'eval_precision': 0.2517694641051567, 'eval_recall': 0.12302371541501976, 'eval_f1': 0.16528377032857616, 'eval_runtime': 20.8038, 'eval_samples_per_second': 1066.681, 'eval_steps_per_second': 16.68, 'epoch': 0.26}
{'loss': 0.6475, 'learning_rate': 0.0009156965074267363, 'epoch': 0.26}
{'loss': 0.6551, 'learning_rate': 0.0009145495211332225, 'epoch': 0.26}
{'loss': 0.6444, 'learning_rate': 0.0009134025348397087, 'epoch': 0.27}
{'loss': 0.6526, 'learning_rate': 0.0009122555485461948, 'epoch': 0.27}
{'loss': 0.6444, 'learning_rate': 0.0009111085622526811, 'epoch': 0.27}
{'loss': 0.6336, 'learning_rate': 0.0009099615759591673, 'epoch': 0.28}
{'loss': 0.6328, 'learning_rate': 0.0009088145896656535, 'epoch': 0.28}
{'loss': 0.6487, 'learning_rate': 0.0009076676033721397, 'epoch': 0.28}
{'loss': 0.6464, 'learning_rate': 0.0009065206170786259, 'epoch': 0.29}
{'loss': 0.6611, 'learning_rate': 0.0009053736307851122, 'epoch': 0.29}
{'loss': 0.6506, 'learning_rate': 0.0009042266444915983, 'epoch': 0.3}
{'loss': 0.6183, 'learning_rate': 0.0009030796581980846, 'epoch': 0.3}
{'eval_loss': 0.586452841758728, 'eval_bce': 0.5815151289829783, 'eval_n_pos': 2024.0, 'eval_pos_rate': 0.09120814744716327, 'eval_auroc': 0.6222594693988985, 'eval_auprc': 0.16712890414716325, 'eval_mcc': 0.11376792845147134, 'eval_precision': 0.2076167076167076, 'eval_recall': 0.16699604743083005, 'eval_f1': 0.18510405257393212, 'eval_runtime': 20.8211, 'eval_samples_per_second': 1065.792, 'eval_steps_per_second': 16.666, 'epoch': 0.3}
{'loss': 0.6415, 'learning_rate': 0.0009019326719045708, 'epoch': 0.3}
{'loss': 0.6237, 'learning_rate': 0.000900785685611057, 'epoch': 0.31}
{'loss': 0.649, 'learning_rate': 0.0008996386993175431, 'epoch': 0.31}
{'loss': 0.6589, 'learning_rate': 0.0008984917130240294, 'epoch': 0.31}
{'loss': 0.6433, 'learning_rate': 0.0008973447267305156, 'epoch': 0.32}
{'loss': 0.6368, 'learning_rate': 0.0008961977404370018, 'epoch': 0.32}
{'loss': 0.6516, 'learning_rate': 0.000895050754143488, 'epoch': 0.32}
{'loss': 0.6656, 'learning_rate': 0.0008939037678499742, 'epoch': 0.33}
{'loss': 0.6333, 'learning_rate': 0.0008927567815564605, 'epoch': 0.33}
{'loss': 0.6435, 'learning_rate': 0.0008916097952629467, 'epoch': 0.33}
{'loss': 0.6361, 'learning_rate': 0.0008904628089694329, 'epoch': 0.34}
{'loss': 0.6342, 'learning_rate': 0.000889315822675919, 'epoch': 0.34}
{'loss': 0.6261, 'learning_rate': 0.0008881688363824052, 'epoch': 0.34}
{'eval_loss': 0.5815153121948242, 'eval_bce': 0.5762041428558383, 'eval_n_pos': 2024.0, 'eval_pos_rate': 0.09120814744716327, 'eval_auroc': 0.6283615432678635, 'eval_auprc': 0.1682016252905608, 'eval_mcc': 0.12053863820877021, 'eval_precision': 0.21659278024065864, 'eval_recall': 0.16897233201581027, 'eval_f1': 0.18984179850124897, 'eval_runtime': 20.814, 'eval_samples_per_second': 1066.158, 'eval_steps_per_second': 16.671, 'epoch': 0.34}
{'loss': 0.6606, 'learning_rate': 0.0008870218500888915, 'epoch': 0.35}
{'loss': 0.6385, 'learning_rate': 0.0008858748637953776, 'epoch': 0.35}
{'loss': 0.6241, 'learning_rate': 0.0008847278775018639, 'epoch': 0.35}
{'loss': 0.6469, 'learning_rate': 0.0008835808912083501, 'epoch': 0.36}
{'loss': 0.6597, 'learning_rate': 0.0008824339049148363, 'epoch': 0.36}
{'loss': 0.624, 'learning_rate': 0.0008812869186213225, 'epoch': 0.36}
{'loss': 0.6466, 'learning_rate': 0.0008801399323278086, 'epoch': 0.37}
{'loss': 0.6634, 'learning_rate': 0.0008789929460342949, 'epoch': 0.37}
{'loss': 0.652, 'learning_rate': 0.000877845959740781, 'epoch': 0.37}
{'loss': 0.6353, 'learning_rate': 0.0008766989734472673, 'epoch': 0.38}
{'loss': 0.6786, 'learning_rate': 0.0008755519871537535, 'epoch': 0.38}
{'loss': 0.6384, 'learning_rate': 0.0008744050008602398, 'epoch': 0.38}
{'eval_loss': 0.5624939203262329, 'eval_bce': 0.5564066304611991, 'eval_n_pos': 2024.0, 'eval_pos_rate': 0.09120814744716327, 'eval_auroc': 0.6266148754735898, 'eval_auprc': 0.1732111432545953, 'eval_mcc': 0.12294026640687448, 'eval_precision': 0.2426086956521739, 'eval_recall': 0.13784584980237155, 'eval_f1': 0.17580340264650285, 'eval_runtime': 20.8311, 'eval_samples_per_second': 1065.284, 'eval_steps_per_second': 16.658, 'epoch': 0.39}
{'loss': 0.6432, 'learning_rate': 0.0008732580145667259, 'epoch': 0.39}
{'loss': 0.6439, 'learning_rate': 0.0008721110282732122, 'epoch': 0.39}
{'loss': 0.6559, 'learning_rate': 0.0008709640419796984, 'epoch': 0.39}
{'loss': 0.668, 'learning_rate': 0.0008698170556861846, 'epoch': 0.4}
{'loss': 0.6473, 'learning_rate': 0.0008686700693926707, 'epoch': 0.4}
{'loss': 0.651, 'learning_rate': 0.0008675230830991569, 'epoch': 0.4}
{'loss': 0.6538, 'learning_rate': 0.0008663760968056432, 'epoch': 0.41}
{'loss': 0.6321, 'learning_rate': 0.0008652291105121294, 'epoch': 0.41}
{'loss': 0.649, 'learning_rate': 0.0008640821242186156, 'epoch': 0.42}
{'loss': 0.6755, 'learning_rate': 0.0008629351379251018, 'epoch': 0.42}
{'loss': 0.6471, 'learning_rate': 0.000861788151631588, 'epoch': 0.42}
{'loss': 0.6587, 'learning_rate': 0.0008606411653380743, 'epoch': 0.43}
{'loss': 0.6545, 'learning_rate': 0.0008594941790445604, 'epoch': 0.43}
{'eval_loss': 0.5570348501205444, 'eval_bce': 0.5507008012137594, 'eval_n_pos': 2024.0, 'eval_pos_rate': 0.09120814744716327, 'eval_auroc': 0.6194944520565531, 'eval_auprc': 0.1722121173441982, 'eval_mcc': 0.11393923719877971, 'eval_precision': 0.2385496183206107, 'eval_recall': 0.12351778656126482, 'eval_f1': 0.16276041666666666, 'eval_runtime': 20.818, 'eval_samples_per_second': 1065.952, 'eval_steps_per_second': 16.668, 'epoch': 0.43}
{'loss': 0.6591, 'learning_rate': 0.0008583471927510467, 'epoch': 0.43}
{'loss': 0.6371, 'learning_rate': 0.0008572002064575328, 'epoch': 0.44}
{'loss': 0.6598, 'learning_rate': 0.0008560532201640191, 'epoch': 0.44}
{'loss': 0.6418, 'learning_rate': 0.0008549062338705052, 'epoch': 0.44}
{'loss': 0.6527, 'learning_rate': 0.0008537592475769915, 'epoch': 0.45}
{'loss': 0.6453, 'learning_rate': 0.0008526122612834777, 'epoch': 0.45}
{'loss': 0.6355, 'learning_rate': 0.0008514652749899639, 'epoch': 0.45}
{'loss': 0.6302, 'learning_rate': 0.0008503182886964501, 'epoch': 0.46}
{'loss': 0.6633, 'learning_rate': 0.0008491713024029363, 'epoch': 0.46}
{'loss': 0.6484, 'learning_rate': 0.0008480243161094226, 'epoch': 0.46}
{'loss': 0.6355, 'learning_rate': 0.0008468773298159087, 'epoch': 0.47}
{'loss': 0.6373, 'learning_rate': 0.0008457303435223949, 'epoch': 0.47}
{'eval_loss': 0.5582727789878845, 'eval_bce': 0.5517027638424148, 'eval_n_pos': 2024.0, 'eval_pos_rate': 0.09120814744716327, 'eval_auroc': 0.6304897338449246, 'eval_auprc': 0.1807912764889034, 'eval_mcc': 0.12697881464649896, 'eval_precision': 0.2457482993197279, 'eval_recall': 0.14278656126482214, 'eval_f1': 0.18062500000000004, 'eval_runtime': 20.8276, 'eval_samples_per_second': 1065.463, 'eval_steps_per_second': 16.661, 'epoch': 0.47}
{'loss': 0.6294, 'learning_rate': 0.0008445833572288811, 'epoch': 0.47}
{'loss': 0.6452, 'learning_rate': 0.0008434363709353673, 'epoch': 0.48}
{'loss': 0.6346, 'learning_rate': 0.0008422893846418536, 'epoch': 0.48}
{'loss': 0.6395, 'learning_rate': 0.0008411423983483397, 'epoch': 0.48}
{'loss': 0.6553, 'learning_rate': 0.000839995412054826, 'epoch': 0.49}
{'loss': 0.6482, 'learning_rate': 0.0008388484257613122, 'epoch': 0.49}
{'loss': 0.655, 'learning_rate': 0.0008377014394677985, 'epoch': 0.49}
{'loss': 0.6405, 'learning_rate': 0.0008365544531742845, 'epoch': 0.5}
{'loss': 0.6456, 'learning_rate': 0.0008354074668807707, 'epoch': 0.5}
{'loss': 0.6339, 'learning_rate': 0.000834260480587257, 'epoch': 0.5}
{'loss': 0.6812, 'learning_rate': 0.0008331134942937432, 'epoch': 0.51}
{'loss': 0.6453, 'learning_rate': 0.0008319665080002294, 'epoch': 0.51}
{'loss': 0.6635, 'learning_rate': 0.0008308195217067156, 'epoch': 0.51}
{'eval_loss': 0.5533025860786438, 'eval_bce': 0.5469066704004313, 'eval_n_pos': 2024.0, 'eval_pos_rate': 0.09120814744716327, 'eval_auroc': 0.6285150906923238, 'eval_auprc': 0.1727931027596849, 'eval_mcc': 0.11312734591463344, 'eval_precision': 0.24169184290030213, 'eval_recall': 0.11857707509881422, 'eval_f1': 0.15909844216108715, 'eval_runtime': 20.8156, 'eval_samples_per_second': 1066.078, 'eval_steps_per_second': 16.67, 'epoch': 0.51}
{'loss': 0.6635, 'learning_rate': 0.0008296725354132019, 'epoch': 0.52}
{'loss': 0.617, 'learning_rate': 0.0008285255491196881, 'epoch': 0.52}
{'loss': 0.6447, 'learning_rate': 0.0008273785628261743, 'epoch': 0.52}
{'loss': 0.654, 'learning_rate': 0.0008262315765326605, 'epoch': 0.53}
{'loss': 0.6517, 'learning_rate': 0.0008250845902391466, 'epoch': 0.53}
{'loss': 0.6423, 'learning_rate': 0.0008239376039456329, 'epoch': 0.54}
{'loss': 0.6484, 'learning_rate': 0.000822790617652119, 'epoch': 0.54}
{'loss': 0.6342, 'learning_rate': 0.0008216436313586053, 'epoch': 0.54}
{'loss': 0.6372, 'learning_rate': 0.0008204966450650915, 'epoch': 0.55}
{'loss': 0.6097, 'learning_rate': 0.0008193496587715778, 'epoch': 0.55}
{'loss': 0.6785, 'learning_rate': 0.0008182026724780639, 'epoch': 0.55}
{'loss': 0.6582, 'learning_rate': 0.0008170556861845501, 'epoch': 0.56}
{'eval_loss': 0.5593441128730774, 'eval_bce': 0.5530853558943851, 'eval_n_pos': 2024.0, 'eval_pos_rate': 0.09120814744716327, 'eval_auroc': 0.6203133185725281, 'eval_auprc': 0.1703508816993189, 'eval_mcc': 0.11716540800217934, 'eval_precision': 0.23926940639269406, 'eval_recall': 0.12944664031620554, 'eval_f1': 0.16800256492465535, 'eval_runtime': 20.8401, 'eval_samples_per_second': 1064.823, 'eval_steps_per_second': 16.651, 'epoch': 0.56}
{'loss': 0.6554, 'learning_rate': 0.0008159086998910364, 'epoch': 0.56}
{'loss': 0.6384, 'learning_rate': 0.0008147617135975225, 'epoch': 0.56}
{'loss': 0.6495, 'learning_rate': 0.0008136147273040087, 'epoch': 0.57}
{'loss': 0.6459, 'learning_rate': 0.0008124677410104949, 'epoch': 0.57}
{'loss': 0.6537, 'learning_rate': 0.0008113207547169812, 'epoch': 0.57}
{'loss': 0.6389, 'learning_rate': 0.0008101737684234673, 'epoch': 0.58}
{'loss': 0.6524, 'learning_rate': 0.0008090267821299535, 'epoch': 0.58}
{'loss': 0.6255, 'learning_rate': 0.0008078797958364398, 'epoch': 0.58}
{'loss': 0.6558, 'learning_rate': 0.000806732809542926, 'epoch': 0.59}
{'loss': 0.6377, 'learning_rate': 0.0008055858232494122, 'epoch': 0.59}
{'loss': 0.6595, 'learning_rate': 0.0008044388369558983, 'epoch': 0.59}
{'loss': 0.644, 'learning_rate': 0.0008032918506623846, 'epoch': 0.6}
{'loss': 0.6546, 'learning_rate': 0.0008021448643688708, 'epoch': 0.6}
{'eval_loss': 0.5641694664955139, 'eval_bce': 0.55821307748274, 'eval_n_pos': 2024.0, 'eval_pos_rate': 0.09120814744716327, 'eval_auroc': 0.6212494005096967, 'eval_auprc': 0.16973413550990002, 'eval_mcc': 0.11242636639298667, 'eval_precision': 0.22391653290529695, 'eval_recall': 0.13784584980237155, 'eval_f1': 0.1706422018348624, 'eval_runtime': 20.8222, 'eval_samples_per_second': 1065.74, 'eval_steps_per_second': 16.665, 'epoch': 0.6}
{'loss': 0.6566, 'learning_rate': 0.000800997878075357, 'epoch': 0.6}
{'loss': 0.6393, 'learning_rate': 0.0007998508917818432, 'epoch': 0.61}
{'loss': 0.6305, 'learning_rate': 0.0007987039054883294, 'epoch': 0.61}
{'loss': 0.6407, 'learning_rate': 0.0007975569191948157, 'epoch': 0.61}
{'loss': 0.6398, 'learning_rate': 0.0007964099329013018, 'epoch': 0.62}
{'loss': 0.6519, 'learning_rate': 0.0007952629466077881, 'epoch': 0.62}
{'loss': 0.6436, 'learning_rate': 0.0007941159603142742, 'epoch': 0.62}
{'loss': 0.6435, 'learning_rate': 0.0007929689740207605, 'epoch': 0.63}
{'loss': 0.6334, 'learning_rate': 0.0007918219877272466, 'epoch': 0.63}
{'loss': 0.6594, 'learning_rate': 0.0007906750014337328, 'epoch': 0.63}
{'loss': 0.6462, 'learning_rate': 0.0007895280151402191, 'epoch': 0.64}
{'loss': 0.6508, 'learning_rate': 0.0007883810288467053, 'epoch': 0.64}
{'eval_loss': 0.5634680390357971, 'eval_bce': 0.55712636728786, 'eval_n_pos': 2024.0, 'eval_pos_rate': 0.09120814744716327, 'eval_auroc': 0.6374535352141633, 'eval_auprc': 0.17683649492286346, 'eval_mcc': 0.12516449160539916, 'eval_precision': 0.23542944785276074, 'eval_recall': 0.15167984189723321, 'eval_f1': 0.18449519230769232, 'eval_runtime': 20.826, 'eval_samples_per_second': 1065.543, 'eval_steps_per_second': 16.662, 'epoch': 0.64}
{'loss': 0.6445, 'learning_rate': 0.0007872340425531915, 'epoch': 0.65}
{'loss': 0.6193, 'learning_rate': 0.0007860870562596777, 'epoch': 0.65}
{'loss': 0.6443, 'learning_rate': 0.000784940069966164, 'epoch': 0.65}
{'loss': 0.6227, 'learning_rate': 0.0007837930836726502, 'epoch': 0.66}
{'loss': 0.6393, 'learning_rate': 0.0007826460973791363, 'epoch': 0.66}
{'loss': 0.6253, 'learning_rate': 0.0007814991110856225, 'epoch': 0.66}
{'loss': 0.6564, 'learning_rate': 0.0007803521247921087, 'epoch': 0.67}
{'loss': 0.6468, 'learning_rate': 0.000779205138498595, 'epoch': 0.67}
{'loss': 0.6319, 'learning_rate': 0.0007780581522050811, 'epoch': 0.67}
{'loss': 0.6707, 'learning_rate': 0.0007769111659115674, 'epoch': 0.68}
{'loss': 0.6396, 'learning_rate': 0.0007757641796180536, 'epoch': 0.68}
{'loss': 0.6593, 'learning_rate': 0.0007746171933245399, 'epoch': 0.68}
{'loss': 0.6455, 'learning_rate': 0.000773470207031026, 'epoch': 0.69}
{'eval_loss': 0.5531772971153259, 'eval_bce': 0.5465070232301603, 'eval_n_pos': 2024.0, 'eval_pos_rate': 0.09120814744716327, 'eval_auroc': 0.6303747355823929, 'eval_auprc': 0.18591789616309495, 'eval_mcc': 0.12923073162877483, 'eval_precision': 0.2622133599202393, 'eval_recall': 0.1299407114624506, 'eval_f1': 0.17376940865543447, 'eval_runtime': 20.8626, 'eval_samples_per_second': 1063.676, 'eval_steps_per_second': 16.633, 'epoch': 0.69}
{'loss': 0.6466, 'learning_rate': 0.0007723232207375121, 'epoch': 0.69}
{'loss': 0.6408, 'learning_rate': 0.0007711762344439984, 'epoch': 0.69}
{'loss': 0.614, 'learning_rate': 0.0007700292481504846, 'epoch': 0.7}
{'loss': 0.6192, 'learning_rate': 0.0007688822618569708, 'epoch': 0.7}
{'loss': 0.6498, 'learning_rate': 0.000767735275563457, 'epoch': 0.7}
{'loss': 0.629, 'learning_rate': 0.0007665882892699433, 'epoch': 0.71}
{'loss': 0.6451, 'learning_rate': 0.0007654413029764295, 'epoch': 0.71}
{'loss': 0.6378, 'learning_rate': 0.0007642943166829156, 'epoch': 0.71}
{'loss': 0.6806, 'learning_rate': 0.0007631473303894019, 'epoch': 0.72}
{'loss': 0.6657, 'learning_rate': 0.000762000344095888, 'epoch': 0.72}
{'loss': 0.6491, 'learning_rate': 0.0007608533578023743, 'epoch': 0.72}
{'loss': 0.6336, 'learning_rate': 0.0007597063715088604, 'epoch': 0.73}
{'eval_loss': 0.5605093836784363, 'eval_bce': 0.5537724006738525, 'eval_n_pos': 2024.0, 'eval_pos_rate': 0.09120814744716327, 'eval_auroc': 0.6371930006971434, 'eval_auprc': 0.18064437427157504, 'eval_mcc': 0.12538454292491838, 'eval_precision': 0.24285714285714285, 'eval_recall': 0.14278656126482214, 'eval_f1': 0.17983820784069696, 'eval_runtime': 22.2866, 'eval_samples_per_second': 995.712, 'eval_steps_per_second': 15.57, 'epoch': 0.73}
{'loss': 0.6418, 'learning_rate': 0.0007585593852153467, 'epoch': 0.73}
{'loss': 0.6588, 'learning_rate': 0.0007574123989218329, 'epoch': 0.73}
{'loss': 0.6324, 'learning_rate': 0.0007562654126283192, 'epoch': 0.74}
{'loss': 0.636, 'learning_rate': 0.0007551184263348053, 'epoch': 0.74}
{'loss': 0.6508, 'learning_rate': 0.0007539714400412915, 'epoch': 0.74}
{'loss': 0.6603, 'learning_rate': 0.0007528244537477778, 'epoch': 0.75}
{'loss': 0.6328, 'learning_rate': 0.000751677467454264, 'epoch': 0.75}
{'loss': 0.6399, 'learning_rate': 0.0007505304811607501, 'epoch': 0.75}
{'loss': 0.6615, 'learning_rate': 0.0007493834948672363, 'epoch': 0.76}
{'loss': 0.6257, 'learning_rate': 0.0007482365085737226, 'epoch': 0.76}
{'loss': 0.6521, 'learning_rate': 0.0007470895222802088, 'epoch': 0.77}
{'loss': 0.6237, 'learning_rate': 0.0007459425359866949, 'epoch': 0.77}
{'loss': 0.6514, 'learning_rate': 0.0007447955496931812, 'epoch': 0.77}
{'eval_loss': 0.5571436882019043, 'eval_bce': 0.5505384054003487, 'eval_n_pos': 2024.0, 'eval_pos_rate': 0.09120814744716327, 'eval_auroc': 0.6298566064272415, 'eval_auprc': 0.17921556027698488, 'eval_mcc': 0.1213830171084464, 'eval_precision': 0.24452554744525548, 'eval_recall': 0.1324110671936759, 'eval_f1': 0.1717948717948718, 'eval_runtime': 22.2712, 'eval_samples_per_second': 996.399, 'eval_steps_per_second': 15.581, 'epoch': 0.77}
{'loss': 0.6512, 'learning_rate': 0.0007436485633996674, 'epoch': 0.78}
{'loss': 0.6429, 'learning_rate': 0.0007425015771061537, 'epoch': 0.78}
{'loss': 0.6279, 'learning_rate': 0.0007413545908126398, 'epoch': 0.78}
{'loss': 0.6131, 'learning_rate': 0.000740207604519126, 'epoch': 0.79}
{'loss': 0.6207, 'learning_rate': 0.0007390606182256122, 'epoch': 0.79}
{'loss': 0.6612, 'learning_rate': 0.0007379136319320984, 'epoch': 0.79}
{'loss': 0.64, 'learning_rate': 0.0007367666456385846, 'epoch': 0.8}
{'loss': 0.644, 'learning_rate': 0.0007356196593450708, 'epoch': 0.8}
{'loss': 0.6308, 'learning_rate': 0.0007344726730515571, 'epoch': 0.8}
{'loss': 0.6342, 'learning_rate': 0.0007333256867580432, 'epoch': 0.81}
{'loss': 0.6275, 'learning_rate': 0.0007321787004645295, 'epoch': 0.81}
{'loss': 0.6462, 'learning_rate': 0.0007310317141710157, 'epoch': 0.81}
{'eval_loss': 0.5546243190765381, 'eval_bce': 0.547431453495578, 'eval_n_pos': 2024.0, 'eval_pos_rate': 0.09120814744716327, 'eval_auroc': 0.6311369114337966, 'eval_auprc': 0.1859821053486766, 'eval_mcc': 0.13453842948587288, 'eval_precision': 0.2641509433962264, 'eval_recall': 0.1383399209486166, 'eval_f1': 0.1815823605706874, 'eval_runtime': 22.2752, 'eval_samples_per_second': 996.22, 'eval_steps_per_second': 15.578, 'epoch': 0.81}
{'loss': 0.6604, 'learning_rate': 0.000729884727877502, 'epoch': 0.82}
{'loss': 0.6525, 'learning_rate': 0.000728737741583988, 'epoch': 0.82}
{'loss': 0.6492, 'learning_rate': 0.0007275907552904742, 'epoch': 0.82}
{'loss': 0.621, 'learning_rate': 0.0007264437689969605, 'epoch': 0.83}
{'loss': 0.64, 'learning_rate': 0.0007252967827034467, 'epoch': 0.83}
{'loss': 0.6445, 'learning_rate': 0.0007241497964099329, 'epoch': 0.83}
{'loss': 0.6348, 'learning_rate': 0.0007230028101164191, 'epoch': 0.84}
{'loss': 0.608, 'learning_rate': 0.0007218558238229054, 'epoch': 0.84}
{'loss': 0.6074, 'learning_rate': 0.0007207088375293916, 'epoch': 0.84}
{'loss': 0.6321, 'learning_rate': 0.0007195618512358776, 'epoch': 0.85}
{'loss': 0.6452, 'learning_rate': 0.0007184148649423639, 'epoch': 0.85}
{'loss': 0.6325, 'learning_rate': 0.0007172678786488501, 'epoch': 0.85}
{'loss': 0.6401, 'learning_rate': 0.0007161208923553364, 'epoch': 0.86}
{'eval_loss': 0.5561531782150269, 'eval_bce': 0.5496155587169822, 'eval_n_pos': 2024.0, 'eval_pos_rate': 0.09120814744716327, 'eval_auroc': 0.6341478863936721, 'eval_auprc': 0.18273993230654784, 'eval_mcc': 0.12554921061126736, 'eval_precision': 0.24192212096106047, 'eval_recall': 0.1442687747035573, 'eval_f1': 0.18074899411946763, 'eval_runtime': 20.8221, 'eval_samples_per_second': 1065.742, 'eval_steps_per_second': 16.665, 'epoch': 0.86}
{'loss': 0.6536, 'learning_rate': 0.0007149739060618225, 'epoch': 0.86}
{'loss': 0.6371, 'learning_rate': 0.0007138269197683088, 'epoch': 0.86}
{'loss': 0.6466, 'learning_rate': 0.000712679933474795, 'epoch': 0.87}
{'loss': 0.6395, 'learning_rate': 0.0007115329471812813, 'epoch': 0.87}
{'loss': 0.6434, 'learning_rate': 0.0007103859608877674, 'epoch': 0.87}
{'loss': 0.6524, 'learning_rate': 0.0007092389745942536, 'epoch': 0.88}
{'loss': 0.6505, 'learning_rate': 0.0007080919883007399, 'epoch': 0.88}
{'loss': 0.6431, 'learning_rate': 0.000706945002007226, 'epoch': 0.89}
{'loss': 0.6179, 'learning_rate': 0.0007057980157137122, 'epoch': 0.89}
{'loss': 0.6558, 'learning_rate': 0.0007046510294201984, 'epoch': 0.89}
{'loss': 0.6591, 'learning_rate': 0.0007035040431266847, 'epoch': 0.9}
{'loss': 0.6554, 'learning_rate': 0.0007023570568331709, 'epoch': 0.9}
{'eval_loss': 0.5494698286056519, 'eval_bce': 0.5424935539770149, 'eval_n_pos': 2024.0, 'eval_pos_rate': 0.09120814744716327, 'eval_auroc': 0.6349388118107085, 'eval_auprc': 0.17993846039111192, 'eval_mcc': 0.1254083388932176, 'eval_precision': 0.25511197663096397, 'eval_recall': 0.12944664031620554, 'eval_f1': 0.17174696820714516, 'eval_runtime': 20.8153, 'eval_samples_per_second': 1066.092, 'eval_steps_per_second': 16.67, 'epoch': 0.9}
{'loss': 0.6547, 'learning_rate': 0.000701210070539657, 'epoch': 0.9}
{'loss': 0.6356, 'learning_rate': 0.0007000630842461433, 'epoch': 0.91}
{'loss': 0.6796, 'learning_rate': 0.0006989160979526295, 'epoch': 0.91}
{'loss': 0.6417, 'learning_rate': 0.0006977691116591158, 'epoch': 0.91}
{'loss': 0.6382, 'learning_rate': 0.0006966221253656018, 'epoch': 0.92}
{'loss': 0.6573, 'learning_rate': 0.0006954751390720881, 'epoch': 0.92}
{'loss': 0.622, 'learning_rate': 0.0006943281527785743, 'epoch': 0.92}
{'loss': 0.6475, 'learning_rate': 0.0006931811664850605, 'epoch': 0.93}
{'loss': 0.6597, 'learning_rate': 0.0006920341801915467, 'epoch': 0.93}
{'loss': 0.6414, 'learning_rate': 0.0006908871938980329, 'epoch': 0.93}
{'loss': 0.6267, 'learning_rate': 0.0006897402076045192, 'epoch': 0.94}
{'loss': 0.6455, 'learning_rate': 0.0006885932213110054, 'epoch': 0.94}
{'loss': 0.6642, 'learning_rate': 0.0006874462350174916, 'epoch': 0.94}
{'eval_loss': 0.5515248775482178, 'eval_bce': 0.544755671408049, 'eval_n_pos': 2024.0, 'eval_pos_rate': 0.09120814744716327, 'eval_auroc': 0.635569170842438, 'eval_auprc': 0.17472209714287293, 'eval_mcc': 0.12328956009720941, 'eval_precision': 0.2514450867052023, 'eval_recall': 0.12895256916996048, 'eval_f1': 0.170476812540823, 'eval_runtime': 20.8112, 'eval_samples_per_second': 1066.3, 'eval_steps_per_second': 16.674, 'epoch': 0.94}
{'loss': 0.6451, 'learning_rate': 0.0006862992487239777, 'epoch': 0.95}
{'loss': 0.6526, 'learning_rate': 0.000685152262430464, 'epoch': 0.95}
{'loss': 0.6338, 'learning_rate': 0.0006840052761369502, 'epoch': 0.95}
{'loss': 0.6339, 'learning_rate': 0.0006828582898434363, 'epoch': 0.96}
{'loss': 0.6298, 'learning_rate': 0.0006817113035499226, 'epoch': 0.96}
{'loss': 0.631, 'learning_rate': 0.0006805643172564088, 'epoch': 0.96}
{'loss': 0.663, 'learning_rate': 0.0006794173309628951, 'epoch': 0.97}
{'loss': 0.6393, 'learning_rate': 0.0006782703446693812, 'epoch': 0.97}
{'loss': 0.6265, 'learning_rate': 0.0006771233583758675, 'epoch': 0.97}
{'loss': 0.6226, 'learning_rate': 0.0006759763720823537, 'epoch': 0.98}
{'loss': 0.6543, 'learning_rate': 0.0006748293857888398, 'epoch': 0.98}
{'loss': 0.6467, 'learning_rate': 0.000673682399495326, 'epoch': 0.98}
{'eval_loss': 0.5479265451431274, 'eval_bce': 0.5408085332947686, 'eval_n_pos': 2024.0, 'eval_pos_rate': 0.09120814744716327, 'eval_auroc': 0.6406630254960016, 'eval_auprc': 0.18313888739697498, 'eval_mcc': 0.12762657557261614, 'eval_precision': 0.2575024201355276, 'eval_recall': 0.13142292490118576, 'eval_f1': 0.17402682368334968, 'eval_runtime': 20.8217, 'eval_samples_per_second': 1065.764, 'eval_steps_per_second': 16.665, 'epoch': 0.99}
{'loss': 0.6533, 'learning_rate': 0.0006725354132018122, 'epoch': 0.99}
{'loss': 0.6539, 'learning_rate': 0.0006713884269082985, 'epoch': 0.99}
{'loss': 0.6529, 'learning_rate': 0.0006702414406147847, 'epoch': 1.0}
{'loss': 0.6312, 'learning_rate': 0.0006690944543212709, 'epoch': 1.0}
{'loss': 0.6323, 'learning_rate': 0.0006679474680277571, 'epoch': 1.0}
{'loss': 0.6317, 'learning_rate': 0.0006668004817342433, 'epoch': 1.01}
{'loss': 0.6321, 'learning_rate': 0.0006656534954407296, 'epoch': 1.01}
{'loss': 0.6685, 'learning_rate': 0.0006645065091472156, 'epoch': 1.01}
{'loss': 0.6462, 'learning_rate': 0.0006633595228537019, 'epoch': 1.02}
{'loss': 0.6502, 'learning_rate': 0.0006622125365601881, 'epoch': 1.02}
{'loss': 0.6524, 'learning_rate': 0.0006610655502666744, 'epoch': 1.02}
{'loss': 0.6533, 'learning_rate': 0.0006599185639731605, 'epoch': 1.03}
{'loss': 0.6231, 'learning_rate': 0.0006587715776796468, 'epoch': 1.03}
{'eval_loss': 0.5568060278892517, 'eval_bce': 0.5500632427635903, 'eval_n_pos': 2024.0, 'eval_pos_rate': 0.09120814744716327, 'eval_auroc': 0.6349933588135902, 'eval_auprc': 0.18301266116284873, 'eval_mcc': 0.12978299563856793, 'eval_precision': 0.24831649831649832, 'eval_recall': 0.14575098814229248, 'eval_f1': 0.18368617683686175, 'eval_runtime': 20.8425, 'eval_samples_per_second': 1064.697, 'eval_steps_per_second': 16.649, 'epoch': 1.03}
{'loss': 0.6337, 'learning_rate': 0.000657624591386133, 'epoch': 1.03}
{'loss': 0.6315, 'learning_rate': 0.0006564776050926191, 'epoch': 1.04}
{'loss': 0.668, 'learning_rate': 0.0006553306187991054, 'epoch': 1.04}
{'loss': 0.6405, 'learning_rate': 0.0006541836325055915, 'epoch': 1.04}
{'loss': 0.6478, 'learning_rate': 0.0006530366462120778, 'epoch': 1.05}
{'loss': 0.639, 'learning_rate': 0.0006518896599185639, 'epoch': 1.05}
{'loss': 0.6498, 'learning_rate': 0.0006507426736250502, 'epoch': 1.05}
{'loss': 0.638, 'learning_rate': 0.0006495956873315364, 'epoch': 1.06}
{'loss': 0.6211, 'learning_rate': 0.0006484487010380226, 'epoch': 1.06}
{'loss': 0.6464, 'learning_rate': 0.0006473017147445088, 'epoch': 1.06}
{'loss': 0.6565, 'learning_rate': 0.000646154728450995, 'epoch': 1.07}
{'loss': 0.626, 'learning_rate': 0.0006450077421574813, 'epoch': 1.07}
{'eval_loss': 0.5564823150634766, 'eval_bce': 0.5496327261062898, 'eval_n_pos': 2024.0, 'eval_pos_rate': 0.09120814744716327, 'eval_auroc': 0.6421984629921186, 'eval_auprc': 0.18958894083797329, 'eval_mcc': 0.13859594388211155, 'eval_precision': 0.2619669277632724, 'eval_recall': 0.14871541501976285, 'eval_f1': 0.1897258115348251, 'eval_runtime': 20.8272, 'eval_samples_per_second': 1065.482, 'eval_steps_per_second': 16.661, 'epoch': 1.07}
{'loss': 0.6408, 'learning_rate': 0.0006438607558639675, 'epoch': 1.07}
{'loss': 0.64, 'learning_rate': 0.0006427137695704536, 'epoch': 1.08}
{'loss': 0.6741, 'learning_rate': 0.0006415667832769398, 'epoch': 1.08}
{'loss': 0.6269, 'learning_rate': 0.000640419796983426, 'epoch': 1.08}
{'loss': 0.6527, 'learning_rate': 0.0006392728106899123, 'epoch': 1.09}
{'loss': 0.6443, 'learning_rate': 0.0006381258243963984, 'epoch': 1.09}
{'loss': 0.6422, 'learning_rate': 0.0006369788381028847, 'epoch': 1.09}
{'loss': 0.6252, 'learning_rate': 0.0006358318518093709, 'epoch': 1.1}
{'loss': 0.6428, 'learning_rate': 0.0006346848655158572, 'epoch': 1.1}
{'loss': 0.6526, 'learning_rate': 0.0006335378792223432, 'epoch': 1.1}
{'loss': 0.6566, 'learning_rate': 0.0006323908929288295, 'epoch': 1.11}
{'loss': 0.6509, 'learning_rate': 0.0006312439066353157, 'epoch': 1.11}
{'loss': 0.6525, 'learning_rate': 0.0006300969203418019, 'epoch': 1.12}
{'eval_loss': 0.5539511442184448, 'eval_bce': 0.5471294414663251, 'eval_n_pos': 2024.0, 'eval_pos_rate': 0.09120814744716327, 'eval_auroc': 0.6442011819881069, 'eval_auprc': 0.18476790580211336, 'eval_mcc': 0.13083385272844922, 'eval_precision': 0.2532981530343008, 'eval_recall': 0.1422924901185771, 'eval_f1': 0.1822208161974059, 'eval_runtime': 22.3047, 'eval_samples_per_second': 994.902, 'eval_steps_per_second': 15.557, 'epoch': 1.12}
{'loss': 0.6684, 'learning_rate': 0.0006289499340482881, 'epoch': 1.12}
{'loss': 0.6397, 'learning_rate': 0.0006278029477547743, 'epoch': 1.12}
{'loss': 0.625, 'learning_rate': 0.0006266559614612606, 'epoch': 1.13}
{'loss': 0.6317, 'learning_rate': 0.0006255089751677468, 'epoch': 1.13}
{'loss': 0.6502, 'learning_rate': 0.000624361988874233, 'epoch': 1.13}
{'loss': 0.6189, 'learning_rate': 0.0006232150025807192, 'epoch': 1.14}
{'loss': 0.6459, 'learning_rate': 0.0006220680162872053, 'epoch': 1.14}
{'loss': 0.646, 'learning_rate': 0.0006209210299936916, 'epoch': 1.14}
{'loss': 0.6267, 'learning_rate': 0.0006197740437001777, 'epoch': 1.15}
{'loss': 0.62, 'learning_rate': 0.000618627057406664, 'epoch': 1.15}
{'loss': 0.6482, 'learning_rate': 0.0006174800711131502, 'epoch': 1.15}
{'loss': 0.655, 'learning_rate': 0.0006163330848196365, 'epoch': 1.16}
{'eval_loss': 0.5521376132965088, 'eval_bce': 0.5453211068078628, 'eval_n_pos': 2024.0, 'eval_pos_rate': 0.09120814744716327, 'eval_auroc': 0.6379765396684718, 'eval_auprc': 0.18418566951758114, 'eval_mcc': 0.12864238739014902, 'eval_precision': 0.2555970149253731, 'eval_recall': 0.13537549407114624, 'eval_f1': 0.17700258397932817, 'eval_runtime': 20.8217, 'eval_samples_per_second': 1065.762, 'eval_steps_per_second': 16.665, 'epoch': 1.16}
{'loss': 0.6604, 'learning_rate': 0.0006151860985261226, 'epoch': 1.16}
{'loss': 0.6412, 'learning_rate': 0.0006140391122326089, 'epoch': 1.16}
{'loss': 0.631, 'learning_rate': 0.0006128921259390951, 'epoch': 1.17}
{'loss': 0.6483, 'learning_rate': 0.0006117451396455813, 'epoch': 1.17}
{'loss': 0.6259, 'learning_rate': 0.0006105981533520674, 'epoch': 1.17}
{'loss': 0.634, 'learning_rate': 0.0006094511670585536, 'epoch': 1.18}
{'loss': 0.6388, 'learning_rate': 0.0006083041807650399, 'epoch': 1.18}
{'loss': 0.6495, 'learning_rate': 0.0006071571944715261, 'epoch': 1.18}
{'loss': 0.6454, 'learning_rate': 0.0006060102081780123, 'epoch': 1.19}
{'loss': 0.6395, 'learning_rate': 0.0006048632218844985, 'epoch': 1.19}
{'loss': 0.6501, 'learning_rate': 0.0006037162355909847, 'epoch': 1.19}
{'loss': 0.6297, 'learning_rate': 0.000602569249297471, 'epoch': 1.2}
{'loss': 0.6484, 'learning_rate': 0.000601422263003957, 'epoch': 1.2}
{'eval_loss': 0.5562018156051636, 'eval_bce': 0.5493253675710575, 'eval_n_pos': 2024.0, 'eval_pos_rate': 0.09120814744716327, 'eval_auroc': 0.6415420370342424, 'eval_auprc': 0.18737101949691104, 'eval_mcc': 0.12643379453054282, 'eval_precision': 0.24392288348700755, 'eval_recall': 0.14377470355731226, 'eval_f1': 0.1809138949331676, 'eval_runtime': 20.8224, 'eval_samples_per_second': 1065.726, 'eval_steps_per_second': 16.665, 'epoch': 1.2}
{'loss': 0.6401, 'learning_rate': 0.0006002752767104433, 'epoch': 1.2}
{'loss': 0.6614, 'learning_rate': 0.0005991282904169295, 'epoch': 1.21}
{'loss': 0.6471, 'learning_rate': 0.0005979813041234158, 'epoch': 1.21}
{'loss': 0.6304, 'learning_rate': 0.0005968343178299019, 'epoch': 1.21}
{'loss': 0.6337, 'learning_rate': 0.0005956873315363881, 'epoch': 1.22}
{'loss': 0.6325, 'learning_rate': 0.0005945403452428744, 'epoch': 1.22}
{'loss': 0.6542, 'learning_rate': 0.0005933933589493606, 'epoch': 1.22}
{'loss': 0.6411, 'learning_rate': 0.0005922463726558468, 'epoch': 1.23}
{'loss': 0.6439, 'learning_rate': 0.000591099386362333, 'epoch': 1.23}
{'loss': 0.6544, 'learning_rate': 0.0005899524000688193, 'epoch': 1.24}
{'loss': 0.6418, 'learning_rate': 0.0005888054137753054, 'epoch': 1.24}
{'loss': 0.6475, 'learning_rate': 0.0005876584274817916, 'epoch': 1.24}
{'eval_loss': 0.5621441602706909, 'eval_bce': 0.5559219130770602, 'eval_n_pos': 2024.0, 'eval_pos_rate': 0.09120814744716327, 'eval_auroc': 0.6388063204848214, 'eval_auprc': 0.18259703891201118, 'eval_mcc': 0.1132512428252507, 'eval_precision': 0.2180232558139535, 'eval_recall': 0.1482213438735178, 'eval_f1': 0.17647058823529413, 'eval_runtime': 20.8164, 'eval_samples_per_second': 1066.034, 'eval_steps_per_second': 16.67, 'epoch': 1.24}
{'loss': 0.6312, 'learning_rate': 0.0005865114411882778, 'epoch': 1.25}
{'loss': 0.6303, 'learning_rate': 0.000585364454894764, 'epoch': 1.25}
{'loss': 0.6375, 'learning_rate': 0.0005842174686012503, 'epoch': 1.25}
{'loss': 0.6318, 'learning_rate': 0.0005830704823077364, 'epoch': 1.26}
{'loss': 0.6301, 'learning_rate': 0.0005819234960142227, 'epoch': 1.26}
{'loss': 0.667, 'learning_rate': 0.0005807765097207089, 'epoch': 1.26}
{'loss': 0.6207, 'learning_rate': 0.0005796295234271952, 'epoch': 1.27}
{'loss': 0.6422, 'learning_rate': 0.0005784825371336812, 'epoch': 1.27}
{'loss': 0.6344, 'learning_rate': 0.0005773355508401674, 'epoch': 1.27}
{'loss': 0.6343, 'learning_rate': 0.0005761885645466537, 'epoch': 1.28}
{'loss': 0.6396, 'learning_rate': 0.0005750415782531398, 'epoch': 1.28}
{'loss': 0.6441, 'learning_rate': 0.0005738945919596261, 'epoch': 1.28}
{'loss': 0.6332, 'learning_rate': 0.0005727476056661123, 'epoch': 1.29}
{'eval_loss': 0.5636270046234131, 'eval_bce': 0.5571210773665607, 'eval_n_pos': 2024.0, 'eval_pos_rate': 0.09120814744716327, 'eval_auroc': 0.6474140163821811, 'eval_auprc': 0.18557906848429032, 'eval_mcc': 0.13025785170222762, 'eval_precision': 0.23678493845039827, 'eval_recall': 0.1615612648221344, 'eval_f1': 0.19207048458149784, 'eval_runtime': 20.8159, 'eval_samples_per_second': 1066.063, 'eval_steps_per_second': 16.67, 'epoch': 1.29}
{'loss': 0.6669, 'learning_rate': 0.0005716006193725986, 'epoch': 1.29}
{'loss': 0.6229, 'learning_rate': 0.0005704536330790847, 'epoch': 1.29}
{'loss': 0.6467, 'learning_rate': 0.0005693066467855708, 'epoch': 1.3}
{'loss': 0.6549, 'learning_rate': 0.0005681596604920571, 'epoch': 1.3}
{'loss': 0.6335, 'learning_rate': 0.0005670126741985433, 'epoch': 1.3}
{'loss': 0.6414, 'learning_rate': 0.0005658656879050295, 'epoch': 1.31}
{'loss': 0.6172, 'learning_rate': 0.0005647187016115157, 'epoch': 1.31}
{'loss': 0.6276, 'learning_rate': 0.000563571715318002, 'epoch': 1.31}
{'loss': 0.6217, 'learning_rate': 0.0005624247290244882, 'epoch': 1.32}
{'loss': 0.6413, 'learning_rate': 0.0005612777427309744, 'epoch': 1.32}
{'loss': 0.6289, 'learning_rate': 0.0005601307564374606, 'epoch': 1.32}
{'loss': 0.6465, 'learning_rate': 0.0005589837701439468, 'epoch': 1.33}
{'eval_loss': 0.5598422884941101, 'eval_bce': 0.5532425819737994, 'eval_n_pos': 2024.0, 'eval_pos_rate': 0.09120814744716327, 'eval_auroc': 0.6411311277120628, 'eval_auprc': 0.18585748111919212, 'eval_mcc': 0.13431726635219263, 'eval_precision': 0.24822695035460993, 'eval_recall': 0.15563241106719367, 'eval_f1': 0.19131491041603402, 'eval_runtime': 20.8262, 'eval_samples_per_second': 1065.533, 'eval_steps_per_second': 16.662, 'epoch': 1.33}
{'loss': 0.6419, 'learning_rate': 0.000557836783850433, 'epoch': 1.33}
{'loss': 0.6543, 'learning_rate': 0.0005566897975569191, 'epoch': 1.33}
{'loss': 0.6244, 'learning_rate': 0.0005555428112634054, 'epoch': 1.34}
{'loss': 0.6589, 'learning_rate': 0.0005543958249698916, 'epoch': 1.34}
{'loss': 0.6442, 'learning_rate': 0.0005532488386763779, 'epoch': 1.34}
{'loss': 0.6407, 'learning_rate': 0.000552101852382864, 'epoch': 1.35}
{'loss': 0.6355, 'learning_rate': 0.0005509548660893502, 'epoch': 1.35}
{'loss': 0.6407, 'learning_rate': 0.0005498078797958365, 'epoch': 1.36}
{'loss': 0.6394, 'learning_rate': 0.0005486608935023227, 'epoch': 1.36}
{'loss': 0.6301, 'learning_rate': 0.0005475139072088088, 'epoch': 1.36}
{'loss': 0.6431, 'learning_rate': 0.000546366920915295, 'epoch': 1.37}
{'loss': 0.6167, 'learning_rate': 0.0005452199346217813, 'epoch': 1.37}
{'loss': 0.6062, 'learning_rate': 0.0005440729483282675, 'epoch': 1.37}
{'eval_loss': 0.5693978071212769, 'eval_bce': 0.5630347235089318, 'eval_n_pos': 2024.0, 'eval_pos_rate': 0.09120814744716327, 'eval_auroc': 0.639141111442773, 'eval_auprc': 0.1820246586506517, 'eval_mcc': 0.12634772553417553, 'eval_precision': 0.22708894878706198, 'eval_recall': 0.166501976284585, 'eval_f1': 0.19213226909920184, 'eval_runtime': 20.7968, 'eval_samples_per_second': 1067.041, 'eval_steps_per_second': 16.685, 'epoch': 1.37}
{'loss': 0.64, 'learning_rate': 0.0005429259620347537, 'epoch': 1.38}
{'loss': 0.637, 'learning_rate': 0.0005417789757412399, 'epoch': 1.38}
{'loss': 0.6229, 'learning_rate': 0.0005406319894477261, 'epoch': 1.38}
{'loss': 0.6465, 'learning_rate': 0.0005394850031542124, 'epoch': 1.39}
{'loss': 0.6304, 'learning_rate': 0.0005383380168606985, 'epoch': 1.39}
{'loss': 0.6427, 'learning_rate': 0.0005371910305671848, 'epoch': 1.39}
{'loss': 0.6569, 'learning_rate': 0.0005360440442736709, 'epoch': 1.4}
{'loss': 0.6268, 'learning_rate': 0.0005348970579801572, 'epoch': 1.4}
{'loss': 0.6165, 'learning_rate': 0.0005337500716866433, 'epoch': 1.4}
{'loss': 0.6389, 'learning_rate': 0.0005326030853931295, 'epoch': 1.41}
{'loss': 0.6428, 'learning_rate': 0.0005314560990996158, 'epoch': 1.41}
{'loss': 0.636, 'learning_rate': 0.000530309112806102, 'epoch': 1.41}
{'eval_loss': 0.5505725741386414, 'eval_bce': 0.5436623059017271, 'eval_n_pos': 2024.0, 'eval_pos_rate': 0.09120814744716327, 'eval_auroc': 0.6387882892276371, 'eval_auprc': 0.18379299723707695, 'eval_mcc': 0.12523655484683838, 'eval_precision': 0.2514018691588785, 'eval_recall': 0.13290513833992096, 'eval_f1': 0.17388493859082096, 'eval_runtime': 20.7884, 'eval_samples_per_second': 1067.473, 'eval_steps_per_second': 16.692, 'epoch': 1.42}
{'loss': 0.6608, 'learning_rate': 0.0005291621265125882, 'epoch': 1.42}
{'loss': 0.6172, 'learning_rate': 0.0005280151402190744, 'epoch': 1.42}
{'loss': 0.6414, 'learning_rate': 0.0005268681539255607, 'epoch': 1.42}
{'loss': 0.6313, 'learning_rate': 0.0005257211676320469, 'epoch': 1.43}
{'loss': 0.6082, 'learning_rate': 0.0005245741813385329, 'epoch': 1.43}
{'loss': 0.6412, 'learning_rate': 0.0005234271950450192, 'epoch': 1.43}
{'loss': 0.6376, 'learning_rate': 0.0005222802087515054, 'epoch': 1.44}
{'loss': 0.6351, 'learning_rate': 0.0005211332224579917, 'epoch': 1.44}
{'loss': 0.6471, 'learning_rate': 0.0005199862361644778, 'epoch': 1.44}
{'loss': 0.6202, 'learning_rate': 0.0005188392498709641, 'epoch': 1.45}
{'loss': 0.643, 'learning_rate': 0.0005176922635774503, 'epoch': 1.45}
{'loss': 0.6276, 'learning_rate': 0.0005165452772839366, 'epoch': 1.45}
{'loss': 0.6375, 'learning_rate': 0.0005153982909904226, 'epoch': 1.46}
{'eval_loss': 0.5501745343208313, 'eval_bce': 0.5429513505024158, 'eval_n_pos': 2024.0, 'eval_pos_rate': 0.09120814744716327, 'eval_auroc': 0.6458162044556413, 'eval_auprc': 0.18859578892515536, 'eval_mcc': 0.13760264277663872, 'eval_precision': 0.26817752596789424, 'eval_recall': 0.14031620553359683, 'eval_f1': 0.18423613363606878, 'eval_runtime': 22.2861, 'eval_samples_per_second': 995.734, 'eval_steps_per_second': 15.57, 'epoch': 1.46}
{'loss': 0.6412, 'learning_rate': 0.0005142513046969088, 'epoch': 1.46}
{'loss': 0.6381, 'learning_rate': 0.0005131043184033951, 'epoch': 1.47}
{'loss': 0.6372, 'learning_rate': 0.0005119573321098813, 'epoch': 1.47}
{'loss': 0.6506, 'learning_rate': 0.0005108103458163675, 'epoch': 1.47}
{'loss': 0.6389, 'learning_rate': 0.0005096633595228537, 'epoch': 1.48}
{'loss': 0.6306, 'learning_rate': 0.00050851637322934, 'epoch': 1.48}
{'loss': 0.6612, 'learning_rate': 0.0005073693869358262, 'epoch': 1.48}
{'loss': 0.6413, 'learning_rate': 0.0005062224006423123, 'epoch': 1.49}
{'loss': 0.6482, 'learning_rate': 0.0005050754143487986, 'epoch': 1.49}
{'loss': 0.6291, 'learning_rate': 0.0005039284280552847, 'epoch': 1.49}
{'loss': 0.6347, 'learning_rate': 0.0005027814417617709, 'epoch': 1.5}
{'loss': 0.651, 'learning_rate': 0.0005016344554682571, 'epoch': 1.5}
{'eval_loss': 0.5460558533668518, 'eval_bce': 0.5385987290585657, 'eval_n_pos': 2024.0, 'eval_pos_rate': 0.09120814744716327, 'eval_auroc': 0.6452483423492885, 'eval_auprc': 0.19178653120119338, 'eval_mcc': 0.13793075919800124, 'eval_precision': 0.2767489711934156, 'eval_recall': 0.13290513833992096, 'eval_f1': 0.17957276368491323, 'eval_runtime': 22.2901, 'eval_samples_per_second': 995.556, 'eval_steps_per_second': 15.567, 'epoch': 1.5}
{'loss': 0.6651, 'learning_rate': 0.0005004874691747434, 'epoch': 1.5}
{'loss': 0.6314, 'learning_rate': 0.0004993404828812296, 'epoch': 1.51}
{'loss': 0.6635, 'learning_rate': 0.0004981934965877158, 'epoch': 1.51}
{'loss': 0.6329, 'learning_rate': 0.000497046510294202, 'epoch': 1.51}
{'loss': 0.6371, 'learning_rate': 0.0004958995240006882, 'epoch': 1.52}
{'loss': 0.6428, 'learning_rate': 0.0004947525377071745, 'epoch': 1.52}
{'loss': 0.6243, 'learning_rate': 0.0004936055514136605, 'epoch': 1.52}
{'loss': 0.6275, 'learning_rate': 0.0004924585651201468, 'epoch': 1.53}
{'loss': 0.6442, 'learning_rate': 0.000491311578826633, 'epoch': 1.53}
{'loss': 0.6346, 'learning_rate': 0.0004901645925331192, 'epoch': 1.53}
{'loss': 0.6437, 'learning_rate': 0.0004890176062396054, 'epoch': 1.54}
{'loss': 0.6443, 'learning_rate': 0.00048787061994609164, 'epoch': 1.54}
{'loss': 0.6344, 'learning_rate': 0.0004867236336525779, 'epoch': 1.54}
{'eval_loss': 0.5526037216186523, 'eval_bce': 0.5455707772616003, 'eval_n_pos': 2024.0, 'eval_pos_rate': 0.09120814744716327, 'eval_auroc': 0.6425405179008246, 'eval_auprc': 0.1879678896507558, 'eval_mcc': 0.1373239375427248, 'eval_precision': 0.2609457092819615, 'eval_recall': 0.14723320158102768, 'eval_f1': 0.18825015792798486, 'eval_runtime': 20.7756, 'eval_samples_per_second': 1068.127, 'eval_steps_per_second': 16.702, 'epoch': 1.54}
{'loss': 0.6074, 'learning_rate': 0.0004855766473590641, 'epoch': 1.55}
{'loss': 0.6457, 'learning_rate': 0.00048442966106555026, 'epoch': 1.55}
{'loss': 0.671, 'learning_rate': 0.00048328267477203645, 'epoch': 1.55}
{'loss': 0.6392, 'learning_rate': 0.0004821356884785227, 'epoch': 1.56}
{'loss': 0.6446, 'learning_rate': 0.0004809887021850089, 'epoch': 1.56}
{'loss': 0.6561, 'learning_rate': 0.0004798417158914951, 'epoch': 1.56}
{'loss': 0.6326, 'learning_rate': 0.0004786947295979813, 'epoch': 1.57}
{'loss': 0.6136, 'learning_rate': 0.00047754774330446755, 'epoch': 1.57}
{'loss': 0.6403, 'learning_rate': 0.00047640075701095374, 'epoch': 1.57}
{'loss': 0.6241, 'learning_rate': 0.0004752537707174399, 'epoch': 1.58}
{'loss': 0.6573, 'learning_rate': 0.0004741067844239261, 'epoch': 1.58}
{'loss': 0.6168, 'learning_rate': 0.00047295979813041236, 'epoch': 1.59}
{'eval_loss': 0.5564733147621155, 'eval_bce': 0.549322636249565, 'eval_n_pos': 2024.0, 'eval_pos_rate': 0.09120814744716327, 'eval_auroc': 0.6478956665401211, 'eval_auprc': 0.18903169046552937, 'eval_mcc': 0.1412260277370311, 'eval_precision': 0.25848142164781907, 'eval_recall': 0.15810276679841898, 'eval_f1': 0.19619865113427348, 'eval_runtime': 22.2718, 'eval_samples_per_second': 996.372, 'eval_steps_per_second': 15.58, 'epoch': 1.59}
{'loss': 0.6382, 'learning_rate': 0.00047181281183689854, 'epoch': 1.59}
{'loss': 0.6619, 'learning_rate': 0.0004706658255433848, 'epoch': 1.59}
{'loss': 0.6308, 'learning_rate': 0.000469518839249871, 'epoch': 1.6}
{'loss': 0.6488, 'learning_rate': 0.0004683718529563572, 'epoch': 1.6}
{'loss': 0.6406, 'learning_rate': 0.00046722486666284335, 'epoch': 1.6}
{'loss': 0.6385, 'learning_rate': 0.0004660778803693296, 'epoch': 1.61}
{'loss': 0.6197, 'learning_rate': 0.0004649308940758158, 'epoch': 1.61}
{'loss': 0.6316, 'learning_rate': 0.000463783907782302, 'epoch': 1.61}
{'loss': 0.6518, 'learning_rate': 0.0004626369214887882, 'epoch': 1.62}
{'loss': 0.6271, 'learning_rate': 0.00046148993519527445, 'epoch': 1.62}
{'loss': 0.6153, 'learning_rate': 0.00046034294890176064, 'epoch': 1.62}
{'loss': 0.6424, 'learning_rate': 0.0004591959626082469, 'epoch': 1.63}
{'loss': 0.625, 'learning_rate': 0.000458048976314733, 'epoch': 1.63}
{'eval_loss': 0.5564992427825928, 'eval_bce': 0.5495490974736269, 'eval_n_pos': 2024.0, 'eval_pos_rate': 0.09120814744716327, 'eval_auroc': 0.6447386285974563, 'eval_auprc': 0.18624127488776263, 'eval_mcc': 0.13784563272705752, 'eval_precision': 0.25617792421746294, 'eval_recall': 0.15365612648221344, 'eval_f1': 0.19209388511426806, 'eval_runtime': 20.7841, 'eval_samples_per_second': 1067.693, 'eval_steps_per_second': 16.695, 'epoch': 1.63}
{'loss': 0.6299, 'learning_rate': 0.00045690199002121926, 'epoch': 1.63}
{'loss': 0.6486, 'learning_rate': 0.00045575500372770544, 'epoch': 1.64}
{'loss': 0.6294, 'learning_rate': 0.0004546080174341917, 'epoch': 1.64}
{'loss': 0.6538, 'learning_rate': 0.0004534610311406779, 'epoch': 1.64}
{'loss': 0.6357, 'learning_rate': 0.0004523140448471641, 'epoch': 1.65}
{'loss': 0.6404, 'learning_rate': 0.0004511670585536503, 'epoch': 1.65}
{'loss': 0.6369, 'learning_rate': 0.00045002007226013655, 'epoch': 1.65}
{'loss': 0.6509, 'learning_rate': 0.0004488730859666227, 'epoch': 1.66}
{'loss': 0.652, 'learning_rate': 0.0004477260996731089, 'epoch': 1.66}
{'loss': 0.6548, 'learning_rate': 0.0004465791133795951, 'epoch': 1.66}
{'loss': 0.6566, 'learning_rate': 0.00044543212708608135, 'epoch': 1.67}
{'loss': 0.6325, 'learning_rate': 0.00044428514079256754, 'epoch': 1.67}
{'eval_loss': 0.5478968620300293, 'eval_bce': 0.5405039558495214, 'eval_n_pos': 2024.0, 'eval_pos_rate': 0.09120814744716327, 'eval_auroc': 0.644781746821158, 'eval_auprc': 0.18738740453604624, 'eval_mcc': 0.1295202612836014, 'eval_precision': 0.2633165829145729, 'eval_recall': 0.12944664031620554, 'eval_f1': 0.17356740642596888, 'eval_runtime': 22.2881, 'eval_samples_per_second': 995.645, 'eval_steps_per_second': 15.569, 'epoch': 1.67}
{'loss': 0.6365, 'learning_rate': 0.0004431381544990538, 'epoch': 1.67}
{'loss': 0.6116, 'learning_rate': 0.00044199116820553997, 'epoch': 1.68}
{'loss': 0.6335, 'learning_rate': 0.0004408441819120262, 'epoch': 1.68}
{'loss': 0.6358, 'learning_rate': 0.00043969719561851234, 'epoch': 1.68}
{'loss': 0.6548, 'learning_rate': 0.0004385502093249986, 'epoch': 1.69}
{'loss': 0.6482, 'learning_rate': 0.0004374032230314848, 'epoch': 1.69}
{'loss': 0.6336, 'learning_rate': 0.000436256236737971, 'epoch': 1.69}
{'loss': 0.6308, 'learning_rate': 0.0004351092504444572, 'epoch': 1.7}
{'loss': 0.6502, 'learning_rate': 0.00043396226415094345, 'epoch': 1.7}
{'loss': 0.6241, 'learning_rate': 0.00043281527785742963, 'epoch': 1.71}
{'loss': 0.6468, 'learning_rate': 0.0004316682915639158, 'epoch': 1.71}
{'loss': 0.6594, 'learning_rate': 0.000430521305270402, 'epoch': 1.71}
{'loss': 0.648, 'learning_rate': 0.0004293743189768882, 'epoch': 1.72}
{'eval_loss': 0.5457078814506531, 'eval_bce': 0.5383765915232761, 'eval_n_pos': 2024.0, 'eval_pos_rate': 0.09120814744716327, 'eval_auroc': 0.6457730249844628, 'eval_auprc': 0.18982708879826782, 'eval_mcc': 0.13172880151501382, 'eval_precision': 0.2751381215469613, 'eval_recall': 0.12302371541501976, 'eval_f1': 0.1700238989416183, 'eval_runtime': 20.8222, 'eval_samples_per_second': 1065.74, 'eval_steps_per_second': 16.665, 'epoch': 1.72}
{'loss': 0.6373, 'learning_rate': 0.00042822733268337444, 'epoch': 1.72}
{'loss': 0.6263, 'learning_rate': 0.0004270803463898606, 'epoch': 1.72}
{'loss': 0.6348, 'learning_rate': 0.00042593336009634687, 'epoch': 1.73}
{'loss': 0.6521, 'learning_rate': 0.00042478637380283306, 'epoch': 1.73}
{'loss': 0.6238, 'learning_rate': 0.0004236393875093193, 'epoch': 1.73}
{'loss': 0.628, 'learning_rate': 0.00042249240121580543, 'epoch': 1.74}
{'loss': 0.65, 'learning_rate': 0.0004213454149222917, 'epoch': 1.74}
{'loss': 0.6438, 'learning_rate': 0.00042019842862877786, 'epoch': 1.74}
{'loss': 0.6307, 'learning_rate': 0.0004190514423352641, 'epoch': 1.75}
{'loss': 0.6631, 'learning_rate': 0.0004179044560417503, 'epoch': 1.75}
{'loss': 0.647, 'learning_rate': 0.00041675746974823653, 'epoch': 1.75}
{'loss': 0.6652, 'learning_rate': 0.0004156104834547227, 'epoch': 1.76}
{'eval_loss': 0.5444744825363159, 'eval_bce': 0.5367618151063459, 'eval_n_pos': 2024.0, 'eval_pos_rate': 0.09120814744716327, 'eval_auroc': 0.6451369086899097, 'eval_auprc': 0.18867596986037713, 'eval_mcc': 0.13167317232686238, 'eval_precision': 0.2619961612284069, 'eval_recall': 0.13488142292490118, 'eval_f1': 0.1780821917808219, 'eval_runtime': 20.8207, 'eval_samples_per_second': 1065.813, 'eval_steps_per_second': 16.666, 'epoch': 1.76}
{'loss': 0.6403, 'learning_rate': 0.00041446349716120896, 'epoch': 1.76}
{'loss': 0.6063, 'learning_rate': 0.0004133165108676951, 'epoch': 1.76}
{'loss': 0.624, 'learning_rate': 0.00041216952457418134, 'epoch': 1.77}
{'loss': 0.6308, 'learning_rate': 0.0004110225382806675, 'epoch': 1.77}
{'loss': 0.6219, 'learning_rate': 0.00040987555198715377, 'epoch': 1.77}
{'loss': 0.6542, 'learning_rate': 0.00040872856569363996, 'epoch': 1.78}
{'loss': 0.6458, 'learning_rate': 0.0004075815794001262, 'epoch': 1.78}
{'loss': 0.6284, 'learning_rate': 0.0004064345931066124, 'epoch': 1.78}
{'loss': 0.6518, 'learning_rate': 0.00040528760681309863, 'epoch': 1.79}
{'loss': 0.6407, 'learning_rate': 0.00040414062051958476, 'epoch': 1.79}
{'loss': 0.6494, 'learning_rate': 0.000402993634226071, 'epoch': 1.79}
{'loss': 0.6049, 'learning_rate': 0.0004018466479325572, 'epoch': 1.8}
{'loss': 0.6142, 'learning_rate': 0.00040069966163904343, 'epoch': 1.8}
{'eval_loss': 0.5622168779373169, 'eval_bce': 0.5554107354801171, 'eval_n_pos': 2024.0, 'eval_pos_rate': 0.09120814744716327, 'eval_auroc': 0.6449606384515385, 'eval_auprc': 0.18653782357278773, 'eval_mcc': 0.13210236446228132, 'eval_precision': 0.23738450604122247, 'eval_recall': 0.1650197628458498, 'eval_f1': 0.19469542407461382, 'eval_runtime': 20.8191, 'eval_samples_per_second': 1065.897, 'eval_steps_per_second': 16.667, 'epoch': 1.8}
{'loss': 0.6436, 'learning_rate': 0.0003995526753455296, 'epoch': 1.8}
{'loss': 0.6344, 'learning_rate': 0.00039840568905201586, 'epoch': 1.81}
{'loss': 0.6338, 'learning_rate': 0.00039725870275850205, 'epoch': 1.81}
{'loss': 0.6372, 'learning_rate': 0.00039611171646498824, 'epoch': 1.82}
{'loss': 0.6513, 'learning_rate': 0.0003949647301714744, 'epoch': 1.82}
{'loss': 0.6574, 'learning_rate': 0.00039381774387796067, 'epoch': 1.82}
{'loss': 0.6479, 'learning_rate': 0.00039267075758444686, 'epoch': 1.83}
{'loss': 0.6438, 'learning_rate': 0.0003915237712909331, 'epoch': 1.83}
{'loss': 0.6596, 'learning_rate': 0.0003903767849974193, 'epoch': 1.83}
{'loss': 0.6463, 'learning_rate': 0.00038922979870390553, 'epoch': 1.84}
{'loss': 0.6416, 'learning_rate': 0.0003880828124103917, 'epoch': 1.84}
{'loss': 0.6201, 'learning_rate': 0.0003869358261168779, 'epoch': 1.84}
{'eval_loss': 0.551209568977356, 'eval_bce': 0.5438938396118934, 'eval_n_pos': 2024.0, 'eval_pos_rate': 0.09120814744716327, 'eval_auroc': 0.6437562558172853, 'eval_auprc': 0.18993899967429545, 'eval_mcc': 0.13142435423851276, 'eval_precision': 0.2539543057996485, 'eval_recall': 0.14278656126482214, 'eval_f1': 0.1827956989247312, 'eval_runtime': 20.8408, 'eval_samples_per_second': 1064.786, 'eval_steps_per_second': 16.65, 'epoch': 1.84}
{'loss': 0.6472, 'learning_rate': 0.0003857888398233641, 'epoch': 1.85}
{'loss': 0.6811, 'learning_rate': 0.00038464185352985033, 'epoch': 1.85}
{'loss': 0.6364, 'learning_rate': 0.0003834948672363365, 'epoch': 1.85}
{'loss': 0.6143, 'learning_rate': 0.00038234788094282276, 'epoch': 1.86}
{'loss': 0.6247, 'learning_rate': 0.00038120089464930895, 'epoch': 1.86}
{'loss': 0.659, 'learning_rate': 0.0003800539083557952, 'epoch': 1.86}
{'loss': 0.6307, 'learning_rate': 0.0003789069220622814, 'epoch': 1.87}
{'loss': 0.6298, 'learning_rate': 0.00037775993576876757, 'epoch': 1.87}
{'loss': 0.6271, 'learning_rate': 0.00037661294947525376, 'epoch': 1.87}
{'loss': 0.6323, 'learning_rate': 0.00037546596318174, 'epoch': 1.88}
{'loss': 0.6308, 'learning_rate': 0.0003743189768882262, 'epoch': 1.88}
{'loss': 0.6479, 'learning_rate': 0.00037317199059471243, 'epoch': 1.88}
{'loss': 0.637, 'learning_rate': 0.0003720250043011986, 'epoch': 1.89}
{'eval_loss': 0.5533871054649353, 'eval_bce': 0.5456918069051772, 'eval_n_pos': 2024.0, 'eval_pos_rate': 0.09120814744716327, 'eval_auroc': 0.6432198136665562, 'eval_auprc': 0.19221114467845385, 'eval_mcc': 0.13731389047289663, 'eval_precision': 0.25735912531539107, 'eval_recall': 0.15118577075098813, 'eval_f1': 0.19047619047619044, 'eval_runtime': 20.8146, 'eval_samples_per_second': 1066.129, 'eval_steps_per_second': 16.671, 'epoch': 1.89}
{'loss': 0.6623, 'learning_rate': 0.00037087801800768486, 'epoch': 1.89}
{'loss': 0.6575, 'learning_rate': 0.00036973103171417104, 'epoch': 1.89}
{'loss': 0.6318, 'learning_rate': 0.00036858404542065723, 'epoch': 1.9}
{'loss': 0.6139, 'learning_rate': 0.0003674370591271434, 'epoch': 1.9}
{'loss': 0.6233, 'learning_rate': 0.00036629007283362966, 'epoch': 1.9}
{'loss': 0.6395, 'learning_rate': 0.00036514308654011585, 'epoch': 1.91}
{'loss': 0.6557, 'learning_rate': 0.0003639961002466021, 'epoch': 1.91}
{'loss': 0.6428, 'learning_rate': 0.0003628491139530883, 'epoch': 1.91}
{'loss': 0.6355, 'learning_rate': 0.0003617021276595745, 'epoch': 1.92}
{'loss': 0.6387, 'learning_rate': 0.00036055514136606066, 'epoch': 1.92}
{'loss': 0.633, 'learning_rate': 0.0003594081550725469, 'epoch': 1.92}
{'loss': 0.6479, 'learning_rate': 0.0003582611687790331, 'epoch': 1.93}
{'eval_loss': 0.5524716973304749, 'eval_bce': 0.5450502881764135, 'eval_n_pos': 2024.0, 'eval_pos_rate': 0.09120814744716327, 'eval_auroc': 0.643844623676883, 'eval_auprc': 0.18989088703135312, 'eval_mcc': 0.1297859321806539, 'eval_precision': 0.24382470119521912, 'eval_recall': 0.15118577075098813, 'eval_f1': 0.18664226898444647, 'eval_runtime': 20.8225, 'eval_samples_per_second': 1065.723, 'eval_steps_per_second': 16.665, 'epoch': 1.93}
{'loss': 0.6167, 'learning_rate': 0.0003571141824855193, 'epoch': 1.93}
{'loss': 0.6499, 'learning_rate': 0.0003559671961920055, 'epoch': 1.94}
{'loss': 0.6361, 'learning_rate': 0.00035482020989849176, 'epoch': 1.94}
{'loss': 0.6183, 'learning_rate': 0.00035367322360497794, 'epoch': 1.94}
{'loss': 0.656, 'learning_rate': 0.0003525262373114642, 'epoch': 1.95}
{'loss': 0.6392, 'learning_rate': 0.0003513792510179503, 'epoch': 1.95}
{'loss': 0.6414, 'learning_rate': 0.0003502322647244365, 'epoch': 1.95}
{'loss': 0.6436, 'learning_rate': 0.00034908527843092275, 'epoch': 1.96}
{'loss': 0.6166, 'learning_rate': 0.00034793829213740894, 'epoch': 1.96}
{'loss': 0.6164, 'learning_rate': 0.0003467913058438952, 'epoch': 1.96}
{'loss': 0.6234, 'learning_rate': 0.00034564431955038137, 'epoch': 1.97}
{'loss': 0.6366, 'learning_rate': 0.0003444973332568676, 'epoch': 1.97}
{'loss': 0.6203, 'learning_rate': 0.0003433503469633538, 'epoch': 1.97}
{'eval_loss': 0.5539292097091675, 'eval_bce': 0.5465296363606802, 'eval_n_pos': 2024.0, 'eval_pos_rate': 0.09120814744716327, 'eval_auroc': 0.6445966569461206, 'eval_auprc': 0.19207639792002212, 'eval_mcc': 0.13877949828683217, 'eval_precision': 0.25787728026533996, 'eval_recall': 0.15365612648221344, 'eval_f1': 0.19256965944272447, 'eval_runtime': 20.8367, 'eval_samples_per_second': 1064.997, 'eval_steps_per_second': 16.653, 'epoch': 1.97}
{'loss': 0.6345, 'learning_rate': 0.00034220336066984, 'epoch': 1.98}
{'loss': 0.622, 'learning_rate': 0.00034105637437632617, 'epoch': 1.98}
{'loss': 0.6442, 'learning_rate': 0.0003399093880828124, 'epoch': 1.98}
{'loss': 0.6472, 'learning_rate': 0.0003387624017892986, 'epoch': 1.99}
{'loss': 0.6356, 'learning_rate': 0.00033761541549578484, 'epoch': 1.99}
{'loss': 0.6283, 'learning_rate': 0.00033646842920227103, 'epoch': 1.99}
{'loss': 0.6529, 'learning_rate': 0.0003353214429087573, 'epoch': 2.0}
{'loss': 0.628, 'learning_rate': 0.0003341744566152434, 'epoch': 2.0}
{'loss': 0.6224, 'learning_rate': 0.00033302747032172965, 'epoch': 2.0}
{'loss': 0.6309, 'learning_rate': 0.00033188048402821584, 'epoch': 2.01}
{'loss': 0.6339, 'learning_rate': 0.0003307334977347021, 'epoch': 2.01}
{'loss': 0.6553, 'learning_rate': 0.00032958651144118827, 'epoch': 2.01}
{'eval_loss': 0.5519474744796753, 'eval_bce': 0.5443528666096447, 'eval_n_pos': 2024.0, 'eval_pos_rate': 0.09120814744716327, 'eval_auroc': 0.6461111845536412, 'eval_auprc': 0.19162984500660477, 'eval_mcc': 0.13790306099324784, 'eval_precision': 0.26581118240146656, 'eval_recall': 0.1432806324110672, 'eval_f1': 0.18619582664526485, 'eval_runtime': 20.8206, 'eval_samples_per_second': 1065.821, 'eval_steps_per_second': 16.666, 'epoch': 2.02}
{'loss': 0.6201, 'learning_rate': 0.0003284395251476745, 'epoch': 2.02}
{'loss': 0.6459, 'learning_rate': 0.0003272925388541607, 'epoch': 2.02}
{'loss': 0.6303, 'learning_rate': 0.00032614555256064694, 'epoch': 2.02}
{'loss': 0.6338, 'learning_rate': 0.00032499856626713307, 'epoch': 2.03}
{'loss': 0.6244, 'learning_rate': 0.0003238515799736193, 'epoch': 2.03}
{'loss': 0.652, 'learning_rate': 0.0003227045936801055, 'epoch': 2.03}
{'loss': 0.6307, 'learning_rate': 0.00032155760738659174, 'epoch': 2.04}
{'loss': 0.6414, 'learning_rate': 0.00032041062109307793, 'epoch': 2.04}
{'loss': 0.662, 'learning_rate': 0.0003192636347995642, 'epoch': 2.04}
{'loss': 0.6488, 'learning_rate': 0.00031811664850605036, 'epoch': 2.05}
{'loss': 0.6482, 'learning_rate': 0.0003169696622125366, 'epoch': 2.05}
{'loss': 0.6287, 'learning_rate': 0.00031582267591902274, 'epoch': 2.06}
{'loss': 0.6261, 'learning_rate': 0.000314675689625509, 'epoch': 2.06}
{'eval_loss': 0.5535871982574463, 'eval_bce': 0.5463636571909415, 'eval_n_pos': 2024.0, 'eval_pos_rate': 0.09120814744716327, 'eval_auroc': 0.6482592560616872, 'eval_auprc': 0.1909862855091926, 'eval_mcc': 0.14156103859767627, 'eval_precision': 0.26166666666666666, 'eval_recall': 0.1551383399209486, 'eval_f1': 0.19478908188585609, 'eval_runtime': 20.8108, 'eval_samples_per_second': 1066.321, 'eval_steps_per_second': 16.674, 'epoch': 2.06}
{'loss': 0.6225, 'learning_rate': 0.00031352870333199517, 'epoch': 2.06}
{'loss': 0.6264, 'learning_rate': 0.0003123817170384814, 'epoch': 2.07}
{'loss': 0.6424, 'learning_rate': 0.0003112347307449676, 'epoch': 2.07}
{'loss': 0.6187, 'learning_rate': 0.00031008774445145384, 'epoch': 2.07}
{'loss': 0.623, 'learning_rate': 0.00030894075815794, 'epoch': 2.08}
{'loss': 0.6405, 'learning_rate': 0.00030779377186442627, 'epoch': 2.08}
{'loss': 0.6444, 'learning_rate': 0.0003066467855709124, 'epoch': 2.08}
{'loss': 0.6474, 'learning_rate': 0.00030549979927739864, 'epoch': 2.09}
{'loss': 0.6336, 'learning_rate': 0.00030435281298388483, 'epoch': 2.09}
{'loss': 0.634, 'learning_rate': 0.0003032058266903711, 'epoch': 2.09}
{'loss': 0.6053, 'learning_rate': 0.00030205884039685726, 'epoch': 2.1}
{'loss': 0.6503, 'learning_rate': 0.0003009118541033435, 'epoch': 2.1}
{'eval_loss': 0.5462274551391602, 'eval_bce': 0.5385439615751023, 'eval_n_pos': 2024.0, 'eval_pos_rate': 0.09120814744716327, 'eval_auroc': 0.6445744363615197, 'eval_auprc': 0.1906888225263631, 'eval_mcc': 0.13248770071311858, 'eval_precision': 0.2621082621082621, 'eval_recall': 0.13636363636363635, 'eval_f1': 0.17939551511212218, 'eval_runtime': 20.8218, 'eval_samples_per_second': 1065.76, 'eval_steps_per_second': 16.665, 'epoch': 2.1}
{'loss': 0.617, 'learning_rate': 0.0002997648678098297, 'epoch': 2.1}
{'loss': 0.6446, 'learning_rate': 0.0002986178815163159, 'epoch': 2.11}
{'loss': 0.6287, 'learning_rate': 0.00029747089522280207, 'epoch': 2.11}
{'loss': 0.621, 'learning_rate': 0.0002963239089292883, 'epoch': 2.11}
{'loss': 0.6488, 'learning_rate': 0.0002951769226357745, 'epoch': 2.12}
{'loss': 0.6356, 'learning_rate': 0.00029402993634226074, 'epoch': 2.12}
{'loss': 0.6274, 'learning_rate': 0.0002928829500487469, 'epoch': 2.12}
{'loss': 0.6356, 'learning_rate': 0.00029173596375523317, 'epoch': 2.13}
{'loss': 0.6154, 'learning_rate': 0.00029058897746171936, 'epoch': 2.13}
{'loss': 0.6701, 'learning_rate': 0.00028944199116820554, 'epoch': 2.13}
{'loss': 0.6207, 'learning_rate': 0.00028829500487469173, 'epoch': 2.14}
{'loss': 0.6398, 'learning_rate': 0.000287148018581178, 'epoch': 2.14}
{'loss': 0.6119, 'learning_rate': 0.00028600103228766416, 'epoch': 2.14}
{'eval_loss': 0.5473828911781311, 'eval_bce': 0.5398370588846972, 'eval_n_pos': 2024.0, 'eval_pos_rate': 0.09120814744716327, 'eval_auroc': 0.6469333706828612, 'eval_auprc': 0.19116191932067272, 'eval_mcc': 0.1264515921028708, 'eval_precision': 0.24823321554770317, 'eval_recall': 0.13883399209486166, 'eval_f1': 0.17807351077313052, 'eval_runtime': 20.824, 'eval_samples_per_second': 1065.646, 'eval_steps_per_second': 16.663, 'epoch': 2.14}
{'loss': 0.6313, 'learning_rate': 0.0002848540459941504, 'epoch': 2.15}
{'loss': 0.6383, 'learning_rate': 0.0002837070597006366, 'epoch': 2.15}
{'loss': 0.6352, 'learning_rate': 0.00028256007340712283, 'epoch': 2.15}
{'loss': 0.6441, 'learning_rate': 0.000281413087113609, 'epoch': 2.16}
{'loss': 0.6273, 'learning_rate': 0.0002802661008200952, 'epoch': 2.16}
{'loss': 0.6504, 'learning_rate': 0.0002791191145265814, 'epoch': 2.17}
{'loss': 0.6383, 'learning_rate': 0.0002779721282330676, 'epoch': 2.17}
{'loss': 0.636, 'learning_rate': 0.0002768251419395538, 'epoch': 2.17}
{'loss': 0.6199, 'learning_rate': 0.00027567815564604, 'epoch': 2.18}
{'loss': 0.639, 'learning_rate': 0.00027453116935252626, 'epoch': 2.18}
{'loss': 0.6195, 'learning_rate': 0.00027338418305901244, 'epoch': 2.18}
{'loss': 0.6171, 'learning_rate': 0.0002722371967654987, 'epoch': 2.19}
{'eval_loss': 0.5468851327896118, 'eval_bce': 0.5389875415843383, 'eval_n_pos': 2024.0, 'eval_pos_rate': 0.09120814744716327, 'eval_auroc': 0.6500606056032915, 'eval_auprc': 0.18869668095497394, 'eval_mcc': 0.1380411712643287, 'eval_precision': 0.26804123711340205, 'eval_recall': 0.14130434782608695, 'eval_f1': 0.18505338078291814, 'eval_runtime': 20.8527, 'eval_samples_per_second': 1064.179, 'eval_steps_per_second': 16.641, 'epoch': 2.19}
{'loss': 0.6419, 'learning_rate': 0.0002710902104719848, 'epoch': 2.19}
{'loss': 0.6319, 'learning_rate': 0.00026994322417847106, 'epoch': 2.19}
{'loss': 0.6321, 'learning_rate': 0.00026879623788495725, 'epoch': 2.2}
{'loss': 0.6325, 'learning_rate': 0.0002676492515914435, 'epoch': 2.2}
{'loss': 0.6306, 'learning_rate': 0.0002665022652979297, 'epoch': 2.2}
{'loss': 0.6746, 'learning_rate': 0.0002653552790044159, 'epoch': 2.21}
{'loss': 0.6538, 'learning_rate': 0.0002642082927109021, 'epoch': 2.21}
{'loss': 0.638, 'learning_rate': 0.0002630613064173883, 'epoch': 2.21}
{'loss': 0.6285, 'learning_rate': 0.0002619143201238745, 'epoch': 2.22}
{'loss': 0.6363, 'learning_rate': 0.0002607673338303607, 'epoch': 2.22}
{'loss': 0.6334, 'learning_rate': 0.0002596203475368469, 'epoch': 2.22}
{'loss': 0.6306, 'learning_rate': 0.00025847336124333316, 'epoch': 2.23}
{'loss': 0.6164, 'learning_rate': 0.00025732637494981934, 'epoch': 2.23}
{'eval_loss': 0.5436497330665588, 'eval_bce': 0.5358942896309954, 'eval_n_pos': 2024.0, 'eval_pos_rate': 0.09120814744716327, 'eval_auroc': 0.646731658242607, 'eval_auprc': 0.18957452991984625, 'eval_mcc': 0.13490976453792491, 'eval_precision': 0.26843657817109146, 'eval_recall': 0.13488142292490118, 'eval_f1': 0.17954620190726736, 'eval_runtime': 20.8134, 'eval_samples_per_second': 1066.187, 'eval_steps_per_second': 16.672, 'epoch': 2.23}
{'loss': 0.6199, 'learning_rate': 0.0002561793886563056, 'epoch': 2.23}
{'loss': 0.6434, 'learning_rate': 0.0002550324023627918, 'epoch': 2.24}
{'loss': 0.6012, 'learning_rate': 0.00025388541606927796, 'epoch': 2.24}
{'loss': 0.6276, 'learning_rate': 0.00025273842977576415, 'epoch': 2.24}
{'loss': 0.6294, 'learning_rate': 0.0002515914434822504, 'epoch': 2.25}
{'loss': 0.6197, 'learning_rate': 0.0002504444571887366, 'epoch': 2.25}
{'loss': 0.6075, 'learning_rate': 0.0002492974708952228, 'epoch': 2.25}
{'loss': 0.6356, 'learning_rate': 0.000248150484601709, 'epoch': 2.26}
{'loss': 0.6326, 'learning_rate': 0.0002470034983081952, 'epoch': 2.26}
{'loss': 0.6419, 'learning_rate': 0.00024585651201468144, 'epoch': 2.26}
{'loss': 0.6604, 'learning_rate': 0.0002447095257211676, 'epoch': 2.27}
{'loss': 0.6199, 'learning_rate': 0.00024356253942765387, 'epoch': 2.27}
{'eval_loss': 0.5453072190284729, 'eval_bce': 0.5376373022472242, 'eval_n_pos': 2024.0, 'eval_pos_rate': 0.09120814744716327, 'eval_auroc': 0.6463957403310814, 'eval_auprc': 0.19160252193082344, 'eval_mcc': 0.13466571896458746, 'eval_precision': 0.26440037771482533, 'eval_recall': 0.1383399209486166, 'eval_f1': 0.181641258514434, 'eval_runtime': 20.8201, 'eval_samples_per_second': 1065.844, 'eval_steps_per_second': 16.667, 'epoch': 2.27}
{'loss': 0.6413, 'learning_rate': 0.00024241555313414006, 'epoch': 2.27}
{'loss': 0.6404, 'learning_rate': 0.00024126856684062627, 'epoch': 2.28}
{'loss': 0.6292, 'learning_rate': 0.00024012158054711249, 'epoch': 2.28}
{'loss': 0.6164, 'learning_rate': 0.0002389745942535987, 'epoch': 2.29}
{'loss': 0.6167, 'learning_rate': 0.00023782760796008486, 'epoch': 2.29}
{'loss': 0.6348, 'learning_rate': 0.00023668062166657108, 'epoch': 2.29}
{'loss': 0.6329, 'learning_rate': 0.0002355336353730573, 'epoch': 2.3}
{'loss': 0.6395, 'learning_rate': 0.0002343866490795435, 'epoch': 2.3}
{'loss': 0.6524, 'learning_rate': 0.0002332396627860297, 'epoch': 2.3}
{'loss': 0.6298, 'learning_rate': 0.0002320926764925159, 'epoch': 2.31}
{'loss': 0.6164, 'learning_rate': 0.00023094569019900212, 'epoch': 2.31}
{'loss': 0.6457, 'learning_rate': 0.0002297987039054883, 'epoch': 2.31}
{'loss': 0.6424, 'learning_rate': 0.00022865171761197453, 'epoch': 2.32}
{'eval_loss': 0.5402623414993286, 'eval_bce': 0.5321716350479576, 'eval_n_pos': 2024.0, 'eval_pos_rate': 0.09120814744716327, 'eval_auroc': 0.6450655431298853, 'eval_auprc': 0.19238188644402648, 'eval_mcc': 0.13676097233843548, 'eval_precision': 0.28, 'eval_recall': 0.12796442687747037, 'eval_f1': 0.1756527636486945, 'eval_runtime': 20.8294, 'eval_samples_per_second': 1065.371, 'eval_steps_per_second': 16.659, 'epoch': 2.32}
{'loss': 0.6155, 'learning_rate': 0.00022750473131846074, 'epoch': 2.32}
{'loss': 0.6501, 'learning_rate': 0.00022635774502494696, 'epoch': 2.32}
{'loss': 0.6178, 'learning_rate': 0.00022521075873143314, 'epoch': 2.33}
{'loss': 0.6445, 'learning_rate': 0.00022406377243791936, 'epoch': 2.33}
{'loss': 0.645, 'learning_rate': 0.00022291678614440557, 'epoch': 2.33}
{'loss': 0.6179, 'learning_rate': 0.0002217697998508918, 'epoch': 2.34}
{'loss': 0.6354, 'learning_rate': 0.00022062281355737798, 'epoch': 2.34}
{'loss': 0.6802, 'learning_rate': 0.0002194758272638642, 'epoch': 2.34}
{'loss': 0.6321, 'learning_rate': 0.0002183288409703504, 'epoch': 2.35}
{'loss': 0.6499, 'learning_rate': 0.00021718185467683662, 'epoch': 2.35}
{'loss': 0.6417, 'learning_rate': 0.0002160348683833228, 'epoch': 2.35}
{'loss': 0.6206, 'learning_rate': 0.00021488788208980902, 'epoch': 2.36}
{'eval_loss': 0.541235625743866, 'eval_bce': 0.5333238153405893, 'eval_n_pos': 2024.0, 'eval_pos_rate': 0.09120814744716327, 'eval_auroc': 0.643248465236226, 'eval_auprc': 0.18788196116031697, 'eval_mcc': 0.13322377389213327, 'eval_precision': 0.2671300893743793, 'eval_recall': 0.13290513833992096, 'eval_f1': 0.17749917518970634, 'eval_runtime': 20.8163, 'eval_samples_per_second': 1066.041, 'eval_steps_per_second': 16.67, 'epoch': 2.36}
{'loss': 0.6464, 'learning_rate': 0.00021374089579629524, 'epoch': 2.36}
{'loss': 0.6474, 'learning_rate': 0.00021259390950278145, 'epoch': 2.36}
{'loss': 0.6315, 'learning_rate': 0.00021144692320926764, 'epoch': 2.37}
{'loss': 0.6462, 'learning_rate': 0.00021029993691575386, 'epoch': 2.37}
{'loss': 0.6405, 'learning_rate': 0.00020915295062224007, 'epoch': 2.37}
{'loss': 0.6109, 'learning_rate': 0.00020800596432872629, 'epoch': 2.38}
{'loss': 0.6236, 'learning_rate': 0.00020685897803521247, 'epoch': 2.38}
{'loss': 0.6292, 'learning_rate': 0.0002057119917416987, 'epoch': 2.38}
{'loss': 0.6234, 'learning_rate': 0.0002045650054481849, 'epoch': 2.39}
{'loss': 0.6244, 'learning_rate': 0.00020341801915467112, 'epoch': 2.39}
{'loss': 0.6128, 'learning_rate': 0.0002022710328611573, 'epoch': 2.39}
{'loss': 0.6245, 'learning_rate': 0.00020112404656764352, 'epoch': 2.4}
{'loss': 0.6443, 'learning_rate': 0.00019997706027412974, 'epoch': 2.4}
{'eval_loss': 0.5452446937561035, 'eval_bce': 0.5376150975869475, 'eval_n_pos': 2024.0, 'eval_pos_rate': 0.09120814744716327, 'eval_auroc': 0.6400131040201666, 'eval_auprc': 0.18645934630955407, 'eval_mcc': 0.1295608296158208, 'eval_precision': 0.2588347659980898, 'eval_recall': 0.13389328063241107, 'eval_f1': 0.176489742754803, 'eval_runtime': 20.8132, 'eval_samples_per_second': 1066.197, 'eval_steps_per_second': 16.672, 'epoch': 2.4}
{'loss': 0.6527, 'learning_rate': 0.00019883007398061592, 'epoch': 2.41}
{'loss': 0.6532, 'learning_rate': 0.00019768308768710214, 'epoch': 2.41}
{'loss': 0.6378, 'learning_rate': 0.00019653610139358835, 'epoch': 2.41}
{'loss': 0.6265, 'learning_rate': 0.00019538911510007457, 'epoch': 2.42}
{'loss': 0.622, 'learning_rate': 0.00019424212880656076, 'epoch': 2.42}
{'loss': 0.6497, 'learning_rate': 0.00019309514251304697, 'epoch': 2.42}
{'loss': 0.6252, 'learning_rate': 0.00019194815621953319, 'epoch': 2.43}
{'loss': 0.624, 'learning_rate': 0.0001908011699260194, 'epoch': 2.43}
{'loss': 0.6047, 'learning_rate': 0.0001896541836325056, 'epoch': 2.43}
{'loss': 0.6517, 'learning_rate': 0.0001885071973389918, 'epoch': 2.44}
{'loss': 0.6115, 'learning_rate': 0.00018736021104547802, 'epoch': 2.44}
{'loss': 0.6279, 'learning_rate': 0.00018621322475196423, 'epoch': 2.44}
{'eval_loss': 0.5428794026374817, 'eval_bce': 0.535213580363223, 'eval_n_pos': 2024.0, 'eval_pos_rate': 0.09120814744716327, 'eval_auroc': 0.647994372973811, 'eval_auprc': 0.19107540378906995, 'eval_mcc': 0.13162496641128488, 'eval_precision': 0.26091081593927895, 'eval_recall': 0.1358695652173913, 'eval_f1': 0.1786874593892138, 'eval_runtime': 22.2976, 'eval_samples_per_second': 995.217, 'eval_steps_per_second': 15.562, 'epoch': 2.44}
{'loss': 0.657, 'learning_rate': 0.00018506623845845042, 'epoch': 2.45}
{'loss': 0.6226, 'learning_rate': 0.00018391925216493664, 'epoch': 2.45}
{'loss': 0.6386, 'learning_rate': 0.00018277226587142285, 'epoch': 2.45}
{'loss': 0.6555, 'learning_rate': 0.00018162527957790907, 'epoch': 2.46}
{'loss': 0.6497, 'learning_rate': 0.00018047829328439525, 'epoch': 2.46}
{'loss': 0.636, 'learning_rate': 0.00017933130699088147, 'epoch': 2.46}
{'loss': 0.6165, 'learning_rate': 0.00017818432069736768, 'epoch': 2.47}
{'loss': 0.6385, 'learning_rate': 0.0001770373344038539, 'epoch': 2.47}
{'loss': 0.6381, 'learning_rate': 0.00017589034811034009, 'epoch': 2.47}
{'loss': 0.6496, 'learning_rate': 0.0001747433618168263, 'epoch': 2.48}
{'loss': 0.6151, 'learning_rate': 0.00017359637552331252, 'epoch': 2.48}
{'loss': 0.6371, 'learning_rate': 0.00017244938922979873, 'epoch': 2.48}
{'loss': 0.6197, 'learning_rate': 0.00017130240293628492, 'epoch': 2.49}
{'eval_loss': 0.5379014015197754, 'eval_bce': 0.5297642939947689, 'eval_n_pos': 2024.0, 'eval_pos_rate': 0.09120814744716327, 'eval_auroc': 0.6487354429446925, 'eval_auprc': 0.19107673069418465, 'eval_mcc': 0.13699249562086094, 'eval_precision': 0.277602523659306, 'eval_recall': 0.13043478260869565, 'eval_f1': 0.17747899159663869, 'eval_runtime': 20.8156, 'eval_samples_per_second': 1066.075, 'eval_steps_per_second': 16.67, 'epoch': 2.49}
{'loss': 0.6269, 'learning_rate': 0.00017015541664277113, 'epoch': 2.49}
{'loss': 0.6211, 'learning_rate': 0.00016900843034925735, 'epoch': 2.49}
{'loss': 0.6312, 'learning_rate': 0.00016786144405574356, 'epoch': 2.5}
{'loss': 0.6383, 'learning_rate': 0.00016671445776222975, 'epoch': 2.5}
{'loss': 0.6091, 'learning_rate': 0.00016556747146871597, 'epoch': 2.5}
{'loss': 0.6476, 'learning_rate': 0.00016442048517520218, 'epoch': 2.51}
{'loss': 0.6225, 'learning_rate': 0.00016327349888168834, 'epoch': 2.51}
{'loss': 0.6291, 'learning_rate': 0.00016212651258817456, 'epoch': 2.52}
{'loss': 0.6291, 'learning_rate': 0.00016097952629466077, 'epoch': 2.52}
{'loss': 0.6352, 'learning_rate': 0.00015983254000114699, 'epoch': 2.52}
{'loss': 0.6273, 'learning_rate': 0.00015868555370763317, 'epoch': 2.53}
{'loss': 0.6271, 'learning_rate': 0.0001575385674141194, 'epoch': 2.53}
{'eval_loss': 0.5413761138916016, 'eval_bce': 0.5336281101386019, 'eval_n_pos': 2024.0, 'eval_pos_rate': 0.09120814744716327, 'eval_auroc': 0.6462467864673846, 'eval_auprc': 0.1889492925556658, 'eval_mcc': 0.13654205596234795, 'eval_precision': 0.2691190706679574, 'eval_recall': 0.1373517786561265, 'eval_f1': 0.18187765783447823, 'eval_runtime': 20.8236, 'eval_samples_per_second': 1065.666, 'eval_steps_per_second': 16.664, 'epoch': 2.53}
{'loss': 0.6391, 'learning_rate': 0.0001563915811206056, 'epoch': 2.53}
{'loss': 0.6334, 'learning_rate': 0.00015524459482709182, 'epoch': 2.54}
{'loss': 0.6395, 'learning_rate': 0.000154097608533578, 'epoch': 2.54}
{'loss': 0.6321, 'learning_rate': 0.00015295062224006422, 'epoch': 2.54}
{'loss': 0.6542, 'learning_rate': 0.00015180363594655044, 'epoch': 2.55}
{'loss': 0.6404, 'learning_rate': 0.00015065664965303665, 'epoch': 2.55}
{'loss': 0.621, 'learning_rate': 0.00014950966335952284, 'epoch': 2.55}
{'loss': 0.614, 'learning_rate': 0.00014836267706600905, 'epoch': 2.56}
{'loss': 0.6347, 'learning_rate': 0.00014721569077249527, 'epoch': 2.56}
{'loss': 0.6196, 'learning_rate': 0.00014606870447898148, 'epoch': 2.56}
{'loss': 0.6484, 'learning_rate': 0.00014492171818546767, 'epoch': 2.57}
{'loss': 0.6242, 'learning_rate': 0.00014377473189195389, 'epoch': 2.57}
{'loss': 0.622, 'learning_rate': 0.0001426277455984401, 'epoch': 2.57}
{'eval_loss': 0.5434237718582153, 'eval_bce': 0.5357755132912417, 'eval_n_pos': 2024.0, 'eval_pos_rate': 0.09120814744716327, 'eval_auroc': 0.6435832439446826, 'eval_auprc': 0.18901664641682836, 'eval_mcc': 0.13991057890762693, 'eval_precision': 0.2737864077669903, 'eval_recall': 0.13932806324110672, 'eval_f1': 0.18467583497053044, 'eval_runtime': 20.8262, 'eval_samples_per_second': 1065.531, 'eval_steps_per_second': 16.662, 'epoch': 2.57}
{'loss': 0.6277, 'learning_rate': 0.00014148075930492631, 'epoch': 2.58}
{'loss': 0.6462, 'learning_rate': 0.0001403337730114125, 'epoch': 2.58}
{'loss': 0.653, 'learning_rate': 0.00013918678671789872, 'epoch': 2.58}
{'loss': 0.6373, 'learning_rate': 0.00013803980042438493, 'epoch': 2.59}
{'loss': 0.6207, 'learning_rate': 0.00013689281413087115, 'epoch': 2.59}
{'loss': 0.6219, 'learning_rate': 0.00013574582783735734, 'epoch': 2.59}
{'loss': 0.6375, 'learning_rate': 0.00013459884154384355, 'epoch': 2.6}
{'loss': 0.607, 'learning_rate': 0.00013345185525032976, 'epoch': 2.6}
{'loss': 0.6226, 'learning_rate': 0.00013230486895681598, 'epoch': 2.6}
{'loss': 0.65, 'learning_rate': 0.00013115788266330217, 'epoch': 2.61}
{'loss': 0.6491, 'learning_rate': 0.00013001089636978838, 'epoch': 2.61}
{'loss': 0.6435, 'learning_rate': 0.0001288639100762746, 'epoch': 2.61}
{'eval_loss': 0.538772702217102, 'eval_bce': 0.5309742949043835, 'eval_n_pos': 2024.0, 'eval_pos_rate': 0.09120814744716327, 'eval_auroc': 0.6480607652387153, 'eval_auprc': 0.1904129410545277, 'eval_mcc': 0.13842025380081233, 'eval_precision': 0.27720739219712526, 'eval_recall': 0.13339920948616601, 'eval_f1': 0.1801200800533689, 'eval_runtime': 20.8356, 'eval_samples_per_second': 1065.052, 'eval_steps_per_second': 16.654, 'epoch': 2.62}
{'loss': 0.6094, 'learning_rate': 0.00012771692378276079, 'epoch': 2.62}
{'loss': 0.6574, 'learning_rate': 0.000126569937489247, 'epoch': 2.62}
{'loss': 0.6388, 'learning_rate': 0.00012542295119573321, 'epoch': 2.62}
{'loss': 0.6174, 'learning_rate': 0.0001242759649022194, 'epoch': 2.63}
{'loss': 0.6175, 'learning_rate': 0.00012312897860870562, 'epoch': 2.63}
{'loss': 0.6372, 'learning_rate': 0.00012198199231519183, 'epoch': 2.64}
{'loss': 0.6562, 'learning_rate': 0.00012083500602167805, 'epoch': 2.64}
{'loss': 0.6091, 'learning_rate': 0.00011968801972816425, 'epoch': 2.64}
{'loss': 0.6435, 'learning_rate': 0.00011854103343465046, 'epoch': 2.65}
{'loss': 0.6357, 'learning_rate': 0.00011739404714113666, 'epoch': 2.65}
{'loss': 0.6242, 'learning_rate': 0.00011624706084762288, 'epoch': 2.65}
{'loss': 0.6737, 'learning_rate': 0.00011510007455410908, 'epoch': 2.66}
{'loss': 0.6172, 'learning_rate': 0.0001139530882605953, 'epoch': 2.66}
{'eval_loss': 0.5397756099700928, 'eval_bce': 0.5320319556086082, 'eval_n_pos': 2024.0, 'eval_pos_rate': 0.09120814744716327, 'eval_auroc': 0.6457710895641944, 'eval_auprc': 0.18951588282402237, 'eval_mcc': 0.14071244456481063, 'eval_precision': 0.2802874743326489, 'eval_recall': 0.13488142292490118, 'eval_f1': 0.18212141427618414, 'eval_runtime': 20.8272, 'eval_samples_per_second': 1065.482, 'eval_steps_per_second': 16.661, 'epoch': 2.66}
{'loss': 0.6161, 'learning_rate': 0.0001128061019670815, 'epoch': 2.66}
{'loss': 0.6458, 'learning_rate': 0.00011165911567356771, 'epoch': 2.67}
{'loss': 0.6435, 'learning_rate': 0.00011051212938005391, 'epoch': 2.67}
{'loss': 0.617, 'learning_rate': 0.00010936514308654013, 'epoch': 2.67}
{'loss': 0.6569, 'learning_rate': 0.00010821815679302633, 'epoch': 2.68}
{'loss': 0.6337, 'learning_rate': 0.00010707117049951254, 'epoch': 2.68}
{'loss': 0.6543, 'learning_rate': 0.00010592418420599873, 'epoch': 2.68}
{'loss': 0.6318, 'learning_rate': 0.00010477719791248495, 'epoch': 2.69}
{'loss': 0.6335, 'learning_rate': 0.00010363021161897115, 'epoch': 2.69}
{'loss': 0.6426, 'learning_rate': 0.00010248322532545736, 'epoch': 2.69}
{'loss': 0.6393, 'learning_rate': 0.00010133623903194356, 'epoch': 2.7}
{'loss': 0.6232, 'learning_rate': 0.00010018925273842978, 'epoch': 2.7}
{'eval_loss': 0.5399491786956787, 'eval_bce': 0.5322181215405127, 'eval_n_pos': 2024.0, 'eval_pos_rate': 0.09120814744716327, 'eval_auroc': 0.6439973748841442, 'eval_auprc': 0.18821755549169067, 'eval_mcc': 0.13228099027904155, 'eval_precision': 0.2668004012036108, 'eval_recall': 0.13142292490118576, 'eval_f1': 0.1761006289308176, 'eval_runtime': 20.8229, 'eval_samples_per_second': 1065.703, 'eval_steps_per_second': 16.664, 'epoch': 2.7}
{'loss': 0.6439, 'learning_rate': 9.904226644491598e-05, 'epoch': 2.7}
{'loss': 0.6296, 'learning_rate': 9.78952801514022e-05, 'epoch': 2.71}
{'loss': 0.6551, 'learning_rate': 9.67482938578884e-05, 'epoch': 2.71}
{'loss': 0.627, 'learning_rate': 9.56013075643746e-05, 'epoch': 2.71}
{'loss': 0.6288, 'learning_rate': 9.445432127086081e-05, 'epoch': 2.72}
{'loss': 0.63, 'learning_rate': 9.330733497734701e-05, 'epoch': 2.72}
{'loss': 0.628, 'learning_rate': 9.216034868383323e-05, 'epoch': 2.72}
{'loss': 0.6251, 'learning_rate': 9.101336239031943e-05, 'epoch': 2.73}
{'loss': 0.648, 'learning_rate': 8.986637609680565e-05, 'epoch': 2.73}
{'loss': 0.6123, 'learning_rate': 8.871938980329185e-05, 'epoch': 2.73}
{'loss': 0.637, 'learning_rate': 8.757240350977806e-05, 'epoch': 2.74}
{'loss': 0.6487, 'learning_rate': 8.642541721626426e-05, 'epoch': 2.74}
{'loss': 0.6465, 'learning_rate': 8.527843092275048e-05, 'epoch': 2.74}
{'eval_loss': 0.5403140783309937, 'eval_bce': 0.5325277786137147, 'eval_n_pos': 2024.0, 'eval_pos_rate': 0.09120814744716327, 'eval_auroc': 0.6433708499444658, 'eval_auprc': 0.1884656017674446, 'eval_mcc': 0.13649823516330467, 'eval_precision': 0.2716417910447761, 'eval_recall': 0.13488142292490118, 'eval_f1': 0.18025751072961374, 'eval_runtime': 20.8209, 'eval_samples_per_second': 1065.805, 'eval_steps_per_second': 16.666, 'epoch': 2.74}
{'loss': 0.6218, 'learning_rate': 8.413144462923668e-05, 'epoch': 2.75}
{'loss': 0.6341, 'learning_rate': 8.29844583357229e-05, 'epoch': 2.75}
{'loss': 0.6285, 'learning_rate': 8.18374720422091e-05, 'epoch': 2.76}
{'loss': 0.6531, 'learning_rate': 8.069048574869531e-05, 'epoch': 2.76}
{'loss': 0.628, 'learning_rate': 7.954349945518151e-05, 'epoch': 2.76}
{'loss': 0.6319, 'learning_rate': 7.839651316166773e-05, 'epoch': 2.77}
{'loss': 0.6468, 'learning_rate': 7.724952686815393e-05, 'epoch': 2.77}
{'loss': 0.6397, 'learning_rate': 7.610254057464014e-05, 'epoch': 2.77}
{'loss': 0.6453, 'learning_rate': 7.495555428112634e-05, 'epoch': 2.78}
{'loss': 0.6179, 'learning_rate': 7.380856798761256e-05, 'epoch': 2.78}
{'loss': 0.6249, 'learning_rate': 7.266158169409876e-05, 'epoch': 2.78}
{'loss': 0.6284, 'learning_rate': 7.151459540058498e-05, 'epoch': 2.79}
{'eval_loss': 0.5407437086105347, 'eval_bce': 0.5329667642089984, 'eval_n_pos': 2024.0, 'eval_pos_rate': 0.09120814744716327, 'eval_auroc': 0.6436883568644507, 'eval_auprc': 0.18778407418587645, 'eval_mcc': 0.13175148541461312, 'eval_precision': 0.2611585944919278, 'eval_recall': 0.1358695652173913, 'eval_f1': 0.17874553136171595, 'eval_runtime': 20.8299, 'eval_samples_per_second': 1065.342, 'eval_steps_per_second': 16.659, 'epoch': 2.79}
{'loss': 0.6298, 'learning_rate': 7.036760910707118e-05, 'epoch': 2.79}
{'loss': 0.6109, 'learning_rate': 6.922062281355739e-05, 'epoch': 2.79}
{'loss': 0.6489, 'learning_rate': 6.807363652004358e-05, 'epoch': 2.8}
{'loss': 0.6264, 'learning_rate': 6.69266502265298e-05, 'epoch': 2.8}
{'loss': 0.6367, 'learning_rate': 6.5779663933016e-05, 'epoch': 2.8}
{'loss': 0.624, 'learning_rate': 6.463267763950221e-05, 'epoch': 2.81}
{'loss': 0.6274, 'learning_rate': 6.348569134598841e-05, 'epoch': 2.81}
{'loss': 0.6266, 'learning_rate': 6.233870505247463e-05, 'epoch': 2.81}
{'loss': 0.6145, 'learning_rate': 6.119171875896083e-05, 'epoch': 2.82}
{'loss': 0.6515, 'learning_rate': 6.004473246544704e-05, 'epoch': 2.82}
{'loss': 0.6385, 'learning_rate': 5.889774617193325e-05, 'epoch': 2.82}
{'loss': 0.642, 'learning_rate': 5.775075987841945e-05, 'epoch': 2.83}
{'loss': 0.6177, 'learning_rate': 5.660377358490566e-05, 'epoch': 2.83}
{'eval_loss': 0.5411701798439026, 'eval_bce': 0.5333508956012294, 'eval_n_pos': 2024.0, 'eval_pos_rate': 0.09120814744716327, 'eval_auroc': 0.6454270624867338, 'eval_auprc': 0.18898350531752328, 'eval_mcc': 0.1336063535478412, 'eval_precision': 0.2638095238095238, 'eval_recall': 0.1368577075098814, 'eval_f1': 0.18022121014964215, 'eval_runtime': 20.8261, 'eval_samples_per_second': 1065.539, 'eval_steps_per_second': 16.662, 'epoch': 2.83}
{'loss': 0.6239, 'learning_rate': 5.545678729139187e-05, 'epoch': 2.83}
{'loss': 0.6392, 'learning_rate': 5.4309800997878076e-05, 'epoch': 2.84}
{'loss': 0.6382, 'learning_rate': 5.3162814704364285e-05, 'epoch': 2.84}
{'loss': 0.6441, 'learning_rate': 5.201582841085049e-05, 'epoch': 2.84}
{'loss': 0.6466, 'learning_rate': 5.08688421173367e-05, 'epoch': 2.85}
{'loss': 0.6342, 'learning_rate': 4.972185582382291e-05, 'epoch': 2.85}
{'loss': 0.6442, 'learning_rate': 4.857486953030912e-05, 'epoch': 2.85}
{'loss': 0.6285, 'learning_rate': 4.7427883236795325e-05, 'epoch': 2.86}
{'loss': 0.6543, 'learning_rate': 4.628089694328153e-05, 'epoch': 2.86}
{'loss': 0.6477, 'learning_rate': 4.5133910649767735e-05, 'epoch': 2.86}
{'loss': 0.6236, 'learning_rate': 4.398692435625394e-05, 'epoch': 2.87}
{'loss': 0.6457, 'learning_rate': 4.283993806274015e-05, 'epoch': 2.87}
{'eval_loss': 0.5394756197929382, 'eval_bce': 0.5315236190923722, 'eval_n_pos': 2024.0, 'eval_pos_rate': 0.09120814744716327, 'eval_auroc': 0.6455306442195807, 'eval_auprc': 0.1902179980428653, 'eval_mcc': 0.13169927596433073, 'eval_precision': 0.2625482625482625, 'eval_recall': 0.13438735177865613, 'eval_f1': 0.17777777777777778, 'eval_runtime': 20.8263, 'eval_samples_per_second': 1065.526, 'eval_steps_per_second': 16.662, 'epoch': 2.87}
{'loss': 0.6502, 'learning_rate': 4.169295176922636e-05, 'epoch': 2.88}
{'loss': 0.6247, 'learning_rate': 4.054596547571257e-05, 'epoch': 2.88}
{'loss': 0.6248, 'learning_rate': 3.939897918219877e-05, 'epoch': 2.88}
{'loss': 0.6404, 'learning_rate': 3.8251992888684976e-05, 'epoch': 2.89}
{'loss': 0.6427, 'learning_rate': 3.7105006595171184e-05, 'epoch': 2.89}
{'loss': 0.6529, 'learning_rate': 3.595802030165739e-05, 'epoch': 2.89}
{'loss': 0.6471, 'learning_rate': 3.48110340081436e-05, 'epoch': 2.9}
{'loss': 0.6183, 'learning_rate': 3.366404771462981e-05, 'epoch': 2.9}
{'loss': 0.6313, 'learning_rate': 3.251706142111602e-05, 'epoch': 2.9}
{'loss': 0.6259, 'learning_rate': 3.1370075127602225e-05, 'epoch': 2.91}
{'loss': 0.6158, 'learning_rate': 3.0223088834088433e-05, 'epoch': 2.91}
{'loss': 0.6331, 'learning_rate': 2.907610254057464e-05, 'epoch': 2.91}
{'loss': 0.6477, 'learning_rate': 2.792911624706085e-05, 'epoch': 2.92}
{'eval_loss': 0.541102945804596, 'eval_bce': 0.5332392327493148, 'eval_n_pos': 2024.0, 'eval_pos_rate': 0.09120814744716327, 'eval_auroc': 0.6451093228263368, 'eval_auprc': 0.18973901711119712, 'eval_mcc': 0.13183296702099373, 'eval_precision': 0.26033834586466165, 'eval_recall': 0.1368577075098814, 'eval_f1': 0.1794041450777202, 'eval_runtime': 20.8214, 'eval_samples_per_second': 1065.778, 'eval_steps_per_second': 16.666, 'epoch': 2.92}
{'loss': 0.6403, 'learning_rate': 2.6782129953547057e-05, 'epoch': 2.92}
{'loss': 0.6552, 'learning_rate': 2.5635143660033266e-05, 'epoch': 2.92}
{'loss': 0.6693, 'learning_rate': 2.448815736651947e-05, 'epoch': 2.93}
{'loss': 0.6448, 'learning_rate': 2.334117107300568e-05, 'epoch': 2.93}
{'loss': 0.6364, 'learning_rate': 2.2194184779491886e-05, 'epoch': 2.93}
{'loss': 0.6414, 'learning_rate': 2.1047198485978095e-05, 'epoch': 2.94}
{'loss': 0.6377, 'learning_rate': 1.99002121924643e-05, 'epoch': 2.94}
{'loss': 0.6121, 'learning_rate': 1.8753225898950507e-05, 'epoch': 2.94}
{'loss': 0.6348, 'learning_rate': 1.7606239605436715e-05, 'epoch': 2.95}
{'loss': 0.6493, 'learning_rate': 1.6459253311922924e-05, 'epoch': 2.95}
{'loss': 0.6573, 'learning_rate': 1.5312267018409128e-05, 'epoch': 2.95}
{'loss': 0.6156, 'learning_rate': 1.4165280724895338e-05, 'epoch': 2.96}
{'eval_loss': 0.5405331254005432, 'eval_bce': 0.5326422571547234, 'eval_n_pos': 2024.0, 'eval_pos_rate': 0.09120814744716327, 'eval_auroc': 0.6453867616469672, 'eval_auprc': 0.189286922573375, 'eval_mcc': 0.1332519147193526, 'eval_precision': 0.2636103151862464, 'eval_recall': 0.13636363636363635, 'eval_f1': 0.17974601107131227, 'eval_runtime': 20.8585, 'eval_samples_per_second': 1063.884, 'eval_steps_per_second': 16.636, 'epoch': 2.96}
{'loss': 0.6494, 'learning_rate': 1.3018294431381544e-05, 'epoch': 2.96}
{'loss': 0.6525, 'learning_rate': 1.1871308137867753e-05, 'epoch': 2.96}
{'loss': 0.6237, 'learning_rate': 1.072432184435396e-05, 'epoch': 2.97}
{'loss': 0.6256, 'learning_rate': 9.577335550840169e-06, 'epoch': 2.97}
{'loss': 0.6247, 'learning_rate': 8.430349257326375e-06, 'epoch': 2.97}
{'loss': 0.6328, 'learning_rate': 7.2833629638125824e-06, 'epoch': 2.98}
{'loss': 0.6338, 'learning_rate': 6.1363766702987905e-06, 'epoch': 2.98}
{'loss': 0.6322, 'learning_rate': 4.989390376784997e-06, 'epoch': 2.99}
{'loss': 0.6471, 'learning_rate': 3.842404083271205e-06, 'epoch': 2.99}
{'loss': 0.6255, 'learning_rate': 2.6954177897574127e-06, 'epoch': 2.99}
{'loss': 0.6108, 'learning_rate': 1.5484314962436198e-06, 'epoch': 3.0}
{'loss': 0.6253, 'learning_rate': 4.014452027298274e-07, 'epoch': 3.0}
{'train_runtime': 2261.8243, 'train_samples_per_second': 247.367, 'train_steps_per_second': 7.731, 'train_loss': 0.6402400979839209, 'epoch': 3.0}
    dev AUROC = 0.6500606056032915
--- Stage-2a s=20 -> /home/asm242/palmer_scratch/entexBERT-2_experiments/EN-TEx/experiments/stage2_ctcf_clf_full/runs/clf_2a_s20 ---
{'loss': 0.6865, 'learning_rate': 0.0004, 'epoch': 0.0}
{'loss': 0.6752, 'learning_rate': 0.0008, 'epoch': 0.01}
{'loss': 0.6554, 'learning_rate': 0.000999426506853243, 'epoch': 0.01}
{'loss': 0.6881, 'learning_rate': 0.0009982795205597294, 'epoch': 0.01}
{'loss': 0.6742, 'learning_rate': 0.0009971325342662154, 'epoch': 0.02}
{'loss': 0.6511, 'learning_rate': 0.0009959855479727017, 'epoch': 0.02}
{'loss': 0.6574, 'learning_rate': 0.000994838561679188, 'epoch': 0.02}
{'loss': 0.6785, 'learning_rate': 0.000993691575385674, 'epoch': 0.03}
{'loss': 0.6796, 'learning_rate': 0.0009925445890921604, 'epoch': 0.03}
{'loss': 0.6803, 'learning_rate': 0.0009913976027986465, 'epoch': 0.03}
{'loss': 0.6539, 'learning_rate': 0.0009902506165051328, 'epoch': 0.04}
{'loss': 0.6761, 'learning_rate': 0.000989103630211619, 'epoch': 0.04}
{'eval_loss': 0.677967369556427, 'eval_bce': 0.6771416019503393, 'eval_n_pos': 2024.0, 'eval_pos_rate': 0.09120814744716327, 'eval_auroc': 0.6045084439201441, 'eval_auprc': 0.17829248539921846, 'eval_mcc': 0.1309186888621782, 'eval_precision': 0.18579414666228214, 'eval_recall': 0.2791501976284585, 'eval_f1': 0.22309970384995065, 'eval_runtime': 22.1683, 'eval_samples_per_second': 1001.025, 'eval_steps_per_second': 15.653, 'epoch': 0.04}
{'loss': 0.6528, 'learning_rate': 0.0009879566439181052, 'epoch': 0.04}
{'loss': 0.6475, 'learning_rate': 0.0009868096576245915, 'epoch': 0.05}
{'loss': 0.6829, 'learning_rate': 0.0009856626713310775, 'epoch': 0.05}
{'loss': 0.6528, 'learning_rate': 0.0009845156850375638, 'epoch': 0.05}
{'loss': 0.6606, 'learning_rate': 0.00098336869874405, 'epoch': 0.06}
{'loss': 0.6456, 'learning_rate': 0.0009822217124505362, 'epoch': 0.06}
{'loss': 0.6687, 'learning_rate': 0.0009810747261570225, 'epoch': 0.07}
{'loss': 0.6635, 'learning_rate': 0.0009799277398635088, 'epoch': 0.07}
{'loss': 0.6642, 'learning_rate': 0.0009787807535699949, 'epoch': 0.07}
{'loss': 0.6847, 'learning_rate': 0.000977633767276481, 'epoch': 0.08}
{'loss': 0.6576, 'learning_rate': 0.0009764867809829672, 'epoch': 0.08}
{'loss': 0.6695, 'learning_rate': 0.0009753397946894534, 'epoch': 0.08}
{'loss': 0.6519, 'learning_rate': 0.0009741928083959397, 'epoch': 0.09}
{'eval_loss': 0.6405647993087769, 'eval_bce': 0.6390176897781474, 'eval_n_pos': 2024.0, 'eval_pos_rate': 0.09120814744716327, 'eval_auroc': 0.6004332940500181, 'eval_auprc': 0.166441658228264, 'eval_mcc': 0.11274682461995057, 'eval_precision': 0.19881145326850352, 'eval_recall': 0.18181818181818182, 'eval_f1': 0.18993548387096776, 'eval_runtime': 20.7487, 'eval_samples_per_second': 1069.514, 'eval_steps_per_second': 16.724, 'epoch': 0.09}
{'loss': 0.6698, 'learning_rate': 0.0009730458221024259, 'epoch': 0.09}
{'loss': 0.6474, 'learning_rate': 0.0009718988358089121, 'epoch': 0.09}
{'loss': 0.6605, 'learning_rate': 0.0009707518495153983, 'epoch': 0.1}
{'loss': 0.6671, 'learning_rate': 0.0009696048632218846, 'epoch': 0.1}
{'loss': 0.6684, 'learning_rate': 0.0009684578769283708, 'epoch': 0.1}
{'loss': 0.6484, 'learning_rate': 0.0009673108906348569, 'epoch': 0.11}
{'loss': 0.6638, 'learning_rate': 0.0009661639043413432, 'epoch': 0.11}
{'loss': 0.6362, 'learning_rate': 0.0009650169180478293, 'epoch': 0.11}
{'loss': 0.6568, 'learning_rate': 0.0009638699317543156, 'epoch': 0.12}
{'loss': 0.6555, 'learning_rate': 0.0009627229454608017, 'epoch': 0.12}
{'loss': 0.6441, 'learning_rate': 0.000961575959167288, 'epoch': 0.12}
{'loss': 0.6651, 'learning_rate': 0.0009604289728737742, 'epoch': 0.13}
{'eval_loss': 0.6206084489822388, 'eval_bce': 0.6181845923305366, 'eval_n_pos': 2024.0, 'eval_pos_rate': 0.09120814744716327, 'eval_auroc': 0.6170793537989409, 'eval_auprc': 0.18009061569438167, 'eval_mcc': 0.12855500958932425, 'eval_precision': 0.21929824561403508, 'eval_recall': 0.18527667984189725, 'eval_f1': 0.20085698982324587, 'eval_runtime': 20.7922, 'eval_samples_per_second': 1067.277, 'eval_steps_per_second': 16.689, 'epoch': 0.13}
{'loss': 0.6514, 'learning_rate': 0.0009592819865802603, 'epoch': 0.13}
{'loss': 0.6703, 'learning_rate': 0.0009581350002867466, 'epoch': 0.13}
{'loss': 0.666, 'learning_rate': 0.0009569880139932328, 'epoch': 0.14}
{'loss': 0.6489, 'learning_rate': 0.0009558410276997191, 'epoch': 0.14}
{'loss': 0.6561, 'learning_rate': 0.0009546940414062051, 'epoch': 0.14}
{'loss': 0.6509, 'learning_rate': 0.0009535470551126914, 'epoch': 0.15}
{'loss': 0.6641, 'learning_rate': 0.0009524000688191776, 'epoch': 0.15}
{'loss': 0.6486, 'learning_rate': 0.0009512530825256639, 'epoch': 0.15}
{'loss': 0.6545, 'learning_rate': 0.00095010609623215, 'epoch': 0.16}
{'loss': 0.6555, 'learning_rate': 0.0009489591099386362, 'epoch': 0.16}
{'loss': 0.6663, 'learning_rate': 0.0009478121236451225, 'epoch': 0.16}
{'loss': 0.6518, 'learning_rate': 0.0009466651373516087, 'epoch': 0.17}
{'loss': 0.6639, 'learning_rate': 0.0009455181510580949, 'epoch': 0.17}
{'eval_loss': 0.5922451615333557, 'eval_bce': 0.5889487279744402, 'eval_n_pos': 2024.0, 'eval_pos_rate': 0.09120814744716327, 'eval_auroc': 0.6196624293865589, 'eval_auprc': 0.1738297317309303, 'eval_mcc': 0.1317543146038522, 'eval_precision': 0.2519214346712212, 'eval_recall': 0.14575098814229248, 'eval_f1': 0.18466353677621283, 'eval_runtime': 20.8205, 'eval_samples_per_second': 1065.826, 'eval_steps_per_second': 16.666, 'epoch': 0.17}
{'loss': 0.6404, 'learning_rate': 0.000944371164764581, 'epoch': 0.17}
{'loss': 0.6698, 'learning_rate': 0.0009432241784710673, 'epoch': 0.18}
{'loss': 0.6538, 'learning_rate': 0.0009420771921775535, 'epoch': 0.18}
{'loss': 0.6459, 'learning_rate': 0.0009409302058840396, 'epoch': 0.19}
{'loss': 0.6489, 'learning_rate': 0.0009397832195905259, 'epoch': 0.19}
{'loss': 0.6428, 'learning_rate': 0.0009386362332970121, 'epoch': 0.19}
{'loss': 0.6773, 'learning_rate': 0.0009374892470034984, 'epoch': 0.2}
{'loss': 0.6346, 'learning_rate': 0.0009363422607099845, 'epoch': 0.2}
{'loss': 0.6531, 'learning_rate': 0.0009351952744164708, 'epoch': 0.2}
{'loss': 0.6502, 'learning_rate': 0.000934048288122957, 'epoch': 0.21}
{'loss': 0.6292, 'learning_rate': 0.0009329013018294431, 'epoch': 0.21}
{'loss': 0.6641, 'learning_rate': 0.0009317543155359293, 'epoch': 0.21}
{'eval_loss': 0.5801395177841187, 'eval_bce': 0.5765814262423898, 'eval_n_pos': 2024.0, 'eval_pos_rate': 0.09120814744716327, 'eval_auroc': 0.6246711745462934, 'eval_auprc': 0.17201290131297492, 'eval_mcc': 0.12614222153783086, 'eval_precision': 0.24549356223175967, 'eval_recall': 0.14130434782608695, 'eval_f1': 0.17936657259328945, 'eval_runtime': 20.8498, 'eval_samples_per_second': 1064.326, 'eval_steps_per_second': 16.643, 'epoch': 0.21}
{'loss': 0.6732, 'learning_rate': 0.0009306073292424155, 'epoch': 0.22}
{'loss': 0.6505, 'learning_rate': 0.0009294603429489018, 'epoch': 0.22}
{'loss': 0.6578, 'learning_rate': 0.000928313356655388, 'epoch': 0.22}
{'loss': 0.6355, 'learning_rate': 0.0009271663703618742, 'epoch': 0.23}
{'loss': 0.6635, 'learning_rate': 0.0009260193840683604, 'epoch': 0.23}
{'loss': 0.6648, 'learning_rate': 0.0009248723977748467, 'epoch': 0.23}
{'loss': 0.6538, 'learning_rate': 0.0009237254114813329, 'epoch': 0.24}
{'loss': 0.6471, 'learning_rate': 0.0009225784251878189, 'epoch': 0.24}
{'loss': 0.6626, 'learning_rate': 0.0009214314388943052, 'epoch': 0.24}
{'loss': 0.6658, 'learning_rate': 0.0009202844526007914, 'epoch': 0.25}
{'loss': 0.6619, 'learning_rate': 0.0009191374663072777, 'epoch': 0.25}
{'loss': 0.6566, 'learning_rate': 0.0009179904800137638, 'epoch': 0.25}
{'loss': 0.6594, 'learning_rate': 0.0009168434937202501, 'epoch': 0.26}
{'eval_loss': 0.5626336336135864, 'eval_bce': 0.5583392732441526, 'eval_n_pos': 2024.0, 'eval_pos_rate': 0.09120814744716327, 'eval_auroc': 0.6239651993796465, 'eval_auprc': 0.1731976818525273, 'eval_mcc': 0.12829688101227188, 'eval_precision': 0.2667375132837407, 'eval_recall': 0.12401185770750989, 'eval_f1': 0.16930860033726813, 'eval_runtime': 20.8378, 'eval_samples_per_second': 1064.937, 'eval_steps_per_second': 16.652, 'epoch': 0.26}
{'loss': 0.6547, 'learning_rate': 0.0009156965074267363, 'epoch': 0.26}
{'loss': 0.6551, 'learning_rate': 0.0009145495211332225, 'epoch': 0.26}
{'loss': 0.6507, 'learning_rate': 0.0009134025348397087, 'epoch': 0.27}
{'loss': 0.6464, 'learning_rate': 0.0009122555485461948, 'epoch': 0.27}
{'loss': 0.6546, 'learning_rate': 0.0009111085622526811, 'epoch': 0.27}
{'loss': 0.6405, 'learning_rate': 0.0009099615759591673, 'epoch': 0.28}
{'loss': 0.6484, 'learning_rate': 0.0009088145896656535, 'epoch': 0.28}
{'loss': 0.6483, 'learning_rate': 0.0009076676033721397, 'epoch': 0.28}
{'loss': 0.6546, 'learning_rate': 0.0009065206170786259, 'epoch': 0.29}
{'loss': 0.6599, 'learning_rate': 0.0009053736307851122, 'epoch': 0.29}
{'loss': 0.6566, 'learning_rate': 0.0009042266444915983, 'epoch': 0.3}
{'loss': 0.6252, 'learning_rate': 0.0009030796581980846, 'epoch': 0.3}
{'eval_loss': 0.5816735625267029, 'eval_bce': 0.5777574879159616, 'eval_n_pos': 2024.0, 'eval_pos_rate': 0.09120814744716327, 'eval_auroc': 0.6234561348510688, 'eval_auprc': 0.17413860407493098, 'eval_mcc': 0.12077239879804448, 'eval_precision': 0.21441661576053758, 'eval_recall': 0.1734189723320158, 'eval_f1': 0.1917508877355914, 'eval_runtime': 20.8393, 'eval_samples_per_second': 1064.863, 'eval_steps_per_second': 16.651, 'epoch': 0.3}
{'loss': 0.6366, 'learning_rate': 0.0009019326719045708, 'epoch': 0.3}
{'loss': 0.6339, 'learning_rate': 0.000900785685611057, 'epoch': 0.31}
{'loss': 0.6521, 'learning_rate': 0.0008996386993175431, 'epoch': 0.31}
{'loss': 0.67, 'learning_rate': 0.0008984917130240294, 'epoch': 0.31}
{'loss': 0.6535, 'learning_rate': 0.0008973447267305156, 'epoch': 0.32}
{'loss': 0.6342, 'learning_rate': 0.0008961977404370018, 'epoch': 0.32}
{'loss': 0.6499, 'learning_rate': 0.000895050754143488, 'epoch': 0.32}
{'loss': 0.6654, 'learning_rate': 0.0008939037678499742, 'epoch': 0.33}
{'loss': 0.6357, 'learning_rate': 0.0008927567815564605, 'epoch': 0.33}
{'loss': 0.6431, 'learning_rate': 0.0008916097952629467, 'epoch': 0.33}
{'loss': 0.6441, 'learning_rate': 0.0008904628089694329, 'epoch': 0.34}
{'loss': 0.6413, 'learning_rate': 0.000889315822675919, 'epoch': 0.34}
{'loss': 0.6262, 'learning_rate': 0.0008881688363824052, 'epoch': 0.34}
{'eval_loss': 0.5760030150413513, 'eval_bce': 0.572122039085149, 'eval_n_pos': 2024.0, 'eval_pos_rate': 0.09120814744716327, 'eval_auroc': 0.6272181876195427, 'eval_auprc': 0.16953796554109724, 'eval_mcc': 0.12193870805622838, 'eval_precision': 0.21813570069752694, 'eval_recall': 0.16996047430830039, 'eval_f1': 0.1910580394334907, 'eval_runtime': 20.8309, 'eval_samples_per_second': 1065.294, 'eval_steps_per_second': 16.658, 'epoch': 0.34}
{'loss': 0.6509, 'learning_rate': 0.0008870218500888915, 'epoch': 0.35}
{'loss': 0.6497, 'learning_rate': 0.0008858748637953776, 'epoch': 0.35}
{'loss': 0.6347, 'learning_rate': 0.0008847278775018639, 'epoch': 0.35}
{'loss': 0.6471, 'learning_rate': 0.0008835808912083501, 'epoch': 0.36}
{'loss': 0.6632, 'learning_rate': 0.0008824339049148363, 'epoch': 0.36}
{'loss': 0.6217, 'learning_rate': 0.0008812869186213225, 'epoch': 0.36}
{'loss': 0.6561, 'learning_rate': 0.0008801399323278086, 'epoch': 0.37}
{'loss': 0.6632, 'learning_rate': 0.0008789929460342949, 'epoch': 0.37}
{'loss': 0.6498, 'learning_rate': 0.000877845959740781, 'epoch': 0.37}
{'loss': 0.6316, 'learning_rate': 0.0008766989734472673, 'epoch': 0.38}
{'loss': 0.6763, 'learning_rate': 0.0008755519871537535, 'epoch': 0.38}
{'loss': 0.645, 'learning_rate': 0.0008744050008602398, 'epoch': 0.38}
{'eval_loss': 0.5528252720832825, 'eval_bce': 0.5482485557745121, 'eval_n_pos': 2024.0, 'eval_pos_rate': 0.09120814744716327, 'eval_auroc': 0.6240996130923391, 'eval_auprc': 0.175963750184908, 'eval_mcc': 0.12543334357630093, 'eval_precision': 0.2561576354679803, 'eval_recall': 0.12845849802371542, 'eval_f1': 0.17110891740704176, 'eval_runtime': 20.8366, 'eval_samples_per_second': 1065.003, 'eval_steps_per_second': 16.653, 'epoch': 0.39}
{'loss': 0.6459, 'learning_rate': 0.0008732580145667259, 'epoch': 0.39}
{'loss': 0.643, 'learning_rate': 0.0008721110282732122, 'epoch': 0.39}
{'loss': 0.6586, 'learning_rate': 0.0008709640419796984, 'epoch': 0.39}
{'loss': 0.6663, 'learning_rate': 0.0008698170556861846, 'epoch': 0.4}
{'loss': 0.6454, 'learning_rate': 0.0008686700693926707, 'epoch': 0.4}
{'loss': 0.6575, 'learning_rate': 0.0008675230830991569, 'epoch': 0.4}
{'loss': 0.65, 'learning_rate': 0.0008663760968056432, 'epoch': 0.41}
{'loss': 0.6349, 'learning_rate': 0.0008652291105121294, 'epoch': 0.41}
{'loss': 0.6422, 'learning_rate': 0.0008640821242186156, 'epoch': 0.42}
{'loss': 0.6826, 'learning_rate': 0.0008629351379251018, 'epoch': 0.42}
{'loss': 0.6489, 'learning_rate': 0.000861788151631588, 'epoch': 0.42}
{'loss': 0.6538, 'learning_rate': 0.0008606411653380743, 'epoch': 0.43}
{'loss': 0.6639, 'learning_rate': 0.0008594941790445604, 'epoch': 0.43}
{'eval_loss': 0.5473528504371643, 'eval_bce': 0.5426190517347352, 'eval_n_pos': 2024.0, 'eval_pos_rate': 0.09120814744716327, 'eval_auroc': 0.6199897359028398, 'eval_auprc': 0.1720645836854341, 'eval_mcc': 0.10856807565491751, 'eval_precision': 0.2410810810810811, 'eval_recall': 0.11017786561264822, 'eval_f1': 0.1512377076975246, 'eval_runtime': 20.8385, 'eval_samples_per_second': 1064.905, 'eval_steps_per_second': 16.652, 'epoch': 0.43}
{'loss': 0.6565, 'learning_rate': 0.0008583471927510467, 'epoch': 0.43}
{'loss': 0.64, 'learning_rate': 0.0008572002064575328, 'epoch': 0.44}
{'loss': 0.6618, 'learning_rate': 0.0008560532201640191, 'epoch': 0.44}
{'loss': 0.6442, 'learning_rate': 0.0008549062338705052, 'epoch': 0.44}
{'loss': 0.649, 'learning_rate': 0.0008537592475769915, 'epoch': 0.45}
{'loss': 0.6504, 'learning_rate': 0.0008526122612834777, 'epoch': 0.45}
{'loss': 0.6373, 'learning_rate': 0.0008514652749899639, 'epoch': 0.45}
{'loss': 0.6286, 'learning_rate': 0.0008503182886964501, 'epoch': 0.46}
{'loss': 0.66, 'learning_rate': 0.0008491713024029363, 'epoch': 0.46}
{'loss': 0.6543, 'learning_rate': 0.0008480243161094226, 'epoch': 0.46}
{'loss': 0.634, 'learning_rate': 0.0008468773298159087, 'epoch': 0.47}
{'loss': 0.6342, 'learning_rate': 0.0008457303435223949, 'epoch': 0.47}
{'eval_loss': 0.5476506352424622, 'eval_bce': 0.5427429023361879, 'eval_n_pos': 2024.0, 'eval_pos_rate': 0.09120814744716327, 'eval_auroc': 0.6304944009026604, 'eval_auprc': 0.1798016463774576, 'eval_mcc': 0.12693173742191322, 'eval_precision': 0.258128078817734, 'eval_recall': 0.12944664031620554, 'eval_f1': 0.17242513984863445, 'eval_runtime': 20.8206, 'eval_samples_per_second': 1065.819, 'eval_steps_per_second': 16.666, 'epoch': 0.47}
{'loss': 0.6311, 'learning_rate': 0.0008445833572288811, 'epoch': 0.47}
{'loss': 0.648, 'learning_rate': 0.0008434363709353673, 'epoch': 0.48}
{'loss': 0.6407, 'learning_rate': 0.0008422893846418536, 'epoch': 0.48}
{'loss': 0.6337, 'learning_rate': 0.0008411423983483397, 'epoch': 0.48}
{'loss': 0.656, 'learning_rate': 0.000839995412054826, 'epoch': 0.49}
{'loss': 0.6551, 'learning_rate': 0.0008388484257613122, 'epoch': 0.49}
{'loss': 0.6478, 'learning_rate': 0.0008377014394677985, 'epoch': 0.49}
{'loss': 0.6326, 'learning_rate': 0.0008365544531742845, 'epoch': 0.5}
{'loss': 0.6493, 'learning_rate': 0.0008354074668807707, 'epoch': 0.5}
{'loss': 0.6327, 'learning_rate': 0.000834260480587257, 'epoch': 0.5}
{'loss': 0.6826, 'learning_rate': 0.0008331134942937432, 'epoch': 0.51}
{'loss': 0.6552, 'learning_rate': 0.0008319665080002294, 'epoch': 0.51}
{'loss': 0.6584, 'learning_rate': 0.0008308195217067156, 'epoch': 0.51}
{'eval_loss': 0.5511385202407837, 'eval_bce': 0.5464771831927047, 'eval_n_pos': 2024.0, 'eval_pos_rate': 0.09120814744716327, 'eval_auroc': 0.6204667067535485, 'eval_auprc': 0.17604225398353687, 'eval_mcc': 0.11581282219688963, 'eval_precision': 0.23462214411247803, 'eval_recall': 0.13191699604743082, 'eval_f1': 0.16888045540796962, 'eval_runtime': 20.839, 'eval_samples_per_second': 1064.878, 'eval_steps_per_second': 16.651, 'epoch': 0.51}
{'loss': 0.657, 'learning_rate': 0.0008296725354132019, 'epoch': 0.52}
{'loss': 0.6142, 'learning_rate': 0.0008285255491196881, 'epoch': 0.52}
{'loss': 0.6485, 'learning_rate': 0.0008273785628261743, 'epoch': 0.52}
{'loss': 0.6623, 'learning_rate': 0.0008262315765326605, 'epoch': 0.53}
{'loss': 0.6642, 'learning_rate': 0.0008250845902391466, 'epoch': 0.53}
{'loss': 0.6487, 'learning_rate': 0.0008239376039456329, 'epoch': 0.54}
{'loss': 0.6477, 'learning_rate': 0.000822790617652119, 'epoch': 0.54}
{'loss': 0.6438, 'learning_rate': 0.0008216436313586053, 'epoch': 0.54}
{'loss': 0.6374, 'learning_rate': 0.0008204966450650915, 'epoch': 0.55}
{'loss': 0.6155, 'learning_rate': 0.0008193496587715778, 'epoch': 0.55}
{'loss': 0.6808, 'learning_rate': 0.0008182026724780639, 'epoch': 0.55}
{'loss': 0.6541, 'learning_rate': 0.0008170556861845501, 'epoch': 0.56}
{'eval_loss': 0.551639199256897, 'eval_bce': 0.5470578125228095, 'eval_n_pos': 2024.0, 'eval_pos_rate': 0.09120814744716327, 'eval_auroc': 0.6178912136035642, 'eval_auprc': 0.16519910280573807, 'eval_mcc': 0.10786641272621444, 'eval_precision': 0.22673893405600723, 'eval_recall': 0.12401185770750989, 'eval_f1': 0.16033216224848293, 'eval_runtime': 20.8301, 'eval_samples_per_second': 1065.332, 'eval_steps_per_second': 16.659, 'epoch': 0.56}
{'loss': 0.6502, 'learning_rate': 0.0008159086998910364, 'epoch': 0.56}
{'loss': 0.6354, 'learning_rate': 0.0008147617135975225, 'epoch': 0.56}
{'loss': 0.6513, 'learning_rate': 0.0008136147273040087, 'epoch': 0.57}
{'loss': 0.6492, 'learning_rate': 0.0008124677410104949, 'epoch': 0.57}
{'loss': 0.6615, 'learning_rate': 0.0008113207547169812, 'epoch': 0.57}
{'loss': 0.6466, 'learning_rate': 0.0008101737684234673, 'epoch': 0.58}
{'loss': 0.6545, 'learning_rate': 0.0008090267821299535, 'epoch': 0.58}
{'loss': 0.6255, 'learning_rate': 0.0008078797958364398, 'epoch': 0.58}
{'loss': 0.6561, 'learning_rate': 0.000806732809542926, 'epoch': 0.59}
{'loss': 0.6465, 'learning_rate': 0.0008055858232494122, 'epoch': 0.59}
{'loss': 0.6643, 'learning_rate': 0.0008044388369558983, 'epoch': 0.59}
{'loss': 0.6526, 'learning_rate': 0.0008032918506623846, 'epoch': 0.6}
{'loss': 0.65, 'learning_rate': 0.0008021448643688708, 'epoch': 0.6}
{'eval_loss': 0.5537018775939941, 'eval_bce': 0.5490184438538568, 'eval_n_pos': 2024.0, 'eval_pos_rate': 0.09120814744716327, 'eval_auroc': 0.6270799888127808, 'eval_auprc': 0.17827806966438692, 'eval_mcc': 0.12029891071383556, 'eval_precision': 0.23657718120805368, 'eval_recall': 0.13932806324110672, 'eval_f1': 0.17537313432835822, 'eval_runtime': 22.3505, 'eval_samples_per_second': 992.862, 'eval_steps_per_second': 15.525, 'epoch': 0.6}
{'loss': 0.6524, 'learning_rate': 0.000800997878075357, 'epoch': 0.6}
{'loss': 0.6405, 'learning_rate': 0.0007998508917818432, 'epoch': 0.61}
{'loss': 0.6314, 'learning_rate': 0.0007987039054883294, 'epoch': 0.61}
{'loss': 0.6417, 'learning_rate': 0.0007975569191948157, 'epoch': 0.61}
{'loss': 0.6401, 'learning_rate': 0.0007964099329013018, 'epoch': 0.62}
{'loss': 0.6506, 'learning_rate': 0.0007952629466077881, 'epoch': 0.62}
{'loss': 0.6493, 'learning_rate': 0.0007941159603142742, 'epoch': 0.62}
{'loss': 0.6435, 'learning_rate': 0.0007929689740207605, 'epoch': 0.63}
{'loss': 0.635, 'learning_rate': 0.0007918219877272466, 'epoch': 0.63}
{'loss': 0.6601, 'learning_rate': 0.0007906750014337328, 'epoch': 0.63}
{'loss': 0.6531, 'learning_rate': 0.0007895280151402191, 'epoch': 0.64}
{'loss': 0.6545, 'learning_rate': 0.0007883810288467053, 'epoch': 0.64}
{'eval_loss': 0.5467883944511414, 'eval_bce': 0.5416188680950531, 'eval_n_pos': 2024.0, 'eval_pos_rate': 0.09120814744716327, 'eval_auroc': 0.637396183076842, 'eval_auprc': 0.1792792967723464, 'eval_mcc': 0.1259579826147995, 'eval_precision': 0.25045703839122485, 'eval_recall': 0.13537549407114624, 'eval_f1': 0.1757536882617062, 'eval_runtime': 22.3491, 'eval_samples_per_second': 992.927, 'eval_steps_per_second': 15.526, 'epoch': 0.64}
{'loss': 0.639, 'learning_rate': 0.0007872340425531915, 'epoch': 0.65}
{'loss': 0.6122, 'learning_rate': 0.0007860870562596777, 'epoch': 0.65}
{'loss': 0.6568, 'learning_rate': 0.000784940069966164, 'epoch': 0.65}
{'loss': 0.6252, 'learning_rate': 0.0007837930836726502, 'epoch': 0.66}
{'loss': 0.6416, 'learning_rate': 0.0007826460973791363, 'epoch': 0.66}
{'loss': 0.6244, 'learning_rate': 0.0007814991110856225, 'epoch': 0.66}
{'loss': 0.6456, 'learning_rate': 0.0007803521247921087, 'epoch': 0.67}
{'loss': 0.6476, 'learning_rate': 0.000779205138498595, 'epoch': 0.67}
{'loss': 0.6469, 'learning_rate': 0.0007780581522050811, 'epoch': 0.67}
{'loss': 0.654, 'learning_rate': 0.0007769111659115674, 'epoch': 0.68}
{'loss': 0.6482, 'learning_rate': 0.0007757641796180536, 'epoch': 0.68}
{'loss': 0.6516, 'learning_rate': 0.0007746171933245399, 'epoch': 0.68}
{'loss': 0.6482, 'learning_rate': 0.000773470207031026, 'epoch': 0.69}
{'eval_loss': 0.5490955114364624, 'eval_bce': 0.544367866463511, 'eval_n_pos': 2024.0, 'eval_pos_rate': 0.09120814744716327, 'eval_auroc': 0.6234965459362936, 'eval_auprc': 0.17940546470620644, 'eval_mcc': 0.11552667812197315, 'eval_precision': 0.23840445269016697, 'eval_recall': 0.12697628458498023, 'eval_f1': 0.16569954867827208, 'eval_runtime': 20.8093, 'eval_samples_per_second': 1066.398, 'eval_steps_per_second': 16.675, 'epoch': 0.69}
{'loss': 0.6582, 'learning_rate': 0.0007723232207375121, 'epoch': 0.69}
{'loss': 0.6461, 'learning_rate': 0.0007711762344439984, 'epoch': 0.69}
{'loss': 0.6198, 'learning_rate': 0.0007700292481504846, 'epoch': 0.7}
{'loss': 0.6279, 'learning_rate': 0.0007688822618569708, 'epoch': 0.7}
{'loss': 0.6501, 'learning_rate': 0.000767735275563457, 'epoch': 0.7}
{'loss': 0.6369, 'learning_rate': 0.0007665882892699433, 'epoch': 0.71}
{'loss': 0.6562, 'learning_rate': 0.0007654413029764295, 'epoch': 0.71}
{'loss': 0.6372, 'learning_rate': 0.0007642943166829156, 'epoch': 0.71}
{'loss': 0.6762, 'learning_rate': 0.0007631473303894019, 'epoch': 0.72}
{'loss': 0.6642, 'learning_rate': 0.000762000344095888, 'epoch': 0.72}
{'loss': 0.6518, 'learning_rate': 0.0007608533578023743, 'epoch': 0.72}
{'loss': 0.6291, 'learning_rate': 0.0007597063715088604, 'epoch': 0.73}
{'eval_loss': 0.559528648853302, 'eval_bce': 0.5547137177999671, 'eval_n_pos': 2024.0, 'eval_pos_rate': 0.09120814744716327, 'eval_auroc': 0.6329663000703023, 'eval_auprc': 0.1782758391724763, 'eval_mcc': 0.12224220957253745, 'eval_precision': 0.23048048048048048, 'eval_recall': 0.15167984189723321, 'eval_f1': 0.1829558998808105, 'eval_runtime': 20.825, 'eval_samples_per_second': 1065.593, 'eval_steps_per_second': 16.663, 'epoch': 0.73}
{'loss': 0.6451, 'learning_rate': 0.0007585593852153467, 'epoch': 0.73}
{'loss': 0.6548, 'learning_rate': 0.0007574123989218329, 'epoch': 0.73}
{'loss': 0.6382, 'learning_rate': 0.0007562654126283192, 'epoch': 0.74}
{'loss': 0.63, 'learning_rate': 0.0007551184263348053, 'epoch': 0.74}
{'loss': 0.6492, 'learning_rate': 0.0007539714400412915, 'epoch': 0.74}
{'loss': 0.6601, 'learning_rate': 0.0007528244537477778, 'epoch': 0.75}
{'loss': 0.6292, 'learning_rate': 0.000751677467454264, 'epoch': 0.75}
{'loss': 0.6399, 'learning_rate': 0.0007505304811607501, 'epoch': 0.75}
{'loss': 0.6511, 'learning_rate': 0.0007493834948672363, 'epoch': 0.76}
{'loss': 0.6277, 'learning_rate': 0.0007482365085737226, 'epoch': 0.76}
{'loss': 0.6372, 'learning_rate': 0.0007470895222802088, 'epoch': 0.77}
{'loss': 0.6306, 'learning_rate': 0.0007459425359866949, 'epoch': 0.77}
{'loss': 0.6577, 'learning_rate': 0.0007447955496931812, 'epoch': 0.77}
{'eval_loss': 0.5388965010643005, 'eval_bce': 0.5332848355983618, 'eval_n_pos': 2024.0, 'eval_pos_rate': 0.09120814744716327, 'eval_auroc': 0.6400726488171594, 'eval_auprc': 0.18687985778677435, 'eval_mcc': 0.13848707896226323, 'eval_precision': 0.288, 'eval_recall': 0.12450592885375494, 'eval_f1': 0.17385305277681962, 'eval_runtime': 20.8263, 'eval_samples_per_second': 1065.526, 'eval_steps_per_second': 16.662, 'epoch': 0.77}
{'loss': 0.6617, 'learning_rate': 0.0007436485633996674, 'epoch': 0.78}
{'loss': 0.6536, 'learning_rate': 0.0007425015771061537, 'epoch': 0.78}
{'loss': 0.6308, 'learning_rate': 0.0007413545908126398, 'epoch': 0.78}
{'loss': 0.6078, 'learning_rate': 0.000740207604519126, 'epoch': 0.79}
{'loss': 0.6126, 'learning_rate': 0.0007390606182256122, 'epoch': 0.79}
{'loss': 0.6613, 'learning_rate': 0.0007379136319320984, 'epoch': 0.79}
{'loss': 0.6369, 'learning_rate': 0.0007367666456385846, 'epoch': 0.8}
{'loss': 0.6476, 'learning_rate': 0.0007356196593450708, 'epoch': 0.8}
{'loss': 0.6272, 'learning_rate': 0.0007344726730515571, 'epoch': 0.8}
{'loss': 0.6335, 'learning_rate': 0.0007333256867580432, 'epoch': 0.81}
{'loss': 0.6286, 'learning_rate': 0.0007321787004645295, 'epoch': 0.81}
{'loss': 0.6477, 'learning_rate': 0.0007310317141710157, 'epoch': 0.81}
{'eval_loss': 0.537750244140625, 'eval_bce': 0.5321402748696857, 'eval_n_pos': 2024.0, 'eval_pos_rate': 0.09120814744716327, 'eval_auroc': 0.6392157353685657, 'eval_auprc': 0.19084051171680969, 'eval_mcc': 0.13468275994022003, 'eval_precision': 0.27850877192982454, 'eval_recall': 0.12549407114624506, 'eval_f1': 0.17302452316076294, 'eval_runtime': 22.3464, 'eval_samples_per_second': 993.045, 'eval_steps_per_second': 15.528, 'epoch': 0.81}
{'loss': 0.6566, 'learning_rate': 0.000729884727877502, 'epoch': 0.82}
{'loss': 0.6452, 'learning_rate': 0.000728737741583988, 'epoch': 0.82}
{'loss': 0.6511, 'learning_rate': 0.0007275907552904742, 'epoch': 0.82}
{'loss': 0.6333, 'learning_rate': 0.0007264437689969605, 'epoch': 0.83}
{'loss': 0.6328, 'learning_rate': 0.0007252967827034467, 'epoch': 0.83}
{'loss': 0.6578, 'learning_rate': 0.0007241497964099329, 'epoch': 0.83}
{'loss': 0.6301, 'learning_rate': 0.0007230028101164191, 'epoch': 0.84}
{'loss': 0.6143, 'learning_rate': 0.0007218558238229054, 'epoch': 0.84}
{'loss': 0.6203, 'learning_rate': 0.0007207088375293916, 'epoch': 0.84}
{'loss': 0.6349, 'learning_rate': 0.0007195618512358776, 'epoch': 0.85}
{'loss': 0.6607, 'learning_rate': 0.0007184148649423639, 'epoch': 0.85}
{'loss': 0.6294, 'learning_rate': 0.0007172678786488501, 'epoch': 0.85}
{'loss': 0.633, 'learning_rate': 0.0007161208923553364, 'epoch': 0.86}
{'eval_loss': 0.5498834848403931, 'eval_bce': 0.5448031731146507, 'eval_n_pos': 2024.0, 'eval_pos_rate': 0.09120814744716327, 'eval_auroc': 0.6381294011211914, 'eval_auprc': 0.1829130289240597, 'eval_mcc': 0.11933109447845124, 'eval_precision': 0.233278955954323, 'eval_recall': 0.14130434782608695, 'eval_f1': 0.176, 'eval_runtime': 22.3291, 'eval_samples_per_second': 993.817, 'eval_steps_per_second': 15.54, 'epoch': 0.86}
{'loss': 0.6611, 'learning_rate': 0.0007149739060618225, 'epoch': 0.86}
{'loss': 0.6431, 'learning_rate': 0.0007138269197683088, 'epoch': 0.86}
{'loss': 0.6408, 'learning_rate': 0.000712679933474795, 'epoch': 0.87}
{'loss': 0.6441, 'learning_rate': 0.0007115329471812813, 'epoch': 0.87}
{'loss': 0.6552, 'learning_rate': 0.0007103859608877674, 'epoch': 0.87}
{'loss': 0.6501, 'learning_rate': 0.0007092389745942536, 'epoch': 0.88}
{'loss': 0.6491, 'learning_rate': 0.0007080919883007399, 'epoch': 0.88}
{'loss': 0.6444, 'learning_rate': 0.000706945002007226, 'epoch': 0.89}
{'loss': 0.6176, 'learning_rate': 0.0007057980157137122, 'epoch': 0.89}
{'loss': 0.6519, 'learning_rate': 0.0007046510294201984, 'epoch': 0.89}
{'loss': 0.6552, 'learning_rate': 0.0007035040431266847, 'epoch': 0.9}
{'loss': 0.6568, 'learning_rate': 0.0007023570568331709, 'epoch': 0.9}
{'eval_loss': 0.5327709913253784, 'eval_bce': 0.5270837032178538, 'eval_n_pos': 2024.0, 'eval_pos_rate': 0.09120814744716327, 'eval_auroc': 0.6415213721355535, 'eval_auprc': 0.1845331150480663, 'eval_mcc': 0.12516337867548297, 'eval_precision': 0.2749391727493917, 'eval_recall': 0.11166007905138339, 'eval_f1': 0.1588193956430077, 'eval_runtime': 20.8339, 'eval_samples_per_second': 1065.139, 'eval_steps_per_second': 16.656, 'epoch': 0.9}
{'loss': 0.6503, 'learning_rate': 0.000701210070539657, 'epoch': 0.9}
{'loss': 0.642, 'learning_rate': 0.0007000630842461433, 'epoch': 0.91}
{'loss': 0.6838, 'learning_rate': 0.0006989160979526295, 'epoch': 0.91}
{'loss': 0.6433, 'learning_rate': 0.0006977691116591158, 'epoch': 0.91}
{'loss': 0.6388, 'learning_rate': 0.0006966221253656018, 'epoch': 0.92}
{'loss': 0.6626, 'learning_rate': 0.0006954751390720881, 'epoch': 0.92}
{'loss': 0.6383, 'learning_rate': 0.0006943281527785743, 'epoch': 0.92}
{'loss': 0.6494, 'learning_rate': 0.0006931811664850605, 'epoch': 0.93}
{'loss': 0.6668, 'learning_rate': 0.0006920341801915467, 'epoch': 0.93}
{'loss': 0.6458, 'learning_rate': 0.0006908871938980329, 'epoch': 0.93}
{'loss': 0.6351, 'learning_rate': 0.0006897402076045192, 'epoch': 0.94}
{'loss': 0.6442, 'learning_rate': 0.0006885932213110054, 'epoch': 0.94}
{'loss': 0.6635, 'learning_rate': 0.0006874462350174916, 'epoch': 0.94}
{'eval_loss': 0.5479610562324524, 'eval_bce': 0.5429129874521631, 'eval_n_pos': 2024.0, 'eval_pos_rate': 0.09120814744716327, 'eval_auroc': 0.6296016944285965, 'eval_auprc': 0.1755211590535457, 'eval_mcc': 0.11939145640217975, 'eval_precision': 0.24392523364485982, 'eval_recall': 0.12895256916996048, 'eval_f1': 0.1687136393018746, 'eval_runtime': 20.8371, 'eval_samples_per_second': 1064.973, 'eval_steps_per_second': 16.653, 'epoch': 0.94}
{'loss': 0.6387, 'learning_rate': 0.0006862992487239777, 'epoch': 0.95}
{'loss': 0.6588, 'learning_rate': 0.000685152262430464, 'epoch': 0.95}
{'loss': 0.6308, 'learning_rate': 0.0006840052761369502, 'epoch': 0.95}
{'loss': 0.6452, 'learning_rate': 0.0006828582898434363, 'epoch': 0.96}
{'loss': 0.6317, 'learning_rate': 0.0006817113035499226, 'epoch': 0.96}
{'loss': 0.6243, 'learning_rate': 0.0006805643172564088, 'epoch': 0.96}
{'loss': 0.6612, 'learning_rate': 0.0006794173309628951, 'epoch': 0.97}
{'loss': 0.6455, 'learning_rate': 0.0006782703446693812, 'epoch': 0.97}
{'loss': 0.6326, 'learning_rate': 0.0006771233583758675, 'epoch': 0.97}
{'loss': 0.6282, 'learning_rate': 0.0006759763720823537, 'epoch': 0.98}
{'loss': 0.6465, 'learning_rate': 0.0006748293857888398, 'epoch': 0.98}
{'loss': 0.6346, 'learning_rate': 0.000673682399495326, 'epoch': 0.98}
{'eval_loss': 0.5446265339851379, 'eval_bce': 0.5393710019733933, 'eval_n_pos': 2024.0, 'eval_pos_rate': 0.09120814744716327, 'eval_auroc': 0.6400909128147556, 'eval_auprc': 0.18231226578573856, 'eval_mcc': 0.12168725830275756, 'eval_precision': 0.24288256227758007, 'eval_recall': 0.13488142292490118, 'eval_f1': 0.17344345616264295, 'eval_runtime': 22.3333, 'eval_samples_per_second': 993.627, 'eval_steps_per_second': 15.537, 'epoch': 0.99}
{'loss': 0.6472, 'learning_rate': 0.0006725354132018122, 'epoch': 0.99}
{'loss': 0.6561, 'learning_rate': 0.0006713884269082985, 'epoch': 0.99}
{'loss': 0.6454, 'learning_rate': 0.0006702414406147847, 'epoch': 1.0}
{'loss': 0.6295, 'learning_rate': 0.0006690944543212709, 'epoch': 1.0}
{'loss': 0.6293, 'learning_rate': 0.0006679474680277571, 'epoch': 1.0}
{'loss': 0.6269, 'learning_rate': 0.0006668004817342433, 'epoch': 1.01}
{'loss': 0.6374, 'learning_rate': 0.0006656534954407296, 'epoch': 1.01}
{'loss': 0.6689, 'learning_rate': 0.0006645065091472156, 'epoch': 1.01}
{'loss': 0.6488, 'learning_rate': 0.0006633595228537019, 'epoch': 1.02}
{'loss': 0.6434, 'learning_rate': 0.0006622125365601881, 'epoch': 1.02}
{'loss': 0.6455, 'learning_rate': 0.0006610655502666744, 'epoch': 1.02}
{'loss': 0.6531, 'learning_rate': 0.0006599185639731605, 'epoch': 1.03}
{'loss': 0.6185, 'learning_rate': 0.0006587715776796468, 'epoch': 1.03}
{'eval_loss': 0.5481511354446411, 'eval_bce': 0.542734544350605, 'eval_n_pos': 2024.0, 'eval_pos_rate': 0.09120814744716327, 'eval_auroc': 0.6372943040238515, 'eval_auprc': 0.1788389736077654, 'eval_mcc': 0.129180498930451, 'eval_precision': 0.25199645075421473, 'eval_recall': 0.14031620553359683, 'eval_f1': 0.1802602348460806, 'eval_runtime': 20.8309, 'eval_samples_per_second': 1065.293, 'eval_steps_per_second': 16.658, 'epoch': 1.03}
{'loss': 0.6328, 'learning_rate': 0.000657624591386133, 'epoch': 1.03}
{'loss': 0.6287, 'learning_rate': 0.0006564776050926191, 'epoch': 1.04}
{'loss': 0.6672, 'learning_rate': 0.0006553306187991054, 'epoch': 1.04}
{'loss': 0.6389, 'learning_rate': 0.0006541836325055915, 'epoch': 1.04}
{'loss': 0.6435, 'learning_rate': 0.0006530366462120778, 'epoch': 1.05}
{'loss': 0.6447, 'learning_rate': 0.0006518896599185639, 'epoch': 1.05}
{'loss': 0.6518, 'learning_rate': 0.0006507426736250502, 'epoch': 1.05}
{'loss': 0.6233, 'learning_rate': 0.0006495956873315364, 'epoch': 1.06}
{'loss': 0.6261, 'learning_rate': 0.0006484487010380226, 'epoch': 1.06}
{'loss': 0.6512, 'learning_rate': 0.0006473017147445088, 'epoch': 1.06}
{'loss': 0.6579, 'learning_rate': 0.000646154728450995, 'epoch': 1.07}
{'loss': 0.6294, 'learning_rate': 0.0006450077421574813, 'epoch': 1.07}
{'eval_loss': 0.537523627281189, 'eval_bce': 0.5318148280271142, 'eval_n_pos': 2024.0, 'eval_pos_rate': 0.09120814744716327, 'eval_auroc': 0.6509575136542676, 'eval_auprc': 0.19441597176044195, 'eval_mcc': 0.1441898170186314, 'eval_precision': 0.28527291452111225, 'eval_recall': 0.1368577075098814, 'eval_f1': 0.18497495826377294, 'eval_runtime': 20.8651, 'eval_samples_per_second': 1063.544, 'eval_steps_per_second': 16.631, 'epoch': 1.07}
{'loss': 0.647, 'learning_rate': 0.0006438607558639675, 'epoch': 1.07}
{'loss': 0.6362, 'learning_rate': 0.0006427137695704536, 'epoch': 1.08}
{'loss': 0.6786, 'learning_rate': 0.0006415667832769398, 'epoch': 1.08}
{'loss': 0.6329, 'learning_rate': 0.000640419796983426, 'epoch': 1.08}
{'loss': 0.6543, 'learning_rate': 0.0006392728106899123, 'epoch': 1.09}
{'loss': 0.6407, 'learning_rate': 0.0006381258243963984, 'epoch': 1.09}
{'loss': 0.646, 'learning_rate': 0.0006369788381028847, 'epoch': 1.09}
{'loss': 0.6248, 'learning_rate': 0.0006358318518093709, 'epoch': 1.1}
{'loss': 0.648, 'learning_rate': 0.0006346848655158572, 'epoch': 1.1}
{'loss': 0.6559, 'learning_rate': 0.0006335378792223432, 'epoch': 1.1}
{'loss': 0.6482, 'learning_rate': 0.0006323908929288295, 'epoch': 1.11}
{'loss': 0.6589, 'learning_rate': 0.0006312439066353157, 'epoch': 1.11}
{'loss': 0.6449, 'learning_rate': 0.0006300969203418019, 'epoch': 1.12}
{'eval_loss': 0.5400604605674744, 'eval_bce': 0.5345533201367954, 'eval_n_pos': 2024.0, 'eval_pos_rate': 0.09120814744716327, 'eval_auroc': 0.6453496824244829, 'eval_auprc': 0.1870236740638695, 'eval_mcc': 0.13742049434119932, 'eval_precision': 0.27192118226600986, 'eval_recall': 0.13636363636363635, 'eval_f1': 0.18163869693978282, 'eval_runtime': 20.8782, 'eval_samples_per_second': 1062.88, 'eval_steps_per_second': 16.62, 'epoch': 1.12}
{'loss': 0.6605, 'learning_rate': 0.0006289499340482881, 'epoch': 1.12}
{'loss': 0.6327, 'learning_rate': 0.0006278029477547743, 'epoch': 1.12}
{'loss': 0.6292, 'learning_rate': 0.0006266559614612606, 'epoch': 1.13}
{'loss': 0.6287, 'learning_rate': 0.0006255089751677468, 'epoch': 1.13}
{'loss': 0.6525, 'learning_rate': 0.000624361988874233, 'epoch': 1.13}
{'loss': 0.6308, 'learning_rate': 0.0006232150025807192, 'epoch': 1.14}
{'loss': 0.6528, 'learning_rate': 0.0006220680162872053, 'epoch': 1.14}
{'loss': 0.6335, 'learning_rate': 0.0006209210299936916, 'epoch': 1.14}
{'loss': 0.6266, 'learning_rate': 0.0006197740437001777, 'epoch': 1.15}
{'loss': 0.6332, 'learning_rate': 0.000618627057406664, 'epoch': 1.15}
{'loss': 0.6483, 'learning_rate': 0.0006174800711131502, 'epoch': 1.15}
{'loss': 0.6658, 'learning_rate': 0.0006163330848196365, 'epoch': 1.16}
{'eval_loss': 0.531894326210022, 'eval_bce': 0.5263521551290448, 'eval_n_pos': 2024.0, 'eval_pos_rate': 0.09120814744716327, 'eval_auroc': 0.6435244341174121, 'eval_auprc': 0.18686318908791555, 'eval_mcc': 0.12992922280716823, 'eval_precision': 0.28376703841387857, 'eval_recall': 0.11314229249011858, 'eval_f1': 0.16178028965030022, 'eval_runtime': 20.8626, 'eval_samples_per_second': 1063.672, 'eval_steps_per_second': 16.633, 'epoch': 1.16}
{'loss': 0.6608, 'learning_rate': 0.0006151860985261226, 'epoch': 1.16}
{'loss': 0.6435, 'learning_rate': 0.0006140391122326089, 'epoch': 1.16}
{'loss': 0.626, 'learning_rate': 0.0006128921259390951, 'epoch': 1.17}
{'loss': 0.6407, 'learning_rate': 0.0006117451396455813, 'epoch': 1.17}
{'loss': 0.6281, 'learning_rate': 0.0006105981533520674, 'epoch': 1.17}
{'loss': 0.6303, 'learning_rate': 0.0006094511670585536, 'epoch': 1.18}
{'loss': 0.6376, 'learning_rate': 0.0006083041807650399, 'epoch': 1.18}
{'loss': 0.6475, 'learning_rate': 0.0006071571944715261, 'epoch': 1.18}
{'loss': 0.6487, 'learning_rate': 0.0006060102081780123, 'epoch': 1.19}
{'loss': 0.6373, 'learning_rate': 0.0006048632218844985, 'epoch': 1.19}
{'loss': 0.6532, 'learning_rate': 0.0006037162355909847, 'epoch': 1.19}
{'loss': 0.6333, 'learning_rate': 0.000602569249297471, 'epoch': 1.2}
{'loss': 0.6459, 'learning_rate': 0.000601422263003957, 'epoch': 1.2}
{'eval_loss': 0.5422179102897644, 'eval_bce': 0.5366005128498862, 'eval_n_pos': 2024.0, 'eval_pos_rate': 0.09120814744716327, 'eval_auroc': 0.6441793411378625, 'eval_auprc': 0.19123536808167296, 'eval_mcc': 0.14089672676771794, 'eval_precision': 0.2736842105263158, 'eval_recall': 0.14130434782608695, 'eval_f1': 0.18637992831541214, 'eval_runtime': 20.8573, 'eval_samples_per_second': 1063.943, 'eval_steps_per_second': 16.637, 'epoch': 1.2}
{'loss': 0.6447, 'learning_rate': 0.0006002752767104433, 'epoch': 1.2}
{'loss': 0.6437, 'learning_rate': 0.0005991282904169295, 'epoch': 1.21}
{'loss': 0.6509, 'learning_rate': 0.0005979813041234158, 'epoch': 1.21}
{'loss': 0.6293, 'learning_rate': 0.0005968343178299019, 'epoch': 1.21}
{'loss': 0.634, 'learning_rate': 0.0005956873315363881, 'epoch': 1.22}
{'loss': 0.6278, 'learning_rate': 0.0005945403452428744, 'epoch': 1.22}
{'loss': 0.6493, 'learning_rate': 0.0005933933589493606, 'epoch': 1.22}
{'loss': 0.6468, 'learning_rate': 0.0005922463726558468, 'epoch': 1.23}
{'loss': 0.6523, 'learning_rate': 0.000591099386362333, 'epoch': 1.23}
{'loss': 0.6417, 'learning_rate': 0.0005899524000688193, 'epoch': 1.24}
{'loss': 0.64, 'learning_rate': 0.0005888054137753054, 'epoch': 1.24}
{'loss': 0.6447, 'learning_rate': 0.0005876584274817916, 'epoch': 1.24}
{'eval_loss': 0.5474267601966858, 'eval_bce': 0.542304036098307, 'eval_n_pos': 2024.0, 'eval_pos_rate': 0.09120814744716327, 'eval_auroc': 0.6400381787371887, 'eval_auprc': 0.1840801566731882, 'eval_mcc': 0.1318690390325547, 'eval_precision': 0.25084175084175087, 'eval_recall': 0.14723320158102768, 'eval_f1': 0.1855541718555417, 'eval_runtime': 20.87, 'eval_samples_per_second': 1063.295, 'eval_steps_per_second': 16.627, 'epoch': 1.24}
{'loss': 0.6314, 'learning_rate': 0.0005865114411882778, 'epoch': 1.25}
{'loss': 0.6288, 'learning_rate': 0.000585364454894764, 'epoch': 1.25}
{'loss': 0.6502, 'learning_rate': 0.0005842174686012503, 'epoch': 1.25}
{'loss': 0.6257, 'learning_rate': 0.0005830704823077364, 'epoch': 1.26}
{'loss': 0.6299, 'learning_rate': 0.0005819234960142227, 'epoch': 1.26}
{'loss': 0.6729, 'learning_rate': 0.0005807765097207089, 'epoch': 1.26}
{'loss': 0.6129, 'learning_rate': 0.0005796295234271952, 'epoch': 1.27}
{'loss': 0.6501, 'learning_rate': 0.0005784825371336812, 'epoch': 1.27}
{'loss': 0.6333, 'learning_rate': 0.0005773355508401674, 'epoch': 1.27}
{'loss': 0.643, 'learning_rate': 0.0005761885645466537, 'epoch': 1.28}
{'loss': 0.6367, 'learning_rate': 0.0005750415782531398, 'epoch': 1.28}
{'loss': 0.6438, 'learning_rate': 0.0005738945919596261, 'epoch': 1.28}
{'loss': 0.6339, 'learning_rate': 0.0005727476056661123, 'epoch': 1.29}
{'eval_loss': 0.545232892036438, 'eval_bce': 0.53988040315592, 'eval_n_pos': 2024.0, 'eval_pos_rate': 0.09120814744716327, 'eval_auroc': 0.6487615343698301, 'eval_auprc': 0.1875637816729094, 'eval_mcc': 0.12980384265238032, 'eval_precision': 0.2470978441127695, 'eval_recall': 0.14723320158102768, 'eval_f1': 0.1845201238390093, 'eval_runtime': 20.8627, 'eval_samples_per_second': 1063.67, 'eval_steps_per_second': 16.633, 'epoch': 1.29}
{'loss': 0.6607, 'learning_rate': 0.0005716006193725986, 'epoch': 1.29}
{'loss': 0.6235, 'learning_rate': 0.0005704536330790847, 'epoch': 1.29}
{'loss': 0.6554, 'learning_rate': 0.0005693066467855708, 'epoch': 1.3}
{'loss': 0.6553, 'learning_rate': 0.0005681596604920571, 'epoch': 1.3}
{'loss': 0.6403, 'learning_rate': 0.0005670126741985433, 'epoch': 1.3}
{'loss': 0.6513, 'learning_rate': 0.0005658656879050295, 'epoch': 1.31}
{'loss': 0.6248, 'learning_rate': 0.0005647187016115157, 'epoch': 1.31}
{'loss': 0.6295, 'learning_rate': 0.000563571715318002, 'epoch': 1.31}
{'loss': 0.6188, 'learning_rate': 0.0005624247290244882, 'epoch': 1.32}
{'loss': 0.6472, 'learning_rate': 0.0005612777427309744, 'epoch': 1.32}
{'loss': 0.6354, 'learning_rate': 0.0005601307564374606, 'epoch': 1.32}
{'loss': 0.6476, 'learning_rate': 0.0005589837701439468, 'epoch': 1.33}
{'eval_loss': 0.5419297814369202, 'eval_bce': 0.5364585322567298, 'eval_n_pos': 2024.0, 'eval_pos_rate': 0.09120814744716327, 'eval_auroc': 0.6472701338095675, 'eval_auprc': 0.19252532147505086, 'eval_mcc': 0.14261135039518819, 'eval_precision': 0.27452830188679245, 'eval_recall': 0.14377470355731226, 'eval_f1': 0.188715953307393, 'eval_runtime': 20.8622, 'eval_samples_per_second': 1063.694, 'eval_steps_per_second': 16.633, 'epoch': 1.33}
{'loss': 0.6423, 'learning_rate': 0.000557836783850433, 'epoch': 1.33}
{'loss': 0.6611, 'learning_rate': 0.0005566897975569191, 'epoch': 1.33}
{'loss': 0.6329, 'learning_rate': 0.0005555428112634054, 'epoch': 1.34}
{'loss': 0.659, 'learning_rate': 0.0005543958249698916, 'epoch': 1.34}
{'loss': 0.6511, 'learning_rate': 0.0005532488386763779, 'epoch': 1.34}
{'loss': 0.6484, 'learning_rate': 0.000552101852382864, 'epoch': 1.35}
{'loss': 0.631, 'learning_rate': 0.0005509548660893502, 'epoch': 1.35}
{'loss': 0.6342, 'learning_rate': 0.0005498078797958365, 'epoch': 1.36}
{'loss': 0.6432, 'learning_rate': 0.0005486608935023227, 'epoch': 1.36}
{'loss': 0.6364, 'learning_rate': 0.0005475139072088088, 'epoch': 1.36}
{'loss': 0.6487, 'learning_rate': 0.000546366920915295, 'epoch': 1.37}
{'loss': 0.617, 'learning_rate': 0.0005452199346217813, 'epoch': 1.37}
{'loss': 0.6174, 'learning_rate': 0.0005440729483282675, 'epoch': 1.37}
{'eval_loss': 0.5567976236343384, 'eval_bce': 0.5516706502271856, 'eval_n_pos': 2024.0, 'eval_pos_rate': 0.09120814744716327, 'eval_auroc': 0.6411403883305625, 'eval_auprc': 0.18465008577290987, 'eval_mcc': 0.13128633137261017, 'eval_precision': 0.23604240282685512, 'eval_recall': 0.1650197628458498, 'eval_f1': 0.19424251235824366, 'eval_runtime': 20.8415, 'eval_samples_per_second': 1064.752, 'eval_steps_per_second': 16.649, 'epoch': 1.37}
{'loss': 0.6445, 'learning_rate': 0.0005429259620347537, 'epoch': 1.38}
{'loss': 0.6393, 'learning_rate': 0.0005417789757412399, 'epoch': 1.38}
{'loss': 0.6214, 'learning_rate': 0.0005406319894477261, 'epoch': 1.38}
{'loss': 0.6486, 'learning_rate': 0.0005394850031542124, 'epoch': 1.39}
{'loss': 0.634, 'learning_rate': 0.0005383380168606985, 'epoch': 1.39}
{'loss': 0.652, 'learning_rate': 0.0005371910305671848, 'epoch': 1.39}
{'loss': 0.6441, 'learning_rate': 0.0005360440442736709, 'epoch': 1.4}
{'loss': 0.6296, 'learning_rate': 0.0005348970579801572, 'epoch': 1.4}
{'loss': 0.6236, 'learning_rate': 0.0005337500716866433, 'epoch': 1.4}
{'loss': 0.6467, 'learning_rate': 0.0005326030853931295, 'epoch': 1.41}
{'loss': 0.6334, 'learning_rate': 0.0005314560990996158, 'epoch': 1.41}
{'loss': 0.6433, 'learning_rate': 0.000530309112806102, 'epoch': 1.41}
{'eval_loss': 0.5396945476531982, 'eval_bce': 0.5341698233660848, 'eval_n_pos': 2024.0, 'eval_pos_rate': 0.09120814744716327, 'eval_auroc': 0.6387533046688607, 'eval_auprc': 0.1847991015330896, 'eval_mcc': 0.12281450166993178, 'eval_precision': 0.25296442687747034, 'eval_recall': 0.12648221343873517, 'eval_f1': 0.16864295125164688, 'eval_runtime': 20.8726, 'eval_samples_per_second': 1063.162, 'eval_steps_per_second': 16.625, 'epoch': 1.42}
{'loss': 0.648, 'learning_rate': 0.0005291621265125882, 'epoch': 1.42}
{'loss': 0.622, 'learning_rate': 0.0005280151402190744, 'epoch': 1.42}
{'loss': 0.6573, 'learning_rate': 0.0005268681539255607, 'epoch': 1.42}
{'loss': 0.6304, 'learning_rate': 0.0005257211676320469, 'epoch': 1.43}
{'loss': 0.6122, 'learning_rate': 0.0005245741813385329, 'epoch': 1.43}
{'loss': 0.6472, 'learning_rate': 0.0005234271950450192, 'epoch': 1.43}
{'loss': 0.6441, 'learning_rate': 0.0005222802087515054, 'epoch': 1.44}
{'loss': 0.6349, 'learning_rate': 0.0005211332224579917, 'epoch': 1.44}
{'loss': 0.6519, 'learning_rate': 0.0005199862361644778, 'epoch': 1.44}
{'loss': 0.619, 'learning_rate': 0.0005188392498709641, 'epoch': 1.45}
{'loss': 0.6469, 'learning_rate': 0.0005176922635774503, 'epoch': 1.45}
{'loss': 0.629, 'learning_rate': 0.0005165452772839366, 'epoch': 1.45}
{'loss': 0.6437, 'learning_rate': 0.0005153982909904226, 'epoch': 1.46}
{'eval_loss': 0.5376768708229065, 'eval_bce': 0.531984677040641, 'eval_n_pos': 2024.0, 'eval_pos_rate': 0.09120814744716327, 'eval_auroc': 0.6462447530511534, 'eval_auprc': 0.1893465294742131, 'eval_mcc': 0.13642086245097654, 'eval_precision': 0.2775423728813559, 'eval_recall': 0.12944664031620554, 'eval_f1': 0.17654986522911054, 'eval_runtime': 20.8367, 'eval_samples_per_second': 1064.998, 'eval_steps_per_second': 16.653, 'epoch': 1.46}
{'loss': 0.6434, 'learning_rate': 0.0005142513046969088, 'epoch': 1.46}
{'loss': 0.6453, 'learning_rate': 0.0005131043184033951, 'epoch': 1.47}
{'loss': 0.6475, 'learning_rate': 0.0005119573321098813, 'epoch': 1.47}
{'loss': 0.6345, 'learning_rate': 0.0005108103458163675, 'epoch': 1.47}
{'loss': 0.6461, 'learning_rate': 0.0005096633595228537, 'epoch': 1.48}
{'loss': 0.6271, 'learning_rate': 0.00050851637322934, 'epoch': 1.48}
{'loss': 0.6576, 'learning_rate': 0.0005073693869358262, 'epoch': 1.48}
{'loss': 0.6368, 'learning_rate': 0.0005062224006423123, 'epoch': 1.49}
{'loss': 0.6438, 'learning_rate': 0.0005050754143487986, 'epoch': 1.49}
{'loss': 0.6337, 'learning_rate': 0.0005039284280552847, 'epoch': 1.49}
{'loss': 0.6365, 'learning_rate': 0.0005027814417617709, 'epoch': 1.5}
{'loss': 0.6605, 'learning_rate': 0.0005016344554682571, 'epoch': 1.5}
{'eval_loss': 0.5346671342849731, 'eval_bce': 0.5289590072442315, 'eval_n_pos': 2024.0, 'eval_pos_rate': 0.09120814744716327, 'eval_auroc': 0.6421791210389297, 'eval_auprc': 0.1910375846723443, 'eval_mcc': 0.14024503557382254, 'eval_precision': 0.28448275862068967, 'eval_recall': 0.13043478260869565, 'eval_f1': 0.17886178861788618, 'eval_runtime': 20.8272, 'eval_samples_per_second': 1065.483, 'eval_steps_per_second': 16.661, 'epoch': 1.5}
{'loss': 0.6674, 'learning_rate': 0.0005004874691747434, 'epoch': 1.5}
{'loss': 0.6292, 'learning_rate': 0.0004993404828812296, 'epoch': 1.51}
{'loss': 0.6533, 'learning_rate': 0.0004981934965877158, 'epoch': 1.51}
{'loss': 0.6395, 'learning_rate': 0.000497046510294202, 'epoch': 1.51}
{'loss': 0.6424, 'learning_rate': 0.0004958995240006882, 'epoch': 1.52}
{'loss': 0.6564, 'learning_rate': 0.0004947525377071745, 'epoch': 1.52}
{'loss': 0.632, 'learning_rate': 0.0004936055514136605, 'epoch': 1.52}
{'loss': 0.6349, 'learning_rate': 0.0004924585651201468, 'epoch': 1.53}
{'loss': 0.6518, 'learning_rate': 0.000491311578826633, 'epoch': 1.53}
{'loss': 0.6291, 'learning_rate': 0.0004901645925331192, 'epoch': 1.53}
{'loss': 0.6572, 'learning_rate': 0.0004890176062396054, 'epoch': 1.54}
{'loss': 0.6501, 'learning_rate': 0.00048787061994609164, 'epoch': 1.54}
{'loss': 0.6374, 'learning_rate': 0.0004867236336525779, 'epoch': 1.54}
{'eval_loss': 0.5412369966506958, 'eval_bce': 0.5358761761698314, 'eval_n_pos': 2024.0, 'eval_pos_rate': 0.09120814744716327, 'eval_auroc': 0.6360225124165784, 'eval_auprc': 0.18612260574711537, 'eval_mcc': 0.1329593695645897, 'eval_precision': 0.25963302752293577, 'eval_recall': 0.13982213438735178, 'eval_f1': 0.1817597944765575, 'eval_runtime': 20.8307, 'eval_samples_per_second': 1065.302, 'eval_steps_per_second': 16.658, 'epoch': 1.54}
{'loss': 0.6174, 'learning_rate': 0.0004855766473590641, 'epoch': 1.55}
{'loss': 0.644, 'learning_rate': 0.00048442966106555026, 'epoch': 1.55}
{'loss': 0.6649, 'learning_rate': 0.00048328267477203645, 'epoch': 1.55}
{'loss': 0.6423, 'learning_rate': 0.0004821356884785227, 'epoch': 1.56}
{'loss': 0.6454, 'learning_rate': 0.0004809887021850089, 'epoch': 1.56}
{'loss': 0.6518, 'learning_rate': 0.0004798417158914951, 'epoch': 1.56}
{'loss': 0.6337, 'learning_rate': 0.0004786947295979813, 'epoch': 1.57}
{'loss': 0.6126, 'learning_rate': 0.00047754774330446755, 'epoch': 1.57}
{'loss': 0.6375, 'learning_rate': 0.00047640075701095374, 'epoch': 1.57}
{'loss': 0.6334, 'learning_rate': 0.0004752537707174399, 'epoch': 1.58}
{'loss': 0.6389, 'learning_rate': 0.0004741067844239261, 'epoch': 1.58}
{'loss': 0.6274, 'learning_rate': 0.00047295979813041236, 'epoch': 1.59}
{'eval_loss': 0.544804036617279, 'eval_bce': 0.5393712039543769, 'eval_n_pos': 2024.0, 'eval_pos_rate': 0.09120814744716327, 'eval_auroc': 0.6400959841058389, 'eval_auprc': 0.18477045586538166, 'eval_mcc': 0.1347045589344774, 'eval_precision': 0.2569444444444444, 'eval_recall': 0.14624505928853754, 'eval_f1': 0.18639798488664985, 'eval_runtime': 20.8347, 'eval_samples_per_second': 1065.101, 'eval_steps_per_second': 16.655, 'epoch': 1.59}
{'loss': 0.645, 'learning_rate': 0.00047181281183689854, 'epoch': 1.59}
{'loss': 0.6641, 'learning_rate': 0.0004706658255433848, 'epoch': 1.59}
{'loss': 0.6377, 'learning_rate': 0.000469518839249871, 'epoch': 1.6}
{'loss': 0.6485, 'learning_rate': 0.0004683718529563572, 'epoch': 1.6}
{'loss': 0.649, 'learning_rate': 0.00046722486666284335, 'epoch': 1.6}
{'loss': 0.6487, 'learning_rate': 0.0004660778803693296, 'epoch': 1.61}
{'loss': 0.6236, 'learning_rate': 0.0004649308940758158, 'epoch': 1.61}
{'loss': 0.6396, 'learning_rate': 0.000463783907782302, 'epoch': 1.61}
{'loss': 0.6541, 'learning_rate': 0.0004626369214887882, 'epoch': 1.62}
{'loss': 0.6301, 'learning_rate': 0.00046148993519527445, 'epoch': 1.62}
{'loss': 0.6225, 'learning_rate': 0.00046034294890176064, 'epoch': 1.62}
{'loss': 0.6411, 'learning_rate': 0.0004591959626082469, 'epoch': 1.63}
{'loss': 0.6228, 'learning_rate': 0.000458048976314733, 'epoch': 1.63}
{'eval_loss': 0.5496099591255188, 'eval_bce': 0.5443179647528978, 'eval_n_pos': 2024.0, 'eval_pos_rate': 0.09120814744716327, 'eval_auroc': 0.6446995772062174, 'eval_auprc': 0.18431873599467205, 'eval_mcc': 0.1354432361346674, 'eval_precision': 0.25394190871369293, 'eval_recall': 0.15118577075098813, 'eval_f1': 0.18953236296066892, 'eval_runtime': 20.8412, 'eval_samples_per_second': 1064.764, 'eval_steps_per_second': 16.65, 'epoch': 1.63}
{'loss': 0.6412, 'learning_rate': 0.00045690199002121926, 'epoch': 1.63}
{'loss': 0.6536, 'learning_rate': 0.00045575500372770544, 'epoch': 1.64}
{'loss': 0.6294, 'learning_rate': 0.0004546080174341917, 'epoch': 1.64}
{'loss': 0.6533, 'learning_rate': 0.0004534610311406779, 'epoch': 1.64}
{'loss': 0.6412, 'learning_rate': 0.0004523140448471641, 'epoch': 1.65}
{'loss': 0.6313, 'learning_rate': 0.0004511670585536503, 'epoch': 1.65}
{'loss': 0.6357, 'learning_rate': 0.00045002007226013655, 'epoch': 1.65}
{'loss': 0.6489, 'learning_rate': 0.0004488730859666227, 'epoch': 1.66}
{'loss': 0.6552, 'learning_rate': 0.0004477260996731089, 'epoch': 1.66}
{'loss': 0.6465, 'learning_rate': 0.0004465791133795951, 'epoch': 1.66}
{'loss': 0.6585, 'learning_rate': 0.00044543212708608135, 'epoch': 1.67}
{'loss': 0.6412, 'learning_rate': 0.00044428514079256754, 'epoch': 1.67}
{'eval_loss': 0.5405890345573425, 'eval_bce': 0.5347571163163574, 'eval_n_pos': 2024.0, 'eval_pos_rate': 0.09120814744716327, 'eval_auroc': 0.6469164908782418, 'eval_auprc': 0.18759157042070518, 'eval_mcc': 0.12836953227176046, 'eval_precision': 0.2584704743465634, 'eval_recall': 0.13191699604743082, 'eval_f1': 0.17468105986261037, 'eval_runtime': 20.8277, 'eval_samples_per_second': 1065.455, 'eval_steps_per_second': 16.66, 'epoch': 1.67}
{'loss': 0.6475, 'learning_rate': 0.0004431381544990538, 'epoch': 1.67}
{'loss': 0.635, 'learning_rate': 0.00044199116820553997, 'epoch': 1.68}
{'loss': 0.6354, 'learning_rate': 0.0004408441819120262, 'epoch': 1.68}
{'loss': 0.63, 'learning_rate': 0.00043969719561851234, 'epoch': 1.68}
{'loss': 0.6573, 'learning_rate': 0.0004385502093249986, 'epoch': 1.69}
{'loss': 0.6616, 'learning_rate': 0.0004374032230314848, 'epoch': 1.69}
{'loss': 0.6399, 'learning_rate': 0.000436256236737971, 'epoch': 1.69}
{'loss': 0.6318, 'learning_rate': 0.0004351092504444572, 'epoch': 1.7}
{'loss': 0.6412, 'learning_rate': 0.00043396226415094345, 'epoch': 1.7}
{'loss': 0.624, 'learning_rate': 0.00043281527785742963, 'epoch': 1.71}
{'loss': 0.6484, 'learning_rate': 0.0004316682915639158, 'epoch': 1.71}
{'loss': 0.6647, 'learning_rate': 0.000430521305270402, 'epoch': 1.71}
{'loss': 0.6448, 'learning_rate': 0.0004293743189768882, 'epoch': 1.72}
{'eval_loss': 0.5356525778770447, 'eval_bce': 0.5300233657141017, 'eval_n_pos': 2024.0, 'eval_pos_rate': 0.09120814744716327, 'eval_auroc': 0.6438528920862578, 'eval_auprc': 0.1885896393876701, 'eval_mcc': 0.1317731435547286, 'eval_precision': 0.27702702702702703, 'eval_recall': 0.12154150197628459, 'eval_f1': 0.16895604395604397, 'eval_runtime': 20.8477, 'eval_samples_per_second': 1064.434, 'eval_steps_per_second': 16.645, 'epoch': 1.72}
{'loss': 0.635, 'learning_rate': 0.00042822733268337444, 'epoch': 1.72}
{'loss': 0.6309, 'learning_rate': 0.0004270803463898606, 'epoch': 1.72}
{'loss': 0.6358, 'learning_rate': 0.00042593336009634687, 'epoch': 1.73}
{'loss': 0.6525, 'learning_rate': 0.00042478637380283306, 'epoch': 1.73}
{'loss': 0.6208, 'learning_rate': 0.0004236393875093193, 'epoch': 1.73}
{'loss': 0.6269, 'learning_rate': 0.00042249240121580543, 'epoch': 1.74}
{'loss': 0.6535, 'learning_rate': 0.0004213454149222917, 'epoch': 1.74}
{'loss': 0.6367, 'learning_rate': 0.00042019842862877786, 'epoch': 1.74}
{'loss': 0.6321, 'learning_rate': 0.0004190514423352641, 'epoch': 1.75}
{'loss': 0.6558, 'learning_rate': 0.0004179044560417503, 'epoch': 1.75}
{'loss': 0.6487, 'learning_rate': 0.00041675746974823653, 'epoch': 1.75}
{'loss': 0.6525, 'learning_rate': 0.0004156104834547227, 'epoch': 1.76}
{'eval_loss': 0.5334733724594116, 'eval_bce': 0.527640353860972, 'eval_n_pos': 2024.0, 'eval_pos_rate': 0.09120814744716327, 'eval_auroc': 0.6446837508581996, 'eval_auprc': 0.1869978866096241, 'eval_mcc': 0.1331258936620585, 'eval_precision': 0.27518959913326113, 'eval_recall': 0.12549407114624506, 'eval_f1': 0.17237869019341703, 'eval_runtime': 20.834, 'eval_samples_per_second': 1065.132, 'eval_steps_per_second': 16.655, 'epoch': 1.76}
{'loss': 0.6517, 'learning_rate': 0.00041446349716120896, 'epoch': 1.76}
{'loss': 0.6021, 'learning_rate': 0.0004133165108676951, 'epoch': 1.76}
{'loss': 0.6333, 'learning_rate': 0.00041216952457418134, 'epoch': 1.77}
{'loss': 0.6378, 'learning_rate': 0.0004110225382806675, 'epoch': 1.77}
{'loss': 0.623, 'learning_rate': 0.00040987555198715377, 'epoch': 1.77}
{'loss': 0.6545, 'learning_rate': 0.00040872856569363996, 'epoch': 1.78}
{'loss': 0.6401, 'learning_rate': 0.0004075815794001262, 'epoch': 1.78}
{'loss': 0.6272, 'learning_rate': 0.0004064345931066124, 'epoch': 1.78}
{'loss': 0.6474, 'learning_rate': 0.00040528760681309863, 'epoch': 1.79}
{'loss': 0.64, 'learning_rate': 0.00040414062051958476, 'epoch': 1.79}
{'loss': 0.6458, 'learning_rate': 0.000402993634226071, 'epoch': 1.79}
{'loss': 0.6154, 'learning_rate': 0.0004018466479325572, 'epoch': 1.8}
{'loss': 0.6187, 'learning_rate': 0.00040069966163904343, 'epoch': 1.8}
{'eval_loss': 0.5460553765296936, 'eval_bce': 0.5406184299374537, 'eval_n_pos': 2024.0, 'eval_pos_rate': 0.09120814744716327, 'eval_auroc': 0.6475258297759164, 'eval_auprc': 0.18565642909768515, 'eval_mcc': 0.13451918193551393, 'eval_precision': 0.2522671063478978, 'eval_recall': 0.15118577075098813, 'eval_f1': 0.1890639481000927, 'eval_runtime': 20.8421, 'eval_samples_per_second': 1064.722, 'eval_steps_per_second': 16.649, 'epoch': 1.8}
{'loss': 0.6403, 'learning_rate': 0.0003995526753455296, 'epoch': 1.8}
{'loss': 0.6436, 'learning_rate': 0.00039840568905201586, 'epoch': 1.81}
{'loss': 0.6396, 'learning_rate': 0.00039725870275850205, 'epoch': 1.81}
{'loss': 0.6336, 'learning_rate': 0.00039611171646498824, 'epoch': 1.82}
{'loss': 0.6581, 'learning_rate': 0.0003949647301714744, 'epoch': 1.82}
{'loss': 0.6529, 'learning_rate': 0.00039381774387796067, 'epoch': 1.82}
{'loss': 0.6491, 'learning_rate': 0.00039267075758444686, 'epoch': 1.83}
{'loss': 0.6488, 'learning_rate': 0.0003915237712909331, 'epoch': 1.83}
{'loss': 0.6586, 'learning_rate': 0.0003903767849974193, 'epoch': 1.83}
{'loss': 0.6408, 'learning_rate': 0.00038922979870390553, 'epoch': 1.84}
{'loss': 0.6448, 'learning_rate': 0.0003880828124103917, 'epoch': 1.84}
{'loss': 0.6234, 'learning_rate': 0.0003869358261168779, 'epoch': 1.84}
{'eval_loss': 0.5388841032981873, 'eval_bce': 0.5331644579202549, 'eval_n_pos': 2024.0, 'eval_pos_rate': 0.09120814744716327, 'eval_auroc': 0.6427214796959224, 'eval_auprc': 0.18793361026079322, 'eval_mcc': 0.13308541235366267, 'eval_precision': 0.26479146459747815, 'eval_recall': 0.13488142292490118, 'eval_f1': 0.17872340425531916, 'eval_runtime': 20.8431, 'eval_samples_per_second': 1064.671, 'eval_steps_per_second': 16.648, 'epoch': 1.84}
{'loss': 0.6463, 'learning_rate': 0.0003857888398233641, 'epoch': 1.85}
{'loss': 0.6768, 'learning_rate': 0.00038464185352985033, 'epoch': 1.85}
{'loss': 0.6411, 'learning_rate': 0.0003834948672363365, 'epoch': 1.85}
{'loss': 0.6188, 'learning_rate': 0.00038234788094282276, 'epoch': 1.86}
{'loss': 0.6254, 'learning_rate': 0.00038120089464930895, 'epoch': 1.86}
{'loss': 0.6583, 'learning_rate': 0.0003800539083557952, 'epoch': 1.86}
{'loss': 0.6387, 'learning_rate': 0.0003789069220622814, 'epoch': 1.87}
{'loss': 0.6343, 'learning_rate': 0.00037775993576876757, 'epoch': 1.87}
{'loss': 0.6238, 'learning_rate': 0.00037661294947525376, 'epoch': 1.87}
{'loss': 0.6352, 'learning_rate': 0.00037546596318174, 'epoch': 1.88}
{'loss': 0.6274, 'learning_rate': 0.0003743189768882262, 'epoch': 1.88}
{'loss': 0.6425, 'learning_rate': 0.00037317199059471243, 'epoch': 1.88}
{'loss': 0.6427, 'learning_rate': 0.0003720250043011986, 'epoch': 1.89}
{'eval_loss': 0.5367515683174133, 'eval_bce': 0.5307956287596489, 'eval_n_pos': 2024.0, 'eval_pos_rate': 0.09120814744716327, 'eval_auroc': 0.6439098522397272, 'eval_auprc': 0.1932786838844279, 'eval_mcc': 0.14078380392778758, 'eval_precision': 0.27987742594484166, 'eval_recall': 0.13537549407114624, 'eval_f1': 0.18248418248418247, 'eval_runtime': 20.8402, 'eval_samples_per_second': 1064.817, 'eval_steps_per_second': 16.651, 'epoch': 1.89}
{'loss': 0.6625, 'learning_rate': 0.00037087801800768486, 'epoch': 1.89}
{'loss': 0.6629, 'learning_rate': 0.00036973103171417104, 'epoch': 1.89}
{'loss': 0.6344, 'learning_rate': 0.00036858404542065723, 'epoch': 1.9}
{'loss': 0.6243, 'learning_rate': 0.0003674370591271434, 'epoch': 1.9}
{'loss': 0.6188, 'learning_rate': 0.00036629007283362966, 'epoch': 1.9}
{'loss': 0.6293, 'learning_rate': 0.00036514308654011585, 'epoch': 1.91}
{'loss': 0.6652, 'learning_rate': 0.0003639961002466021, 'epoch': 1.91}
{'loss': 0.6497, 'learning_rate': 0.0003628491139530883, 'epoch': 1.91}
{'loss': 0.6421, 'learning_rate': 0.0003617021276595745, 'epoch': 1.92}
{'loss': 0.6333, 'learning_rate': 0.00036055514136606066, 'epoch': 1.92}
{'loss': 0.6339, 'learning_rate': 0.0003594081550725469, 'epoch': 1.92}
{'loss': 0.6478, 'learning_rate': 0.0003582611687790331, 'epoch': 1.93}
{'eval_loss': 0.5424317717552185, 'eval_bce': 0.5368156410621485, 'eval_n_pos': 2024.0, 'eval_pos_rate': 0.09120814744716327, 'eval_auroc': 0.6427731603168876, 'eval_auprc': 0.18837234103966138, 'eval_mcc': 0.1261788369901233, 'eval_precision': 0.24429416737109044, 'eval_recall': 0.14278656126482214, 'eval_f1': 0.18023074524477706, 'eval_runtime': 20.843, 'eval_samples_per_second': 1064.673, 'eval_steps_per_second': 16.648, 'epoch': 1.93}
{'loss': 0.6185, 'learning_rate': 0.0003571141824855193, 'epoch': 1.93}
{'loss': 0.6485, 'learning_rate': 0.0003559671961920055, 'epoch': 1.94}
{'loss': 0.6383, 'learning_rate': 0.00035482020989849176, 'epoch': 1.94}
{'loss': 0.6153, 'learning_rate': 0.00035367322360497794, 'epoch': 1.94}
{'loss': 0.6575, 'learning_rate': 0.0003525262373114642, 'epoch': 1.95}
{'loss': 0.642, 'learning_rate': 0.0003513792510179503, 'epoch': 1.95}
{'loss': 0.6617, 'learning_rate': 0.0003502322647244365, 'epoch': 1.95}
{'loss': 0.6379, 'learning_rate': 0.00034908527843092275, 'epoch': 1.96}
{'loss': 0.6199, 'learning_rate': 0.00034793829213740894, 'epoch': 1.96}
{'loss': 0.6153, 'learning_rate': 0.0003467913058438952, 'epoch': 1.96}
{'loss': 0.627, 'learning_rate': 0.00034564431955038137, 'epoch': 1.97}
{'loss': 0.6333, 'learning_rate': 0.0003444973332568676, 'epoch': 1.97}
{'loss': 0.6261, 'learning_rate': 0.0003433503469633538, 'epoch': 1.97}
{'eval_loss': 0.5445953607559204, 'eval_bce': 0.53908775489512, 'eval_n_pos': 2024.0, 'eval_pos_rate': 0.09120814744716327, 'eval_auroc': 0.6443272782934435, 'eval_auprc': 0.19135539854302597, 'eval_mcc': 0.13465689989419882, 'eval_precision': 0.2546531302876481, 'eval_recall': 0.14871541501976285, 'eval_f1': 0.18777292576419213, 'eval_runtime': 20.8468, 'eval_samples_per_second': 1064.478, 'eval_steps_per_second': 16.645, 'epoch': 1.97}
{'loss': 0.6303, 'learning_rate': 0.00034220336066984, 'epoch': 1.98}
{'loss': 0.6274, 'learning_rate': 0.00034105637437632617, 'epoch': 1.98}
{'loss': 0.6474, 'learning_rate': 0.0003399093880828124, 'epoch': 1.98}
{'loss': 0.6481, 'learning_rate': 0.0003387624017892986, 'epoch': 1.99}
{'loss': 0.6349, 'learning_rate': 0.00033761541549578484, 'epoch': 1.99}
{'loss': 0.6333, 'learning_rate': 0.00033646842920227103, 'epoch': 1.99}
{'loss': 0.6558, 'learning_rate': 0.0003353214429087573, 'epoch': 2.0}
{'loss': 0.6326, 'learning_rate': 0.0003341744566152434, 'epoch': 2.0}
{'loss': 0.6271, 'learning_rate': 0.00033302747032172965, 'epoch': 2.0}
{'loss': 0.6385, 'learning_rate': 0.00033188048402821584, 'epoch': 2.01}
{'loss': 0.6361, 'learning_rate': 0.0003307334977347021, 'epoch': 2.01}
{'loss': 0.6537, 'learning_rate': 0.00032958651144118827, 'epoch': 2.01}
{'eval_loss': 0.5388592481613159, 'eval_bce': 0.533171114738078, 'eval_n_pos': 2024.0, 'eval_pos_rate': 0.09120814744716327, 'eval_auroc': 0.6411225653147993, 'eval_auprc': 0.19160741903938783, 'eval_mcc': 0.13735318790962625, 'eval_precision': 0.27391742195367574, 'eval_recall': 0.13438735177865613, 'eval_f1': 0.18031156778256546, 'eval_runtime': 20.8449, 'eval_samples_per_second': 1064.578, 'eval_steps_per_second': 16.647, 'epoch': 2.02}
{'loss': 0.6226, 'learning_rate': 0.0003284395251476745, 'epoch': 2.02}
{'loss': 0.6567, 'learning_rate': 0.0003272925388541607, 'epoch': 2.02}
{'loss': 0.6339, 'learning_rate': 0.00032614555256064694, 'epoch': 2.02}
{'loss': 0.645, 'learning_rate': 0.00032499856626713307, 'epoch': 2.03}
{'loss': 0.6315, 'learning_rate': 0.0003238515799736193, 'epoch': 2.03}
{'loss': 0.6479, 'learning_rate': 0.0003227045936801055, 'epoch': 2.03}
{'loss': 0.6327, 'learning_rate': 0.00032155760738659174, 'epoch': 2.04}
{'loss': 0.6443, 'learning_rate': 0.00032041062109307793, 'epoch': 2.04}
{'loss': 0.6661, 'learning_rate': 0.0003192636347995642, 'epoch': 2.04}
{'loss': 0.6426, 'learning_rate': 0.00031811664850605036, 'epoch': 2.05}
{'loss': 0.6549, 'learning_rate': 0.0003169696622125366, 'epoch': 2.05}
{'loss': 0.6277, 'learning_rate': 0.00031582267591902274, 'epoch': 2.06}
{'loss': 0.636, 'learning_rate': 0.000314675689625509, 'epoch': 2.06}
{'eval_loss': 0.5376514196395874, 'eval_bce': 0.5319327959499287, 'eval_n_pos': 2024.0, 'eval_pos_rate': 0.09120814744716327, 'eval_auroc': 0.6462349779538482, 'eval_auprc': 0.19135558328644459, 'eval_mcc': 0.14109027356486498, 'eval_precision': 0.27722772277227725, 'eval_recall': 0.1383399209486166, 'eval_f1': 0.18457481872116022, 'eval_runtime': 20.8395, 'eval_samples_per_second': 1064.853, 'eval_steps_per_second': 16.651, 'epoch': 2.06}
{'loss': 0.6263, 'learning_rate': 0.00031352870333199517, 'epoch': 2.06}
{'loss': 0.6245, 'learning_rate': 0.0003123817170384814, 'epoch': 2.07}
{'loss': 0.6401, 'learning_rate': 0.0003112347307449676, 'epoch': 2.07}
{'loss': 0.6258, 'learning_rate': 0.00031008774445145384, 'epoch': 2.07}
{'loss': 0.6396, 'learning_rate': 0.00030894075815794, 'epoch': 2.08}
{'loss': 0.6426, 'learning_rate': 0.00030779377186442627, 'epoch': 2.08}
{'loss': 0.6421, 'learning_rate': 0.0003066467855709124, 'epoch': 2.08}
{'loss': 0.6501, 'learning_rate': 0.00030549979927739864, 'epoch': 2.09}
{'loss': 0.6413, 'learning_rate': 0.00030435281298388483, 'epoch': 2.09}
{'loss': 0.6354, 'learning_rate': 0.0003032058266903711, 'epoch': 2.09}
{'loss': 0.6228, 'learning_rate': 0.00030205884039685726, 'epoch': 2.1}
{'loss': 0.6485, 'learning_rate': 0.0003009118541033435, 'epoch': 2.1}
{'eval_loss': 0.5318183302879333, 'eval_bce': 0.5259135429213422, 'eval_n_pos': 2024.0, 'eval_pos_rate': 0.09120814744716327, 'eval_auroc': 0.6446338464140631, 'eval_auprc': 0.19169655164489194, 'eval_mcc': 0.1343152595235131, 'eval_precision': 0.2795100222717149, 'eval_recall': 0.12401185770750989, 'eval_f1': 0.17180013689253934, 'eval_runtime': 20.8497, 'eval_samples_per_second': 1064.333, 'eval_steps_per_second': 16.643, 'epoch': 2.1}
{'loss': 0.6148, 'learning_rate': 0.0002997648678098297, 'epoch': 2.1}
{'loss': 0.6506, 'learning_rate': 0.0002986178815163159, 'epoch': 2.11}
{'loss': 0.6327, 'learning_rate': 0.00029747089522280207, 'epoch': 2.11}
{'loss': 0.6312, 'learning_rate': 0.0002963239089292883, 'epoch': 2.11}
{'loss': 0.6444, 'learning_rate': 0.0002951769226357745, 'epoch': 2.12}
{'loss': 0.6455, 'learning_rate': 0.00029402993634226074, 'epoch': 2.12}
{'loss': 0.6285, 'learning_rate': 0.0002928829500487469, 'epoch': 2.12}
{'loss': 0.6294, 'learning_rate': 0.00029173596375523317, 'epoch': 2.13}
{'loss': 0.6155, 'learning_rate': 0.00029058897746171936, 'epoch': 2.13}
{'loss': 0.6662, 'learning_rate': 0.00028944199116820554, 'epoch': 2.13}
{'loss': 0.6319, 'learning_rate': 0.00028829500487469173, 'epoch': 2.14}
{'loss': 0.6364, 'learning_rate': 0.000287148018581178, 'epoch': 2.14}
{'loss': 0.6145, 'learning_rate': 0.00028600103228766416, 'epoch': 2.14}
{'eval_loss': 0.5335485339164734, 'eval_bce': 0.5277062928350206, 'eval_n_pos': 2024.0, 'eval_pos_rate': 0.09120814744716327, 'eval_auroc': 0.6474911759535155, 'eval_auprc': 0.1931954798223249, 'eval_mcc': 0.136836645282369, 'eval_precision': 0.27448979591836736, 'eval_recall': 0.13290513833992096, 'eval_f1': 0.17909454061251667, 'eval_runtime': 20.8471, 'eval_samples_per_second': 1064.465, 'eval_steps_per_second': 16.645, 'epoch': 2.14}
{'loss': 0.636, 'learning_rate': 0.0002848540459941504, 'epoch': 2.15}
{'loss': 0.6442, 'learning_rate': 0.0002837070597006366, 'epoch': 2.15}
{'loss': 0.6347, 'learning_rate': 0.00028256007340712283, 'epoch': 2.15}
{'loss': 0.6511, 'learning_rate': 0.000281413087113609, 'epoch': 2.16}
{'loss': 0.6327, 'learning_rate': 0.0002802661008200952, 'epoch': 2.16}
{'loss': 0.651, 'learning_rate': 0.0002791191145265814, 'epoch': 2.17}
{'loss': 0.6432, 'learning_rate': 0.0002779721282330676, 'epoch': 2.17}
{'loss': 0.6386, 'learning_rate': 0.0002768251419395538, 'epoch': 2.17}
{'loss': 0.622, 'learning_rate': 0.00027567815564604, 'epoch': 2.18}
{'loss': 0.637, 'learning_rate': 0.00027453116935252626, 'epoch': 2.18}
{'loss': 0.6297, 'learning_rate': 0.00027338418305901244, 'epoch': 2.18}
{'loss': 0.617, 'learning_rate': 0.0002722371967654987, 'epoch': 2.19}
{'eval_loss': 0.5318151116371155, 'eval_bce': 0.5258491505710209, 'eval_n_pos': 2024.0, 'eval_pos_rate': 0.09120814744716327, 'eval_auroc': 0.6487836079604865, 'eval_auprc': 0.19298202890578936, 'eval_mcc': 0.14220616306618883, 'eval_precision': 0.2911534154535274, 'eval_recall': 0.12845849802371542, 'eval_f1': 0.17826534110387385, 'eval_runtime': 20.8635, 'eval_samples_per_second': 1063.629, 'eval_steps_per_second': 16.632, 'epoch': 2.19}
{'loss': 0.6514, 'learning_rate': 0.0002710902104719848, 'epoch': 2.19}
{'loss': 0.6404, 'learning_rate': 0.00026994322417847106, 'epoch': 2.19}
{'loss': 0.6416, 'learning_rate': 0.00026879623788495725, 'epoch': 2.2}
{'loss': 0.6309, 'learning_rate': 0.0002676492515914435, 'epoch': 2.2}
{'loss': 0.6295, 'learning_rate': 0.0002665022652979297, 'epoch': 2.2}
{'loss': 0.6718, 'learning_rate': 0.0002653552790044159, 'epoch': 2.21}
{'loss': 0.6604, 'learning_rate': 0.0002642082927109021, 'epoch': 2.21}
{'loss': 0.6366, 'learning_rate': 0.0002630613064173883, 'epoch': 2.21}
{'loss': 0.6262, 'learning_rate': 0.0002619143201238745, 'epoch': 2.22}
{'loss': 0.6352, 'learning_rate': 0.0002607673338303607, 'epoch': 2.22}
{'loss': 0.6272, 'learning_rate': 0.0002596203475368469, 'epoch': 2.22}
{'loss': 0.6291, 'learning_rate': 0.00025847336124333316, 'epoch': 2.23}
{'loss': 0.614, 'learning_rate': 0.00025732637494981934, 'epoch': 2.23}
{'eval_loss': 0.5329550504684448, 'eval_bce': 0.5270137921149538, 'eval_n_pos': 2024.0, 'eval_pos_rate': 0.09120814744716327, 'eval_auroc': 0.6468557701296938, 'eval_auprc': 0.1923860046912486, 'eval_mcc': 0.13896712409520387, 'eval_precision': 0.28293736501079914, 'eval_recall': 0.12944664031620554, 'eval_f1': 0.1776271186440678, 'eval_runtime': 20.834, 'eval_samples_per_second': 1065.132, 'eval_steps_per_second': 16.655, 'epoch': 2.23}
{'loss': 0.6216, 'learning_rate': 0.0002561793886563056, 'epoch': 2.23}
{'loss': 0.6486, 'learning_rate': 0.0002550324023627918, 'epoch': 2.24}
{'loss': 0.6004, 'learning_rate': 0.00025388541606927796, 'epoch': 2.24}
{'loss': 0.626, 'learning_rate': 0.00025273842977576415, 'epoch': 2.24}
{'loss': 0.6392, 'learning_rate': 0.0002515914434822504, 'epoch': 2.25}
{'loss': 0.6198, 'learning_rate': 0.0002504444571887366, 'epoch': 2.25}
{'loss': 0.6228, 'learning_rate': 0.0002492974708952228, 'epoch': 2.25}
{'loss': 0.6263, 'learning_rate': 0.000248150484601709, 'epoch': 2.26}
{'loss': 0.6262, 'learning_rate': 0.0002470034983081952, 'epoch': 2.26}
{'loss': 0.6437, 'learning_rate': 0.00024585651201468144, 'epoch': 2.26}
{'loss': 0.6615, 'learning_rate': 0.0002447095257211676, 'epoch': 2.27}
{'loss': 0.6202, 'learning_rate': 0.00024356253942765387, 'epoch': 2.27}
{'eval_loss': 0.5335569977760315, 'eval_bce': 0.5276642280040794, 'eval_n_pos': 2024.0, 'eval_pos_rate': 0.09120814744716327, 'eval_auroc': 0.6471145529688759, 'eval_auprc': 0.19227574322461632, 'eval_mcc': 0.13713590169748968, 'eval_precision': 0.27401415571284127, 'eval_recall': 0.13389328063241107, 'eval_f1': 0.17988715565881183, 'eval_runtime': 20.8423, 'eval_samples_per_second': 1064.712, 'eval_steps_per_second': 16.649, 'epoch': 2.27}
{'loss': 0.6426, 'learning_rate': 0.00024241555313414006, 'epoch': 2.27}
{'loss': 0.6399, 'learning_rate': 0.00024126856684062627, 'epoch': 2.28}
{'loss': 0.6423, 'learning_rate': 0.00024012158054711249, 'epoch': 2.28}
{'loss': 0.6258, 'learning_rate': 0.0002389745942535987, 'epoch': 2.29}
{'loss': 0.6296, 'learning_rate': 0.00023782760796008486, 'epoch': 2.29}
{'loss': 0.6194, 'learning_rate': 0.00023668062166657108, 'epoch': 2.29}
{'loss': 0.6271, 'learning_rate': 0.0002355336353730573, 'epoch': 2.3}
{'loss': 0.6394, 'learning_rate': 0.0002343866490795435, 'epoch': 2.3}
{'loss': 0.6511, 'learning_rate': 0.0002332396627860297, 'epoch': 2.3}
{'loss': 0.6275, 'learning_rate': 0.0002320926764925159, 'epoch': 2.31}
{'loss': 0.6243, 'learning_rate': 0.00023094569019900212, 'epoch': 2.31}
{'loss': 0.6492, 'learning_rate': 0.0002297987039054883, 'epoch': 2.31}
{'loss': 0.6282, 'learning_rate': 0.00022865171761197453, 'epoch': 2.32}
{'eval_loss': 0.5301885604858398, 'eval_bce': 0.5241739681320458, 'eval_n_pos': 2024.0, 'eval_pos_rate': 0.09120814744716327, 'eval_auroc': 0.6443181524193928, 'eval_auprc': 0.19323533804997275, 'eval_mcc': 0.1414535080861579, 'eval_precision': 0.29138321995464855, 'eval_recall': 0.12697628458498023, 'eval_f1': 0.17687543014452856, 'eval_runtime': 20.8312, 'eval_samples_per_second': 1065.275, 'eval_steps_per_second': 16.658, 'epoch': 2.32}
{'loss': 0.627, 'learning_rate': 0.00022750473131846074, 'epoch': 2.32}
{'loss': 0.6596, 'learning_rate': 0.00022635774502494696, 'epoch': 2.32}
{'loss': 0.6194, 'learning_rate': 0.00022521075873143314, 'epoch': 2.33}
{'loss': 0.6449, 'learning_rate': 0.00022406377243791936, 'epoch': 2.33}
{'loss': 0.6546, 'learning_rate': 0.00022291678614440557, 'epoch': 2.33}
{'loss': 0.62, 'learning_rate': 0.0002217697998508918, 'epoch': 2.34}
{'loss': 0.6296, 'learning_rate': 0.00022062281355737798, 'epoch': 2.34}
{'loss': 0.6674, 'learning_rate': 0.0002194758272638642, 'epoch': 2.34}
{'loss': 0.6354, 'learning_rate': 0.0002183288409703504, 'epoch': 2.35}
{'loss': 0.645, 'learning_rate': 0.00021718185467683662, 'epoch': 2.35}
{'loss': 0.6399, 'learning_rate': 0.0002160348683833228, 'epoch': 2.35}
{'loss': 0.6153, 'learning_rate': 0.00021488788208980902, 'epoch': 2.36}
{'eval_loss': 0.5293247699737549, 'eval_bce': 0.5232183936012128, 'eval_n_pos': 2024.0, 'eval_pos_rate': 0.09120814744716327, 'eval_auroc': 0.647461213687841, 'eval_auprc': 0.1934611281054988, 'eval_mcc': 0.13890057459394817, 'eval_precision': 0.28338762214983715, 'eval_recall': 0.12895256916996048, 'eval_f1': 0.1772495755517827, 'eval_runtime': 20.8238, 'eval_samples_per_second': 1065.654, 'eval_steps_per_second': 16.664, 'epoch': 2.36}
{'loss': 0.648, 'learning_rate': 0.00021374089579629524, 'epoch': 2.36}
{'loss': 0.6497, 'learning_rate': 0.00021259390950278145, 'epoch': 2.36}
{'loss': 0.6324, 'learning_rate': 0.00021144692320926764, 'epoch': 2.37}
{'loss': 0.6399, 'learning_rate': 0.00021029993691575386, 'epoch': 2.37}
{'loss': 0.6407, 'learning_rate': 0.00020915295062224007, 'epoch': 2.37}
{'loss': 0.6011, 'learning_rate': 0.00020800596432872629, 'epoch': 2.38}
{'loss': 0.6298, 'learning_rate': 0.00020685897803521247, 'epoch': 2.38}
{'loss': 0.6293, 'learning_rate': 0.0002057119917416987, 'epoch': 2.38}
{'loss': 0.6226, 'learning_rate': 0.0002045650054481849, 'epoch': 2.39}
{'loss': 0.6337, 'learning_rate': 0.00020341801915467112, 'epoch': 2.39}
{'loss': 0.627, 'learning_rate': 0.0002022710328611573, 'epoch': 2.39}
{'loss': 0.6279, 'learning_rate': 0.00020112404656764352, 'epoch': 2.4}
{'loss': 0.6412, 'learning_rate': 0.00019997706027412974, 'epoch': 2.4}
{'eval_loss': 0.5317308306694031, 'eval_bce': 0.5257847896468089, 'eval_n_pos': 2024.0, 'eval_pos_rate': 0.09120814744716327, 'eval_auroc': 0.6441454590336697, 'eval_auprc': 0.18921737347185602, 'eval_mcc': 0.13429056783013407, 'eval_precision': 0.2753468516542156, 'eval_recall': 0.1274703557312253, 'eval_f1': 0.17426545086119552, 'eval_runtime': 20.8296, 'eval_samples_per_second': 1065.359, 'eval_steps_per_second': 16.659, 'epoch': 2.4}
{'loss': 0.6622, 'learning_rate': 0.00019883007398061592, 'epoch': 2.41}
{'loss': 0.666, 'learning_rate': 0.00019768308768710214, 'epoch': 2.41}
{'loss': 0.6401, 'learning_rate': 0.00019653610139358835, 'epoch': 2.41}
{'loss': 0.6268, 'learning_rate': 0.00019538911510007457, 'epoch': 2.42}
{'loss': 0.6281, 'learning_rate': 0.00019424212880656076, 'epoch': 2.42}
{'loss': 0.657, 'learning_rate': 0.00019309514251304697, 'epoch': 2.42}
{'loss': 0.6338, 'learning_rate': 0.00019194815621953319, 'epoch': 2.43}
{'loss': 0.6384, 'learning_rate': 0.0001908011699260194, 'epoch': 2.43}
{'loss': 0.6119, 'learning_rate': 0.0001896541836325056, 'epoch': 2.43}
{'loss': 0.6507, 'learning_rate': 0.0001885071973389918, 'epoch': 2.44}
{'loss': 0.6168, 'learning_rate': 0.00018736021104547802, 'epoch': 2.44}
{'loss': 0.6376, 'learning_rate': 0.00018621322475196423, 'epoch': 2.44}
{'eval_loss': 0.5321045517921448, 'eval_bce': 0.52616763299277, 'eval_n_pos': 2024.0, 'eval_pos_rate': 0.09120814744716327, 'eval_auroc': 0.6507096083669738, 'eval_auprc': 0.1926105971467428, 'eval_mcc': 0.13383453861489442, 'eval_precision': 0.2694248234106963, 'eval_recall': 0.13191699604743082, 'eval_f1': 0.1771144278606965, 'eval_runtime': 20.8545, 'eval_samples_per_second': 1064.084, 'eval_steps_per_second': 16.639, 'epoch': 2.44}
{'loss': 0.6566, 'learning_rate': 0.00018506623845845042, 'epoch': 2.45}
{'loss': 0.6251, 'learning_rate': 0.00018391925216493664, 'epoch': 2.45}
{'loss': 0.6333, 'learning_rate': 0.00018277226587142285, 'epoch': 2.45}
{'loss': 0.644, 'learning_rate': 0.00018162527957790907, 'epoch': 2.46}
{'loss': 0.6434, 'learning_rate': 0.00018047829328439525, 'epoch': 2.46}
{'loss': 0.6356, 'learning_rate': 0.00017933130699088147, 'epoch': 2.46}
{'loss': 0.6273, 'learning_rate': 0.00017818432069736768, 'epoch': 2.47}
{'loss': 0.6431, 'learning_rate': 0.0001770373344038539, 'epoch': 2.47}
{'loss': 0.6488, 'learning_rate': 0.00017589034811034009, 'epoch': 2.47}
{'loss': 0.6432, 'learning_rate': 0.0001747433618168263, 'epoch': 2.48}
{'loss': 0.6181, 'learning_rate': 0.00017359637552331252, 'epoch': 2.48}
{'loss': 0.6388, 'learning_rate': 0.00017244938922979873, 'epoch': 2.48}
{'loss': 0.6176, 'learning_rate': 0.00017130240293628492, 'epoch': 2.49}
{'eval_loss': 0.5268887877464294, 'eval_bce': 0.5207796009941965, 'eval_n_pos': 2024.0, 'eval_pos_rate': 0.09120814744716327, 'eval_auroc': 0.6495217992999561, 'eval_auprc': 0.19202286049383088, 'eval_mcc': 0.1360100818168419, 'eval_precision': 0.2850574712643678, 'eval_recall': 0.1225296442687747, 'eval_f1': 0.1713890808569454, 'eval_runtime': 20.8651, 'eval_samples_per_second': 1063.546, 'eval_steps_per_second': 16.631, 'epoch': 2.49}
{'loss': 0.6286, 'learning_rate': 0.00017015541664277113, 'epoch': 2.49}
{'loss': 0.6167, 'learning_rate': 0.00016900843034925735, 'epoch': 2.49}
{'loss': 0.6365, 'learning_rate': 0.00016786144405574356, 'epoch': 2.5}
{'loss': 0.6396, 'learning_rate': 0.00016671445776222975, 'epoch': 2.5}
{'loss': 0.6206, 'learning_rate': 0.00016556747146871597, 'epoch': 2.5}
{'loss': 0.6432, 'learning_rate': 0.00016442048517520218, 'epoch': 2.51}
{'loss': 0.6317, 'learning_rate': 0.00016327349888168834, 'epoch': 2.51}
{'loss': 0.6277, 'learning_rate': 0.00016212651258817456, 'epoch': 2.52}
{'loss': 0.6295, 'learning_rate': 0.00016097952629466077, 'epoch': 2.52}
{'loss': 0.6411, 'learning_rate': 0.00015983254000114699, 'epoch': 2.52}
{'loss': 0.6319, 'learning_rate': 0.00015868555370763317, 'epoch': 2.53}
{'loss': 0.6312, 'learning_rate': 0.0001575385674141194, 'epoch': 2.53}
{'eval_loss': 0.5294198393821716, 'eval_bce': 0.5234853021063205, 'eval_n_pos': 2024.0, 'eval_pos_rate': 0.09120814744716327, 'eval_auroc': 0.652006915673102, 'eval_auprc': 0.1933581893648976, 'eval_mcc': 0.13337324146965285, 'eval_precision': 0.27398720682302774, 'eval_recall': 0.12697628458498023, 'eval_f1': 0.17353139770425388, 'eval_runtime': 20.8872, 'eval_samples_per_second': 1062.421, 'eval_steps_per_second': 16.613, 'epoch': 2.53}
{'loss': 0.6443, 'learning_rate': 0.0001563915811206056, 'epoch': 2.53}
{'loss': 0.6393, 'learning_rate': 0.00015524459482709182, 'epoch': 2.54}
{'loss': 0.6478, 'learning_rate': 0.000154097608533578, 'epoch': 2.54}
{'loss': 0.6334, 'learning_rate': 0.00015295062224006422, 'epoch': 2.54}
{'loss': 0.6563, 'learning_rate': 0.00015180363594655044, 'epoch': 2.55}
{'loss': 0.6384, 'learning_rate': 0.00015065664965303665, 'epoch': 2.55}
{'loss': 0.6272, 'learning_rate': 0.00014950966335952284, 'epoch': 2.55}
{'loss': 0.6205, 'learning_rate': 0.00014836267706600905, 'epoch': 2.56}
{'loss': 0.6337, 'learning_rate': 0.00014721569077249527, 'epoch': 2.56}
{'loss': 0.6245, 'learning_rate': 0.00014606870447898148, 'epoch': 2.56}
{'loss': 0.6512, 'learning_rate': 0.00014492171818546767, 'epoch': 2.57}
{'loss': 0.6314, 'learning_rate': 0.00014377473189195389, 'epoch': 2.57}
{'loss': 0.6243, 'learning_rate': 0.0001426277455984401, 'epoch': 2.57}
{'eval_loss': 0.5318765640258789, 'eval_bce': 0.526043950366836, 'eval_n_pos': 2024.0, 'eval_pos_rate': 0.09120814744716327, 'eval_auroc': 0.6492389952003538, 'eval_auprc': 0.192827725525545, 'eval_mcc': 0.13544683746023325, 'eval_precision': 0.2754994742376446, 'eval_recall': 0.12944664031620554, 'eval_f1': 0.17613445378151263, 'eval_runtime': 20.8442, 'eval_samples_per_second': 1064.613, 'eval_steps_per_second': 16.647, 'epoch': 2.57}
{'loss': 0.6271, 'learning_rate': 0.00014148075930492631, 'epoch': 2.58}
{'loss': 0.6414, 'learning_rate': 0.0001403337730114125, 'epoch': 2.58}
{'loss': 0.6651, 'learning_rate': 0.00013918678671789872, 'epoch': 2.58}
{'loss': 0.6401, 'learning_rate': 0.00013803980042438493, 'epoch': 2.59}
{'loss': 0.6217, 'learning_rate': 0.00013689281413087115, 'epoch': 2.59}
{'loss': 0.6201, 'learning_rate': 0.00013574582783735734, 'epoch': 2.59}
{'loss': 0.6432, 'learning_rate': 0.00013459884154384355, 'epoch': 2.6}
{'loss': 0.6048, 'learning_rate': 0.00013345185525032976, 'epoch': 2.6}
{'loss': 0.6324, 'learning_rate': 0.00013230486895681598, 'epoch': 2.6}
{'loss': 0.6433, 'learning_rate': 0.00013115788266330217, 'epoch': 2.61}
{'loss': 0.6367, 'learning_rate': 0.00013001089636978838, 'epoch': 2.61}
{'loss': 0.6435, 'learning_rate': 0.0001288639100762746, 'epoch': 2.61}
{'eval_loss': 0.5306330919265747, 'eval_bce': 0.5248069671276059, 'eval_n_pos': 2024.0, 'eval_pos_rate': 0.09120814744716327, 'eval_auroc': 0.6492215029209657, 'eval_auprc': 0.19247440262020304, 'eval_mcc': 0.13356940114033697, 'eval_precision': 0.2749731471535983, 'eval_recall': 0.12648221343873517, 'eval_f1': 0.17326565143824027, 'eval_runtime': 20.8698, 'eval_samples_per_second': 1063.308, 'eval_steps_per_second': 16.627, 'epoch': 2.62}
{'loss': 0.6084, 'learning_rate': 0.00012771692378276079, 'epoch': 2.62}
{'loss': 0.6494, 'learning_rate': 0.000126569937489247, 'epoch': 2.62}
{'loss': 0.6443, 'learning_rate': 0.00012542295119573321, 'epoch': 2.62}
{'loss': 0.6151, 'learning_rate': 0.0001242759649022194, 'epoch': 2.63}
{'loss': 0.6313, 'learning_rate': 0.00012312897860870562, 'epoch': 2.63}
{'loss': 0.6308, 'learning_rate': 0.00012198199231519183, 'epoch': 2.64}
{'loss': 0.6515, 'learning_rate': 0.00012083500602167805, 'epoch': 2.64}
{'loss': 0.6215, 'learning_rate': 0.00011968801972816425, 'epoch': 2.64}
{'loss': 0.6365, 'learning_rate': 0.00011854103343465046, 'epoch': 2.65}
{'loss': 0.6354, 'learning_rate': 0.00011739404714113666, 'epoch': 2.65}
{'loss': 0.6308, 'learning_rate': 0.00011624706084762288, 'epoch': 2.65}
{'loss': 0.6708, 'learning_rate': 0.00011510007455410908, 'epoch': 2.66}
{'loss': 0.6214, 'learning_rate': 0.0001139530882605953, 'epoch': 2.66}
{'eval_loss': 0.5287032127380371, 'eval_bce': 0.522802334473667, 'eval_n_pos': 2024.0, 'eval_pos_rate': 0.09120814744716327, 'eval_auroc': 0.6494384659829553, 'eval_auprc': 0.19379451435221995, 'eval_mcc': 0.13952194951553068, 'eval_precision': 0.2871508379888268, 'eval_recall': 0.12697628458498023, 'eval_f1': 0.17608770126755738, 'eval_runtime': 20.8537, 'eval_samples_per_second': 1064.129, 'eval_steps_per_second': 16.64, 'epoch': 2.66}
{'loss': 0.6289, 'learning_rate': 0.0001128061019670815, 'epoch': 2.66}
{'loss': 0.6501, 'learning_rate': 0.00011165911567356771, 'epoch': 2.67}
{'loss': 0.65, 'learning_rate': 0.00011051212938005391, 'epoch': 2.67}
{'loss': 0.6267, 'learning_rate': 0.00010936514308654013, 'epoch': 2.67}
{'loss': 0.6649, 'learning_rate': 0.00010821815679302633, 'epoch': 2.68}
{'loss': 0.6287, 'learning_rate': 0.00010707117049951254, 'epoch': 2.68}
{'loss': 0.6464, 'learning_rate': 0.00010592418420599873, 'epoch': 2.68}
{'loss': 0.6332, 'learning_rate': 0.00010477719791248495, 'epoch': 2.69}
{'loss': 0.6319, 'learning_rate': 0.00010363021161897115, 'epoch': 2.69}
{'loss': 0.637, 'learning_rate': 0.00010248322532545736, 'epoch': 2.69}
{'loss': 0.6559, 'learning_rate': 0.00010133623903194356, 'epoch': 2.7}
{'loss': 0.6284, 'learning_rate': 0.00010018925273842978, 'epoch': 2.7}
{'eval_loss': 0.5277045369148254, 'eval_bce': 0.52169897637079, 'eval_n_pos': 2024.0, 'eval_pos_rate': 0.09120814744716327, 'eval_auroc': 0.6486567521864369, 'eval_auprc': 0.19447845891995882, 'eval_mcc': 0.14004242570892325, 'eval_precision': 0.2908045977011494, 'eval_recall': 0.125, 'eval_f1': 0.17484450587422254, 'eval_runtime': 20.831, 'eval_samples_per_second': 1065.287, 'eval_steps_per_second': 16.658, 'epoch': 2.7}
{'loss': 0.6532, 'learning_rate': 9.904226644491598e-05, 'epoch': 2.7}
{'loss': 0.6254, 'learning_rate': 9.78952801514022e-05, 'epoch': 2.71}
{'loss': 0.656, 'learning_rate': 9.67482938578884e-05, 'epoch': 2.71}
{'loss': 0.6265, 'learning_rate': 9.56013075643746e-05, 'epoch': 2.71}
{'loss': 0.6391, 'learning_rate': 9.445432127086081e-05, 'epoch': 2.72}
{'loss': 0.6262, 'learning_rate': 9.330733497734701e-05, 'epoch': 2.72}
{'loss': 0.6253, 'learning_rate': 9.216034868383323e-05, 'epoch': 2.72}
{'loss': 0.6355, 'learning_rate': 9.101336239031943e-05, 'epoch': 2.73}
{'loss': 0.6477, 'learning_rate': 8.986637609680565e-05, 'epoch': 2.73}
{'loss': 0.6155, 'learning_rate': 8.871938980329185e-05, 'epoch': 2.73}
{'loss': 0.6433, 'learning_rate': 8.757240350977806e-05, 'epoch': 2.74}
{'loss': 0.6554, 'learning_rate': 8.642541721626426e-05, 'epoch': 2.74}
{'loss': 0.6457, 'learning_rate': 8.527843092275048e-05, 'epoch': 2.74}
{'eval_loss': 0.5286235809326172, 'eval_bce': 0.5226415181966361, 'eval_n_pos': 2024.0, 'eval_pos_rate': 0.09120814744716327, 'eval_auroc': 0.6498203807495946, 'eval_auprc': 0.19504230209024478, 'eval_mcc': 0.13799485720568042, 'eval_precision': 0.28444444444444444, 'eval_recall': 0.12648221343873517, 'eval_f1': 0.17510259917920656, 'eval_runtime': 20.8445, 'eval_samples_per_second': 1064.596, 'eval_steps_per_second': 16.647, 'epoch': 2.74}
{'loss': 0.6357, 'learning_rate': 8.413144462923668e-05, 'epoch': 2.75}
{'loss': 0.6293, 'learning_rate': 8.29844583357229e-05, 'epoch': 2.75}
{'loss': 0.6272, 'learning_rate': 8.18374720422091e-05, 'epoch': 2.76}
{'loss': 0.6555, 'learning_rate': 8.069048574869531e-05, 'epoch': 2.76}
{'loss': 0.6337, 'learning_rate': 7.954349945518151e-05, 'epoch': 2.76}
{'loss': 0.6285, 'learning_rate': 7.839651316166773e-05, 'epoch': 2.77}
{'loss': 0.649, 'learning_rate': 7.724952686815393e-05, 'epoch': 2.77}
{'loss': 0.6455, 'learning_rate': 7.610254057464014e-05, 'epoch': 2.77}
{'loss': 0.6513, 'learning_rate': 7.495555428112634e-05, 'epoch': 2.78}
{'loss': 0.6204, 'learning_rate': 7.380856798761256e-05, 'epoch': 2.78}
{'loss': 0.628, 'learning_rate': 7.266158169409876e-05, 'epoch': 2.78}
{'loss': 0.6409, 'learning_rate': 7.151459540058498e-05, 'epoch': 2.79}
{'eval_loss': 0.5299010872840881, 'eval_bce': 0.5239899267527556, 'eval_n_pos': 2024.0, 'eval_pos_rate': 0.09120814744716327, 'eval_auroc': 0.6472445323642447, 'eval_auprc': 0.19269784833387943, 'eval_mcc': 0.13367443297560258, 'eval_precision': 0.2775330396475771, 'eval_recall': 0.12450592885375494, 'eval_f1': 0.17189631650750342, 'eval_runtime': 20.8468, 'eval_samples_per_second': 1064.481, 'eval_steps_per_second': 16.645, 'epoch': 2.79}
{'loss': 0.6321, 'learning_rate': 7.036760910707118e-05, 'epoch': 2.79}
{'loss': 0.6142, 'learning_rate': 6.922062281355739e-05, 'epoch': 2.79}
{'loss': 0.6561, 'learning_rate': 6.807363652004358e-05, 'epoch': 2.8}
{'loss': 0.634, 'learning_rate': 6.69266502265298e-05, 'epoch': 2.8}
{'loss': 0.6416, 'learning_rate': 6.5779663933016e-05, 'epoch': 2.8}
{'loss': 0.635, 'learning_rate': 6.463267763950221e-05, 'epoch': 2.81}
{'loss': 0.6274, 'learning_rate': 6.348569134598841e-05, 'epoch': 2.81}
{'loss': 0.6258, 'learning_rate': 6.233870505247463e-05, 'epoch': 2.81}
{'loss': 0.6226, 'learning_rate': 6.119171875896083e-05, 'epoch': 2.82}
{'loss': 0.6518, 'learning_rate': 6.004473246544704e-05, 'epoch': 2.82}
{'loss': 0.6361, 'learning_rate': 5.889774617193325e-05, 'epoch': 2.82}
{'loss': 0.6401, 'learning_rate': 5.775075987841945e-05, 'epoch': 2.83}
{'loss': 0.6251, 'learning_rate': 5.660377358490566e-05, 'epoch': 2.83}
{'eval_loss': 0.530052900314331, 'eval_bce': 0.5241078066721283, 'eval_n_pos': 2024.0, 'eval_pos_rate': 0.09120814744716327, 'eval_auroc': 0.6489090795415593, 'eval_auprc': 0.19355365757141144, 'eval_mcc': 0.13714654949678637, 'eval_precision': 0.2767950052029136, 'eval_recall': 0.13142292490118576, 'eval_f1': 0.17822445561139028, 'eval_runtime': 20.8585, 'eval_samples_per_second': 1063.885, 'eval_steps_per_second': 16.636, 'epoch': 2.83}
{'loss': 0.6291, 'learning_rate': 5.545678729139187e-05, 'epoch': 2.83}
{'loss': 0.6386, 'learning_rate': 5.4309800997878076e-05, 'epoch': 2.84}
{'loss': 0.6422, 'learning_rate': 5.3162814704364285e-05, 'epoch': 2.84}
{'loss': 0.6449, 'learning_rate': 5.201582841085049e-05, 'epoch': 2.84}
{'loss': 0.6373, 'learning_rate': 5.08688421173367e-05, 'epoch': 2.85}
{'loss': 0.6466, 'learning_rate': 4.972185582382291e-05, 'epoch': 2.85}
{'loss': 0.6353, 'learning_rate': 4.857486953030912e-05, 'epoch': 2.85}
{'loss': 0.6397, 'learning_rate': 4.7427883236795325e-05, 'epoch': 2.86}
{'loss': 0.6531, 'learning_rate': 4.628089694328153e-05, 'epoch': 2.86}
{'loss': 0.6493, 'learning_rate': 4.5133910649767735e-05, 'epoch': 2.86}
{'loss': 0.6329, 'learning_rate': 4.398692435625394e-05, 'epoch': 2.87}
{'loss': 0.6453, 'learning_rate': 4.283993806274015e-05, 'epoch': 2.87}
{'eval_loss': 0.5282387137413025, 'eval_bce': 0.5222046094527566, 'eval_n_pos': 2024.0, 'eval_pos_rate': 0.09120814744716327, 'eval_auroc': 0.6497960655012858, 'eval_auprc': 0.19441930893243686, 'eval_mcc': 0.13704813056172166, 'eval_precision': 0.2817982456140351, 'eval_recall': 0.12697628458498023, 'eval_f1': 0.17506811989100815, 'eval_runtime': 20.8413, 'eval_samples_per_second': 1064.759, 'eval_steps_per_second': 16.65, 'epoch': 2.87}
{'loss': 0.6509, 'learning_rate': 4.169295176922636e-05, 'epoch': 2.88}
{'loss': 0.6327, 'learning_rate': 4.054596547571257e-05, 'epoch': 2.88}
{'loss': 0.6308, 'learning_rate': 3.939897918219877e-05, 'epoch': 2.88}
{'loss': 0.6355, 'learning_rate': 3.8251992888684976e-05, 'epoch': 2.89}
{'loss': 0.6428, 'learning_rate': 3.7105006595171184e-05, 'epoch': 2.89}
{'loss': 0.6485, 'learning_rate': 3.595802030165739e-05, 'epoch': 2.89}
{'loss': 0.6498, 'learning_rate': 3.48110340081436e-05, 'epoch': 2.9}
{'loss': 0.6211, 'learning_rate': 3.366404771462981e-05, 'epoch': 2.9}
{'loss': 0.6336, 'learning_rate': 3.251706142111602e-05, 'epoch': 2.9}
{'loss': 0.627, 'learning_rate': 3.1370075127602225e-05, 'epoch': 2.91}
{'loss': 0.6264, 'learning_rate': 3.0223088834088433e-05, 'epoch': 2.91}
{'loss': 0.6327, 'learning_rate': 2.907610254057464e-05, 'epoch': 2.91}
{'loss': 0.6394, 'learning_rate': 2.792911624706085e-05, 'epoch': 2.92}
{'eval_loss': 0.5292014479637146, 'eval_bce': 0.5232260419249393, 'eval_n_pos': 2024.0, 'eval_pos_rate': 0.09120814744716327, 'eval_auroc': 0.6490104073672579, 'eval_auprc': 0.193573496321988, 'eval_mcc': 0.13633541405130445, 'eval_precision': 0.2790948275862069, 'eval_recall': 0.12796442687747037, 'eval_f1': 0.1754742547425474, 'eval_runtime': 20.8455, 'eval_samples_per_second': 1064.546, 'eval_steps_per_second': 16.646, 'epoch': 2.92}
{'loss': 0.6511, 'learning_rate': 2.6782129953547057e-05, 'epoch': 2.92}
{'loss': 0.6482, 'learning_rate': 2.5635143660033266e-05, 'epoch': 2.92}
{'loss': 0.6703, 'learning_rate': 2.448815736651947e-05, 'epoch': 2.93}
{'loss': 0.6399, 'learning_rate': 2.334117107300568e-05, 'epoch': 2.93}
{'loss': 0.636, 'learning_rate': 2.2194184779491886e-05, 'epoch': 2.93}
{'loss': 0.649, 'learning_rate': 2.1047198485978095e-05, 'epoch': 2.94}
{'loss': 0.6383, 'learning_rate': 1.99002121924643e-05, 'epoch': 2.94}
{'loss': 0.6218, 'learning_rate': 1.8753225898950507e-05, 'epoch': 2.94}
{'loss': 0.6392, 'learning_rate': 1.7606239605436715e-05, 'epoch': 2.95}
{'loss': 0.6444, 'learning_rate': 1.6459253311922924e-05, 'epoch': 2.95}
{'loss': 0.653, 'learning_rate': 1.5312267018409128e-05, 'epoch': 2.95}
{'loss': 0.6173, 'learning_rate': 1.4165280724895338e-05, 'epoch': 2.96}
{'eval_loss': 0.5285013318061829, 'eval_bce': 0.5225020506615908, 'eval_n_pos': 2024.0, 'eval_pos_rate': 0.09120814744716327, 'eval_auroc': 0.6487103437286798, 'eval_auprc': 0.19314760055936617, 'eval_mcc': 0.13397222900557032, 'eval_precision': 0.27699018538713194, 'eval_recall': 0.12549407114624506, 'eval_f1': 0.1727303638218293, 'eval_runtime': 20.8213, 'eval_samples_per_second': 1065.785, 'eval_steps_per_second': 16.666, 'epoch': 2.96}
{'loss': 0.6474, 'learning_rate': 1.3018294431381544e-05, 'epoch': 2.96}
{'loss': 0.6542, 'learning_rate': 1.1871308137867753e-05, 'epoch': 2.96}
{'loss': 0.637, 'learning_rate': 1.072432184435396e-05, 'epoch': 2.97}
{'loss': 0.6321, 'learning_rate': 9.577335550840169e-06, 'epoch': 2.97}
{'loss': 0.6341, 'learning_rate': 8.430349257326375e-06, 'epoch': 2.97}
{'loss': 0.6324, 'learning_rate': 7.2833629638125824e-06, 'epoch': 2.98}
{'loss': 0.6428, 'learning_rate': 6.1363766702987905e-06, 'epoch': 2.98}
{'loss': 0.6312, 'learning_rate': 4.989390376784997e-06, 'epoch': 2.99}
{'loss': 0.6467, 'learning_rate': 3.842404083271205e-06, 'epoch': 2.99}
{'loss': 0.6314, 'learning_rate': 2.6954177897574127e-06, 'epoch': 2.99}
{'loss': 0.6108, 'learning_rate': 1.5484314962436198e-06, 'epoch': 3.0}
{'loss': 0.6376, 'learning_rate': 4.014452027298274e-07, 'epoch': 3.0}
{'train_runtime': 2256.8024, 'train_samples_per_second': 247.917, 'train_steps_per_second': 7.749, 'train_loss': 0.6421330750223743, 'epoch': 3.0}
    dev AUROC = 0.652006915673102
--- Stage-2a s=50 -> /home/asm242/palmer_scratch/entexBERT-2_experiments/EN-TEx/experiments/stage2_ctcf_clf_full/runs/clf_2a_s50 ---
{'loss': 0.6778, 'learning_rate': 0.0004, 'epoch': 0.0}
{'loss': 0.6606, 'learning_rate': 0.0008, 'epoch': 0.01}
{'loss': 0.6417, 'learning_rate': 0.000999426506853243, 'epoch': 0.01}
{'loss': 0.68, 'learning_rate': 0.0009982795205597294, 'epoch': 0.01}
{'loss': 0.6659, 'learning_rate': 0.0009971325342662154, 'epoch': 0.02}
{'loss': 0.6405, 'learning_rate': 0.0009959855479727017, 'epoch': 0.02}
{'loss': 0.6482, 'learning_rate': 0.000994838561679188, 'epoch': 0.02}
{'loss': 0.6717, 'learning_rate': 0.000993691575385674, 'epoch': 0.03}
{'loss': 0.6757, 'learning_rate': 0.0009925445890921604, 'epoch': 0.03}
{'loss': 0.6769, 'learning_rate': 0.0009913976027986465, 'epoch': 0.03}
{'loss': 0.6402, 'learning_rate': 0.0009902506165051328, 'epoch': 0.04}
{'loss': 0.6748, 'learning_rate': 0.000989103630211619, 'epoch': 0.04}
{'eval_loss': 0.6861427426338196, 'eval_bce': 0.6853337828176644, 'eval_n_pos': 2024.0, 'eval_pos_rate': 0.09120814744716327, 'eval_auroc': 0.5991830493051008, 'eval_auprc': 0.17486364905015872, 'eval_mcc': 0.11262449218471317, 'eval_precision': 0.16129856850715746, 'eval_recall': 0.3117588932806324, 'eval_f1': 0.21260107816711588, 'eval_runtime': 20.6082, 'eval_samples_per_second': 1076.802, 'eval_steps_per_second': 16.838, 'epoch': 0.04}
{'loss': 0.6439, 'learning_rate': 0.0009879566439181052, 'epoch': 0.04}
{'loss': 0.6354, 'learning_rate': 0.0009868096576245915, 'epoch': 0.05}
{'loss': 0.6904, 'learning_rate': 0.0009856626713310775, 'epoch': 0.05}
{'loss': 0.651, 'learning_rate': 0.0009845156850375638, 'epoch': 0.05}
{'loss': 0.6594, 'learning_rate': 0.00098336869874405, 'epoch': 0.06}
{'loss': 0.6406, 'learning_rate': 0.0009822217124505362, 'epoch': 0.06}
{'loss': 0.6642, 'learning_rate': 0.0009810747261570225, 'epoch': 0.07}
{'loss': 0.6629, 'learning_rate': 0.0009799277398635088, 'epoch': 0.07}
{'loss': 0.6565, 'learning_rate': 0.0009787807535699949, 'epoch': 0.07}
{'loss': 0.6798, 'learning_rate': 0.000977633767276481, 'epoch': 0.08}
{'loss': 0.6522, 'learning_rate': 0.0009764867809829672, 'epoch': 0.08}
{'loss': 0.6733, 'learning_rate': 0.0009753397946894534, 'epoch': 0.08}
{'loss': 0.6392, 'learning_rate': 0.0009741928083959397, 'epoch': 0.09}
{'eval_loss': 0.6609585285186768, 'eval_bce': 0.6593098553199903, 'eval_n_pos': 2024.0, 'eval_pos_rate': 0.09120814744716327, 'eval_auroc': 0.5910057394275586, 'eval_auprc': 0.15767716369053014, 'eval_mcc': 0.10263250360200467, 'eval_precision': 0.170018281535649, 'eval_recall': 0.22974308300395258, 'eval_f1': 0.19541920571548646, 'eval_runtime': 20.752, 'eval_samples_per_second': 1069.342, 'eval_steps_per_second': 16.721, 'epoch': 0.09}
{'loss': 0.6558, 'learning_rate': 0.0009730458221024259, 'epoch': 0.09}
{'loss': 0.6404, 'learning_rate': 0.0009718988358089121, 'epoch': 0.09}
{'loss': 0.6513, 'learning_rate': 0.0009707518495153983, 'epoch': 0.1}
{'loss': 0.6548, 'learning_rate': 0.0009696048632218846, 'epoch': 0.1}
{'loss': 0.6604, 'learning_rate': 0.0009684578769283708, 'epoch': 0.1}
{'loss': 0.6394, 'learning_rate': 0.0009673108906348569, 'epoch': 0.11}
{'loss': 0.6681, 'learning_rate': 0.0009661639043413432, 'epoch': 0.11}
{'loss': 0.6292, 'learning_rate': 0.0009650169180478293, 'epoch': 0.11}
{'loss': 0.647, 'learning_rate': 0.0009638699317543156, 'epoch': 0.12}
{'loss': 0.6452, 'learning_rate': 0.0009627229454608017, 'epoch': 0.12}
{'loss': 0.6469, 'learning_rate': 0.000961575959167288, 'epoch': 0.12}
{'loss': 0.6558, 'learning_rate': 0.0009604289728737742, 'epoch': 0.13}
{'eval_loss': 0.641170859336853, 'eval_bce': 0.6382884020241473, 'eval_n_pos': 2024.0, 'eval_pos_rate': 0.09120814744716327, 'eval_auroc': 0.6002401562565228, 'eval_auprc': 0.17402900358797563, 'eval_mcc': 0.11638427645468345, 'eval_precision': 0.19163292847503374, 'eval_recall': 0.21047430830039526, 'eval_f1': 0.20061219684483161, 'eval_runtime': 20.7945, 'eval_samples_per_second': 1067.159, 'eval_steps_per_second': 16.687, 'epoch': 0.13}
{'loss': 0.639, 'learning_rate': 0.0009592819865802603, 'epoch': 0.13}
{'loss': 0.6669, 'learning_rate': 0.0009581350002867466, 'epoch': 0.13}
{'loss': 0.6619, 'learning_rate': 0.0009569880139932328, 'epoch': 0.14}
{'loss': 0.6452, 'learning_rate': 0.0009558410276997191, 'epoch': 0.14}
{'loss': 0.6547, 'learning_rate': 0.0009546940414062051, 'epoch': 0.14}
{'loss': 0.6516, 'learning_rate': 0.0009535470551126914, 'epoch': 0.15}
{'loss': 0.6535, 'learning_rate': 0.0009524000688191776, 'epoch': 0.15}
{'loss': 0.6477, 'learning_rate': 0.0009512530825256639, 'epoch': 0.15}
{'loss': 0.6503, 'learning_rate': 0.00095010609623215, 'epoch': 0.16}
{'loss': 0.653, 'learning_rate': 0.0009489591099386362, 'epoch': 0.16}
{'loss': 0.6562, 'learning_rate': 0.0009478121236451225, 'epoch': 0.16}
{'loss': 0.6433, 'learning_rate': 0.0009466651373516087, 'epoch': 0.17}
{'loss': 0.6546, 'learning_rate': 0.0009455181510580949, 'epoch': 0.17}
{'eval_loss': 0.6132937669754028, 'eval_bce': 0.6090126200853, 'eval_n_pos': 2024.0, 'eval_pos_rate': 0.09120814744716327, 'eval_auroc': 0.6066811491633792, 'eval_auprc': 0.1653610251340341, 'eval_mcc': 0.1187319024157618, 'eval_precision': 0.21794019933554817, 'eval_recall': 0.16205533596837945, 'eval_f1': 0.18588835364125816, 'eval_runtime': 20.8335, 'eval_samples_per_second': 1065.161, 'eval_steps_per_second': 16.656, 'epoch': 0.17}
{'loss': 0.6315, 'learning_rate': 0.000944371164764581, 'epoch': 0.17}
{'loss': 0.6684, 'learning_rate': 0.0009432241784710673, 'epoch': 0.18}
{'loss': 0.6515, 'learning_rate': 0.0009420771921775535, 'epoch': 0.18}
{'loss': 0.6536, 'learning_rate': 0.0009409302058840396, 'epoch': 0.19}
{'loss': 0.64, 'learning_rate': 0.0009397832195905259, 'epoch': 0.19}
{'loss': 0.6339, 'learning_rate': 0.0009386362332970121, 'epoch': 0.19}
{'loss': 0.6644, 'learning_rate': 0.0009374892470034984, 'epoch': 0.2}
{'loss': 0.6272, 'learning_rate': 0.0009363422607099845, 'epoch': 0.2}
{'loss': 0.6567, 'learning_rate': 0.0009351952744164708, 'epoch': 0.2}
{'loss': 0.6494, 'learning_rate': 0.000934048288122957, 'epoch': 0.21}
{'loss': 0.6272, 'learning_rate': 0.0009329013018294431, 'epoch': 0.21}
{'loss': 0.6575, 'learning_rate': 0.0009317543155359293, 'epoch': 0.21}
{'eval_loss': 0.6024326086044312, 'eval_bce': 0.5973842271064711, 'eval_n_pos': 2024.0, 'eval_pos_rate': 0.09120814744716327, 'eval_auroc': 0.6153969223583867, 'eval_auprc': 0.17152474672483992, 'eval_mcc': 0.12070491356237663, 'eval_precision': 0.22322670375521558, 'eval_recall': 0.15859683794466403, 'eval_f1': 0.18544194107452341, 'eval_runtime': 20.8407, 'eval_samples_per_second': 1064.794, 'eval_steps_per_second': 16.65, 'epoch': 0.21}
{'loss': 0.6626, 'learning_rate': 0.0009306073292424155, 'epoch': 0.22}
{'loss': 0.6443, 'learning_rate': 0.0009294603429489018, 'epoch': 0.22}
{'loss': 0.6472, 'learning_rate': 0.000928313356655388, 'epoch': 0.22}
{'loss': 0.6368, 'learning_rate': 0.0009271663703618742, 'epoch': 0.23}
{'loss': 0.643, 'learning_rate': 0.0009260193840683604, 'epoch': 0.23}
{'loss': 0.6549, 'learning_rate': 0.0009248723977748467, 'epoch': 0.23}
{'loss': 0.6525, 'learning_rate': 0.0009237254114813329, 'epoch': 0.24}
{'loss': 0.6317, 'learning_rate': 0.0009225784251878189, 'epoch': 0.24}
{'loss': 0.6519, 'learning_rate': 0.0009214314388943052, 'epoch': 0.24}
{'loss': 0.6629, 'learning_rate': 0.0009202844526007914, 'epoch': 0.25}
{'loss': 0.663, 'learning_rate': 0.0009191374663072777, 'epoch': 0.25}
{'loss': 0.6631, 'learning_rate': 0.0009179904800137638, 'epoch': 0.25}
{'loss': 0.6443, 'learning_rate': 0.0009168434937202501, 'epoch': 0.26}
{'eval_loss': 0.5885244011878967, 'eval_bce': 0.5821296372868019, 'eval_n_pos': 2024.0, 'eval_pos_rate': 0.09120814744716327, 'eval_auroc': 0.6263466972714593, 'eval_auprc': 0.17877555363288655, 'eval_mcc': 0.12393868024021196, 'eval_precision': 0.2340752110514198, 'eval_recall': 0.15069169960474307, 'eval_f1': 0.18334836188758638, 'eval_runtime': 20.8355, 'eval_samples_per_second': 1065.058, 'eval_steps_per_second': 16.654, 'epoch': 0.26}
{'loss': 0.6548, 'learning_rate': 0.0009156965074267363, 'epoch': 0.26}
{'loss': 0.6556, 'learning_rate': 0.0009145495211332225, 'epoch': 0.26}
{'loss': 0.6544, 'learning_rate': 0.0009134025348397087, 'epoch': 0.27}
{'loss': 0.6429, 'learning_rate': 0.0009122555485461948, 'epoch': 0.27}
{'loss': 0.6508, 'learning_rate': 0.0009111085622526811, 'epoch': 0.27}
{'loss': 0.6376, 'learning_rate': 0.0009099615759591673, 'epoch': 0.28}
{'loss': 0.6291, 'learning_rate': 0.0009088145896656535, 'epoch': 0.28}
{'loss': 0.6483, 'learning_rate': 0.0009076676033721397, 'epoch': 0.28}
{'loss': 0.6466, 'learning_rate': 0.0009065206170786259, 'epoch': 0.29}
{'loss': 0.6537, 'learning_rate': 0.0009053736307851122, 'epoch': 0.29}
{'loss': 0.6516, 'learning_rate': 0.0009042266444915983, 'epoch': 0.3}
{'loss': 0.6083, 'learning_rate': 0.0009030796581980846, 'epoch': 0.3}
{'eval_loss': 0.6035035848617554, 'eval_bce': 0.5983679331867648, 'eval_n_pos': 2024.0, 'eval_pos_rate': 0.09120814744716327, 'eval_auroc': 0.6188757790434065, 'eval_auprc': 0.16919202511694653, 'eval_mcc': 0.11897921600474697, 'eval_precision': 0.20594713656387664, 'eval_recall': 0.18478260869565216, 'eval_f1': 0.19479166666666667, 'eval_runtime': 20.8463, 'eval_samples_per_second': 1064.508, 'eval_steps_per_second': 16.646, 'epoch': 0.3}
{'loss': 0.6395, 'learning_rate': 0.0009019326719045708, 'epoch': 0.3}
{'loss': 0.6263, 'learning_rate': 0.000900785685611057, 'epoch': 0.31}
{'loss': 0.6511, 'learning_rate': 0.0008996386993175431, 'epoch': 0.31}
{'loss': 0.6618, 'learning_rate': 0.0008984917130240294, 'epoch': 0.31}
{'loss': 0.649, 'learning_rate': 0.0008973447267305156, 'epoch': 0.32}
{'loss': 0.64, 'learning_rate': 0.0008961977404370018, 'epoch': 0.32}
{'loss': 0.6516, 'learning_rate': 0.000895050754143488, 'epoch': 0.32}
{'loss': 0.6641, 'learning_rate': 0.0008939037678499742, 'epoch': 0.33}
{'loss': 0.6235, 'learning_rate': 0.0008927567815564605, 'epoch': 0.33}
{'loss': 0.638, 'learning_rate': 0.0008916097952629467, 'epoch': 0.33}
{'loss': 0.6403, 'learning_rate': 0.0008904628089694329, 'epoch': 0.34}
{'loss': 0.6334, 'learning_rate': 0.000889315822675919, 'epoch': 0.34}
{'loss': 0.6064, 'learning_rate': 0.0008881688363824052, 'epoch': 0.34}
{'eval_loss': 0.6075111031532288, 'eval_bce': 0.6022249402351931, 'eval_n_pos': 2024.0, 'eval_pos_rate': 0.09120814744716327, 'eval_auroc': 0.6224951374403181, 'eval_auprc': 0.16926779290865612, 'eval_mcc': 0.11961108638301181, 'eval_precision': 0.20110887096774194, 'eval_recall': 0.19713438735177866, 'eval_f1': 0.19910179640718562, 'eval_runtime': 20.8495, 'eval_samples_per_second': 1064.342, 'eval_steps_per_second': 16.643, 'epoch': 0.34}
{'loss': 0.6562, 'learning_rate': 0.0008870218500888915, 'epoch': 0.35}
{'loss': 0.6337, 'learning_rate': 0.0008858748637953776, 'epoch': 0.35}
{'loss': 0.6364, 'learning_rate': 0.0008847278775018639, 'epoch': 0.35}
{'loss': 0.6414, 'learning_rate': 0.0008835808912083501, 'epoch': 0.36}
{'loss': 0.6557, 'learning_rate': 0.0008824339049148363, 'epoch': 0.36}
{'loss': 0.6097, 'learning_rate': 0.0008812869186213225, 'epoch': 0.36}
{'loss': 0.6376, 'learning_rate': 0.0008801399323278086, 'epoch': 0.37}
{'loss': 0.6733, 'learning_rate': 0.0008789929460342949, 'epoch': 0.37}
{'loss': 0.6477, 'learning_rate': 0.000877845959740781, 'epoch': 0.37}
{'loss': 0.628, 'learning_rate': 0.0008766989734472673, 'epoch': 0.38}
{'loss': 0.6838, 'learning_rate': 0.0008755519871537535, 'epoch': 0.38}
{'loss': 0.6346, 'learning_rate': 0.0008744050008602398, 'epoch': 0.38}
{'eval_loss': 0.5834338665008545, 'eval_bce': 0.5768094338685255, 'eval_n_pos': 2024.0, 'eval_pos_rate': 0.09120814744716327, 'eval_auroc': 0.6243573547244148, 'eval_auprc': 0.1737080560322024, 'eval_mcc': 0.12113924545676928, 'eval_precision': 0.22424667133847231, 'eval_recall': 0.15810276679841898, 'eval_f1': 0.1854534917415242, 'eval_runtime': 20.8533, 'eval_samples_per_second': 1064.149, 'eval_steps_per_second': 16.64, 'epoch': 0.39}
{'loss': 0.6428, 'learning_rate': 0.0008732580145667259, 'epoch': 0.39}
{'loss': 0.6354, 'learning_rate': 0.0008721110282732122, 'epoch': 0.39}
{'loss': 0.6554, 'learning_rate': 0.0008709640419796984, 'epoch': 0.39}
{'loss': 0.6668, 'learning_rate': 0.0008698170556861846, 'epoch': 0.4}
{'loss': 0.6464, 'learning_rate': 0.0008686700693926707, 'epoch': 0.4}
{'loss': 0.6495, 'learning_rate': 0.0008675230830991569, 'epoch': 0.4}
{'loss': 0.6536, 'learning_rate': 0.0008663760968056432, 'epoch': 0.41}
{'loss': 0.6288, 'learning_rate': 0.0008652291105121294, 'epoch': 0.41}
{'loss': 0.6346, 'learning_rate': 0.0008640821242186156, 'epoch': 0.42}
{'loss': 0.6608, 'learning_rate': 0.0008629351379251018, 'epoch': 0.42}
{'loss': 0.6411, 'learning_rate': 0.000861788151631588, 'epoch': 0.42}
{'loss': 0.6656, 'learning_rate': 0.0008606411653380743, 'epoch': 0.43}
{'loss': 0.6617, 'learning_rate': 0.0008594941790445604, 'epoch': 0.43}
{'eval_loss': 0.5739147663116455, 'eval_bce': 0.5667363366850809, 'eval_n_pos': 2024.0, 'eval_pos_rate': 0.09120814744716327, 'eval_auroc': 0.6130629525086084, 'eval_auprc': 0.17011679868109036, 'eval_mcc': 0.11344229601389666, 'eval_precision': 0.2295221843003413, 'eval_recall': 0.13290513833992096, 'eval_f1': 0.16833541927409265, 'eval_runtime': 20.8363, 'eval_samples_per_second': 1065.017, 'eval_steps_per_second': 16.654, 'epoch': 0.43}
{'loss': 0.6598, 'learning_rate': 0.0008583471927510467, 'epoch': 0.43}
{'loss': 0.6407, 'learning_rate': 0.0008572002064575328, 'epoch': 0.44}
{'loss': 0.6522, 'learning_rate': 0.0008560532201640191, 'epoch': 0.44}
{'loss': 0.6281, 'learning_rate': 0.0008549062338705052, 'epoch': 0.44}
{'loss': 0.6644, 'learning_rate': 0.0008537592475769915, 'epoch': 0.45}
{'loss': 0.641, 'learning_rate': 0.0008526122612834777, 'epoch': 0.45}
{'loss': 0.6349, 'learning_rate': 0.0008514652749899639, 'epoch': 0.45}
{'loss': 0.6286, 'learning_rate': 0.0008503182886964501, 'epoch': 0.46}
{'loss': 0.671, 'learning_rate': 0.0008491713024029363, 'epoch': 0.46}
{'loss': 0.6525, 'learning_rate': 0.0008480243161094226, 'epoch': 0.46}
{'loss': 0.625, 'learning_rate': 0.0008468773298159087, 'epoch': 0.47}
{'loss': 0.6332, 'learning_rate': 0.0008457303435223949, 'epoch': 0.47}
{'eval_loss': 0.575989842414856, 'eval_bce': 0.568237305656399, 'eval_n_pos': 2024.0, 'eval_pos_rate': 0.09120814744716327, 'eval_auroc': 0.6270453104913889, 'eval_auprc': 0.17843526900045206, 'eval_mcc': 0.12518808976460447, 'eval_precision': 0.23967611336032388, 'eval_recall': 0.14624505928853754, 'eval_f1': 0.18165081313286285, 'eval_runtime': 20.835, 'eval_samples_per_second': 1065.084, 'eval_steps_per_second': 16.655, 'epoch': 0.47}
{'loss': 0.632, 'learning_rate': 0.0008445833572288811, 'epoch': 0.47}
{'loss': 0.6477, 'learning_rate': 0.0008434363709353673, 'epoch': 0.48}
{'loss': 0.6347, 'learning_rate': 0.0008422893846418536, 'epoch': 0.48}
{'loss': 0.6336, 'learning_rate': 0.0008411423983483397, 'epoch': 0.48}
{'loss': 0.6709, 'learning_rate': 0.000839995412054826, 'epoch': 0.49}
{'loss': 0.6434, 'learning_rate': 0.0008388484257613122, 'epoch': 0.49}
{'loss': 0.6344, 'learning_rate': 0.0008377014394677985, 'epoch': 0.49}
{'loss': 0.6475, 'learning_rate': 0.0008365544531742845, 'epoch': 0.5}
{'loss': 0.6377, 'learning_rate': 0.0008354074668807707, 'epoch': 0.5}
{'loss': 0.6434, 'learning_rate': 0.000834260480587257, 'epoch': 0.5}
{'loss': 0.6794, 'learning_rate': 0.0008331134942937432, 'epoch': 0.51}
{'loss': 0.6502, 'learning_rate': 0.0008319665080002294, 'epoch': 0.51}
{'loss': 0.6667, 'learning_rate': 0.0008308195217067156, 'epoch': 0.51}
{'eval_loss': 0.5741053819656372, 'eval_bce': 0.5663561303429273, 'eval_n_pos': 2024.0, 'eval_pos_rate': 0.09120814744716327, 'eval_auroc': 0.631228819397556, 'eval_auprc': 0.17768796028108336, 'eval_mcc': 0.1256612323595564, 'eval_precision': 0.24212271973466004, 'eval_recall': 0.1442687747035573, 'eval_f1': 0.18080495356037152, 'eval_runtime': 20.8341, 'eval_samples_per_second': 1065.127, 'eval_steps_per_second': 16.655, 'epoch': 0.51}
{'loss': 0.6524, 'learning_rate': 0.0008296725354132019, 'epoch': 0.52}
{'loss': 0.6157, 'learning_rate': 0.0008285255491196881, 'epoch': 0.52}
{'loss': 0.6395, 'learning_rate': 0.0008273785628261743, 'epoch': 0.52}
{'loss': 0.6557, 'learning_rate': 0.0008262315765326605, 'epoch': 0.53}
{'loss': 0.6501, 'learning_rate': 0.0008250845902391466, 'epoch': 0.53}
{'loss': 0.6398, 'learning_rate': 0.0008239376039456329, 'epoch': 0.54}
{'loss': 0.6343, 'learning_rate': 0.000822790617652119, 'epoch': 0.54}
{'loss': 0.6407, 'learning_rate': 0.0008216436313586053, 'epoch': 0.54}
{'loss': 0.6288, 'learning_rate': 0.0008204966450650915, 'epoch': 0.55}
{'loss': 0.6009, 'learning_rate': 0.0008193496587715778, 'epoch': 0.55}
{'loss': 0.6785, 'learning_rate': 0.0008182026724780639, 'epoch': 0.55}
{'loss': 0.6429, 'learning_rate': 0.0008170556861845501, 'epoch': 0.56}
{'eval_loss': 0.5815923810005188, 'eval_bce': 0.5750527938410633, 'eval_n_pos': 2024.0, 'eval_pos_rate': 0.09120814744716327, 'eval_auroc': 0.6218978642955825, 'eval_auprc': 0.17010394076332347, 'eval_mcc': 0.11045875023630827, 'eval_precision': 0.2122905027932961, 'eval_recall': 0.15019762845849802, 'eval_f1': 0.1759259259259259, 'eval_runtime': 20.8439, 'eval_samples_per_second': 1064.627, 'eval_steps_per_second': 16.648, 'epoch': 0.56}
{'loss': 0.6481, 'learning_rate': 0.0008159086998910364, 'epoch': 0.56}
{'loss': 0.6358, 'learning_rate': 0.0008147617135975225, 'epoch': 0.56}
{'loss': 0.644, 'learning_rate': 0.0008136147273040087, 'epoch': 0.57}
{'loss': 0.6429, 'learning_rate': 0.0008124677410104949, 'epoch': 0.57}
{'loss': 0.6483, 'learning_rate': 0.0008113207547169812, 'epoch': 0.57}
{'loss': 0.6445, 'learning_rate': 0.0008101737684234673, 'epoch': 0.58}
{'loss': 0.652, 'learning_rate': 0.0008090267821299535, 'epoch': 0.58}
{'loss': 0.6233, 'learning_rate': 0.0008078797958364398, 'epoch': 0.58}
{'loss': 0.6469, 'learning_rate': 0.000806732809542926, 'epoch': 0.59}
{'loss': 0.642, 'learning_rate': 0.0008055858232494122, 'epoch': 0.59}
{'loss': 0.6632, 'learning_rate': 0.0008044388369558983, 'epoch': 0.59}
{'loss': 0.6451, 'learning_rate': 0.0008032918506623846, 'epoch': 0.6}
{'loss': 0.6571, 'learning_rate': 0.0008021448643688708, 'epoch': 0.6}
{'eval_loss': 0.5832875370979309, 'eval_bce': 0.5767806959258176, 'eval_n_pos': 2024.0, 'eval_pos_rate': 0.09120814744716327, 'eval_auroc': 0.6252473050620209, 'eval_auprc': 0.17378508920324998, 'eval_mcc': 0.11789004825134515, 'eval_precision': 0.21845318860244234, 'eval_recall': 0.1590909090909091, 'eval_f1': 0.18410520297312752, 'eval_runtime': 20.8426, 'eval_samples_per_second': 1064.694, 'eval_steps_per_second': 16.649, 'epoch': 0.6}
{'loss': 0.6596, 'learning_rate': 0.000800997878075357, 'epoch': 0.6}
{'loss': 0.6264, 'learning_rate': 0.0007998508917818432, 'epoch': 0.61}
{'loss': 0.6352, 'learning_rate': 0.0007987039054883294, 'epoch': 0.61}
{'loss': 0.6276, 'learning_rate': 0.0007975569191948157, 'epoch': 0.61}
{'loss': 0.6386, 'learning_rate': 0.0007964099329013018, 'epoch': 0.62}
{'loss': 0.6497, 'learning_rate': 0.0007952629466077881, 'epoch': 0.62}
{'loss': 0.6521, 'learning_rate': 0.0007941159603142742, 'epoch': 0.62}
{'loss': 0.6469, 'learning_rate': 0.0007929689740207605, 'epoch': 0.63}
{'loss': 0.6304, 'learning_rate': 0.0007918219877272466, 'epoch': 0.63}
{'loss': 0.6597, 'learning_rate': 0.0007906750014337328, 'epoch': 0.63}
{'loss': 0.6436, 'learning_rate': 0.0007895280151402191, 'epoch': 0.64}
{'loss': 0.6457, 'learning_rate': 0.0007883810288467053, 'epoch': 0.64}
{'eval_loss': 0.5814905166625977, 'eval_bce': 0.5741720431811211, 'eval_n_pos': 2024.0, 'eval_pos_rate': 0.09120814744716327, 'eval_auroc': 0.6372906291752405, 'eval_auprc': 0.1809163833827174, 'eval_mcc': 0.12977098632458123, 'eval_precision': 0.23356643356643356, 'eval_recall': 0.1650197628458498, 'eval_f1': 0.19339895773016794, 'eval_runtime': 20.8755, 'eval_samples_per_second': 1063.016, 'eval_steps_per_second': 16.622, 'epoch': 0.64}
{'loss': 0.6292, 'learning_rate': 0.0007872340425531915, 'epoch': 0.65}
{'loss': 0.6223, 'learning_rate': 0.0007860870562596777, 'epoch': 0.65}
{'loss': 0.6461, 'learning_rate': 0.000784940069966164, 'epoch': 0.65}
{'loss': 0.6219, 'learning_rate': 0.0007837930836726502, 'epoch': 0.66}
{'loss': 0.6359, 'learning_rate': 0.0007826460973791363, 'epoch': 0.66}
{'loss': 0.6078, 'learning_rate': 0.0007814991110856225, 'epoch': 0.66}
{'loss': 0.6488, 'learning_rate': 0.0007803521247921087, 'epoch': 0.67}
{'loss': 0.6384, 'learning_rate': 0.000779205138498595, 'epoch': 0.67}
{'loss': 0.6396, 'learning_rate': 0.0007780581522050811, 'epoch': 0.67}
{'loss': 0.6612, 'learning_rate': 0.0007769111659115674, 'epoch': 0.68}
{'loss': 0.6313, 'learning_rate': 0.0007757641796180536, 'epoch': 0.68}
{'loss': 0.6502, 'learning_rate': 0.0007746171933245399, 'epoch': 0.68}
{'loss': 0.6393, 'learning_rate': 0.000773470207031026, 'epoch': 0.69}
{'eval_loss': 0.5799767374992371, 'eval_bce': 0.5731804900678829, 'eval_n_pos': 2024.0, 'eval_pos_rate': 0.09120814744716327, 'eval_auroc': 0.6300765093681201, 'eval_auprc': 0.17743182170648025, 'eval_mcc': 0.11964400043652525, 'eval_precision': 0.22446043165467625, 'eval_recall': 0.1541501976284585, 'eval_f1': 0.1827768014059754, 'eval_runtime': 20.8215, 'eval_samples_per_second': 1065.775, 'eval_steps_per_second': 16.665, 'epoch': 0.69}
{'loss': 0.6459, 'learning_rate': 0.0007723232207375121, 'epoch': 0.69}
{'loss': 0.6359, 'learning_rate': 0.0007711762344439984, 'epoch': 0.69}
{'loss': 0.6116, 'learning_rate': 0.0007700292481504846, 'epoch': 0.7}
{'loss': 0.6157, 'learning_rate': 0.0007688822618569708, 'epoch': 0.7}
{'loss': 0.6355, 'learning_rate': 0.000767735275563457, 'epoch': 0.7}
{'loss': 0.6264, 'learning_rate': 0.0007665882892699433, 'epoch': 0.71}
{'loss': 0.6539, 'learning_rate': 0.0007654413029764295, 'epoch': 0.71}
{'loss': 0.6356, 'learning_rate': 0.0007642943166829156, 'epoch': 0.71}
{'loss': 0.6805, 'learning_rate': 0.0007631473303894019, 'epoch': 0.72}
{'loss': 0.6615, 'learning_rate': 0.000762000344095888, 'epoch': 0.72}
{'loss': 0.6524, 'learning_rate': 0.0007608533578023743, 'epoch': 0.72}
{'loss': 0.6301, 'learning_rate': 0.0007597063715088604, 'epoch': 0.73}
{'eval_loss': 0.5863142013549805, 'eval_bce': 0.5799553627600204, 'eval_n_pos': 2024.0, 'eval_pos_rate': 0.09120814744716327, 'eval_auroc': 0.6291009840558607, 'eval_auprc': 0.17307026794026498, 'eval_mcc': 0.12372470548171256, 'eval_precision': 0.22266139657444006, 'eval_recall': 0.16699604743083005, 'eval_f1': 0.1908526256352343, 'eval_runtime': 20.8206, 'eval_samples_per_second': 1065.821, 'eval_steps_per_second': 16.666, 'epoch': 0.73}
{'loss': 0.6444, 'learning_rate': 0.0007585593852153467, 'epoch': 0.73}
{'loss': 0.6463, 'learning_rate': 0.0007574123989218329, 'epoch': 0.73}
{'loss': 0.6343, 'learning_rate': 0.0007562654126283192, 'epoch': 0.74}
{'loss': 0.6151, 'learning_rate': 0.0007551184263348053, 'epoch': 0.74}
{'loss': 0.6505, 'learning_rate': 0.0007539714400412915, 'epoch': 0.74}
{'loss': 0.6601, 'learning_rate': 0.0007528244537477778, 'epoch': 0.75}
{'loss': 0.6305, 'learning_rate': 0.000751677467454264, 'epoch': 0.75}
{'loss': 0.6337, 'learning_rate': 0.0007505304811607501, 'epoch': 0.75}
{'loss': 0.6583, 'learning_rate': 0.0007493834948672363, 'epoch': 0.76}
{'loss': 0.6221, 'learning_rate': 0.0007482365085737226, 'epoch': 0.76}
{'loss': 0.6426, 'learning_rate': 0.0007470895222802088, 'epoch': 0.77}
{'loss': 0.6193, 'learning_rate': 0.0007459425359866949, 'epoch': 0.77}
{'loss': 0.6567, 'learning_rate': 0.0007447955496931812, 'epoch': 0.77}
{'eval_loss': 0.5723956823348999, 'eval_bce': 0.5648707799561689, 'eval_n_pos': 2024.0, 'eval_pos_rate': 0.09120814744716327, 'eval_auroc': 0.6394850160252797, 'eval_auprc': 0.18017609054981032, 'eval_mcc': 0.11977675501423389, 'eval_precision': 0.23524522028262676, 'eval_recall': 0.13982213438735178, 'eval_f1': 0.1753951038115897, 'eval_runtime': 20.8338, 'eval_samples_per_second': 1065.146, 'eval_steps_per_second': 16.656, 'epoch': 0.77}
{'loss': 0.6512, 'learning_rate': 0.0007436485633996674, 'epoch': 0.78}
{'loss': 0.647, 'learning_rate': 0.0007425015771061537, 'epoch': 0.78}
{'loss': 0.6208, 'learning_rate': 0.0007413545908126398, 'epoch': 0.78}
{'loss': 0.6103, 'learning_rate': 0.000740207604519126, 'epoch': 0.79}
{'loss': 0.6182, 'learning_rate': 0.0007390606182256122, 'epoch': 0.79}
{'loss': 0.6547, 'learning_rate': 0.0007379136319320984, 'epoch': 0.79}
{'loss': 0.6317, 'learning_rate': 0.0007367666456385846, 'epoch': 0.8}
{'loss': 0.6382, 'learning_rate': 0.0007356196593450708, 'epoch': 0.8}
{'loss': 0.6305, 'learning_rate': 0.0007344726730515571, 'epoch': 0.8}
{'loss': 0.6203, 'learning_rate': 0.0007333256867580432, 'epoch': 0.81}
{'loss': 0.6292, 'learning_rate': 0.0007321787004645295, 'epoch': 0.81}
{'loss': 0.6451, 'learning_rate': 0.0007310317141710157, 'epoch': 0.81}
{'eval_loss': 0.5736889839172363, 'eval_bce': 0.565591082271537, 'eval_n_pos': 2024.0, 'eval_pos_rate': 0.09120814744716327, 'eval_auroc': 0.6420455525414175, 'eval_auprc': 0.18943830969904663, 'eval_mcc': 0.13400189075021035, 'eval_precision': 0.2468847352024922, 'eval_recall': 0.1566205533596838, 'eval_f1': 0.1916565900846433, 'eval_runtime': 20.8289, 'eval_samples_per_second': 1065.394, 'eval_steps_per_second': 16.66, 'epoch': 0.81}
{'loss': 0.6535, 'learning_rate': 0.000729884727877502, 'epoch': 0.82}
{'loss': 0.6409, 'learning_rate': 0.000728737741583988, 'epoch': 0.82}
{'loss': 0.6451, 'learning_rate': 0.0007275907552904742, 'epoch': 0.82}
{'loss': 0.6291, 'learning_rate': 0.0007264437689969605, 'epoch': 0.83}
{'loss': 0.6372, 'learning_rate': 0.0007252967827034467, 'epoch': 0.83}
{'loss': 0.647, 'learning_rate': 0.0007241497964099329, 'epoch': 0.83}
{'loss': 0.6336, 'learning_rate': 0.0007230028101164191, 'epoch': 0.84}
{'loss': 0.611, 'learning_rate': 0.0007218558238229054, 'epoch': 0.84}
{'loss': 0.6105, 'learning_rate': 0.0007207088375293916, 'epoch': 0.84}
{'loss': 0.6253, 'learning_rate': 0.0007195618512358776, 'epoch': 0.85}
{'loss': 0.6473, 'learning_rate': 0.0007184148649423639, 'epoch': 0.85}
{'loss': 0.6241, 'learning_rate': 0.0007172678786488501, 'epoch': 0.85}
{'loss': 0.6268, 'learning_rate': 0.0007161208923553364, 'epoch': 0.86}
{'eval_loss': 0.5811227560043335, 'eval_bce': 0.5743083725639552, 'eval_n_pos': 2024.0, 'eval_pos_rate': 0.09120814744716327, 'eval_auroc': 0.6393365398919026, 'eval_auprc': 0.18118035272747152, 'eval_mcc': 0.13108956678482003, 'eval_precision': 0.2327001356852103, 'eval_recall': 0.16946640316205533, 'eval_f1': 0.19611206403659234, 'eval_runtime': 20.8335, 'eval_samples_per_second': 1065.158, 'eval_steps_per_second': 16.656, 'epoch': 0.86}
{'loss': 0.6598, 'learning_rate': 0.0007149739060618225, 'epoch': 0.86}
{'loss': 0.6399, 'learning_rate': 0.0007138269197683088, 'epoch': 0.86}
{'loss': 0.6445, 'learning_rate': 0.000712679933474795, 'epoch': 0.87}
{'loss': 0.6411, 'learning_rate': 0.0007115329471812813, 'epoch': 0.87}
{'loss': 0.6373, 'learning_rate': 0.0007103859608877674, 'epoch': 0.87}
{'loss': 0.6572, 'learning_rate': 0.0007092389745942536, 'epoch': 0.88}
{'loss': 0.6438, 'learning_rate': 0.0007080919883007399, 'epoch': 0.88}
{'loss': 0.6275, 'learning_rate': 0.000706945002007226, 'epoch': 0.89}
{'loss': 0.607, 'learning_rate': 0.0007057980157137122, 'epoch': 0.89}
{'loss': 0.668, 'learning_rate': 0.0007046510294201984, 'epoch': 0.89}
{'loss': 0.6568, 'learning_rate': 0.0007035040431266847, 'epoch': 0.9}
{'loss': 0.6508, 'learning_rate': 0.0007023570568331709, 'epoch': 0.9}
{'eval_loss': 0.5697576999664307, 'eval_bce': 0.5616672585449086, 'eval_n_pos': 2024.0, 'eval_pos_rate': 0.09120814744716327, 'eval_auroc': 0.6425824234244847, 'eval_auprc': 0.18573386798921088, 'eval_mcc': 0.12154665820068582, 'eval_precision': 0.2367986798679868, 'eval_recall': 0.141798418972332, 'eval_f1': 0.17737948084054386, 'eval_runtime': 20.8172, 'eval_samples_per_second': 1065.995, 'eval_steps_per_second': 16.669, 'epoch': 0.9}
{'loss': 0.6481, 'learning_rate': 0.000701210070539657, 'epoch': 0.9}
{'loss': 0.6324, 'learning_rate': 0.0007000630842461433, 'epoch': 0.91}
{'loss': 0.6685, 'learning_rate': 0.0006989160979526295, 'epoch': 0.91}
{'loss': 0.6443, 'learning_rate': 0.0006977691116591158, 'epoch': 0.91}
{'loss': 0.6307, 'learning_rate': 0.0006966221253656018, 'epoch': 0.92}
{'loss': 0.6482, 'learning_rate': 0.0006954751390720881, 'epoch': 0.92}
{'loss': 0.623, 'learning_rate': 0.0006943281527785743, 'epoch': 0.92}
{'loss': 0.6483, 'learning_rate': 0.0006931811664850605, 'epoch': 0.93}
{'loss': 0.6571, 'learning_rate': 0.0006920341801915467, 'epoch': 0.93}
{'loss': 0.6415, 'learning_rate': 0.0006908871938980329, 'epoch': 0.93}
{'loss': 0.6306, 'learning_rate': 0.0006897402076045192, 'epoch': 0.94}
{'loss': 0.6387, 'learning_rate': 0.0006885932213110054, 'epoch': 0.94}
{'loss': 0.6648, 'learning_rate': 0.0006874462350174916, 'epoch': 0.94}
{'eval_loss': 0.5789788961410522, 'eval_bce': 0.5716679303194249, 'eval_n_pos': 2024.0, 'eval_pos_rate': 0.09120814744716327, 'eval_auroc': 0.6373299378058823, 'eval_auprc': 0.17701419544699493, 'eval_mcc': 0.11754179633646948, 'eval_precision': 0.2230320699708455, 'eval_recall': 0.15118577075098813, 'eval_f1': 0.1802120141342756, 'eval_runtime': 20.8413, 'eval_samples_per_second': 1064.758, 'eval_steps_per_second': 16.65, 'epoch': 0.94}
{'loss': 0.6449, 'learning_rate': 0.0006862992487239777, 'epoch': 0.95}
{'loss': 0.6433, 'learning_rate': 0.000685152262430464, 'epoch': 0.95}
{'loss': 0.6295, 'learning_rate': 0.0006840052761369502, 'epoch': 0.95}
{'loss': 0.6477, 'learning_rate': 0.0006828582898434363, 'epoch': 0.96}
{'loss': 0.6389, 'learning_rate': 0.0006817113035499226, 'epoch': 0.96}
{'loss': 0.6252, 'learning_rate': 0.0006805643172564088, 'epoch': 0.96}
{'loss': 0.6618, 'learning_rate': 0.0006794173309628951, 'epoch': 0.97}
{'loss': 0.6311, 'learning_rate': 0.0006782703446693812, 'epoch': 0.97}
{'loss': 0.6247, 'learning_rate': 0.0006771233583758675, 'epoch': 0.97}
{'loss': 0.6177, 'learning_rate': 0.0006759763720823537, 'epoch': 0.98}
{'loss': 0.6548, 'learning_rate': 0.0006748293857888398, 'epoch': 0.98}
{'loss': 0.6359, 'learning_rate': 0.000673682399495326, 'epoch': 0.98}
{'eval_loss': 0.5703434944152832, 'eval_bce': 0.562216272286569, 'eval_n_pos': 2024.0, 'eval_pos_rate': 0.09120814744716327, 'eval_auroc': 0.6381404256670242, 'eval_auprc': 0.18547827552172175, 'eval_mcc': 0.12978906448092797, 'eval_precision': 0.24790619765494137, 'eval_recall': 0.14624505928853754, 'eval_f1': 0.18396519577377252, 'eval_runtime': 20.8307, 'eval_samples_per_second': 1065.301, 'eval_steps_per_second': 16.658, 'epoch': 0.99}
{'loss': 0.6506, 'learning_rate': 0.0006725354132018122, 'epoch': 0.99}
{'loss': 0.6598, 'learning_rate': 0.0006713884269082985, 'epoch': 0.99}
{'loss': 0.6508, 'learning_rate': 0.0006702414406147847, 'epoch': 1.0}
{'loss': 0.6287, 'learning_rate': 0.0006690944543212709, 'epoch': 1.0}
{'loss': 0.6298, 'learning_rate': 0.0006679474680277571, 'epoch': 1.0}
{'loss': 0.6258, 'learning_rate': 0.0006668004817342433, 'epoch': 1.01}
{'loss': 0.6294, 'learning_rate': 0.0006656534954407296, 'epoch': 1.01}
{'loss': 0.6597, 'learning_rate': 0.0006645065091472156, 'epoch': 1.01}
{'loss': 0.6389, 'learning_rate': 0.0006633595228537019, 'epoch': 1.02}
{'loss': 0.6471, 'learning_rate': 0.0006622125365601881, 'epoch': 1.02}
{'loss': 0.6459, 'learning_rate': 0.0006610655502666744, 'epoch': 1.02}
{'loss': 0.6441, 'learning_rate': 0.0006599185639731605, 'epoch': 1.03}
{'loss': 0.6119, 'learning_rate': 0.0006587715776796468, 'epoch': 1.03}
{'eval_loss': 0.5791343450546265, 'eval_bce': 0.5714909678052157, 'eval_n_pos': 2024.0, 'eval_pos_rate': 0.09120814744716327, 'eval_auroc': 0.6365944658543845, 'eval_auprc': 0.1853590049612569, 'eval_mcc': 0.1303813778195617, 'eval_precision': 0.23806024981631155, 'eval_recall': 0.1600790513833992, 'eval_f1': 0.1914327917282127, 'eval_runtime': 20.8648, 'eval_samples_per_second': 1063.56, 'eval_steps_per_second': 16.631, 'epoch': 1.03}
{'loss': 0.6244, 'learning_rate': 0.000657624591386133, 'epoch': 1.03}
{'loss': 0.6223, 'learning_rate': 0.0006564776050926191, 'epoch': 1.04}
{'loss': 0.681, 'learning_rate': 0.0006553306187991054, 'epoch': 1.04}
{'loss': 0.6348, 'learning_rate': 0.0006541836325055915, 'epoch': 1.04}
{'loss': 0.6335, 'learning_rate': 0.0006530366462120778, 'epoch': 1.05}
{'loss': 0.6341, 'learning_rate': 0.0006518896599185639, 'epoch': 1.05}
{'loss': 0.6396, 'learning_rate': 0.0006507426736250502, 'epoch': 1.05}
{'loss': 0.627, 'learning_rate': 0.0006495956873315364, 'epoch': 1.06}
{'loss': 0.6237, 'learning_rate': 0.0006484487010380226, 'epoch': 1.06}
{'loss': 0.648, 'learning_rate': 0.0006473017147445088, 'epoch': 1.06}
{'loss': 0.6554, 'learning_rate': 0.000646154728450995, 'epoch': 1.07}
{'loss': 0.6264, 'learning_rate': 0.0006450077421574813, 'epoch': 1.07}
{'eval_loss': 0.5695540904998779, 'eval_bce': 0.5609435029033596, 'eval_n_pos': 2024.0, 'eval_pos_rate': 0.09120814744716327, 'eval_auroc': 0.6495212970706458, 'eval_auprc': 0.19191379464854796, 'eval_mcc': 0.13941675980187035, 'eval_precision': 0.2603550295857988, 'eval_recall': 0.15217391304347827, 'eval_f1': 0.1920798253819769, 'eval_runtime': 22.3523, 'eval_samples_per_second': 992.782, 'eval_steps_per_second': 15.524, 'epoch': 1.07}
{'loss': 0.6365, 'learning_rate': 0.0006438607558639675, 'epoch': 1.07}
{'loss': 0.6362, 'learning_rate': 0.0006427137695704536, 'epoch': 1.08}
{'loss': 0.6651, 'learning_rate': 0.0006415667832769398, 'epoch': 1.08}
{'loss': 0.6167, 'learning_rate': 0.000640419796983426, 'epoch': 1.08}
{'loss': 0.6489, 'learning_rate': 0.0006392728106899123, 'epoch': 1.09}
{'loss': 0.6485, 'learning_rate': 0.0006381258243963984, 'epoch': 1.09}
{'loss': 0.6462, 'learning_rate': 0.0006369788381028847, 'epoch': 1.09}
{'loss': 0.6171, 'learning_rate': 0.0006358318518093709, 'epoch': 1.1}
{'loss': 0.6405, 'learning_rate': 0.0006346848655158572, 'epoch': 1.1}
{'loss': 0.6474, 'learning_rate': 0.0006335378792223432, 'epoch': 1.1}
{'loss': 0.6436, 'learning_rate': 0.0006323908929288295, 'epoch': 1.11}
{'loss': 0.6584, 'learning_rate': 0.0006312439066353157, 'epoch': 1.11}
{'loss': 0.6431, 'learning_rate': 0.0006300969203418019, 'epoch': 1.12}
{'eval_loss': 0.5735151767730713, 'eval_bce': 0.5656538217394333, 'eval_n_pos': 2024.0, 'eval_pos_rate': 0.09120814744716327, 'eval_auroc': 0.643877415575988, 'eval_auprc': 0.18701293510417044, 'eval_mcc': 0.13543798659601441, 'eval_precision': 0.24980237154150198, 'eval_recall': 0.15612648221343872, 'eval_f1': 0.19215567041653997, 'eval_runtime': 20.8612, 'eval_samples_per_second': 1063.744, 'eval_steps_per_second': 16.634, 'epoch': 1.12}
{'loss': 0.6612, 'learning_rate': 0.0006289499340482881, 'epoch': 1.12}
{'loss': 0.6325, 'learning_rate': 0.0006278029477547743, 'epoch': 1.12}
{'loss': 0.6195, 'learning_rate': 0.0006266559614612606, 'epoch': 1.13}
{'loss': 0.6332, 'learning_rate': 0.0006255089751677468, 'epoch': 1.13}
{'loss': 0.6455, 'learning_rate': 0.000624361988874233, 'epoch': 1.13}
{'loss': 0.6261, 'learning_rate': 0.0006232150025807192, 'epoch': 1.14}
{'loss': 0.6466, 'learning_rate': 0.0006220680162872053, 'epoch': 1.14}
{'loss': 0.6403, 'learning_rate': 0.0006209210299936916, 'epoch': 1.14}
{'loss': 0.6224, 'learning_rate': 0.0006197740437001777, 'epoch': 1.15}
{'loss': 0.6225, 'learning_rate': 0.000618627057406664, 'epoch': 1.15}
{'loss': 0.6496, 'learning_rate': 0.0006174800711131502, 'epoch': 1.15}
{'loss': 0.6607, 'learning_rate': 0.0006163330848196365, 'epoch': 1.16}
{'eval_loss': 0.5665584206581116, 'eval_bce': 0.5583852362473587, 'eval_n_pos': 2024.0, 'eval_pos_rate': 0.09120814744716327, 'eval_auroc': 0.645327461839882, 'eval_auprc': 0.1839685226169651, 'eval_mcc': 0.12776802249003405, 'eval_precision': 0.2529789184234647, 'eval_recall': 0.13636363636363635, 'eval_f1': 0.177207062600321, 'eval_runtime': 20.8531, 'eval_samples_per_second': 1064.157, 'eval_steps_per_second': 16.64, 'epoch': 1.16}
{'loss': 0.6523, 'learning_rate': 0.0006151860985261226, 'epoch': 1.16}
{'loss': 0.6373, 'learning_rate': 0.0006140391122326089, 'epoch': 1.16}
{'loss': 0.6312, 'learning_rate': 0.0006128921259390951, 'epoch': 1.17}
{'loss': 0.6482, 'learning_rate': 0.0006117451396455813, 'epoch': 1.17}
{'loss': 0.6175, 'learning_rate': 0.0006105981533520674, 'epoch': 1.17}
{'loss': 0.6259, 'learning_rate': 0.0006094511670585536, 'epoch': 1.18}
{'loss': 0.6419, 'learning_rate': 0.0006083041807650399, 'epoch': 1.18}
{'loss': 0.6455, 'learning_rate': 0.0006071571944715261, 'epoch': 1.18}
{'loss': 0.6313, 'learning_rate': 0.0006060102081780123, 'epoch': 1.19}
{'loss': 0.6357, 'learning_rate': 0.0006048632218844985, 'epoch': 1.19}
{'loss': 0.6487, 'learning_rate': 0.0006037162355909847, 'epoch': 1.19}
{'loss': 0.6244, 'learning_rate': 0.000602569249297471, 'epoch': 1.2}
{'loss': 0.6462, 'learning_rate': 0.000601422263003957, 'epoch': 1.2}
{'eval_loss': 0.5766019821166992, 'eval_bce': 0.5684538483359607, 'eval_n_pos': 2024.0, 'eval_pos_rate': 0.09120814744716327, 'eval_auroc': 0.6356762804299513, 'eval_auprc': 0.18717784679593086, 'eval_mcc': 0.12637036119825606, 'eval_precision': 0.23244026068066617, 'eval_recall': 0.15859683794466403, 'eval_f1': 0.18854625550660792, 'eval_runtime': 22.3722, 'eval_samples_per_second': 991.899, 'eval_steps_per_second': 15.51, 'epoch': 1.2}
{'loss': 0.6307, 'learning_rate': 0.0006002752767104433, 'epoch': 1.2}
{'loss': 0.6512, 'learning_rate': 0.0005991282904169295, 'epoch': 1.21}
{'loss': 0.6337, 'learning_rate': 0.0005979813041234158, 'epoch': 1.21}
{'loss': 0.6203, 'learning_rate': 0.0005968343178299019, 'epoch': 1.21}
{'loss': 0.6215, 'learning_rate': 0.0005956873315363881, 'epoch': 1.22}
{'loss': 0.6306, 'learning_rate': 0.0005945403452428744, 'epoch': 1.22}
{'loss': 0.646, 'learning_rate': 0.0005933933589493606, 'epoch': 1.22}
{'loss': 0.6417, 'learning_rate': 0.0005922463726558468, 'epoch': 1.23}
{'loss': 0.646, 'learning_rate': 0.000591099386362333, 'epoch': 1.23}
{'loss': 0.6411, 'learning_rate': 0.0005899524000688193, 'epoch': 1.24}
{'loss': 0.6497, 'learning_rate': 0.0005888054137753054, 'epoch': 1.24}
{'loss': 0.6411, 'learning_rate': 0.0005876584274817916, 'epoch': 1.24}
{'eval_loss': 0.5734456777572632, 'eval_bce': 0.5657569319506136, 'eval_n_pos': 2024.0, 'eval_pos_rate': 0.09120814744716327, 'eval_auroc': 0.6361214025926988, 'eval_auprc': 0.1869323563609441, 'eval_mcc': 0.13338207538357852, 'eval_precision': 0.24464831804281345, 'eval_recall': 0.15810276679841898, 'eval_f1': 0.1920768307322929, 'eval_runtime': 22.3559, 'eval_samples_per_second': 992.624, 'eval_steps_per_second': 15.522, 'epoch': 1.24}
{'loss': 0.6428, 'learning_rate': 0.0005865114411882778, 'epoch': 1.25}
{'loss': 0.6277, 'learning_rate': 0.000585364454894764, 'epoch': 1.25}
{'loss': 0.6354, 'learning_rate': 0.0005842174686012503, 'epoch': 1.25}
{'loss': 0.627, 'learning_rate': 0.0005830704823077364, 'epoch': 1.26}
{'loss': 0.6261, 'learning_rate': 0.0005819234960142227, 'epoch': 1.26}
{'loss': 0.6651, 'learning_rate': 0.0005807765097207089, 'epoch': 1.26}
{'loss': 0.6256, 'learning_rate': 0.0005796295234271952, 'epoch': 1.27}
{'loss': 0.6419, 'learning_rate': 0.0005784825371336812, 'epoch': 1.27}
{'loss': 0.6305, 'learning_rate': 0.0005773355508401674, 'epoch': 1.27}
{'loss': 0.6259, 'learning_rate': 0.0005761885645466537, 'epoch': 1.28}
{'loss': 0.6242, 'learning_rate': 0.0005750415782531398, 'epoch': 1.28}
{'loss': 0.6355, 'learning_rate': 0.0005738945919596261, 'epoch': 1.28}
{'loss': 0.6364, 'learning_rate': 0.0005727476056661123, 'epoch': 1.29}
{'eval_loss': 0.5751540660858154, 'eval_bce': 0.5673974064354941, 'eval_n_pos': 2024.0, 'eval_pos_rate': 0.09120814744716327, 'eval_auroc': 0.6480336203569759, 'eval_auprc': 0.18835534214627872, 'eval_mcc': 0.13561645782015452, 'eval_precision': 0.24359912216532553, 'eval_recall': 0.16452569169960474, 'eval_f1': 0.19640224122677674, 'eval_runtime': 22.3613, 'eval_samples_per_second': 992.383, 'eval_steps_per_second': 15.518, 'epoch': 1.29}
{'loss': 0.6568, 'learning_rate': 0.0005716006193725986, 'epoch': 1.29}
{'loss': 0.6192, 'learning_rate': 0.0005704536330790847, 'epoch': 1.29}
{'loss': 0.6499, 'learning_rate': 0.0005693066467855708, 'epoch': 1.3}
{'loss': 0.6498, 'learning_rate': 0.0005681596604920571, 'epoch': 1.3}
{'loss': 0.6337, 'learning_rate': 0.0005670126741985433, 'epoch': 1.3}
{'loss': 0.6473, 'learning_rate': 0.0005658656879050295, 'epoch': 1.31}
{'loss': 0.6071, 'learning_rate': 0.0005647187016115157, 'epoch': 1.31}
{'loss': 0.6265, 'learning_rate': 0.000563571715318002, 'epoch': 1.31}
{'loss': 0.6171, 'learning_rate': 0.0005624247290244882, 'epoch': 1.32}
{'loss': 0.633, 'learning_rate': 0.0005612777427309744, 'epoch': 1.32}
{'loss': 0.6214, 'learning_rate': 0.0005601307564374606, 'epoch': 1.32}
{'loss': 0.6363, 'learning_rate': 0.0005589837701439468, 'epoch': 1.33}
{'eval_loss': 0.578953742980957, 'eval_bce': 0.571454850553438, 'eval_n_pos': 2024.0, 'eval_pos_rate': 0.09120814744716327, 'eval_auroc': 0.6412055433964343, 'eval_auprc': 0.18620949209453902, 'eval_mcc': 0.13556158601104742, 'eval_precision': 0.23790047716428084, 'eval_recall': 0.1724308300395257, 'eval_f1': 0.19994270982526496, 'eval_runtime': 20.8508, 'eval_samples_per_second': 1064.274, 'eval_steps_per_second': 16.642, 'epoch': 1.33}
{'loss': 0.6364, 'learning_rate': 0.000557836783850433, 'epoch': 1.33}
{'loss': 0.6607, 'learning_rate': 0.0005566897975569191, 'epoch': 1.33}
{'loss': 0.6244, 'learning_rate': 0.0005555428112634054, 'epoch': 1.34}
{'loss': 0.6636, 'learning_rate': 0.0005543958249698916, 'epoch': 1.34}
{'loss': 0.6551, 'learning_rate': 0.0005532488386763779, 'epoch': 1.34}
{'loss': 0.6392, 'learning_rate': 0.000552101852382864, 'epoch': 1.35}
{'loss': 0.6286, 'learning_rate': 0.0005509548660893502, 'epoch': 1.35}
{'loss': 0.6328, 'learning_rate': 0.0005498078797958365, 'epoch': 1.36}
{'loss': 0.6394, 'learning_rate': 0.0005486608935023227, 'epoch': 1.36}
{'loss': 0.6343, 'learning_rate': 0.0005475139072088088, 'epoch': 1.36}
{'loss': 0.6346, 'learning_rate': 0.000546366920915295, 'epoch': 1.37}
{'loss': 0.6081, 'learning_rate': 0.0005452199346217813, 'epoch': 1.37}
{'loss': 0.6093, 'learning_rate': 0.0005440729483282675, 'epoch': 1.37}
{'eval_loss': 0.5880705118179321, 'eval_bce': 0.5806641102857089, 'eval_n_pos': 2024.0, 'eval_pos_rate': 0.09120814744716327, 'eval_auroc': 0.6384927211538592, 'eval_auprc': 0.18459795967237053, 'eval_mcc': 0.13131175419713803, 'eval_precision': 0.22334723049434188, 'eval_recall': 0.18527667984189725, 'eval_f1': 0.20253848231163923, 'eval_runtime': 20.8525, 'eval_samples_per_second': 1064.19, 'eval_steps_per_second': 16.641, 'epoch': 1.37}
{'loss': 0.6429, 'learning_rate': 0.0005429259620347537, 'epoch': 1.38}
{'loss': 0.6387, 'learning_rate': 0.0005417789757412399, 'epoch': 1.38}
{'loss': 0.6235, 'learning_rate': 0.0005406319894477261, 'epoch': 1.38}
{'loss': 0.6468, 'learning_rate': 0.0005394850031542124, 'epoch': 1.39}
{'loss': 0.6363, 'learning_rate': 0.0005383380168606985, 'epoch': 1.39}
{'loss': 0.6381, 'learning_rate': 0.0005371910305671848, 'epoch': 1.39}
{'loss': 0.657, 'learning_rate': 0.0005360440442736709, 'epoch': 1.4}
{'loss': 0.6208, 'learning_rate': 0.0005348970579801572, 'epoch': 1.4}
{'loss': 0.6204, 'learning_rate': 0.0005337500716866433, 'epoch': 1.4}
{'loss': 0.6419, 'learning_rate': 0.0005326030853931295, 'epoch': 1.41}
{'loss': 0.6328, 'learning_rate': 0.0005314560990996158, 'epoch': 1.41}
{'loss': 0.6284, 'learning_rate': 0.000530309112806102, 'epoch': 1.41}
{'eval_loss': 0.567971408367157, 'eval_bce': 0.5594794056247341, 'eval_n_pos': 2024.0, 'eval_pos_rate': 0.09120814744716327, 'eval_auroc': 0.6402839648617835, 'eval_auprc': 0.18422608274499366, 'eval_mcc': 0.12281374982171905, 'eval_precision': 0.2382522671063479, 'eval_recall': 0.14278656126482214, 'eval_f1': 0.17856039542786534, 'eval_runtime': 20.873, 'eval_samples_per_second': 1063.142, 'eval_steps_per_second': 16.624, 'epoch': 1.42}
{'loss': 0.6527, 'learning_rate': 0.0005291621265125882, 'epoch': 1.42}
{'loss': 0.6099, 'learning_rate': 0.0005280151402190744, 'epoch': 1.42}
{'loss': 0.633, 'learning_rate': 0.0005268681539255607, 'epoch': 1.42}
{'loss': 0.6166, 'learning_rate': 0.0005257211676320469, 'epoch': 1.43}
{'loss': 0.6072, 'learning_rate': 0.0005245741813385329, 'epoch': 1.43}
{'loss': 0.6472, 'learning_rate': 0.0005234271950450192, 'epoch': 1.43}
{'loss': 0.6286, 'learning_rate': 0.0005222802087515054, 'epoch': 1.44}
{'loss': 0.6319, 'learning_rate': 0.0005211332224579917, 'epoch': 1.44}
{'loss': 0.6415, 'learning_rate': 0.0005199862361644778, 'epoch': 1.44}
{'loss': 0.6042, 'learning_rate': 0.0005188392498709641, 'epoch': 1.45}
{'loss': 0.6437, 'learning_rate': 0.0005176922635774503, 'epoch': 1.45}
{'loss': 0.6219, 'learning_rate': 0.0005165452772839366, 'epoch': 1.45}
{'loss': 0.6414, 'learning_rate': 0.0005153982909904226, 'epoch': 1.46}
{'eval_loss': 0.5648479461669922, 'eval_bce': 0.5559913270670713, 'eval_n_pos': 2024.0, 'eval_pos_rate': 0.09120814744716327, 'eval_auroc': 0.6484188302378695, 'eval_auprc': 0.18888240541762036, 'eval_mcc': 0.13627031545875049, 'eval_precision': 0.2598770851624232, 'eval_recall': 0.14624505928853754, 'eval_f1': 0.18716408472968699, 'eval_runtime': 20.8466, 'eval_samples_per_second': 1064.492, 'eval_steps_per_second': 16.645, 'epoch': 1.46}
{'loss': 0.6441, 'learning_rate': 0.0005142513046969088, 'epoch': 1.46}
{'loss': 0.6336, 'learning_rate': 0.0005131043184033951, 'epoch': 1.47}
{'loss': 0.6408, 'learning_rate': 0.0005119573321098813, 'epoch': 1.47}
{'loss': 0.6441, 'learning_rate': 0.0005108103458163675, 'epoch': 1.47}
{'loss': 0.6387, 'learning_rate': 0.0005096633595228537, 'epoch': 1.48}
{'loss': 0.6359, 'learning_rate': 0.00050851637322934, 'epoch': 1.48}
{'loss': 0.6587, 'learning_rate': 0.0005073693869358262, 'epoch': 1.48}
{'loss': 0.6397, 'learning_rate': 0.0005062224006423123, 'epoch': 1.49}
{'loss': 0.6417, 'learning_rate': 0.0005050754143487986, 'epoch': 1.49}
{'loss': 0.6282, 'learning_rate': 0.0005039284280552847, 'epoch': 1.49}
{'loss': 0.6211, 'learning_rate': 0.0005027814417617709, 'epoch': 1.5}
{'loss': 0.6606, 'learning_rate': 0.0005016344554682571, 'epoch': 1.5}
{'eval_loss': 0.5627836585044861, 'eval_bce': 0.5536203384101599, 'eval_n_pos': 2024.0, 'eval_pos_rate': 0.09120814744716327, 'eval_auroc': 0.6458804040608743, 'eval_auprc': 0.18867803897608454, 'eval_mcc': 0.13308333612547082, 'eval_precision': 0.2598714416896235, 'eval_recall': 0.13982213438735178, 'eval_f1': 0.18181818181818182, 'eval_runtime': 20.8501, 'eval_samples_per_second': 1064.313, 'eval_steps_per_second': 16.643, 'epoch': 1.5}
{'loss': 0.6704, 'learning_rate': 0.0005004874691747434, 'epoch': 1.5}
{'loss': 0.6258, 'learning_rate': 0.0004993404828812296, 'epoch': 1.51}
{'loss': 0.6657, 'learning_rate': 0.0004981934965877158, 'epoch': 1.51}
{'loss': 0.63, 'learning_rate': 0.000497046510294202, 'epoch': 1.51}
{'loss': 0.6367, 'learning_rate': 0.0004958995240006882, 'epoch': 1.52}
{'loss': 0.6373, 'learning_rate': 0.0004947525377071745, 'epoch': 1.52}
{'loss': 0.6365, 'learning_rate': 0.0004936055514136605, 'epoch': 1.52}
{'loss': 0.6315, 'learning_rate': 0.0004924585651201468, 'epoch': 1.53}
{'loss': 0.6439, 'learning_rate': 0.000491311578826633, 'epoch': 1.53}
{'loss': 0.6349, 'learning_rate': 0.0004901645925331192, 'epoch': 1.53}
{'loss': 0.6573, 'learning_rate': 0.0004890176062396054, 'epoch': 1.54}
{'loss': 0.6367, 'learning_rate': 0.00048787061994609164, 'epoch': 1.54}
{'loss': 0.6345, 'learning_rate': 0.0004867236336525779, 'epoch': 1.54}
{'eval_loss': 0.5698019862174988, 'eval_bce': 0.5616515578151599, 'eval_n_pos': 2024.0, 'eval_pos_rate': 0.09120814744716327, 'eval_auroc': 0.641589332335865, 'eval_auprc': 0.18678539088243712, 'eval_mcc': 0.1360186886540429, 'eval_precision': 0.24883720930232558, 'eval_recall': 0.15859683794466403, 'eval_f1': 0.19372359686179844, 'eval_runtime': 22.3065, 'eval_samples_per_second': 994.823, 'eval_steps_per_second': 15.556, 'epoch': 1.54}
{'loss': 0.6097, 'learning_rate': 0.0004855766473590641, 'epoch': 1.55}
{'loss': 0.6354, 'learning_rate': 0.00048442966106555026, 'epoch': 1.55}
{'loss': 0.6665, 'learning_rate': 0.00048328267477203645, 'epoch': 1.55}
{'loss': 0.6359, 'learning_rate': 0.0004821356884785227, 'epoch': 1.56}
{'loss': 0.6449, 'learning_rate': 0.0004809887021850089, 'epoch': 1.56}
{'loss': 0.6548, 'learning_rate': 0.0004798417158914951, 'epoch': 1.56}
{'loss': 0.6234, 'learning_rate': 0.0004786947295979813, 'epoch': 1.57}
{'loss': 0.6069, 'learning_rate': 0.00047754774330446755, 'epoch': 1.57}
{'loss': 0.6337, 'learning_rate': 0.00047640075701095374, 'epoch': 1.57}
{'loss': 0.6238, 'learning_rate': 0.0004752537707174399, 'epoch': 1.58}
{'loss': 0.6456, 'learning_rate': 0.0004741067844239261, 'epoch': 1.58}
{'loss': 0.606, 'learning_rate': 0.00047295979813041236, 'epoch': 1.59}
{'eval_loss': 0.5701435208320618, 'eval_bce': 0.5613162594769439, 'eval_n_pos': 2024.0, 'eval_pos_rate': 0.09120814744716327, 'eval_auroc': 0.6469950591415436, 'eval_auprc': 0.18841207501892188, 'eval_mcc': 0.13992668179906304, 'eval_precision': 0.2541047693510555, 'eval_recall': 0.16057312252964426, 'eval_f1': 0.19679079624583712, 'eval_runtime': 22.3402, 'eval_samples_per_second': 993.319, 'eval_steps_per_second': 15.533, 'epoch': 1.59}
{'loss': 0.6385, 'learning_rate': 0.00047181281183689854, 'epoch': 1.59}
{'loss': 0.6718, 'learning_rate': 0.0004706658255433848, 'epoch': 1.59}
{'loss': 0.6391, 'learning_rate': 0.000469518839249871, 'epoch': 1.6}
{'loss': 0.647, 'learning_rate': 0.0004683718529563572, 'epoch': 1.6}
{'loss': 0.641, 'learning_rate': 0.00046722486666284335, 'epoch': 1.6}
{'loss': 0.6282, 'learning_rate': 0.0004660778803693296, 'epoch': 1.61}
{'loss': 0.6233, 'learning_rate': 0.0004649308940758158, 'epoch': 1.61}
{'loss': 0.6373, 'learning_rate': 0.000463783907782302, 'epoch': 1.61}
{'loss': 0.6469, 'learning_rate': 0.0004626369214887882, 'epoch': 1.62}
{'loss': 0.6221, 'learning_rate': 0.00046148993519527445, 'epoch': 1.62}
{'loss': 0.6206, 'learning_rate': 0.00046034294890176064, 'epoch': 1.62}
{'loss': 0.6379, 'learning_rate': 0.0004591959626082469, 'epoch': 1.63}
{'loss': 0.6251, 'learning_rate': 0.000458048976314733, 'epoch': 1.63}
{'eval_loss': 0.5791932344436646, 'eval_bce': 0.5711714628686616, 'eval_n_pos': 2024.0, 'eval_pos_rate': 0.09120814744716327, 'eval_auroc': 0.645688858701777, 'eval_auprc': 0.1826814449869792, 'eval_mcc': 0.13590439607658472, 'eval_precision': 0.23678929765886286, 'eval_recall': 0.17490118577075098, 'eval_f1': 0.20119352088661552, 'eval_runtime': 22.3401, 'eval_samples_per_second': 993.325, 'eval_steps_per_second': 15.533, 'epoch': 1.63}
{'loss': 0.6352, 'learning_rate': 0.00045690199002121926, 'epoch': 1.63}
{'loss': 0.6529, 'learning_rate': 0.00045575500372770544, 'epoch': 1.64}
{'loss': 0.6272, 'learning_rate': 0.0004546080174341917, 'epoch': 1.64}
{'loss': 0.6503, 'learning_rate': 0.0004534610311406779, 'epoch': 1.64}
{'loss': 0.6366, 'learning_rate': 0.0004523140448471641, 'epoch': 1.65}
{'loss': 0.6262, 'learning_rate': 0.0004511670585536503, 'epoch': 1.65}
{'loss': 0.6335, 'learning_rate': 0.00045002007226013655, 'epoch': 1.65}
{'loss': 0.6433, 'learning_rate': 0.0004488730859666227, 'epoch': 1.66}
{'loss': 0.6464, 'learning_rate': 0.0004477260996731089, 'epoch': 1.66}
{'loss': 0.6462, 'learning_rate': 0.0004465791133795951, 'epoch': 1.66}
{'loss': 0.6542, 'learning_rate': 0.00044543212708608135, 'epoch': 1.67}
{'loss': 0.6315, 'learning_rate': 0.00044428514079256754, 'epoch': 1.67}
{'eval_loss': 0.5658029317855835, 'eval_bce': 0.5567645902521683, 'eval_n_pos': 2024.0, 'eval_pos_rate': 0.09120814744716327, 'eval_auroc': 0.6432721802592621, 'eval_auprc': 0.18255023528761607, 'eval_mcc': 0.12483980839988042, 'eval_precision': 0.24438687392055267, 'eval_recall': 0.13982213438735178, 'eval_f1': 0.17787554996857322, 'eval_runtime': 22.3449, 'eval_samples_per_second': 993.111, 'eval_steps_per_second': 15.529, 'epoch': 1.67}
{'loss': 0.6382, 'learning_rate': 0.0004431381544990538, 'epoch': 1.67}
{'loss': 0.6156, 'learning_rate': 0.00044199116820553997, 'epoch': 1.68}
{'loss': 0.6265, 'learning_rate': 0.0004408441819120262, 'epoch': 1.68}
{'loss': 0.6272, 'learning_rate': 0.00043969719561851234, 'epoch': 1.68}
{'loss': 0.6633, 'learning_rate': 0.0004385502093249986, 'epoch': 1.69}
{'loss': 0.6552, 'learning_rate': 0.0004374032230314848, 'epoch': 1.69}
{'loss': 0.6297, 'learning_rate': 0.000436256236737971, 'epoch': 1.69}
{'loss': 0.6333, 'learning_rate': 0.0004351092504444572, 'epoch': 1.7}
{'loss': 0.645, 'learning_rate': 0.00043396226415094345, 'epoch': 1.7}
{'loss': 0.619, 'learning_rate': 0.00043281527785742963, 'epoch': 1.71}
{'loss': 0.6361, 'learning_rate': 0.0004316682915639158, 'epoch': 1.71}
{'loss': 0.6525, 'learning_rate': 0.000430521305270402, 'epoch': 1.71}
{'loss': 0.6509, 'learning_rate': 0.0004293743189768882, 'epoch': 1.72}
{'eval_loss': 0.560635507106781, 'eval_bce': 0.5513795547604169, 'eval_n_pos': 2024.0, 'eval_pos_rate': 0.09120814744716327, 'eval_auroc': 0.643369967980799, 'eval_auprc': 0.18946654156386594, 'eval_mcc': 0.13167935872835423, 'eval_precision': 0.2715654952076677, 'eval_recall': 0.1259881422924901, 'eval_f1': 0.17212284846439418, 'eval_runtime': 22.3664, 'eval_samples_per_second': 992.158, 'eval_steps_per_second': 15.514, 'epoch': 1.72}
{'loss': 0.6287, 'learning_rate': 0.00042822733268337444, 'epoch': 1.72}
{'loss': 0.6217, 'learning_rate': 0.0004270803463898606, 'epoch': 1.72}
{'loss': 0.6316, 'learning_rate': 0.00042593336009634687, 'epoch': 1.73}
{'loss': 0.6534, 'learning_rate': 0.00042478637380283306, 'epoch': 1.73}
{'loss': 0.6187, 'learning_rate': 0.0004236393875093193, 'epoch': 1.73}
{'loss': 0.6186, 'learning_rate': 0.00042249240121580543, 'epoch': 1.74}
{'loss': 0.6448, 'learning_rate': 0.0004213454149222917, 'epoch': 1.74}
{'loss': 0.6297, 'learning_rate': 0.00042019842862877786, 'epoch': 1.74}
{'loss': 0.6324, 'learning_rate': 0.0004190514423352641, 'epoch': 1.75}
{'loss': 0.6612, 'learning_rate': 0.0004179044560417503, 'epoch': 1.75}
{'loss': 0.639, 'learning_rate': 0.00041675746974823653, 'epoch': 1.75}
{'loss': 0.6521, 'learning_rate': 0.0004156104834547227, 'epoch': 1.76}
{'eval_loss': 0.5624237060546875, 'eval_bce': 0.553588711894901, 'eval_n_pos': 2024.0, 'eval_pos_rate': 0.09120814744716327, 'eval_auroc': 0.6410862455610278, 'eval_auprc': 0.18210007420846913, 'eval_mcc': 0.12241539139278867, 'eval_precision': 0.24336283185840707, 'eval_recall': 0.1358695652173913, 'eval_f1': 0.17438173747622066, 'eval_runtime': 20.819, 'eval_samples_per_second': 1065.904, 'eval_steps_per_second': 16.668, 'epoch': 1.76}
{'loss': 0.6456, 'learning_rate': 0.00041446349716120896, 'epoch': 1.76}
{'loss': 0.6104, 'learning_rate': 0.0004133165108676951, 'epoch': 1.76}
{'loss': 0.6226, 'learning_rate': 0.00041216952457418134, 'epoch': 1.77}
{'loss': 0.6356, 'learning_rate': 0.0004110225382806675, 'epoch': 1.77}
{'loss': 0.6182, 'learning_rate': 0.00040987555198715377, 'epoch': 1.77}
{'loss': 0.6568, 'learning_rate': 0.00040872856569363996, 'epoch': 1.78}
{'loss': 0.6364, 'learning_rate': 0.0004075815794001262, 'epoch': 1.78}
{'loss': 0.6193, 'learning_rate': 0.0004064345931066124, 'epoch': 1.78}
{'loss': 0.6471, 'learning_rate': 0.00040528760681309863, 'epoch': 1.79}
{'loss': 0.6328, 'learning_rate': 0.00040414062051958476, 'epoch': 1.79}
{'loss': 0.6394, 'learning_rate': 0.000402993634226071, 'epoch': 1.79}
{'loss': 0.6094, 'learning_rate': 0.0004018466479325572, 'epoch': 1.8}
{'loss': 0.6136, 'learning_rate': 0.00040069966163904343, 'epoch': 1.8}
{'eval_loss': 0.5711500644683838, 'eval_bce': 0.562625929956646, 'eval_n_pos': 2024.0, 'eval_pos_rate': 0.09120814744716327, 'eval_auroc': 0.6456708641930788, 'eval_auprc': 0.18784797594717423, 'eval_mcc': 0.13723739784280164, 'eval_precision': 0.24560117302052786, 'eval_recall': 0.16551383399209485, 'eval_f1': 0.19775678866587956, 'eval_runtime': 22.3416, 'eval_samples_per_second': 993.259, 'eval_steps_per_second': 15.532, 'epoch': 1.8}
{'loss': 0.6477, 'learning_rate': 0.0003995526753455296, 'epoch': 1.8}
{'loss': 0.6238, 'learning_rate': 0.00039840568905201586, 'epoch': 1.81}
{'loss': 0.6251, 'learning_rate': 0.00039725870275850205, 'epoch': 1.81}
{'loss': 0.6396, 'learning_rate': 0.00039611171646498824, 'epoch': 1.82}
{'loss': 0.6535, 'learning_rate': 0.0003949647301714744, 'epoch': 1.82}
{'loss': 0.6501, 'learning_rate': 0.00039381774387796067, 'epoch': 1.82}
{'loss': 0.6533, 'learning_rate': 0.00039267075758444686, 'epoch': 1.83}
{'loss': 0.6433, 'learning_rate': 0.0003915237712909331, 'epoch': 1.83}
{'loss': 0.6535, 'learning_rate': 0.0003903767849974193, 'epoch': 1.83}
{'loss': 0.6334, 'learning_rate': 0.00038922979870390553, 'epoch': 1.84}
{'loss': 0.6365, 'learning_rate': 0.0003880828124103917, 'epoch': 1.84}
{'loss': 0.6277, 'learning_rate': 0.0003869358261168779, 'epoch': 1.84}
{'eval_loss': 0.5644564032554626, 'eval_bce': 0.5555080739318197, 'eval_n_pos': 2024.0, 'eval_pos_rate': 0.09120814744716327, 'eval_auroc': 0.6412441415563445, 'eval_auprc': 0.18935447676320907, 'eval_mcc': 0.1400626855914964, 'eval_precision': 0.2647317502198769, 'eval_recall': 0.14871541501976285, 'eval_f1': 0.19044606137298323, 'eval_runtime': 20.8363, 'eval_samples_per_second': 1065.016, 'eval_steps_per_second': 16.654, 'epoch': 1.84}
{'loss': 0.6435, 'learning_rate': 0.0003857888398233641, 'epoch': 1.85}
{'loss': 0.674, 'learning_rate': 0.00038464185352985033, 'epoch': 1.85}
{'loss': 0.6327, 'learning_rate': 0.0003834948672363365, 'epoch': 1.85}
{'loss': 0.6139, 'learning_rate': 0.00038234788094282276, 'epoch': 1.86}
{'loss': 0.6171, 'learning_rate': 0.00038120089464930895, 'epoch': 1.86}
{'loss': 0.6608, 'learning_rate': 0.0003800539083557952, 'epoch': 1.86}
{'loss': 0.6201, 'learning_rate': 0.0003789069220622814, 'epoch': 1.87}
{'loss': 0.6315, 'learning_rate': 0.00037775993576876757, 'epoch': 1.87}
{'loss': 0.6229, 'learning_rate': 0.00037661294947525376, 'epoch': 1.87}
{'loss': 0.6379, 'learning_rate': 0.00037546596318174, 'epoch': 1.88}
{'loss': 0.6264, 'learning_rate': 0.0003743189768882262, 'epoch': 1.88}
{'loss': 0.6346, 'learning_rate': 0.00037317199059471243, 'epoch': 1.88}
{'loss': 0.6427, 'learning_rate': 0.0003720250043011986, 'epoch': 1.89}
{'eval_loss': 0.5671629905700684, 'eval_bce': 0.5578926104686613, 'eval_n_pos': 2024.0, 'eval_pos_rate': 0.09120814744716327, 'eval_auroc': 0.6418008321229198, 'eval_auprc': 0.19061232957034518, 'eval_mcc': 0.133200234334055, 'eval_precision': 0.24666142969363708, 'eval_recall': 0.1551383399209486, 'eval_f1': 0.19047619047619047, 'eval_runtime': 20.8266, 'eval_samples_per_second': 1065.514, 'eval_steps_per_second': 16.661, 'epoch': 1.89}
{'loss': 0.6473, 'learning_rate': 0.00037087801800768486, 'epoch': 1.89}
{'loss': 0.6534, 'learning_rate': 0.00036973103171417104, 'epoch': 1.89}
{'loss': 0.6299, 'learning_rate': 0.00036858404542065723, 'epoch': 1.9}
{'loss': 0.6146, 'learning_rate': 0.0003674370591271434, 'epoch': 1.9}
{'loss': 0.6131, 'learning_rate': 0.00036629007283362966, 'epoch': 1.9}
{'loss': 0.6287, 'learning_rate': 0.00036514308654011585, 'epoch': 1.91}
{'loss': 0.6598, 'learning_rate': 0.0003639961002466021, 'epoch': 1.91}
{'loss': 0.6511, 'learning_rate': 0.0003628491139530883, 'epoch': 1.91}
{'loss': 0.6324, 'learning_rate': 0.0003617021276595745, 'epoch': 1.92}
{'loss': 0.6306, 'learning_rate': 0.00036055514136606066, 'epoch': 1.92}
{'loss': 0.6223, 'learning_rate': 0.0003594081550725469, 'epoch': 1.92}
{'loss': 0.6423, 'learning_rate': 0.0003582611687790331, 'epoch': 1.93}
{'eval_loss': 0.571978747844696, 'eval_bce': 0.5634010799919693, 'eval_n_pos': 2024.0, 'eval_pos_rate': 0.09120814744716327, 'eval_auroc': 0.640288215436677, 'eval_auprc': 0.1874427198101596, 'eval_mcc': 0.13189783814336717, 'eval_precision': 0.2370475514549326, 'eval_recall': 0.1650197628458498, 'eval_f1': 0.19458199825225753, 'eval_runtime': 20.8414, 'eval_samples_per_second': 1064.757, 'eval_steps_per_second': 16.65, 'epoch': 1.93}
{'loss': 0.614, 'learning_rate': 0.0003571141824855193, 'epoch': 1.93}
{'loss': 0.6527, 'learning_rate': 0.0003559671961920055, 'epoch': 1.94}
{'loss': 0.645, 'learning_rate': 0.00035482020989849176, 'epoch': 1.94}
{'loss': 0.6198, 'learning_rate': 0.00035367322360497794, 'epoch': 1.94}
{'loss': 0.6506, 'learning_rate': 0.0003525262373114642, 'epoch': 1.95}
{'loss': 0.6287, 'learning_rate': 0.0003513792510179503, 'epoch': 1.95}
{'loss': 0.6317, 'learning_rate': 0.0003502322647244365, 'epoch': 1.95}
{'loss': 0.6311, 'learning_rate': 0.00034908527843092275, 'epoch': 1.96}
{'loss': 0.6198, 'learning_rate': 0.00034793829213740894, 'epoch': 1.96}
{'loss': 0.615, 'learning_rate': 0.0003467913058438952, 'epoch': 1.96}
{'loss': 0.6207, 'learning_rate': 0.00034564431955038137, 'epoch': 1.97}
{'loss': 0.6282, 'learning_rate': 0.0003444973332568676, 'epoch': 1.97}
{'loss': 0.6142, 'learning_rate': 0.0003433503469633538, 'epoch': 1.97}
{'eval_loss': 0.5717445611953735, 'eval_bce': 0.5631991216198109, 'eval_n_pos': 2024.0, 'eval_pos_rate': 0.09120814744716327, 'eval_auroc': 0.6414899031819485, 'eval_auprc': 0.19041292705436746, 'eval_mcc': 0.13392300321607728, 'eval_precision': 0.24294205052005943, 'eval_recall': 0.1615612648221344, 'eval_f1': 0.1940652818991098, 'eval_runtime': 20.8271, 'eval_samples_per_second': 1065.486, 'eval_steps_per_second': 16.661, 'epoch': 1.97}
{'loss': 0.6263, 'learning_rate': 0.00034220336066984, 'epoch': 1.98}
{'loss': 0.6194, 'learning_rate': 0.00034105637437632617, 'epoch': 1.98}
{'loss': 0.6388, 'learning_rate': 0.0003399093880828124, 'epoch': 1.98}
{'loss': 0.6375, 'learning_rate': 0.0003387624017892986, 'epoch': 1.99}
{'loss': 0.6373, 'learning_rate': 0.00033761541549578484, 'epoch': 1.99}
{'loss': 0.634, 'learning_rate': 0.00033646842920227103, 'epoch': 1.99}
{'loss': 0.6647, 'learning_rate': 0.0003353214429087573, 'epoch': 2.0}
{'loss': 0.6308, 'learning_rate': 0.0003341744566152434, 'epoch': 2.0}
{'loss': 0.6193, 'learning_rate': 0.00033302747032172965, 'epoch': 2.0}
{'loss': 0.6205, 'learning_rate': 0.00033188048402821584, 'epoch': 2.01}
{'loss': 0.6299, 'learning_rate': 0.0003307334977347021, 'epoch': 2.01}
{'loss': 0.653, 'learning_rate': 0.00032958651144118827, 'epoch': 2.01}
{'eval_loss': 0.570713222026825, 'eval_bce': 0.5622639007680941, 'eval_n_pos': 2024.0, 'eval_pos_rate': 0.09120814744716327, 'eval_auroc': 0.6441294979412029, 'eval_auprc': 0.19016639584769549, 'eval_mcc': 0.1412436701326627, 'eval_precision': 0.2532319391634981, 'eval_recall': 0.16452569169960474, 'eval_f1': 0.19946091644204852, 'eval_runtime': 20.8149, 'eval_samples_per_second': 1066.112, 'eval_steps_per_second': 16.671, 'epoch': 2.02}
{'loss': 0.6208, 'learning_rate': 0.0003284395251476745, 'epoch': 2.02}
{'loss': 0.6533, 'learning_rate': 0.0003272925388541607, 'epoch': 2.02}
{'loss': 0.6262, 'learning_rate': 0.00032614555256064694, 'epoch': 2.02}
{'loss': 0.6362, 'learning_rate': 0.00032499856626713307, 'epoch': 2.03}
{'loss': 0.6181, 'learning_rate': 0.0003238515799736193, 'epoch': 2.03}
{'loss': 0.642, 'learning_rate': 0.0003227045936801055, 'epoch': 2.03}
{'loss': 0.6295, 'learning_rate': 0.00032155760738659174, 'epoch': 2.04}
{'loss': 0.6409, 'learning_rate': 0.00032041062109307793, 'epoch': 2.04}
{'loss': 0.6604, 'learning_rate': 0.0003192636347995642, 'epoch': 2.04}
{'loss': 0.6423, 'learning_rate': 0.00031811664850605036, 'epoch': 2.05}
{'loss': 0.6356, 'learning_rate': 0.0003169696622125366, 'epoch': 2.05}
{'loss': 0.6176, 'learning_rate': 0.00031582267591902274, 'epoch': 2.06}
{'loss': 0.6315, 'learning_rate': 0.000314675689625509, 'epoch': 2.06}
{'eval_loss': 0.5692607164382935, 'eval_bce': 0.5609007395030473, 'eval_n_pos': 2024.0, 'eval_pos_rate': 0.09120814744716327, 'eval_auroc': 0.6379015850063041, 'eval_auprc': 0.18733495725113025, 'eval_mcc': 0.13521022925085882, 'eval_precision': 0.24980174464710547, 'eval_recall': 0.15563241106719367, 'eval_f1': 0.19178082191780824, 'eval_runtime': 20.8672, 'eval_samples_per_second': 1063.441, 'eval_steps_per_second': 16.629, 'epoch': 2.06}
{'loss': 0.6178, 'learning_rate': 0.00031352870333199517, 'epoch': 2.06}
{'loss': 0.6173, 'learning_rate': 0.0003123817170384814, 'epoch': 2.07}
{'loss': 0.6406, 'learning_rate': 0.0003112347307449676, 'epoch': 2.07}
{'loss': 0.6241, 'learning_rate': 0.00031008774445145384, 'epoch': 2.07}
{'loss': 0.6311, 'learning_rate': 0.00030894075815794, 'epoch': 2.08}
{'loss': 0.6397, 'learning_rate': 0.00030779377186442627, 'epoch': 2.08}
{'loss': 0.6395, 'learning_rate': 0.0003066467855709124, 'epoch': 2.08}
{'loss': 0.6526, 'learning_rate': 0.00030549979927739864, 'epoch': 2.09}
{'loss': 0.6296, 'learning_rate': 0.00030435281298388483, 'epoch': 2.09}
{'loss': 0.6214, 'learning_rate': 0.0003032058266903711, 'epoch': 2.09}
{'loss': 0.6038, 'learning_rate': 0.00030205884039685726, 'epoch': 2.1}
{'loss': 0.6376, 'learning_rate': 0.0003009118541033435, 'epoch': 2.1}
{'eval_loss': 0.5622975826263428, 'eval_bce': 0.5534717277101837, 'eval_n_pos': 2024.0, 'eval_pos_rate': 0.09120814744716327, 'eval_auroc': 0.639746444755462, 'eval_auprc': 0.18776098991564916, 'eval_mcc': 0.12172718333363403, 'eval_precision': 0.23955669224211423, 'eval_recall': 0.13883399209486166, 'eval_f1': 0.1757898029402565, 'eval_runtime': 20.8564, 'eval_samples_per_second': 1063.992, 'eval_steps_per_second': 16.638, 'epoch': 2.1}
{'loss': 0.6069, 'learning_rate': 0.0002997648678098297, 'epoch': 2.1}
{'loss': 0.6467, 'learning_rate': 0.0002986178815163159, 'epoch': 2.11}
{'loss': 0.6223, 'learning_rate': 0.00029747089522280207, 'epoch': 2.11}
{'loss': 0.6296, 'learning_rate': 0.0002963239089292883, 'epoch': 2.11}
{'loss': 0.6347, 'learning_rate': 0.0002951769226357745, 'epoch': 2.12}
{'loss': 0.6372, 'learning_rate': 0.00029402993634226074, 'epoch': 2.12}
{'loss': 0.6209, 'learning_rate': 0.0002928829500487469, 'epoch': 2.12}
{'loss': 0.6215, 'learning_rate': 0.00029173596375523317, 'epoch': 2.13}
{'loss': 0.6111, 'learning_rate': 0.00029058897746171936, 'epoch': 2.13}
{'loss': 0.6582, 'learning_rate': 0.00028944199116820554, 'epoch': 2.13}
{'loss': 0.6165, 'learning_rate': 0.00028829500487469173, 'epoch': 2.14}
{'loss': 0.6311, 'learning_rate': 0.000287148018581178, 'epoch': 2.14}
{'loss': 0.6078, 'learning_rate': 0.00028600103228766416, 'epoch': 2.14}
{'eval_loss': 0.5639215111732483, 'eval_bce': 0.5552409652093406, 'eval_n_pos': 2024.0, 'eval_pos_rate': 0.09120814744716327, 'eval_auroc': 0.6413052175402583, 'eval_auprc': 0.18984518905392522, 'eval_mcc': 0.12441314628491369, 'eval_precision': 0.2402972749793559, 'eval_recall': 0.14377470355731226, 'eval_f1': 0.17990726429675424, 'eval_runtime': 20.8888, 'eval_samples_per_second': 1062.34, 'eval_steps_per_second': 16.612, 'epoch': 2.14}
{'loss': 0.6291, 'learning_rate': 0.0002848540459941504, 'epoch': 2.15}
{'loss': 0.6438, 'learning_rate': 0.0002837070597006366, 'epoch': 2.15}
{'loss': 0.6313, 'learning_rate': 0.00028256007340712283, 'epoch': 2.15}
{'loss': 0.644, 'learning_rate': 0.000281413087113609, 'epoch': 2.16}
{'loss': 0.6317, 'learning_rate': 0.0002802661008200952, 'epoch': 2.16}
{'loss': 0.6421, 'learning_rate': 0.0002791191145265814, 'epoch': 2.17}
{'loss': 0.6368, 'learning_rate': 0.0002779721282330676, 'epoch': 2.17}
{'loss': 0.6331, 'learning_rate': 0.0002768251419395538, 'epoch': 2.17}
{'loss': 0.6122, 'learning_rate': 0.00027567815564604, 'epoch': 2.18}
{'loss': 0.632, 'learning_rate': 0.00027453116935252626, 'epoch': 2.18}
{'loss': 0.612, 'learning_rate': 0.00027338418305901244, 'epoch': 2.18}
{'loss': 0.6154, 'learning_rate': 0.0002722371967654987, 'epoch': 2.19}
{'eval_loss': 0.5613545179367065, 'eval_bce': 0.5524291569421409, 'eval_n_pos': 2024.0, 'eval_pos_rate': 0.09120814744716327, 'eval_auroc': 0.6456415266516682, 'eval_auprc': 0.18835828205978722, 'eval_mcc': 0.12603890487861, 'eval_precision': 0.24488054607508533, 'eval_recall': 0.141798418972332, 'eval_f1': 0.17959949937421776, 'eval_runtime': 20.846, 'eval_samples_per_second': 1064.522, 'eval_steps_per_second': 16.646, 'epoch': 2.19}
{'loss': 0.6482, 'learning_rate': 0.0002710902104719848, 'epoch': 2.19}
{'loss': 0.6305, 'learning_rate': 0.00026994322417847106, 'epoch': 2.19}
{'loss': 0.6286, 'learning_rate': 0.00026879623788495725, 'epoch': 2.2}
{'loss': 0.6259, 'learning_rate': 0.0002676492515914435, 'epoch': 2.2}
{'loss': 0.6414, 'learning_rate': 0.0002665022652979297, 'epoch': 2.2}
{'loss': 0.6646, 'learning_rate': 0.0002653552790044159, 'epoch': 2.21}
{'loss': 0.6546, 'learning_rate': 0.0002642082927109021, 'epoch': 2.21}
{'loss': 0.641, 'learning_rate': 0.0002630613064173883, 'epoch': 2.21}
{'loss': 0.6312, 'learning_rate': 0.0002619143201238745, 'epoch': 2.22}
{'loss': 0.6307, 'learning_rate': 0.0002607673338303607, 'epoch': 2.22}
{'loss': 0.6234, 'learning_rate': 0.0002596203475368469, 'epoch': 2.22}
{'loss': 0.6179, 'learning_rate': 0.00025847336124333316, 'epoch': 2.23}
{'loss': 0.6217, 'learning_rate': 0.00025732637494981934, 'epoch': 2.23}
{'eval_loss': 0.5606456398963928, 'eval_bce': 0.5516202563949486, 'eval_n_pos': 2024.0, 'eval_pos_rate': 0.09120814744716327, 'eval_auroc': 0.6446317395008595, 'eval_auprc': 0.18895358924439024, 'eval_mcc': 0.12220079312970157, 'eval_precision': 0.24, 'eval_recall': 0.13932806324110672, 'eval_f1': 0.17630509534229447, 'eval_runtime': 20.8198, 'eval_samples_per_second': 1065.859, 'eval_steps_per_second': 16.667, 'epoch': 2.23}
{'loss': 0.6079, 'learning_rate': 0.0002561793886563056, 'epoch': 2.23}
{'loss': 0.6351, 'learning_rate': 0.0002550324023627918, 'epoch': 2.24}
{'loss': 0.6028, 'learning_rate': 0.00025388541606927796, 'epoch': 2.24}
{'loss': 0.6291, 'learning_rate': 0.00025273842977576415, 'epoch': 2.24}
{'loss': 0.6333, 'learning_rate': 0.0002515914434822504, 'epoch': 2.25}
{'loss': 0.6037, 'learning_rate': 0.0002504444571887366, 'epoch': 2.25}
{'loss': 0.6057, 'learning_rate': 0.0002492974708952228, 'epoch': 2.25}
{'loss': 0.6402, 'learning_rate': 0.000248150484601709, 'epoch': 2.26}
{'loss': 0.6223, 'learning_rate': 0.0002470034983081952, 'epoch': 2.26}
{'loss': 0.6392, 'learning_rate': 0.00024585651201468144, 'epoch': 2.26}
{'loss': 0.6538, 'learning_rate': 0.0002447095257211676, 'epoch': 2.27}
{'loss': 0.6205, 'learning_rate': 0.00024356253942765387, 'epoch': 2.27}
{'eval_loss': 0.5619895458221436, 'eval_bce': 0.5530212335515783, 'eval_n_pos': 2024.0, 'eval_pos_rate': 0.09120814744716327, 'eval_auroc': 0.6465642811378742, 'eval_auprc': 0.18920596718698363, 'eval_mcc': 0.12651546967709926, 'eval_precision': 0.24202780049059688, 'eval_recall': 0.14624505928853754, 'eval_f1': 0.18232214351709272, 'eval_runtime': 20.8283, 'eval_samples_per_second': 1065.427, 'eval_steps_per_second': 16.66, 'epoch': 2.27}
{'loss': 0.6403, 'learning_rate': 0.00024241555313414006, 'epoch': 2.27}
{'loss': 0.6373, 'learning_rate': 0.00024126856684062627, 'epoch': 2.28}
{'loss': 0.6337, 'learning_rate': 0.00024012158054711249, 'epoch': 2.28}
{'loss': 0.6271, 'learning_rate': 0.0002389745942535987, 'epoch': 2.29}
{'loss': 0.6067, 'learning_rate': 0.00023782760796008486, 'epoch': 2.29}
{'loss': 0.6239, 'learning_rate': 0.00023668062166657108, 'epoch': 2.29}
{'loss': 0.6267, 'learning_rate': 0.0002355336353730573, 'epoch': 2.3}
{'loss': 0.6386, 'learning_rate': 0.0002343866490795435, 'epoch': 2.3}
{'loss': 0.6558, 'learning_rate': 0.0002332396627860297, 'epoch': 2.3}
{'loss': 0.6224, 'learning_rate': 0.0002320926764925159, 'epoch': 2.31}
{'loss': 0.622, 'learning_rate': 0.00023094569019900212, 'epoch': 2.31}
{'loss': 0.6407, 'learning_rate': 0.0002297987039054883, 'epoch': 2.31}
{'loss': 0.64, 'learning_rate': 0.00022865171761197453, 'epoch': 2.32}
{'eval_loss': 0.556751012802124, 'eval_bce': 0.5470834307046176, 'eval_n_pos': 2024.0, 'eval_pos_rate': 0.09120814744716327, 'eval_auroc': 0.6440510889213407, 'eval_auprc': 0.19083375879424, 'eval_mcc': 0.13732862981140997, 'eval_precision': 0.27069133398247325, 'eval_recall': 0.1373517786561265, 'eval_f1': 0.18223533267781059, 'eval_runtime': 20.8211, 'eval_samples_per_second': 1065.794, 'eval_steps_per_second': 16.666, 'epoch': 2.32}
{'loss': 0.6169, 'learning_rate': 0.00022750473131846074, 'epoch': 2.32}
{'loss': 0.6439, 'learning_rate': 0.00022635774502494696, 'epoch': 2.32}
{'loss': 0.609, 'learning_rate': 0.00022521075873143314, 'epoch': 2.33}
{'loss': 0.6442, 'learning_rate': 0.00022406377243791936, 'epoch': 2.33}
{'loss': 0.6482, 'learning_rate': 0.00022291678614440557, 'epoch': 2.33}
{'loss': 0.6154, 'learning_rate': 0.0002217697998508918, 'epoch': 2.34}
{'loss': 0.6279, 'learning_rate': 0.00022062281355737798, 'epoch': 2.34}
{'loss': 0.6784, 'learning_rate': 0.0002194758272638642, 'epoch': 2.34}
{'loss': 0.6261, 'learning_rate': 0.0002183288409703504, 'epoch': 2.35}
{'loss': 0.6417, 'learning_rate': 0.00021718185467683662, 'epoch': 2.35}
{'loss': 0.6303, 'learning_rate': 0.0002160348683833228, 'epoch': 2.35}
{'loss': 0.6188, 'learning_rate': 0.00021488788208980902, 'epoch': 2.36}
{'eval_loss': 0.5575552582740784, 'eval_bce': 0.548190773870986, 'eval_n_pos': 2024.0, 'eval_pos_rate': 0.09120814744716327, 'eval_auroc': 0.6418885630087583, 'eval_auprc': 0.1877378188344873, 'eval_mcc': 0.12908564694493946, 'eval_precision': 0.2540983606557377, 'eval_recall': 0.13784584980237155, 'eval_f1': 0.1787315823190263, 'eval_runtime': 20.8181, 'eval_samples_per_second': 1065.947, 'eval_steps_per_second': 16.668, 'epoch': 2.36}
{'loss': 0.6469, 'learning_rate': 0.00021374089579629524, 'epoch': 2.36}
{'loss': 0.6492, 'learning_rate': 0.00021259390950278145, 'epoch': 2.36}
{'loss': 0.6373, 'learning_rate': 0.00021144692320926764, 'epoch': 2.37}
{'loss': 0.6368, 'learning_rate': 0.00021029993691575386, 'epoch': 2.37}
{'loss': 0.6363, 'learning_rate': 0.00020915295062224007, 'epoch': 2.37}
{'loss': 0.6012, 'learning_rate': 0.00020800596432872629, 'epoch': 2.38}
{'loss': 0.6163, 'learning_rate': 0.00020685897803521247, 'epoch': 2.38}
{'loss': 0.6258, 'learning_rate': 0.0002057119917416987, 'epoch': 2.38}
{'loss': 0.6146, 'learning_rate': 0.0002045650054481849, 'epoch': 2.39}
{'loss': 0.6309, 'learning_rate': 0.00020341801915467112, 'epoch': 2.39}
{'loss': 0.6211, 'learning_rate': 0.0002022710328611573, 'epoch': 2.39}
{'loss': 0.6229, 'learning_rate': 0.00020112404656764352, 'epoch': 2.4}
{'loss': 0.6453, 'learning_rate': 0.00019997706027412974, 'epoch': 2.4}
{'eval_loss': 0.5590516924858093, 'eval_bce': 0.5498572605493662, 'eval_n_pos': 2024.0, 'eval_pos_rate': 0.09120814744716327, 'eval_auroc': 0.641298884551152, 'eval_auprc': 0.18795049973298877, 'eval_mcc': 0.1259579826147995, 'eval_precision': 0.25045703839122485, 'eval_recall': 0.13537549407114624, 'eval_f1': 0.1757536882617062, 'eval_runtime': 20.8123, 'eval_samples_per_second': 1066.247, 'eval_steps_per_second': 16.673, 'epoch': 2.4}
{'loss': 0.6568, 'learning_rate': 0.00019883007398061592, 'epoch': 2.41}
{'loss': 0.6501, 'learning_rate': 0.00019768308768710214, 'epoch': 2.41}
{'loss': 0.6371, 'learning_rate': 0.00019653610139358835, 'epoch': 2.41}
{'loss': 0.6192, 'learning_rate': 0.00019538911510007457, 'epoch': 2.42}
{'loss': 0.6175, 'learning_rate': 0.00019424212880656076, 'epoch': 2.42}
{'loss': 0.6449, 'learning_rate': 0.00019309514251304697, 'epoch': 2.42}
{'loss': 0.6311, 'learning_rate': 0.00019194815621953319, 'epoch': 2.43}
{'loss': 0.6212, 'learning_rate': 0.0001908011699260194, 'epoch': 2.43}
{'loss': 0.6045, 'learning_rate': 0.0001896541836325056, 'epoch': 2.43}
{'loss': 0.6563, 'learning_rate': 0.0001885071973389918, 'epoch': 2.44}
{'loss': 0.6095, 'learning_rate': 0.00018736021104547802, 'epoch': 2.44}
{'loss': 0.621, 'learning_rate': 0.00018621322475196423, 'epoch': 2.44}
{'eval_loss': 0.5606746673583984, 'eval_bce': 0.5516761969394595, 'eval_n_pos': 2024.0, 'eval_pos_rate': 0.09120814744716327, 'eval_auroc': 0.6491415627141826, 'eval_auprc': 0.1931005527895346, 'eval_mcc': 0.13442905941240238, 'eval_precision': 0.2546689303904924, 'eval_recall': 0.1482213438735178, 'eval_f1': 0.18738288569643977, 'eval_runtime': 20.837, 'eval_samples_per_second': 1064.982, 'eval_steps_per_second': 16.653, 'epoch': 2.44}
{'loss': 0.6559, 'learning_rate': 0.00018506623845845042, 'epoch': 2.45}
{'loss': 0.6166, 'learning_rate': 0.00018391925216493664, 'epoch': 2.45}
{'loss': 0.635, 'learning_rate': 0.00018277226587142285, 'epoch': 2.45}
{'loss': 0.6458, 'learning_rate': 0.00018162527957790907, 'epoch': 2.46}
{'loss': 0.6451, 'learning_rate': 0.00018047829328439525, 'epoch': 2.46}
{'loss': 0.6308, 'learning_rate': 0.00017933130699088147, 'epoch': 2.46}
{'loss': 0.6109, 'learning_rate': 0.00017818432069736768, 'epoch': 2.47}
{'loss': 0.6337, 'learning_rate': 0.0001770373344038539, 'epoch': 2.47}
{'loss': 0.6393, 'learning_rate': 0.00017589034811034009, 'epoch': 2.47}
{'loss': 0.6414, 'learning_rate': 0.0001747433618168263, 'epoch': 2.48}
{'loss': 0.62, 'learning_rate': 0.00017359637552331252, 'epoch': 2.48}
{'loss': 0.6471, 'learning_rate': 0.00017244938922979873, 'epoch': 2.48}
{'loss': 0.6179, 'learning_rate': 0.00017130240293628492, 'epoch': 2.49}
{'eval_loss': 0.5574166774749756, 'eval_bce': 0.548035983526758, 'eval_n_pos': 2024.0, 'eval_pos_rate': 0.09120814744716327, 'eval_auroc': 0.6472127694227509, 'eval_auprc': 0.19054488938535394, 'eval_mcc': 0.1286066543485792, 'eval_precision': 0.25364963503649635, 'eval_recall': 0.1373517786561265, 'eval_f1': 0.1782051282051282, 'eval_runtime': 22.3566, 'eval_samples_per_second': 992.593, 'eval_steps_per_second': 15.521, 'epoch': 2.49}
{'loss': 0.622, 'learning_rate': 0.00017015541664277113, 'epoch': 2.49}
{'loss': 0.614, 'learning_rate': 0.00016900843034925735, 'epoch': 2.49}
{'loss': 0.6348, 'learning_rate': 0.00016786144405574356, 'epoch': 2.5}
{'loss': 0.6484, 'learning_rate': 0.00016671445776222975, 'epoch': 2.5}
{'loss': 0.6108, 'learning_rate': 0.00016556747146871597, 'epoch': 2.5}
{'loss': 0.6424, 'learning_rate': 0.00016442048517520218, 'epoch': 2.51}
{'loss': 0.6206, 'learning_rate': 0.00016327349888168834, 'epoch': 2.51}
{'loss': 0.6279, 'learning_rate': 0.00016212651258817456, 'epoch': 2.52}
{'loss': 0.6324, 'learning_rate': 0.00016097952629466077, 'epoch': 2.52}
{'loss': 0.6389, 'learning_rate': 0.00015983254000114699, 'epoch': 2.52}
{'loss': 0.6297, 'learning_rate': 0.00015868555370763317, 'epoch': 2.53}
{'loss': 0.6257, 'learning_rate': 0.0001575385674141194, 'epoch': 2.53}
{'eval_loss': 0.5605159997940063, 'eval_bce': 0.5514798873494083, 'eval_n_pos': 2024.0, 'eval_pos_rate': 0.09120814744716327, 'eval_auroc': 0.6480044665579957, 'eval_auprc': 0.19000219192500678, 'eval_mcc': 0.1260793392329119, 'eval_precision': 0.24369747899159663, 'eval_recall': 0.1432806324110672, 'eval_f1': 0.18046048537647794, 'eval_runtime': 22.3421, 'eval_samples_per_second': 993.236, 'eval_steps_per_second': 15.531, 'epoch': 2.53}
{'loss': 0.6404, 'learning_rate': 0.0001563915811206056, 'epoch': 2.53}
{'loss': 0.6382, 'learning_rate': 0.00015524459482709182, 'epoch': 2.54}
{'loss': 0.6442, 'learning_rate': 0.000154097608533578, 'epoch': 2.54}
{'loss': 0.6277, 'learning_rate': 0.00015295062224006422, 'epoch': 2.54}
{'loss': 0.6555, 'learning_rate': 0.00015180363594655044, 'epoch': 2.55}
{'loss': 0.6339, 'learning_rate': 0.00015065664965303665, 'epoch': 2.55}
{'loss': 0.6143, 'learning_rate': 0.00014950966335952284, 'epoch': 2.55}
{'loss': 0.6056, 'learning_rate': 0.00014836267706600905, 'epoch': 2.56}
{'loss': 0.6303, 'learning_rate': 0.00014721569077249527, 'epoch': 2.56}
{'loss': 0.6215, 'learning_rate': 0.00014606870447898148, 'epoch': 2.56}
{'loss': 0.6425, 'learning_rate': 0.00014492171818546767, 'epoch': 2.57}
{'loss': 0.6265, 'learning_rate': 0.00014377473189195389, 'epoch': 2.57}
{'loss': 0.6156, 'learning_rate': 0.0001426277455984401, 'epoch': 2.57}
{'eval_loss': 0.562867283821106, 'eval_bce': 0.5539960980679761, 'eval_n_pos': 2024.0, 'eval_pos_rate': 0.09120814744716327, 'eval_auroc': 0.6463563949519535, 'eval_auprc': 0.18970436592802714, 'eval_mcc': 0.1290107432937281, 'eval_precision': 0.24567188788128608, 'eval_recall': 0.14723320158102768, 'eval_f1': 0.1841210997837504, 'eval_runtime': 22.3451, 'eval_samples_per_second': 993.104, 'eval_steps_per_second': 15.529, 'epoch': 2.57}
{'loss': 0.6362, 'learning_rate': 0.00014148075930492631, 'epoch': 2.58}
{'loss': 0.6317, 'learning_rate': 0.0001403337730114125, 'epoch': 2.58}
{'loss': 0.6518, 'learning_rate': 0.00013918678671789872, 'epoch': 2.58}
{'loss': 0.6321, 'learning_rate': 0.00013803980042438493, 'epoch': 2.59}
{'loss': 0.6261, 'learning_rate': 0.00013689281413087115, 'epoch': 2.59}
{'loss': 0.6245, 'learning_rate': 0.00013574582783735734, 'epoch': 2.59}
{'loss': 0.6386, 'learning_rate': 0.00013459884154384355, 'epoch': 2.6}
{'loss': 0.5997, 'learning_rate': 0.00013345185525032976, 'epoch': 2.6}
{'loss': 0.6319, 'learning_rate': 0.00013230486895681598, 'epoch': 2.6}
{'loss': 0.6483, 'learning_rate': 0.00013115788266330217, 'epoch': 2.61}
{'loss': 0.6364, 'learning_rate': 0.00013001089636978838, 'epoch': 2.61}
{'loss': 0.6419, 'learning_rate': 0.0001288639100762746, 'epoch': 2.61}
{'eval_loss': 0.5577744245529175, 'eval_bce': 0.5487071707629837, 'eval_n_pos': 2024.0, 'eval_pos_rate': 0.09120814744716327, 'eval_auroc': 0.6482490767310349, 'eval_auprc': 0.19168860515389946, 'eval_mcc': 0.131156106665409, 'eval_precision': 0.2575896964121435, 'eval_recall': 0.1383399209486166, 'eval_f1': 0.18000642880102857, 'eval_runtime': 22.3366, 'eval_samples_per_second': 993.483, 'eval_steps_per_second': 15.535, 'epoch': 2.62}
{'loss': 0.6062, 'learning_rate': 0.00012771692378276079, 'epoch': 2.62}
{'loss': 0.6516, 'learning_rate': 0.000126569937489247, 'epoch': 2.62}
{'loss': 0.645, 'learning_rate': 0.00012542295119573321, 'epoch': 2.62}
{'loss': 0.6153, 'learning_rate': 0.0001242759649022194, 'epoch': 2.63}
{'loss': 0.6152, 'learning_rate': 0.00012312897860870562, 'epoch': 2.63}
{'loss': 0.6345, 'learning_rate': 0.00012198199231519183, 'epoch': 2.64}
{'loss': 0.6529, 'learning_rate': 0.00012083500602167805, 'epoch': 2.64}
{'loss': 0.6134, 'learning_rate': 0.00011968801972816425, 'epoch': 2.64}
{'loss': 0.6357, 'learning_rate': 0.00011854103343465046, 'epoch': 2.65}
{'loss': 0.6364, 'learning_rate': 0.00011739404714113666, 'epoch': 2.65}
{'loss': 0.6196, 'learning_rate': 0.00011624706084762288, 'epoch': 2.65}
{'loss': 0.6746, 'learning_rate': 0.00011510007455410908, 'epoch': 2.66}
{'loss': 0.6178, 'learning_rate': 0.0001139530882605953, 'epoch': 2.66}
{'eval_loss': 0.5575649738311768, 'eval_bce': 0.5484686908167434, 'eval_n_pos': 2024.0, 'eval_pos_rate': 0.09120814744716327, 'eval_auroc': 0.6469276624180189, 'eval_auprc': 0.1913001020239522, 'eval_mcc': 0.13317191678868293, 'eval_precision': 0.2619718309859155, 'eval_recall': 0.13784584980237155, 'eval_f1': 0.18064098413726126, 'eval_runtime': 20.8126, 'eval_samples_per_second': 1066.228, 'eval_steps_per_second': 16.673, 'epoch': 2.66}
{'loss': 0.6198, 'learning_rate': 0.0001128061019670815, 'epoch': 2.66}
{'loss': 0.641, 'learning_rate': 0.00011165911567356771, 'epoch': 2.67}
{'loss': 0.6479, 'learning_rate': 0.00011051212938005391, 'epoch': 2.67}
{'loss': 0.6111, 'learning_rate': 0.00010936514308654013, 'epoch': 2.67}
{'loss': 0.672, 'learning_rate': 0.00010821815679302633, 'epoch': 2.68}
{'loss': 0.6223, 'learning_rate': 0.00010707117049951254, 'epoch': 2.68}
{'loss': 0.6529, 'learning_rate': 0.00010592418420599873, 'epoch': 2.68}
{'loss': 0.6327, 'learning_rate': 0.00010477719791248495, 'epoch': 2.69}
{'loss': 0.6323, 'learning_rate': 0.00010363021161897115, 'epoch': 2.69}
{'loss': 0.6325, 'learning_rate': 0.00010248322532545736, 'epoch': 2.69}
{'loss': 0.6408, 'learning_rate': 0.00010133623903194356, 'epoch': 2.7}
{'loss': 0.6224, 'learning_rate': 0.00010018925273842978, 'epoch': 2.7}
{'eval_loss': 0.5570862293243408, 'eval_bce': 0.5478943115958429, 'eval_n_pos': 2024.0, 'eval_pos_rate': 0.09120814744716327, 'eval_auroc': 0.6469303205585143, 'eval_auprc': 0.19081718470699024, 'eval_mcc': 0.13085001801993446, 'eval_precision': 0.2589118198874296, 'eval_recall': 0.13636363636363635, 'eval_f1': 0.1786407766990291, 'eval_runtime': 20.8216, 'eval_samples_per_second': 1065.767, 'eval_steps_per_second': 16.665, 'epoch': 2.7}
{'loss': 0.6427, 'learning_rate': 9.904226644491598e-05, 'epoch': 2.7}
{'loss': 0.6169, 'learning_rate': 9.78952801514022e-05, 'epoch': 2.71}
{'loss': 0.6569, 'learning_rate': 9.67482938578884e-05, 'epoch': 2.71}
{'loss': 0.6129, 'learning_rate': 9.56013075643746e-05, 'epoch': 2.71}
{'loss': 0.6276, 'learning_rate': 9.445432127086081e-05, 'epoch': 2.72}
{'loss': 0.6261, 'learning_rate': 9.330733497734701e-05, 'epoch': 2.72}
{'loss': 0.6346, 'learning_rate': 9.216034868383323e-05, 'epoch': 2.72}
{'loss': 0.6341, 'learning_rate': 9.101336239031943e-05, 'epoch': 2.73}
{'loss': 0.6486, 'learning_rate': 8.986637609680565e-05, 'epoch': 2.73}
{'loss': 0.611, 'learning_rate': 8.871938980329185e-05, 'epoch': 2.73}
{'loss': 0.6257, 'learning_rate': 8.757240350977806e-05, 'epoch': 2.74}
{'loss': 0.6529, 'learning_rate': 8.642541721626426e-05, 'epoch': 2.74}
{'loss': 0.6443, 'learning_rate': 8.527843092275048e-05, 'epoch': 2.74}
{'eval_loss': 0.5561551451683044, 'eval_bce': 0.5468276943306876, 'eval_n_pos': 2024.0, 'eval_pos_rate': 0.09120814744716327, 'eval_auroc': 0.6468958872270297, 'eval_auprc': 0.19151046754556036, 'eval_mcc': 0.13029904663652717, 'eval_precision': 0.2597898758357211, 'eval_recall': 0.13438735177865613, 'eval_f1': 0.17714099641810485, 'eval_runtime': 20.827, 'eval_samples_per_second': 1065.493, 'eval_steps_per_second': 16.661, 'epoch': 2.74}
{'loss': 0.6304, 'learning_rate': 8.413144462923668e-05, 'epoch': 2.75}
{'loss': 0.6271, 'learning_rate': 8.29844583357229e-05, 'epoch': 2.75}
{'loss': 0.6304, 'learning_rate': 8.18374720422091e-05, 'epoch': 2.76}
{'loss': 0.6599, 'learning_rate': 8.069048574869531e-05, 'epoch': 2.76}
{'loss': 0.6255, 'learning_rate': 7.954349945518151e-05, 'epoch': 2.76}
{'loss': 0.6308, 'learning_rate': 7.839651316166773e-05, 'epoch': 2.77}
{'loss': 0.6474, 'learning_rate': 7.724952686815393e-05, 'epoch': 2.77}
{'loss': 0.6327, 'learning_rate': 7.610254057464014e-05, 'epoch': 2.77}
{'loss': 0.6509, 'learning_rate': 7.495555428112634e-05, 'epoch': 2.78}
{'loss': 0.6132, 'learning_rate': 7.380856798761256e-05, 'epoch': 2.78}
{'loss': 0.6229, 'learning_rate': 7.266158169409876e-05, 'epoch': 2.78}
{'loss': 0.6313, 'learning_rate': 7.151459540058498e-05, 'epoch': 2.79}
{'eval_loss': 0.5574208498001099, 'eval_bce': 0.5482815423436642, 'eval_n_pos': 2024.0, 'eval_pos_rate': 0.09120814744716327, 'eval_auroc': 0.6462296126748762, 'eval_auprc': 0.1899401582713571, 'eval_mcc': 0.1313734196320712, 'eval_precision': 0.25706472196900637, 'eval_recall': 0.13932806324110672, 'eval_f1': 0.1807113104774111, 'eval_runtime': 20.8319, 'eval_samples_per_second': 1065.239, 'eval_steps_per_second': 16.657, 'epoch': 2.79}
{'loss': 0.6257, 'learning_rate': 7.036760910707118e-05, 'epoch': 2.79}
{'loss': 0.6199, 'learning_rate': 6.922062281355739e-05, 'epoch': 2.79}
{'loss': 0.6449, 'learning_rate': 6.807363652004358e-05, 'epoch': 2.8}
{'loss': 0.6244, 'learning_rate': 6.69266502265298e-05, 'epoch': 2.8}
{'loss': 0.6356, 'learning_rate': 6.5779663933016e-05, 'epoch': 2.8}
{'loss': 0.6277, 'learning_rate': 6.463267763950221e-05, 'epoch': 2.81}
{'loss': 0.6129, 'learning_rate': 6.348569134598841e-05, 'epoch': 2.81}
{'loss': 0.626, 'learning_rate': 6.233870505247463e-05, 'epoch': 2.81}
{'loss': 0.6163, 'learning_rate': 6.119171875896083e-05, 'epoch': 2.82}
{'loss': 0.6497, 'learning_rate': 6.004473246544704e-05, 'epoch': 2.82}
{'loss': 0.6259, 'learning_rate': 5.889774617193325e-05, 'epoch': 2.82}
{'loss': 0.6389, 'learning_rate': 5.775075987841945e-05, 'epoch': 2.83}
{'loss': 0.6229, 'learning_rate': 5.660377358490566e-05, 'epoch': 2.83}
{'eval_loss': 0.5582265257835388, 'eval_bce': 0.5490660512515707, 'eval_n_pos': 2024.0, 'eval_pos_rate': 0.09120814744716327, 'eval_auroc': 0.6470020658528952, 'eval_auprc': 0.19048561384861118, 'eval_mcc': 0.13095923913759389, 'eval_precision': 0.25398230088495577, 'eval_recall': 0.141798418972332, 'eval_f1': 0.18199112238427392, 'eval_runtime': 20.8212, 'eval_samples_per_second': 1065.79, 'eval_steps_per_second': 16.666, 'epoch': 2.83}
{'loss': 0.623, 'learning_rate': 5.545678729139187e-05, 'epoch': 2.83}
{'loss': 0.6343, 'learning_rate': 5.4309800997878076e-05, 'epoch': 2.84}
{'loss': 0.642, 'learning_rate': 5.3162814704364285e-05, 'epoch': 2.84}
{'loss': 0.6431, 'learning_rate': 5.201582841085049e-05, 'epoch': 2.84}
{'loss': 0.6464, 'learning_rate': 5.08688421173367e-05, 'epoch': 2.85}
{'loss': 0.6342, 'learning_rate': 4.972185582382291e-05, 'epoch': 2.85}
{'loss': 0.6393, 'learning_rate': 4.857486953030912e-05, 'epoch': 2.85}
{'loss': 0.6274, 'learning_rate': 4.7427883236795325e-05, 'epoch': 2.86}
{'loss': 0.6445, 'learning_rate': 4.628089694328153e-05, 'epoch': 2.86}
{'loss': 0.6534, 'learning_rate': 4.5133910649767735e-05, 'epoch': 2.86}
{'loss': 0.6207, 'learning_rate': 4.398692435625394e-05, 'epoch': 2.87}
{'loss': 0.6385, 'learning_rate': 4.283993806274015e-05, 'epoch': 2.87}
{'eval_loss': 0.5570281744003296, 'eval_bce': 0.5477743030830883, 'eval_n_pos': 2024.0, 'eval_pos_rate': 0.09120814744716327, 'eval_auroc': 0.6470477197221384, 'eval_auprc': 0.19034404620702167, 'eval_mcc': 0.13015396371825713, 'eval_precision': 0.25474254742547425, 'eval_recall': 0.13932806324110672, 'eval_f1': 0.1801341424465027, 'eval_runtime': 20.8366, 'eval_samples_per_second': 1065.0, 'eval_steps_per_second': 16.653, 'epoch': 2.87}
{'loss': 0.642, 'learning_rate': 4.169295176922636e-05, 'epoch': 2.88}
{'loss': 0.62, 'learning_rate': 4.054596547571257e-05, 'epoch': 2.88}
{'loss': 0.6257, 'learning_rate': 3.939897918219877e-05, 'epoch': 2.88}
{'loss': 0.6283, 'learning_rate': 3.8251992888684976e-05, 'epoch': 2.89}
{'loss': 0.6441, 'learning_rate': 3.7105006595171184e-05, 'epoch': 2.89}
{'loss': 0.6456, 'learning_rate': 3.595802030165739e-05, 'epoch': 2.89}
{'loss': 0.6451, 'learning_rate': 3.48110340081436e-05, 'epoch': 2.9}
{'loss': 0.6142, 'learning_rate': 3.366404771462981e-05, 'epoch': 2.9}
{'loss': 0.6362, 'learning_rate': 3.251706142111602e-05, 'epoch': 2.9}
{'loss': 0.6172, 'learning_rate': 3.1370075127602225e-05, 'epoch': 2.91}
{'loss': 0.6138, 'learning_rate': 3.0223088834088433e-05, 'epoch': 2.91}
{'loss': 0.6307, 'learning_rate': 2.907610254057464e-05, 'epoch': 2.91}
{'loss': 0.639, 'learning_rate': 2.792911624706085e-05, 'epoch': 2.92}
{'eval_loss': 0.557663083076477, 'eval_bce': 0.548396845160609, 'eval_n_pos': 2024.0, 'eval_pos_rate': 0.09120814744716327, 'eval_auroc': 0.6471567279814341, 'eval_auprc': 0.1902497815445288, 'eval_mcc': 0.13026666985458935, 'eval_precision': 0.25449640287769787, 'eval_recall': 0.13982213438735178, 'eval_f1': 0.18048469387755103, 'eval_runtime': 20.828, 'eval_samples_per_second': 1065.441, 'eval_steps_per_second': 16.66, 'epoch': 2.92}
{'loss': 0.6305, 'learning_rate': 2.6782129953547057e-05, 'epoch': 2.92}
{'loss': 0.6572, 'learning_rate': 2.5635143660033266e-05, 'epoch': 2.92}
{'loss': 0.6745, 'learning_rate': 2.448815736651947e-05, 'epoch': 2.93}
{'loss': 0.6376, 'learning_rate': 2.334117107300568e-05, 'epoch': 2.93}
{'loss': 0.6333, 'learning_rate': 2.2194184779491886e-05, 'epoch': 2.93}
{'loss': 0.6424, 'learning_rate': 2.1047198485978095e-05, 'epoch': 2.94}
{'loss': 0.642, 'learning_rate': 1.99002121924643e-05, 'epoch': 2.94}
{'loss': 0.6103, 'learning_rate': 1.8753225898950507e-05, 'epoch': 2.94}
{'loss': 0.6364, 'learning_rate': 1.7606239605436715e-05, 'epoch': 2.95}
{'loss': 0.6446, 'learning_rate': 1.6459253311922924e-05, 'epoch': 2.95}
{'loss': 0.6591, 'learning_rate': 1.5312267018409128e-05, 'epoch': 2.95}
{'loss': 0.6247, 'learning_rate': 1.4165280724895338e-05, 'epoch': 2.96}
{'eval_loss': 0.5570133924484253, 'eval_bce': 0.5476963377266981, 'eval_n_pos': 2024.0, 'eval_pos_rate': 0.09120814744716327, 'eval_auroc': 0.6474420922255688, 'eval_auprc': 0.1898792301082148, 'eval_mcc': 0.12981738465766435, 'eval_precision': 0.2554945054945055, 'eval_recall': 0.13784584980237155, 'eval_f1': 0.1790757381258023, 'eval_runtime': 20.8311, 'eval_samples_per_second': 1065.281, 'eval_steps_per_second': 16.658, 'epoch': 2.96}
{'loss': 0.6377, 'learning_rate': 1.3018294431381544e-05, 'epoch': 2.96}
{'loss': 0.6344, 'learning_rate': 1.1871308137867753e-05, 'epoch': 2.96}
{'loss': 0.6188, 'learning_rate': 1.072432184435396e-05, 'epoch': 2.97}
{'loss': 0.6254, 'learning_rate': 9.577335550840169e-06, 'epoch': 2.97}
{'loss': 0.623, 'learning_rate': 8.430349257326375e-06, 'epoch': 2.97}
{'loss': 0.6278, 'learning_rate': 7.2833629638125824e-06, 'epoch': 2.98}
{'loss': 0.6285, 'learning_rate': 6.1363766702987905e-06, 'epoch': 2.98}
{'loss': 0.6313, 'learning_rate': 4.989390376784997e-06, 'epoch': 2.99}
{'loss': 0.6422, 'learning_rate': 3.842404083271205e-06, 'epoch': 2.99}
{'loss': 0.6181, 'learning_rate': 2.6954177897574127e-06, 'epoch': 2.99}
{'loss': 0.6032, 'learning_rate': 1.5484314962436198e-06, 'epoch': 3.0}
{'loss': 0.6275, 'learning_rate': 4.014452027298274e-07, 'epoch': 3.0}
{'train_runtime': 2276.2602, 'train_samples_per_second': 245.798, 'train_steps_per_second': 7.682, 'train_loss': 0.6375938600568629, 'epoch': 3.0}
    dev AUROC = 0.6495212970706458
--- Stage-2a s=100 -> /home/asm242/palmer_scratch/entexBERT-2_experiments/EN-TEx/experiments/stage2_ctcf_clf_full/runs/clf_2a_s100 ---
{'loss': 0.6725, 'learning_rate': 0.0004, 'epoch': 0.0}
{'loss': 0.654, 'learning_rate': 0.0008, 'epoch': 0.01}
{'loss': 0.6235, 'learning_rate': 0.000999426506853243, 'epoch': 0.01}
{'loss': 0.672, 'learning_rate': 0.0009982795205597294, 'epoch': 0.01}
{'loss': 0.6566, 'learning_rate': 0.0009971325342662154, 'epoch': 0.02}
{'loss': 0.6255, 'learning_rate': 0.0009959855479727017, 'epoch': 0.02}
{'loss': 0.6468, 'learning_rate': 0.000994838561679188, 'epoch': 0.02}
{'loss': 0.6666, 'learning_rate': 0.000993691575385674, 'epoch': 0.03}
{'loss': 0.6674, 'learning_rate': 0.0009925445890921604, 'epoch': 0.03}
{'loss': 0.6708, 'learning_rate': 0.0009913976027986465, 'epoch': 0.03}
{'loss': 0.6399, 'learning_rate': 0.0009902506165051328, 'epoch': 0.04}
{'loss': 0.673, 'learning_rate': 0.000989103630211619, 'epoch': 0.04}
{'eval_loss': 0.6939941048622131, 'eval_bce': 0.6936865527278748, 'eval_n_pos': 2024.0, 'eval_pos_rate': 0.09120814744716327, 'eval_auroc': 0.5955940451577156, 'eval_auprc': 0.17202184461209824, 'eval_mcc': 0.10713208731429254, 'eval_precision': 0.1484, 'eval_recall': 0.366600790513834, 'eval_f1': 0.21127562642369022, 'eval_runtime': 20.5774, 'eval_samples_per_second': 1078.415, 'eval_steps_per_second': 16.863, 'epoch': 0.04}
{'loss': 0.6387, 'learning_rate': 0.0009879566439181052, 'epoch': 0.04}
{'loss': 0.6214, 'learning_rate': 0.0009868096576245915, 'epoch': 0.05}
{'loss': 0.6772, 'learning_rate': 0.0009856626713310775, 'epoch': 0.05}
{'loss': 0.6395, 'learning_rate': 0.0009845156850375638, 'epoch': 0.05}
{'loss': 0.6525, 'learning_rate': 0.00098336869874405, 'epoch': 0.06}
{'loss': 0.6277, 'learning_rate': 0.0009822217124505362, 'epoch': 0.06}
{'loss': 0.6585, 'learning_rate': 0.0009810747261570225, 'epoch': 0.07}
{'loss': 0.6531, 'learning_rate': 0.0009799277398635088, 'epoch': 0.07}
{'loss': 0.6469, 'learning_rate': 0.0009787807535699949, 'epoch': 0.07}
{'loss': 0.6747, 'learning_rate': 0.000977633767276481, 'epoch': 0.08}
{'loss': 0.6493, 'learning_rate': 0.0009764867809829672, 'epoch': 0.08}
{'loss': 0.6668, 'learning_rate': 0.0009753397946894534, 'epoch': 0.08}
{'loss': 0.629, 'learning_rate': 0.0009741928083959397, 'epoch': 0.09}
{'eval_loss': 0.6740403175354004, 'eval_bce': 0.672987916638453, 'eval_n_pos': 2024.0, 'eval_pos_rate': 0.09120814744716327, 'eval_auroc': 0.5901822671013246, 'eval_auprc': 0.1655683676825272, 'eval_mcc': 0.10092706723282548, 'eval_precision': 0.1575265808617795, 'eval_recall': 0.2781620553359684, 'eval_f1': 0.2011432654519471, 'eval_runtime': 20.696, 'eval_samples_per_second': 1072.238, 'eval_steps_per_second': 16.767, 'epoch': 0.09}
{'loss': 0.6453, 'learning_rate': 0.0009730458221024259, 'epoch': 0.09}
{'loss': 0.6349, 'learning_rate': 0.0009718988358089121, 'epoch': 0.09}
{'loss': 0.641, 'learning_rate': 0.0009707518495153983, 'epoch': 0.1}
{'loss': 0.6479, 'learning_rate': 0.0009696048632218846, 'epoch': 0.1}
{'loss': 0.6551, 'learning_rate': 0.0009684578769283708, 'epoch': 0.1}
{'loss': 0.6328, 'learning_rate': 0.0009673108906348569, 'epoch': 0.11}
{'loss': 0.6645, 'learning_rate': 0.0009661639043413432, 'epoch': 0.11}
{'loss': 0.6162, 'learning_rate': 0.0009650169180478293, 'epoch': 0.11}
{'loss': 0.6394, 'learning_rate': 0.0009638699317543156, 'epoch': 0.12}
{'loss': 0.6395, 'learning_rate': 0.0009627229454608017, 'epoch': 0.12}
{'loss': 0.6381, 'learning_rate': 0.000961575959167288, 'epoch': 0.12}
{'loss': 0.6511, 'learning_rate': 0.0009604289728737742, 'epoch': 0.13}
{'eval_loss': 0.6542928814888, 'eval_bce': 0.6512407142722113, 'eval_n_pos': 2024.0, 'eval_pos_rate': 0.09120814744716327, 'eval_auroc': 0.5955307642646354, 'eval_auprc': 0.171970175441496, 'eval_mcc': 0.1145782218543534, 'eval_precision': 0.1824561403508772, 'eval_recall': 0.23122529644268774, 'eval_f1': 0.20396600566572237, 'eval_runtime': 20.7631, 'eval_samples_per_second': 1068.77, 'eval_steps_per_second': 16.712, 'epoch': 0.13}
{'loss': 0.6319, 'learning_rate': 0.0009592819865802603, 'epoch': 0.13}
{'loss': 0.6584, 'learning_rate': 0.0009581350002867466, 'epoch': 0.13}
{'loss': 0.6528, 'learning_rate': 0.0009569880139932328, 'epoch': 0.14}
{'loss': 0.6278, 'learning_rate': 0.0009558410276997191, 'epoch': 0.14}
{'loss': 0.6601, 'learning_rate': 0.0009546940414062051, 'epoch': 0.14}
{'loss': 0.6403, 'learning_rate': 0.0009535470551126914, 'epoch': 0.15}
{'loss': 0.6447, 'learning_rate': 0.0009524000688191776, 'epoch': 0.15}
{'loss': 0.6463, 'learning_rate': 0.0009512530825256639, 'epoch': 0.15}
{'loss': 0.6463, 'learning_rate': 0.00095010609623215, 'epoch': 0.16}
{'loss': 0.6432, 'learning_rate': 0.0009489591099386362, 'epoch': 0.16}
{'loss': 0.6527, 'learning_rate': 0.0009478121236451225, 'epoch': 0.16}
{'loss': 0.6291, 'learning_rate': 0.0009466651373516087, 'epoch': 0.17}
{'loss': 0.6424, 'learning_rate': 0.0009455181510580949, 'epoch': 0.17}
{'eval_loss': 0.6341807842254639, 'eval_bce': 0.6297970270952927, 'eval_n_pos': 2024.0, 'eval_pos_rate': 0.09120814744716327, 'eval_auroc': 0.6045578216359798, 'eval_auprc': 0.1658466788209872, 'eval_mcc': 0.11409264197841755, 'eval_precision': 0.1964467005076142, 'eval_recall': 0.19120553359683795, 'eval_f1': 0.19379068602904356, 'eval_runtime': 20.7904, 'eval_samples_per_second': 1067.365, 'eval_steps_per_second': 16.69, 'epoch': 0.17}
{'loss': 0.6257, 'learning_rate': 0.000944371164764581, 'epoch': 0.17}
{'loss': 0.655, 'learning_rate': 0.0009432241784710673, 'epoch': 0.18}
{'loss': 0.6423, 'learning_rate': 0.0009420771921775535, 'epoch': 0.18}
{'loss': 0.652, 'learning_rate': 0.0009409302058840396, 'epoch': 0.19}
{'loss': 0.6305, 'learning_rate': 0.0009397832195905259, 'epoch': 0.19}
{'loss': 0.624, 'learning_rate': 0.0009386362332970121, 'epoch': 0.19}
{'loss': 0.6512, 'learning_rate': 0.0009374892470034984, 'epoch': 0.2}
{'loss': 0.6159, 'learning_rate': 0.0009363422607099845, 'epoch': 0.2}
{'loss': 0.6398, 'learning_rate': 0.0009351952744164708, 'epoch': 0.2}
{'loss': 0.6508, 'learning_rate': 0.000934048288122957, 'epoch': 0.21}
{'loss': 0.6217, 'learning_rate': 0.0009329013018294431, 'epoch': 0.21}
{'loss': 0.6418, 'learning_rate': 0.0009317543155359293, 'epoch': 0.21}
{'eval_loss': 0.6247311234474182, 'eval_bce': 0.6193735858223239, 'eval_n_pos': 2024.0, 'eval_pos_rate': 0.09120814744716327, 'eval_auroc': 0.6059390869833726, 'eval_auprc': 0.16529359926795725, 'eval_mcc': 0.11702342752411656, 'eval_precision': 0.20372398685651696, 'eval_recall': 0.18379446640316205, 'eval_f1': 0.19324675324675325, 'eval_runtime': 20.7975, 'eval_samples_per_second': 1067.003, 'eval_steps_per_second': 16.685, 'epoch': 0.21}
{'loss': 0.6551, 'learning_rate': 0.0009306073292424155, 'epoch': 0.22}
{'loss': 0.636, 'learning_rate': 0.0009294603429489018, 'epoch': 0.22}
{'loss': 0.6376, 'learning_rate': 0.000928313356655388, 'epoch': 0.22}
{'loss': 0.6268, 'learning_rate': 0.0009271663703618742, 'epoch': 0.23}
{'loss': 0.6314, 'learning_rate': 0.0009260193840683604, 'epoch': 0.23}
{'loss': 0.6449, 'learning_rate': 0.0009248723977748467, 'epoch': 0.23}
{'loss': 0.6464, 'learning_rate': 0.0009237254114813329, 'epoch': 0.24}
{'loss': 0.6353, 'learning_rate': 0.0009225784251878189, 'epoch': 0.24}
{'loss': 0.649, 'learning_rate': 0.0009214314388943052, 'epoch': 0.24}
{'loss': 0.6677, 'learning_rate': 0.0009202844526007914, 'epoch': 0.25}
{'loss': 0.6478, 'learning_rate': 0.0009191374663072777, 'epoch': 0.25}
{'loss': 0.6552, 'learning_rate': 0.0009179904800137638, 'epoch': 0.25}
{'loss': 0.6533, 'learning_rate': 0.0009168434937202501, 'epoch': 0.26}
{'eval_loss': 0.6055148243904114, 'eval_bce': 0.5982119028022089, 'eval_n_pos': 2024.0, 'eval_pos_rate': 0.09120814744716327, 'eval_auroc': 0.6129090620982778, 'eval_auprc': 0.17237629504205018, 'eval_mcc': 0.12316432219300046, 'eval_precision': 0.23025830258302582, 'eval_recall': 0.1541501976284585, 'eval_f1': 0.1846700207161882, 'eval_runtime': 20.7924, 'eval_samples_per_second': 1067.267, 'eval_steps_per_second': 16.689, 'epoch': 0.26}
{'loss': 0.638, 'learning_rate': 0.0009156965074267363, 'epoch': 0.26}
{'loss': 0.6642, 'learning_rate': 0.0009145495211332225, 'epoch': 0.26}
{'loss': 0.6434, 'learning_rate': 0.0009134025348397087, 'epoch': 0.27}
{'loss': 0.6436, 'learning_rate': 0.0009122555485461948, 'epoch': 0.27}
{'loss': 0.6422, 'learning_rate': 0.0009111085622526811, 'epoch': 0.27}
{'loss': 0.6296, 'learning_rate': 0.0009099615759591673, 'epoch': 0.28}
{'loss': 0.6283, 'learning_rate': 0.0009088145896656535, 'epoch': 0.28}
{'loss': 0.6395, 'learning_rate': 0.0009076676033721397, 'epoch': 0.28}
{'loss': 0.6216, 'learning_rate': 0.0009065206170786259, 'epoch': 0.29}
{'loss': 0.6476, 'learning_rate': 0.0009053736307851122, 'epoch': 0.29}
{'loss': 0.6455, 'learning_rate': 0.0009042266444915983, 'epoch': 0.3}
{'loss': 0.6048, 'learning_rate': 0.0009030796581980846, 'epoch': 0.3}
{'eval_loss': 0.6283461451530457, 'eval_bce': 0.6226435223530702, 'eval_n_pos': 2024.0, 'eval_pos_rate': 0.09120814744716327, 'eval_auroc': 0.6187285768575479, 'eval_auprc': 0.1642986352670389, 'eval_mcc': 0.11398143802005792, 'eval_precision': 0.1911152244331328, 'eval_recall': 0.20405138339920947, 'eval_f1': 0.19737156511350062, 'eval_runtime': 20.794, 'eval_samples_per_second': 1067.183, 'eval_steps_per_second': 16.688, 'epoch': 0.3}
{'loss': 0.6397, 'learning_rate': 0.0009019326719045708, 'epoch': 0.3}
{'loss': 0.619, 'learning_rate': 0.000900785685611057, 'epoch': 0.31}
{'loss': 0.6514, 'learning_rate': 0.0008996386993175431, 'epoch': 0.31}
{'loss': 0.6532, 'learning_rate': 0.0008984917130240294, 'epoch': 0.31}
{'loss': 0.6479, 'learning_rate': 0.0008973447267305156, 'epoch': 0.32}
{'loss': 0.6355, 'learning_rate': 0.0008961977404370018, 'epoch': 0.32}
{'loss': 0.6466, 'learning_rate': 0.000895050754143488, 'epoch': 0.32}
{'loss': 0.6598, 'learning_rate': 0.0008939037678499742, 'epoch': 0.33}
{'loss': 0.6242, 'learning_rate': 0.0008927567815564605, 'epoch': 0.33}
{'loss': 0.6296, 'learning_rate': 0.0008916097952629467, 'epoch': 0.33}
{'loss': 0.6422, 'learning_rate': 0.0008904628089694329, 'epoch': 0.34}
{'loss': 0.63, 'learning_rate': 0.000889315822675919, 'epoch': 0.34}
{'loss': 0.6041, 'learning_rate': 0.0008881688363824052, 'epoch': 0.34}
{'eval_loss': 0.6272594332695007, 'eval_bce': 0.6210026842541702, 'eval_n_pos': 2024.0, 'eval_pos_rate': 0.09120814744716327, 'eval_auroc': 0.6231004585035116, 'eval_auprc': 0.169715863739891, 'eval_mcc': 0.12005428792956402, 'eval_precision': 0.19461883408071748, 'eval_recall': 0.21442687747035574, 'eval_f1': 0.20404325340855664, 'eval_runtime': 20.7999, 'eval_samples_per_second': 1066.881, 'eval_steps_per_second': 16.683, 'epoch': 0.34}
{'loss': 0.6476, 'learning_rate': 0.0008870218500888915, 'epoch': 0.35}
{'loss': 0.6333, 'learning_rate': 0.0008858748637953776, 'epoch': 0.35}
{'loss': 0.6194, 'learning_rate': 0.0008847278775018639, 'epoch': 0.35}
{'loss': 0.6402, 'learning_rate': 0.0008835808912083501, 'epoch': 0.36}
{'loss': 0.6654, 'learning_rate': 0.0008824339049148363, 'epoch': 0.36}
{'loss': 0.6093, 'learning_rate': 0.0008812869186213225, 'epoch': 0.36}
{'loss': 0.6421, 'learning_rate': 0.0008801399323278086, 'epoch': 0.37}
{'loss': 0.6685, 'learning_rate': 0.0008789929460342949, 'epoch': 0.37}
{'loss': 0.6384, 'learning_rate': 0.000877845959740781, 'epoch': 0.37}
{'loss': 0.6296, 'learning_rate': 0.0008766989734472673, 'epoch': 0.38}
{'loss': 0.6867, 'learning_rate': 0.0008755519871537535, 'epoch': 0.38}
{'loss': 0.6223, 'learning_rate': 0.0008744050008602398, 'epoch': 0.38}
{'eval_loss': 0.6081417202949524, 'eval_bce': 0.6014799255939505, 'eval_n_pos': 2024.0, 'eval_pos_rate': 0.09120814744716327, 'eval_auroc': 0.6096691440699409, 'eval_auprc': 0.1684297130736071, 'eval_mcc': 0.1152601892201439, 'eval_precision': 0.20768307322929172, 'eval_recall': 0.17094861660079053, 'eval_f1': 0.1875338753387534, 'eval_runtime': 20.8044, 'eval_samples_per_second': 1066.65, 'eval_steps_per_second': 16.679, 'epoch': 0.39}
{'loss': 0.6336, 'learning_rate': 0.0008732580145667259, 'epoch': 0.39}
{'loss': 0.6245, 'learning_rate': 0.0008721110282732122, 'epoch': 0.39}
{'loss': 0.6519, 'learning_rate': 0.0008709640419796984, 'epoch': 0.39}
{'loss': 0.6533, 'learning_rate': 0.0008698170556861846, 'epoch': 0.4}
{'loss': 0.6439, 'learning_rate': 0.0008686700693926707, 'epoch': 0.4}
{'loss': 0.6488, 'learning_rate': 0.0008675230830991569, 'epoch': 0.4}
{'loss': 0.6451, 'learning_rate': 0.0008663760968056432, 'epoch': 0.41}
{'loss': 0.6142, 'learning_rate': 0.0008652291105121294, 'epoch': 0.41}
{'loss': 0.6285, 'learning_rate': 0.0008640821242186156, 'epoch': 0.42}
{'loss': 0.6505, 'learning_rate': 0.0008629351379251018, 'epoch': 0.42}
{'loss': 0.6468, 'learning_rate': 0.000861788151631588, 'epoch': 0.42}
{'loss': 0.6663, 'learning_rate': 0.0008606411653380743, 'epoch': 0.43}
{'loss': 0.6572, 'learning_rate': 0.0008594941790445604, 'epoch': 0.43}
{'eval_loss': 0.5995515584945679, 'eval_bce': 0.5917537266512091, 'eval_n_pos': 2024.0, 'eval_pos_rate': 0.09120814744716327, 'eval_auroc': 0.6055352823685075, 'eval_auprc': 0.17287481696701296, 'eval_mcc': 0.11121882305746332, 'eval_precision': 0.21226740179186768, 'eval_recall': 0.15217391304347827, 'eval_f1': 0.1772661870503597, 'eval_runtime': 20.7915, 'eval_samples_per_second': 1067.314, 'eval_steps_per_second': 16.69, 'epoch': 0.43}
{'loss': 0.662, 'learning_rate': 0.0008583471927510467, 'epoch': 0.43}
{'loss': 0.6406, 'learning_rate': 0.0008572002064575328, 'epoch': 0.44}
{'loss': 0.6412, 'learning_rate': 0.0008560532201640191, 'epoch': 0.44}
{'loss': 0.6214, 'learning_rate': 0.0008549062338705052, 'epoch': 0.44}
{'loss': 0.6502, 'learning_rate': 0.0008537592475769915, 'epoch': 0.45}
{'loss': 0.6285, 'learning_rate': 0.0008526122612834777, 'epoch': 0.45}
{'loss': 0.6372, 'learning_rate': 0.0008514652749899639, 'epoch': 0.45}
{'loss': 0.6131, 'learning_rate': 0.0008503182886964501, 'epoch': 0.46}
{'loss': 0.651, 'learning_rate': 0.0008491713024029363, 'epoch': 0.46}
{'loss': 0.6541, 'learning_rate': 0.0008480243161094226, 'epoch': 0.46}
{'loss': 0.6137, 'learning_rate': 0.0008468773298159087, 'epoch': 0.47}
{'loss': 0.6293, 'learning_rate': 0.0008457303435223949, 'epoch': 0.47}
{'eval_loss': 0.597852349281311, 'eval_bce': 0.5887715628523359, 'eval_n_pos': 2024.0, 'eval_pos_rate': 0.09120814744716327, 'eval_auroc': 0.6265486057036396, 'eval_auprc': 0.18332410696235388, 'eval_mcc': 0.12804139994534375, 'eval_precision': 0.23381294964028776, 'eval_recall': 0.16057312252964426, 'eval_f1': 0.19039250146455766, 'eval_runtime': 20.7887, 'eval_samples_per_second': 1067.454, 'eval_steps_per_second': 16.692, 'epoch': 0.47}
{'loss': 0.638, 'learning_rate': 0.0008445833572288811, 'epoch': 0.47}
{'loss': 0.6423, 'learning_rate': 0.0008434363709353673, 'epoch': 0.48}
{'loss': 0.6281, 'learning_rate': 0.0008422893846418536, 'epoch': 0.48}
{'loss': 0.6328, 'learning_rate': 0.0008411423983483397, 'epoch': 0.48}
{'loss': 0.6621, 'learning_rate': 0.000839995412054826, 'epoch': 0.49}
{'loss': 0.6434, 'learning_rate': 0.0008388484257613122, 'epoch': 0.49}
{'loss': 0.6368, 'learning_rate': 0.0008377014394677985, 'epoch': 0.49}
{'loss': 0.6393, 'learning_rate': 0.0008365544531742845, 'epoch': 0.5}
{'loss': 0.6314, 'learning_rate': 0.0008354074668807707, 'epoch': 0.5}
{'loss': 0.6306, 'learning_rate': 0.000834260480587257, 'epoch': 0.5}
{'loss': 0.6631, 'learning_rate': 0.0008331134942937432, 'epoch': 0.51}
{'loss': 0.648, 'learning_rate': 0.0008319665080002294, 'epoch': 0.51}
{'loss': 0.6574, 'learning_rate': 0.0008308195217067156, 'epoch': 0.51}
{'eval_loss': 0.5959377288818359, 'eval_bce': 0.5876755039744969, 'eval_n_pos': 2024.0, 'eval_pos_rate': 0.09120814744716327, 'eval_auroc': 0.6158142259171491, 'eval_auprc': 0.17050329878345802, 'eval_mcc': 0.10831857856128868, 'eval_precision': 0.21074964639321075, 'eval_recall': 0.14723320158102768, 'eval_f1': 0.17335660267597444, 'eval_runtime': 20.7835, 'eval_samples_per_second': 1067.723, 'eval_steps_per_second': 16.696, 'epoch': 0.51}
{'loss': 0.647, 'learning_rate': 0.0008296725354132019, 'epoch': 0.52}
{'loss': 0.6005, 'learning_rate': 0.0008285255491196881, 'epoch': 0.52}
{'loss': 0.6307, 'learning_rate': 0.0008273785628261743, 'epoch': 0.52}
{'loss': 0.643, 'learning_rate': 0.0008262315765326605, 'epoch': 0.53}
{'loss': 0.6405, 'learning_rate': 0.0008250845902391466, 'epoch': 0.53}
{'loss': 0.6364, 'learning_rate': 0.0008239376039456329, 'epoch': 0.54}
{'loss': 0.6229, 'learning_rate': 0.000822790617652119, 'epoch': 0.54}
{'loss': 0.6434, 'learning_rate': 0.0008216436313586053, 'epoch': 0.54}
{'loss': 0.6141, 'learning_rate': 0.0008204966450650915, 'epoch': 0.55}
{'loss': 0.5976, 'learning_rate': 0.0008193496587715778, 'epoch': 0.55}
{'loss': 0.6731, 'learning_rate': 0.0008182026724780639, 'epoch': 0.55}
{'loss': 0.6386, 'learning_rate': 0.0008170556861845501, 'epoch': 0.56}
{'eval_loss': 0.5995383262634277, 'eval_bce': 0.5916111060570121, 'eval_n_pos': 2024.0, 'eval_pos_rate': 0.09120814744716327, 'eval_auroc': 0.6156908122512984, 'eval_auprc': 0.1691388033943998, 'eval_mcc': 0.11441275703198811, 'eval_precision': 0.21606648199445982, 'eval_recall': 0.1541501976284585, 'eval_f1': 0.17993079584775087, 'eval_runtime': 20.7778, 'eval_samples_per_second': 1068.016, 'eval_steps_per_second': 16.701, 'epoch': 0.56}
{'loss': 0.6435, 'learning_rate': 0.0008159086998910364, 'epoch': 0.56}
{'loss': 0.6214, 'learning_rate': 0.0008147617135975225, 'epoch': 0.56}
{'loss': 0.6379, 'learning_rate': 0.0008136147273040087, 'epoch': 0.57}
{'loss': 0.6388, 'learning_rate': 0.0008124677410104949, 'epoch': 0.57}
{'loss': 0.6438, 'learning_rate': 0.0008113207547169812, 'epoch': 0.57}
{'loss': 0.6344, 'learning_rate': 0.0008101737684234673, 'epoch': 0.58}
{'loss': 0.6554, 'learning_rate': 0.0008090267821299535, 'epoch': 0.58}
{'loss': 0.6149, 'learning_rate': 0.0008078797958364398, 'epoch': 0.58}
{'loss': 0.6361, 'learning_rate': 0.000806732809542926, 'epoch': 0.59}
{'loss': 0.6289, 'learning_rate': 0.0008055858232494122, 'epoch': 0.59}
{'loss': 0.6634, 'learning_rate': 0.0008044388369558983, 'epoch': 0.59}
{'loss': 0.6244, 'learning_rate': 0.0008032918506623846, 'epoch': 0.6}
{'loss': 0.6551, 'learning_rate': 0.0008021448643688708, 'epoch': 0.6}
{'eval_loss': 0.6023271083831787, 'eval_bce': 0.5944927327455166, 'eval_n_pos': 2024.0, 'eval_pos_rate': 0.09120814744716327, 'eval_auroc': 0.6223406223057235, 'eval_auprc': 0.17420329723326133, 'eval_mcc': 0.11878506527259325, 'eval_precision': 0.21339950372208435, 'eval_recall': 0.16996047430830039, 'eval_f1': 0.18921892189218922, 'eval_runtime': 22.3094, 'eval_samples_per_second': 994.693, 'eval_steps_per_second': 15.554, 'epoch': 0.6}
{'loss': 0.6565, 'learning_rate': 0.000800997878075357, 'epoch': 0.6}
{'loss': 0.6345, 'learning_rate': 0.0007998508917818432, 'epoch': 0.61}
{'loss': 0.616, 'learning_rate': 0.0007987039054883294, 'epoch': 0.61}
{'loss': 0.6218, 'learning_rate': 0.0007975569191948157, 'epoch': 0.61}
{'loss': 0.6318, 'learning_rate': 0.0007964099329013018, 'epoch': 0.62}
{'loss': 0.6363, 'learning_rate': 0.0007952629466077881, 'epoch': 0.62}
{'loss': 0.6517, 'learning_rate': 0.0007941159603142742, 'epoch': 0.62}
{'loss': 0.649, 'learning_rate': 0.0007929689740207605, 'epoch': 0.63}
{'loss': 0.6236, 'learning_rate': 0.0007918219877272466, 'epoch': 0.63}
{'loss': 0.6496, 'learning_rate': 0.0007906750014337328, 'epoch': 0.63}
{'loss': 0.6404, 'learning_rate': 0.0007895280151402191, 'epoch': 0.64}
{'loss': 0.6487, 'learning_rate': 0.0007883810288467053, 'epoch': 0.64}
{'eval_loss': 0.6115257143974304, 'eval_bce': 0.6039188847975925, 'eval_n_pos': 2024.0, 'eval_pos_rate': 0.09120814744716327, 'eval_auroc': 0.6302122705253034, 'eval_auprc': 0.17489430743789525, 'eval_mcc': 0.12002256925529378, 'eval_precision': 0.2052518756698821, 'eval_recall': 0.1892292490118577, 'eval_f1': 0.19691516709511567, 'eval_runtime': 20.7599, 'eval_samples_per_second': 1068.935, 'eval_steps_per_second': 16.715, 'epoch': 0.64}
{'loss': 0.6202, 'learning_rate': 0.0007872340425531915, 'epoch': 0.65}
{'loss': 0.6066, 'learning_rate': 0.0007860870562596777, 'epoch': 0.65}
{'loss': 0.6359, 'learning_rate': 0.000784940069966164, 'epoch': 0.65}
{'loss': 0.6094, 'learning_rate': 0.0007837930836726502, 'epoch': 0.66}
{'loss': 0.6374, 'learning_rate': 0.0007826460973791363, 'epoch': 0.66}
{'loss': 0.6082, 'learning_rate': 0.0007814991110856225, 'epoch': 0.66}
{'loss': 0.6395, 'learning_rate': 0.0007803521247921087, 'epoch': 0.67}
{'loss': 0.642, 'learning_rate': 0.000779205138498595, 'epoch': 0.67}
{'loss': 0.6249, 'learning_rate': 0.0007780581522050811, 'epoch': 0.67}
{'loss': 0.6629, 'learning_rate': 0.0007769111659115674, 'epoch': 0.68}
{'loss': 0.6323, 'learning_rate': 0.0007757641796180536, 'epoch': 0.68}
{'loss': 0.6403, 'learning_rate': 0.0007746171933245399, 'epoch': 0.68}
{'loss': 0.6355, 'learning_rate': 0.000773470207031026, 'epoch': 0.69}
{'eval_loss': 0.6056948900222778, 'eval_bce': 0.5985211695262399, 'eval_n_pos': 2024.0, 'eval_pos_rate': 0.09120814744716327, 'eval_auroc': 0.62359298621334, 'eval_auprc': 0.17656137612341807, 'eval_mcc': 0.11809439807760228, 'eval_precision': 0.2064116985376828, 'eval_recall': 0.18132411067193677, 'eval_f1': 0.19305628616517623, 'eval_runtime': 20.7594, 'eval_samples_per_second': 1068.96, 'eval_steps_per_second': 16.715, 'epoch': 0.69}
{'loss': 0.631, 'learning_rate': 0.0007723232207375121, 'epoch': 0.69}
{'loss': 0.63, 'learning_rate': 0.0007711762344439984, 'epoch': 0.69}
{'loss': 0.5933, 'learning_rate': 0.0007700292481504846, 'epoch': 0.7}
{'loss': 0.6041, 'learning_rate': 0.0007688822618569708, 'epoch': 0.7}
{'loss': 0.6273, 'learning_rate': 0.000767735275563457, 'epoch': 0.7}
{'loss': 0.6209, 'learning_rate': 0.0007665882892699433, 'epoch': 0.71}
{'loss': 0.6468, 'learning_rate': 0.0007654413029764295, 'epoch': 0.71}
{'loss': 0.623, 'learning_rate': 0.0007642943166829156, 'epoch': 0.71}
{'loss': 0.6692, 'learning_rate': 0.0007631473303894019, 'epoch': 0.72}
{'loss': 0.6597, 'learning_rate': 0.000762000344095888, 'epoch': 0.72}
{'loss': 0.6391, 'learning_rate': 0.0007608533578023743, 'epoch': 0.72}
{'loss': 0.6279, 'learning_rate': 0.0007597063715088604, 'epoch': 0.73}
{'eval_loss': 0.6103023290634155, 'eval_bce': 0.6027974537295235, 'eval_n_pos': 2024.0, 'eval_pos_rate': 0.09120814744716327, 'eval_auroc': 0.6316019022780337, 'eval_auprc': 0.17770174865554061, 'eval_mcc': 0.12821864083265916, 'eval_precision': 0.21515486725663716, 'eval_recall': 0.19219367588932806, 'eval_f1': 0.20302713987473903, 'eval_runtime': 20.7487, 'eval_samples_per_second': 1069.513, 'eval_steps_per_second': 16.724, 'epoch': 0.73}
{'loss': 0.6363, 'learning_rate': 0.0007585593852153467, 'epoch': 0.73}
{'loss': 0.6621, 'learning_rate': 0.0007574123989218329, 'epoch': 0.73}
{'loss': 0.6254, 'learning_rate': 0.0007562654126283192, 'epoch': 0.74}
{'loss': 0.6071, 'learning_rate': 0.0007551184263348053, 'epoch': 0.74}
{'loss': 0.6445, 'learning_rate': 0.0007539714400412915, 'epoch': 0.74}
{'loss': 0.6662, 'learning_rate': 0.0007528244537477778, 'epoch': 0.75}
{'loss': 0.6264, 'learning_rate': 0.000751677467454264, 'epoch': 0.75}
{'loss': 0.6182, 'learning_rate': 0.0007505304811607501, 'epoch': 0.75}
{'loss': 0.6542, 'learning_rate': 0.0007493834948672363, 'epoch': 0.76}
{'loss': 0.6244, 'learning_rate': 0.0007482365085737226, 'epoch': 0.76}
{'loss': 0.6277, 'learning_rate': 0.0007470895222802088, 'epoch': 0.77}
{'loss': 0.6237, 'learning_rate': 0.0007459425359866949, 'epoch': 0.77}
{'loss': 0.6437, 'learning_rate': 0.0007447955496931812, 'epoch': 0.77}
{'eval_loss': 0.6005463600158691, 'eval_bce': 0.5922106552005109, 'eval_n_pos': 2024.0, 'eval_pos_rate': 0.09120814744716327, 'eval_auroc': 0.6218833486435693, 'eval_auprc': 0.17915331384593375, 'eval_mcc': 0.11463994525602622, 'eval_precision': 0.21580756013745706, 'eval_recall': 0.1551383399209486, 'eval_f1': 0.1805116412762288, 'eval_runtime': 20.7332, 'eval_samples_per_second': 1070.312, 'eval_steps_per_second': 16.736, 'epoch': 0.77}
{'loss': 0.6378, 'learning_rate': 0.0007436485633996674, 'epoch': 0.78}
{'loss': 0.6304, 'learning_rate': 0.0007425015771061537, 'epoch': 0.78}
{'loss': 0.6201, 'learning_rate': 0.0007413545908126398, 'epoch': 0.78}
{'loss': 0.6008, 'learning_rate': 0.000740207604519126, 'epoch': 0.79}
{'loss': 0.6119, 'learning_rate': 0.0007390606182256122, 'epoch': 0.79}
{'loss': 0.66, 'learning_rate': 0.0007379136319320984, 'epoch': 0.79}
{'loss': 0.6217, 'learning_rate': 0.0007367666456385846, 'epoch': 0.8}
{'loss': 0.6349, 'learning_rate': 0.0007356196593450708, 'epoch': 0.8}
{'loss': 0.6282, 'learning_rate': 0.0007344726730515571, 'epoch': 0.8}
{'loss': 0.6254, 'learning_rate': 0.0007333256867580432, 'epoch': 0.81}
{'loss': 0.6247, 'learning_rate': 0.0007321787004645295, 'epoch': 0.81}
{'loss': 0.6422, 'learning_rate': 0.0007310317141710157, 'epoch': 0.81}
{'eval_loss': 0.6020110249519348, 'eval_bce': 0.593096547948987, 'eval_n_pos': 2024.0, 'eval_pos_rate': 0.09120814744716327, 'eval_auroc': 0.629866883753857, 'eval_auprc': 0.18315367500569654, 'eval_mcc': 0.12784466203752934, 'eval_precision': 0.22419252691576946, 'eval_recall': 0.17490118577075098, 'eval_f1': 0.19650291423813487, 'eval_runtime': 20.725, 'eval_samples_per_second': 1070.733, 'eval_steps_per_second': 16.743, 'epoch': 0.81}
{'loss': 0.6553, 'learning_rate': 0.000729884727877502, 'epoch': 0.82}
{'loss': 0.639, 'learning_rate': 0.000728737741583988, 'epoch': 0.82}
{'loss': 0.6508, 'learning_rate': 0.0007275907552904742, 'epoch': 0.82}
{'loss': 0.6133, 'learning_rate': 0.0007264437689969605, 'epoch': 0.83}
{'loss': 0.6327, 'learning_rate': 0.0007252967827034467, 'epoch': 0.83}
{'loss': 0.6383, 'learning_rate': 0.0007241497964099329, 'epoch': 0.83}
{'loss': 0.6261, 'learning_rate': 0.0007230028101164191, 'epoch': 0.84}
{'loss': 0.6097, 'learning_rate': 0.0007218558238229054, 'epoch': 0.84}
{'loss': 0.5964, 'learning_rate': 0.0007207088375293916, 'epoch': 0.84}
{'loss': 0.6167, 'learning_rate': 0.0007195618512358776, 'epoch': 0.85}
{'loss': 0.655, 'learning_rate': 0.0007184148649423639, 'epoch': 0.85}
{'loss': 0.6266, 'learning_rate': 0.0007172678786488501, 'epoch': 0.85}
{'loss': 0.6196, 'learning_rate': 0.0007161208923553364, 'epoch': 0.86}
{'eval_loss': 0.6070082783699036, 'eval_bce': 0.5990659825961265, 'eval_n_pos': 2024.0, 'eval_pos_rate': 0.09120814744716327, 'eval_auroc': 0.6308414536054773, 'eval_auprc': 0.17745547128814687, 'eval_mcc': 0.12071845514434565, 'eval_precision': 0.2086129753914989, 'eval_recall': 0.1842885375494071, 'eval_f1': 0.19569779643231897, 'eval_runtime': 20.7299, 'eval_samples_per_second': 1070.481, 'eval_steps_per_second': 16.739, 'epoch': 0.86}
{'loss': 0.6587, 'learning_rate': 0.0007149739060618225, 'epoch': 0.86}
{'loss': 0.6332, 'learning_rate': 0.0007138269197683088, 'epoch': 0.86}
{'loss': 0.6398, 'learning_rate': 0.000712679933474795, 'epoch': 0.87}
{'loss': 0.6277, 'learning_rate': 0.0007115329471812813, 'epoch': 0.87}
{'loss': 0.6213, 'learning_rate': 0.0007103859608877674, 'epoch': 0.87}
{'loss': 0.6468, 'learning_rate': 0.0007092389745942536, 'epoch': 0.88}
{'loss': 0.6382, 'learning_rate': 0.0007080919883007399, 'epoch': 0.88}
{'loss': 0.6189, 'learning_rate': 0.000706945002007226, 'epoch': 0.89}
{'loss': 0.599, 'learning_rate': 0.0007057980157137122, 'epoch': 0.89}
{'loss': 0.6494, 'learning_rate': 0.0007046510294201984, 'epoch': 0.89}
{'loss': 0.6535, 'learning_rate': 0.0007035040431266847, 'epoch': 0.9}
{'loss': 0.6567, 'learning_rate': 0.0007023570568331709, 'epoch': 0.9}
{'eval_loss': 0.589144766330719, 'eval_bce': 0.5795510684412243, 'eval_n_pos': 2024.0, 'eval_pos_rate': 0.09120814744716327, 'eval_auroc': 0.6299684565694631, 'eval_auprc': 0.18303046087927002, 'eval_mcc': 0.12304048874707009, 'eval_precision': 0.23552735923869944, 'eval_recall': 0.14673913043478262, 'eval_f1': 0.18082191780821918, 'eval_runtime': 20.7096, 'eval_samples_per_second': 1071.533, 'eval_steps_per_second': 16.756, 'epoch': 0.9}
{'loss': 0.6464, 'learning_rate': 0.000701210070539657, 'epoch': 0.9}
{'loss': 0.6288, 'learning_rate': 0.0007000630842461433, 'epoch': 0.91}
{'loss': 0.6763, 'learning_rate': 0.0006989160979526295, 'epoch': 0.91}
{'loss': 0.6351, 'learning_rate': 0.0006977691116591158, 'epoch': 0.91}
{'loss': 0.6305, 'learning_rate': 0.0006966221253656018, 'epoch': 0.92}
{'loss': 0.6404, 'learning_rate': 0.0006954751390720881, 'epoch': 0.92}
{'loss': 0.6211, 'learning_rate': 0.0006943281527785743, 'epoch': 0.92}
{'loss': 0.6396, 'learning_rate': 0.0006931811664850605, 'epoch': 0.93}
{'loss': 0.6572, 'learning_rate': 0.0006920341801915467, 'epoch': 0.93}
{'loss': 0.6427, 'learning_rate': 0.0006908871938980329, 'epoch': 0.93}
{'loss': 0.6152, 'learning_rate': 0.0006897402076045192, 'epoch': 0.94}
{'loss': 0.6377, 'learning_rate': 0.0006885932213110054, 'epoch': 0.94}
{'loss': 0.6554, 'learning_rate': 0.0006874462350174916, 'epoch': 0.94}
{'eval_loss': 0.6046984195709229, 'eval_bce': 0.5966686234391625, 'eval_n_pos': 2024.0, 'eval_pos_rate': 0.09120814744716327, 'eval_auroc': 0.6249938140048382, 'eval_auprc': 0.17630479335693744, 'eval_mcc': 0.11658083100775492, 'eval_precision': 0.2101405009163103, 'eval_recall': 0.16996047430830039, 'eval_f1': 0.18792679595738865, 'eval_runtime': 20.7314, 'eval_samples_per_second': 1070.405, 'eval_steps_per_second': 16.738, 'epoch': 0.94}
{'loss': 0.6439, 'learning_rate': 0.0006862992487239777, 'epoch': 0.95}
{'loss': 0.6606, 'learning_rate': 0.000685152262430464, 'epoch': 0.95}
{'loss': 0.6117, 'learning_rate': 0.0006840052761369502, 'epoch': 0.95}
{'loss': 0.6444, 'learning_rate': 0.0006828582898434363, 'epoch': 0.96}
{'loss': 0.6288, 'learning_rate': 0.0006817113035499226, 'epoch': 0.96}
{'loss': 0.6184, 'learning_rate': 0.0006805643172564088, 'epoch': 0.96}
{'loss': 0.6593, 'learning_rate': 0.0006794173309628951, 'epoch': 0.97}
{'loss': 0.6231, 'learning_rate': 0.0006782703446693812, 'epoch': 0.97}
{'loss': 0.5978, 'learning_rate': 0.0006771233583758675, 'epoch': 0.97}
{'loss': 0.6066, 'learning_rate': 0.0006759763720823537, 'epoch': 0.98}
{'loss': 0.6546, 'learning_rate': 0.0006748293857888398, 'epoch': 0.98}
{'loss': 0.6269, 'learning_rate': 0.000673682399495326, 'epoch': 0.98}
{'eval_loss': 0.601548433303833, 'eval_bce': 0.5925982023635212, 'eval_n_pos': 2024.0, 'eval_pos_rate': 0.09120814744716327, 'eval_auroc': 0.636410833669296, 'eval_auprc': 0.18085194222990159, 'eval_mcc': 0.12572414097292428, 'eval_precision': 0.2224346717654557, 'eval_recall': 0.1724308300395257, 'eval_f1': 0.19426662955747287, 'eval_runtime': 20.7278, 'eval_samples_per_second': 1070.59, 'eval_steps_per_second': 16.741, 'epoch': 0.99}
{'loss': 0.6473, 'learning_rate': 0.0006725354132018122, 'epoch': 0.99}
{'loss': 0.6523, 'learning_rate': 0.0006713884269082985, 'epoch': 0.99}
{'loss': 0.6424, 'learning_rate': 0.0006702414406147847, 'epoch': 1.0}
{'loss': 0.6288, 'learning_rate': 0.0006690944543212709, 'epoch': 1.0}
{'loss': 0.6227, 'learning_rate': 0.0006679474680277571, 'epoch': 1.0}
{'loss': 0.6202, 'learning_rate': 0.0006668004817342433, 'epoch': 1.01}
{'loss': 0.6344, 'learning_rate': 0.0006656534954407296, 'epoch': 1.01}
{'loss': 0.6591, 'learning_rate': 0.0006645065091472156, 'epoch': 1.01}
{'loss': 0.6381, 'learning_rate': 0.0006633595228537019, 'epoch': 1.02}
{'loss': 0.6458, 'learning_rate': 0.0006622125365601881, 'epoch': 1.02}
{'loss': 0.6475, 'learning_rate': 0.0006610655502666744, 'epoch': 1.02}
{'loss': 0.6397, 'learning_rate': 0.0006599185639731605, 'epoch': 1.03}
{'loss': 0.6069, 'learning_rate': 0.0006587715776796468, 'epoch': 1.03}
{'eval_loss': 0.6039098501205444, 'eval_bce': 0.5958650859073801, 'eval_n_pos': 2024.0, 'eval_pos_rate': 0.09120814744716327, 'eval_auroc': 0.633026077607707, 'eval_auprc': 0.17944779649342094, 'eval_mcc': 0.12490377686276728, 'eval_precision': 0.21888412017167383, 'eval_recall': 0.17638339920948617, 'eval_f1': 0.19534883720930235, 'eval_runtime': 20.703, 'eval_samples_per_second': 1071.873, 'eval_steps_per_second': 16.761, 'epoch': 1.03}
{'loss': 0.6265, 'learning_rate': 0.000657624591386133, 'epoch': 1.03}
{'loss': 0.6071, 'learning_rate': 0.0006564776050926191, 'epoch': 1.04}
{'loss': 0.6608, 'learning_rate': 0.0006553306187991054, 'epoch': 1.04}
{'loss': 0.624, 'learning_rate': 0.0006541836325055915, 'epoch': 1.04}
{'loss': 0.6362, 'learning_rate': 0.0006530366462120778, 'epoch': 1.05}
{'loss': 0.637, 'learning_rate': 0.0006518896599185639, 'epoch': 1.05}
{'loss': 0.6355, 'learning_rate': 0.0006507426736250502, 'epoch': 1.05}
{'loss': 0.6303, 'learning_rate': 0.0006495956873315364, 'epoch': 1.06}
{'loss': 0.625, 'learning_rate': 0.0006484487010380226, 'epoch': 1.06}
{'loss': 0.6377, 'learning_rate': 0.0006473017147445088, 'epoch': 1.06}
{'loss': 0.6456, 'learning_rate': 0.000646154728450995, 'epoch': 1.07}
{'loss': 0.6144, 'learning_rate': 0.0006450077421574813, 'epoch': 1.07}
{'eval_loss': 0.6034308671951294, 'eval_bce': 0.5947210954445842, 'eval_n_pos': 2024.0, 'eval_pos_rate': 0.09120814744716327, 'eval_auroc': 0.6405993526190694, 'eval_auprc': 0.18572189750841872, 'eval_mcc': 0.13123515678351033, 'eval_precision': 0.2246508803885853, 'eval_recall': 0.18280632411067194, 'eval_f1': 0.20157995096703893, 'eval_runtime': 20.7103, 'eval_samples_per_second': 1071.497, 'eval_steps_per_second': 16.755, 'epoch': 1.07}
{'loss': 0.6356, 'learning_rate': 0.0006438607558639675, 'epoch': 1.07}
{'loss': 0.6201, 'learning_rate': 0.0006427137695704536, 'epoch': 1.08}
{'loss': 0.6695, 'learning_rate': 0.0006415667832769398, 'epoch': 1.08}
{'loss': 0.6149, 'learning_rate': 0.000640419796983426, 'epoch': 1.08}
{'loss': 0.6575, 'learning_rate': 0.0006392728106899123, 'epoch': 1.09}
{'loss': 0.6387, 'learning_rate': 0.0006381258243963984, 'epoch': 1.09}
{'loss': 0.6372, 'learning_rate': 0.0006369788381028847, 'epoch': 1.09}
{'loss': 0.6142, 'learning_rate': 0.0006358318518093709, 'epoch': 1.1}
{'loss': 0.6304, 'learning_rate': 0.0006346848655158572, 'epoch': 1.1}
{'loss': 0.6449, 'learning_rate': 0.0006335378792223432, 'epoch': 1.1}
{'loss': 0.638, 'learning_rate': 0.0006323908929288295, 'epoch': 1.11}
{'loss': 0.6657, 'learning_rate': 0.0006312439066353157, 'epoch': 1.11}
{'loss': 0.6336, 'learning_rate': 0.0006300969203418019, 'epoch': 1.12}
{'eval_loss': 0.5977640151977539, 'eval_bce': 0.588906661519825, 'eval_n_pos': 2024.0, 'eval_pos_rate': 0.09120814744716327, 'eval_auroc': 0.6340339905857236, 'eval_auprc': 0.18217528458917392, 'eval_mcc': 0.1248107983682148, 'eval_precision': 0.22466666666666665, 'eval_recall': 0.166501976284585, 'eval_f1': 0.19125993189557322, 'eval_runtime': 20.7451, 'eval_samples_per_second': 1069.699, 'eval_steps_per_second': 16.727, 'epoch': 1.12}
{'loss': 0.6596, 'learning_rate': 0.0006289499340482881, 'epoch': 1.12}
{'loss': 0.6331, 'learning_rate': 0.0006278029477547743, 'epoch': 1.12}
{'loss': 0.6142, 'learning_rate': 0.0006266559614612606, 'epoch': 1.13}
{'loss': 0.6128, 'learning_rate': 0.0006255089751677468, 'epoch': 1.13}
{'loss': 0.6408, 'learning_rate': 0.000624361988874233, 'epoch': 1.13}
{'loss': 0.6094, 'learning_rate': 0.0006232150025807192, 'epoch': 1.14}
{'loss': 0.6437, 'learning_rate': 0.0006220680162872053, 'epoch': 1.14}
{'loss': 0.6422, 'learning_rate': 0.0006209210299936916, 'epoch': 1.14}
{'loss': 0.6167, 'learning_rate': 0.0006197740437001777, 'epoch': 1.15}
{'loss': 0.6192, 'learning_rate': 0.000618627057406664, 'epoch': 1.15}
{'loss': 0.6579, 'learning_rate': 0.0006174800711131502, 'epoch': 1.15}
{'loss': 0.659, 'learning_rate': 0.0006163330848196365, 'epoch': 1.16}
{'eval_loss': 0.5924225449562073, 'eval_bce': 0.5828783586130786, 'eval_n_pos': 2024.0, 'eval_pos_rate': 0.09120814744716327, 'eval_auroc': 0.6448390989584792, 'eval_auprc': 0.18730311633746594, 'eval_mcc': 0.1337820563181274, 'eval_precision': 0.24344569288389514, 'eval_recall': 0.16057312252964426, 'eval_f1': 0.1935099732063114, 'eval_runtime': 20.7076, 'eval_samples_per_second': 1071.636, 'eval_steps_per_second': 16.757, 'epoch': 1.16}
{'loss': 0.6517, 'learning_rate': 0.0006151860985261226, 'epoch': 1.16}
{'loss': 0.6324, 'learning_rate': 0.0006140391122326089, 'epoch': 1.16}
{'loss': 0.6275, 'learning_rate': 0.0006128921259390951, 'epoch': 1.17}
{'loss': 0.6419, 'learning_rate': 0.0006117451396455813, 'epoch': 1.17}
{'loss': 0.6213, 'learning_rate': 0.0006105981533520674, 'epoch': 1.17}
{'loss': 0.6221, 'learning_rate': 0.0006094511670585536, 'epoch': 1.18}
{'loss': 0.625, 'learning_rate': 0.0006083041807650399, 'epoch': 1.18}
{'loss': 0.6312, 'learning_rate': 0.0006071571944715261, 'epoch': 1.18}
{'loss': 0.6094, 'learning_rate': 0.0006060102081780123, 'epoch': 1.19}
{'loss': 0.6335, 'learning_rate': 0.0006048632218844985, 'epoch': 1.19}
{'loss': 0.6617, 'learning_rate': 0.0006037162355909847, 'epoch': 1.19}
{'loss': 0.61, 'learning_rate': 0.000602569249297471, 'epoch': 1.2}
{'loss': 0.6389, 'learning_rate': 0.000601422263003957, 'epoch': 1.2}
{'eval_loss': 0.604745626449585, 'eval_bce': 0.5957870160405253, 'eval_n_pos': 2024.0, 'eval_pos_rate': 0.09120814744716327, 'eval_auroc': 0.6337225349164515, 'eval_auprc': 0.18372454818952166, 'eval_mcc': 0.12542590808337065, 'eval_precision': 0.21477663230240548, 'eval_recall': 0.18527667984189725, 'eval_f1': 0.1989389920424403, 'eval_runtime': 20.7111, 'eval_samples_per_second': 1071.452, 'eval_steps_per_second': 16.754, 'epoch': 1.2}
{'loss': 0.6289, 'learning_rate': 0.0006002752767104433, 'epoch': 1.2}
{'loss': 0.6437, 'learning_rate': 0.0005991282904169295, 'epoch': 1.21}
{'loss': 0.6389, 'learning_rate': 0.0005979813041234158, 'epoch': 1.21}
{'loss': 0.6196, 'learning_rate': 0.0005968343178299019, 'epoch': 1.21}
{'loss': 0.6215, 'learning_rate': 0.0005956873315363881, 'epoch': 1.22}
{'loss': 0.615, 'learning_rate': 0.0005945403452428744, 'epoch': 1.22}
{'loss': 0.6416, 'learning_rate': 0.0005933933589493606, 'epoch': 1.22}
{'loss': 0.6439, 'learning_rate': 0.0005922463726558468, 'epoch': 1.23}
{'loss': 0.6339, 'learning_rate': 0.000591099386362333, 'epoch': 1.23}
{'loss': 0.6369, 'learning_rate': 0.0005899524000688193, 'epoch': 1.24}
{'loss': 0.6448, 'learning_rate': 0.0005888054137753054, 'epoch': 1.24}
{'loss': 0.6383, 'learning_rate': 0.0005876584274817916, 'epoch': 1.24}
{'eval_loss': 0.5996013283729553, 'eval_bce': 0.590882029954598, 'eval_n_pos': 2024.0, 'eval_pos_rate': 0.09120814744716327, 'eval_auroc': 0.6375114263292812, 'eval_auprc': 0.1820678782921779, 'eval_mcc': 0.1297682235949554, 'eval_precision': 0.22564424890006285, 'eval_recall': 0.1773715415019763, 'eval_f1': 0.19861687413554632, 'eval_runtime': 20.7272, 'eval_samples_per_second': 1070.62, 'eval_steps_per_second': 16.741, 'epoch': 1.24}
{'loss': 0.6259, 'learning_rate': 0.0005865114411882778, 'epoch': 1.25}
{'loss': 0.6261, 'learning_rate': 0.000585364454894764, 'epoch': 1.25}
{'loss': 0.6212, 'learning_rate': 0.0005842174686012503, 'epoch': 1.25}
{'loss': 0.6177, 'learning_rate': 0.0005830704823077364, 'epoch': 1.26}
{'loss': 0.6274, 'learning_rate': 0.0005819234960142227, 'epoch': 1.26}
{'loss': 0.6582, 'learning_rate': 0.0005807765097207089, 'epoch': 1.26}
{'loss': 0.6354, 'learning_rate': 0.0005796295234271952, 'epoch': 1.27}
{'loss': 0.6347, 'learning_rate': 0.0005784825371336812, 'epoch': 1.27}
{'loss': 0.6231, 'learning_rate': 0.0005773355508401674, 'epoch': 1.27}
{'loss': 0.62, 'learning_rate': 0.0005761885645466537, 'epoch': 1.28}
{'loss': 0.6191, 'learning_rate': 0.0005750415782531398, 'epoch': 1.28}
{'loss': 0.6261, 'learning_rate': 0.0005738945919596261, 'epoch': 1.28}
{'loss': 0.637, 'learning_rate': 0.0005727476056661123, 'epoch': 1.29}
{'eval_loss': 0.6066100597381592, 'eval_bce': 0.5983983786218262, 'eval_n_pos': 2024.0, 'eval_pos_rate': 0.09120814744716327, 'eval_auroc': 0.6456558463117553, 'eval_auprc': 0.18460493711097986, 'eval_mcc': 0.13314210347878716, 'eval_precision': 0.21929824561403508, 'eval_recall': 0.1976284584980237, 'eval_f1': 0.20790020790020788, 'eval_runtime': 22.2821, 'eval_samples_per_second': 995.912, 'eval_steps_per_second': 15.573, 'epoch': 1.29}
{'loss': 0.6595, 'learning_rate': 0.0005716006193725986, 'epoch': 1.29}
{'loss': 0.6091, 'learning_rate': 0.0005704536330790847, 'epoch': 1.29}
{'loss': 0.6351, 'learning_rate': 0.0005693066467855708, 'epoch': 1.3}
{'loss': 0.645, 'learning_rate': 0.0005681596604920571, 'epoch': 1.3}
{'loss': 0.6264, 'learning_rate': 0.0005670126741985433, 'epoch': 1.3}
{'loss': 0.6365, 'learning_rate': 0.0005658656879050295, 'epoch': 1.31}
{'loss': 0.595, 'learning_rate': 0.0005647187016115157, 'epoch': 1.31}
{'loss': 0.6194, 'learning_rate': 0.000563571715318002, 'epoch': 1.31}
{'loss': 0.5961, 'learning_rate': 0.0005624247290244882, 'epoch': 1.32}
{'loss': 0.6286, 'learning_rate': 0.0005612777427309744, 'epoch': 1.32}
{'loss': 0.6152, 'learning_rate': 0.0005601307564374606, 'epoch': 1.32}
{'loss': 0.6208, 'learning_rate': 0.0005589837701439468, 'epoch': 1.33}
{'eval_loss': 0.6094054579734802, 'eval_bce': 0.601233814221736, 'eval_n_pos': 2024.0, 'eval_pos_rate': 0.09120814744716327, 'eval_auroc': 0.6419871469474944, 'eval_auprc': 0.18284983246131192, 'eval_mcc': 0.13761627861490794, 'eval_precision': 0.2215122470713525, 'eval_recall': 0.20553359683794467, 'eval_f1': 0.2132239876986161, 'eval_runtime': 22.1832, 'eval_samples_per_second': 1000.353, 'eval_steps_per_second': 15.642, 'epoch': 1.33}
{'loss': 0.6259, 'learning_rate': 0.000557836783850433, 'epoch': 1.33}
{'loss': 0.6522, 'learning_rate': 0.0005566897975569191, 'epoch': 1.33}
{'loss': 0.6154, 'learning_rate': 0.0005555428112634054, 'epoch': 1.34}
{'loss': 0.6591, 'learning_rate': 0.0005543958249698916, 'epoch': 1.34}
{'loss': 0.6514, 'learning_rate': 0.0005532488386763779, 'epoch': 1.34}
{'loss': 0.6203, 'learning_rate': 0.000552101852382864, 'epoch': 1.35}
{'loss': 0.6343, 'learning_rate': 0.0005509548660893502, 'epoch': 1.35}
{'loss': 0.6316, 'learning_rate': 0.0005498078797958365, 'epoch': 1.36}
{'loss': 0.6424, 'learning_rate': 0.0005486608935023227, 'epoch': 1.36}
{'loss': 0.62, 'learning_rate': 0.0005475139072088088, 'epoch': 1.36}
{'loss': 0.6434, 'learning_rate': 0.000546366920915295, 'epoch': 1.37}
{'loss': 0.5987, 'learning_rate': 0.0005452199346217813, 'epoch': 1.37}
{'loss': 0.6028, 'learning_rate': 0.0005440729483282675, 'epoch': 1.37}
{'eval_loss': 0.6183673143386841, 'eval_bce': 0.6105895072804635, 'eval_n_pos': 2024.0, 'eval_pos_rate': 0.09120814744716327, 'eval_auroc': 0.6372127836321654, 'eval_auprc': 0.18184913318419274, 'eval_mcc': 0.13019257078835303, 'eval_precision': 0.20567705909725453, 'eval_recall': 0.2183794466403162, 'eval_f1': 0.2118380062305296, 'eval_runtime': 22.2131, 'eval_samples_per_second': 999.005, 'eval_steps_per_second': 15.621, 'epoch': 1.37}
{'loss': 0.6344, 'learning_rate': 0.0005429259620347537, 'epoch': 1.38}
{'loss': 0.6445, 'learning_rate': 0.0005417789757412399, 'epoch': 1.38}
{'loss': 0.61, 'learning_rate': 0.0005406319894477261, 'epoch': 1.38}
{'loss': 0.6503, 'learning_rate': 0.0005394850031542124, 'epoch': 1.39}
{'loss': 0.6225, 'learning_rate': 0.0005383380168606985, 'epoch': 1.39}
{'loss': 0.6341, 'learning_rate': 0.0005371910305671848, 'epoch': 1.39}
{'loss': 0.6453, 'learning_rate': 0.0005360440442736709, 'epoch': 1.4}
{'loss': 0.6154, 'learning_rate': 0.0005348970579801572, 'epoch': 1.4}
{'loss': 0.613, 'learning_rate': 0.0005337500716866433, 'epoch': 1.4}
{'loss': 0.628, 'learning_rate': 0.0005326030853931295, 'epoch': 1.41}
{'loss': 0.6285, 'learning_rate': 0.0005314560990996158, 'epoch': 1.41}
{'loss': 0.6227, 'learning_rate': 0.000530309112806102, 'epoch': 1.41}
{'eval_loss': 0.5976980924606323, 'eval_bce': 0.5884892001372333, 'eval_n_pos': 2024.0, 'eval_pos_rate': 0.09120814744716327, 'eval_auroc': 0.6335607680805981, 'eval_auprc': 0.18261348357892512, 'eval_mcc': 0.13067790814287672, 'eval_precision': 0.235045742434905, 'eval_recall': 0.1650197628458498, 'eval_f1': 0.19390420899854863, 'eval_runtime': 22.1786, 'eval_samples_per_second': 1000.558, 'eval_steps_per_second': 15.646, 'epoch': 1.42}
{'loss': 0.6396, 'learning_rate': 0.0005291621265125882, 'epoch': 1.42}
{'loss': 0.6035, 'learning_rate': 0.0005280151402190744, 'epoch': 1.42}
{'loss': 0.648, 'learning_rate': 0.0005268681539255607, 'epoch': 1.42}
{'loss': 0.6101, 'learning_rate': 0.0005257211676320469, 'epoch': 1.43}
{'loss': 0.5985, 'learning_rate': 0.0005245741813385329, 'epoch': 1.43}
{'loss': 0.6424, 'learning_rate': 0.0005234271950450192, 'epoch': 1.43}
{'loss': 0.6163, 'learning_rate': 0.0005222802087515054, 'epoch': 1.44}
{'loss': 0.6386, 'learning_rate': 0.0005211332224579917, 'epoch': 1.44}
{'loss': 0.6574, 'learning_rate': 0.0005199862361644778, 'epoch': 1.44}
{'loss': 0.5873, 'learning_rate': 0.0005188392498709641, 'epoch': 1.45}
{'loss': 0.6287, 'learning_rate': 0.0005176922635774503, 'epoch': 1.45}
{'loss': 0.6244, 'learning_rate': 0.0005165452772839366, 'epoch': 1.45}
{'loss': 0.6372, 'learning_rate': 0.0005153982909904226, 'epoch': 1.46}
{'eval_loss': 0.593318521976471, 'eval_bce': 0.5831217989162533, 'eval_n_pos': 2024.0, 'eval_pos_rate': 0.09120814744716327, 'eval_auroc': 0.6484053190444766, 'eval_auprc': 0.1887539215456278, 'eval_mcc': 0.1400662615573185, 'eval_precision': 0.24853801169590642, 'eval_recall': 0.16798418972332016, 'eval_f1': 0.20047169811320756, 'eval_runtime': 22.1963, 'eval_samples_per_second': 999.759, 'eval_steps_per_second': 15.633, 'epoch': 1.46}
{'loss': 0.6317, 'learning_rate': 0.0005142513046969088, 'epoch': 1.46}
{'loss': 0.642, 'learning_rate': 0.0005131043184033951, 'epoch': 1.47}
{'loss': 0.6318, 'learning_rate': 0.0005119573321098813, 'epoch': 1.47}
{'loss': 0.6411, 'learning_rate': 0.0005108103458163675, 'epoch': 1.47}
{'loss': 0.6307, 'learning_rate': 0.0005096633595228537, 'epoch': 1.48}
{'loss': 0.6329, 'learning_rate': 0.00050851637322934, 'epoch': 1.48}
{'loss': 0.6525, 'learning_rate': 0.0005073693869358262, 'epoch': 1.48}
{'loss': 0.6325, 'learning_rate': 0.0005062224006423123, 'epoch': 1.49}
{'loss': 0.6314, 'learning_rate': 0.0005050754143487986, 'epoch': 1.49}
{'loss': 0.6143, 'learning_rate': 0.0005039284280552847, 'epoch': 1.49}
{'loss': 0.6153, 'learning_rate': 0.0005027814417617709, 'epoch': 1.5}
{'loss': 0.6565, 'learning_rate': 0.0005016344554682571, 'epoch': 1.5}
{'eval_loss': 0.5968353152275085, 'eval_bce': 0.587193361422384, 'eval_n_pos': 2024.0, 'eval_pos_rate': 0.09120814744716327, 'eval_auroc': 0.6337674170674864, 'eval_auprc': 0.18636999849773084, 'eval_mcc': 0.1372015231677879, 'eval_precision': 0.24021962937542896, 'eval_recall': 0.17292490118577075, 'eval_f1': 0.20109164033323756, 'eval_runtime': 22.1831, 'eval_samples_per_second': 1000.357, 'eval_steps_per_second': 15.643, 'epoch': 1.5}
{'loss': 0.651, 'learning_rate': 0.0005004874691747434, 'epoch': 1.5}
{'loss': 0.617, 'learning_rate': 0.0004993404828812296, 'epoch': 1.51}
{'loss': 0.6644, 'learning_rate': 0.0004981934965877158, 'epoch': 1.51}
{'loss': 0.6181, 'learning_rate': 0.000497046510294202, 'epoch': 1.51}
{'loss': 0.6392, 'learning_rate': 0.0004958995240006882, 'epoch': 1.52}
{'loss': 0.6383, 'learning_rate': 0.0004947525377071745, 'epoch': 1.52}
{'loss': 0.6221, 'learning_rate': 0.0004936055514136605, 'epoch': 1.52}
{'loss': 0.6296, 'learning_rate': 0.0004924585651201468, 'epoch': 1.53}
{'loss': 0.6351, 'learning_rate': 0.000491311578826633, 'epoch': 1.53}
{'loss': 0.621, 'learning_rate': 0.0004901645925331192, 'epoch': 1.53}
{'loss': 0.6509, 'learning_rate': 0.0004890176062396054, 'epoch': 1.54}
{'loss': 0.6255, 'learning_rate': 0.00048787061994609164, 'epoch': 1.54}
{'loss': 0.6252, 'learning_rate': 0.0004867236336525779, 'epoch': 1.54}
{'eval_loss': 0.6061446070671082, 'eval_bce': 0.5969895447580135, 'eval_n_pos': 2024.0, 'eval_pos_rate': 0.09120814744716327, 'eval_auroc': 0.6375536993378021, 'eval_auprc': 0.18668473228040497, 'eval_mcc': 0.13448550259335357, 'eval_precision': 0.22440717177559283, 'eval_recall': 0.191699604743083, 'eval_f1': 0.20676791899813485, 'eval_runtime': 22.1818, 'eval_samples_per_second': 1000.414, 'eval_steps_per_second': 15.643, 'epoch': 1.54}
{'loss': 0.5986, 'learning_rate': 0.0004855766473590641, 'epoch': 1.55}
{'loss': 0.6455, 'learning_rate': 0.00048442966106555026, 'epoch': 1.55}
{'loss': 0.6579, 'learning_rate': 0.00048328267477203645, 'epoch': 1.55}
{'loss': 0.6302, 'learning_rate': 0.0004821356884785227, 'epoch': 1.56}
{'loss': 0.6365, 'learning_rate': 0.0004809887021850089, 'epoch': 1.56}
{'loss': 0.6503, 'learning_rate': 0.0004798417158914951, 'epoch': 1.56}
{'loss': 0.6219, 'learning_rate': 0.0004786947295979813, 'epoch': 1.57}
{'loss': 0.5983, 'learning_rate': 0.00047754774330446755, 'epoch': 1.57}
{'loss': 0.6351, 'learning_rate': 0.00047640075701095374, 'epoch': 1.57}
{'loss': 0.6164, 'learning_rate': 0.0004752537707174399, 'epoch': 1.58}
{'loss': 0.6293, 'learning_rate': 0.0004741067844239261, 'epoch': 1.58}
{'loss': 0.6093, 'learning_rate': 0.00047295979813041236, 'epoch': 1.59}
{'eval_loss': 0.607423722743988, 'eval_bce': 0.5978815127986892, 'eval_n_pos': 2024.0, 'eval_pos_rate': 0.09120814744716327, 'eval_auroc': 0.6447337777972898, 'eval_auprc': 0.18999788008367458, 'eval_mcc': 0.13956070563846582, 'eval_precision': 0.2293471981513576, 'eval_recall': 0.19614624505928854, 'eval_f1': 0.2114513981358189, 'eval_runtime': 20.7367, 'eval_samples_per_second': 1070.13, 'eval_steps_per_second': 16.734, 'epoch': 1.59}
{'loss': 0.6325, 'learning_rate': 0.00047181281183689854, 'epoch': 1.59}
{'loss': 0.6684, 'learning_rate': 0.0004706658255433848, 'epoch': 1.59}
{'loss': 0.6305, 'learning_rate': 0.000469518839249871, 'epoch': 1.6}
{'loss': 0.6394, 'learning_rate': 0.0004683718529563572, 'epoch': 1.6}
{'loss': 0.634, 'learning_rate': 0.00046722486666284335, 'epoch': 1.6}
{'loss': 0.6275, 'learning_rate': 0.0004660778803693296, 'epoch': 1.61}
{'loss': 0.6145, 'learning_rate': 0.0004649308940758158, 'epoch': 1.61}
{'loss': 0.6398, 'learning_rate': 0.000463783907782302, 'epoch': 1.61}
{'loss': 0.6495, 'learning_rate': 0.0004626369214887882, 'epoch': 1.62}
{'loss': 0.6082, 'learning_rate': 0.00046148993519527445, 'epoch': 1.62}
{'loss': 0.6039, 'learning_rate': 0.00046034294890176064, 'epoch': 1.62}
{'loss': 0.6289, 'learning_rate': 0.0004591959626082469, 'epoch': 1.63}
{'loss': 0.605, 'learning_rate': 0.000458048976314733, 'epoch': 1.63}
{'eval_loss': 0.6153866052627563, 'eval_bce': 0.6071335084634433, 'eval_n_pos': 2024.0, 'eval_pos_rate': 0.09120814744716327, 'eval_auroc': 0.6415187139950582, 'eval_auprc': 0.185101462412937, 'eval_mcc': 0.13539001825132269, 'eval_precision': 0.21485543369890328, 'eval_recall': 0.21294466403162055, 'eval_f1': 0.2138957816377171, 'eval_runtime': 20.7553, 'eval_samples_per_second': 1069.171, 'eval_steps_per_second': 16.719, 'epoch': 1.63}
{'loss': 0.6244, 'learning_rate': 0.00045690199002121926, 'epoch': 1.63}
{'loss': 0.6557, 'learning_rate': 0.00045575500372770544, 'epoch': 1.64}
{'loss': 0.6271, 'learning_rate': 0.0004546080174341917, 'epoch': 1.64}
{'loss': 0.6556, 'learning_rate': 0.0004534610311406779, 'epoch': 1.64}
{'loss': 0.6422, 'learning_rate': 0.0004523140448471641, 'epoch': 1.65}
{'loss': 0.6303, 'learning_rate': 0.0004511670585536503, 'epoch': 1.65}
{'loss': 0.6355, 'learning_rate': 0.00045002007226013655, 'epoch': 1.65}
{'loss': 0.6373, 'learning_rate': 0.0004488730859666227, 'epoch': 1.66}
{'loss': 0.6407, 'learning_rate': 0.0004477260996731089, 'epoch': 1.66}
{'loss': 0.6379, 'learning_rate': 0.0004465791133795951, 'epoch': 1.66}
{'loss': 0.6539, 'learning_rate': 0.00044543212708608135, 'epoch': 1.67}
{'loss': 0.6227, 'learning_rate': 0.00044428514079256754, 'epoch': 1.67}
{'eval_loss': 0.6051777005195618, 'eval_bce': 0.5965916844835214, 'eval_n_pos': 2024.0, 'eval_pos_rate': 0.09120814744716327, 'eval_auroc': 0.6395318703450693, 'eval_auprc': 0.1806434909236988, 'eval_mcc': 0.1308374809135849, 'eval_precision': 0.22099767981438515, 'eval_recall': 0.18824110671936758, 'eval_f1': 0.20330843116328706, 'eval_runtime': 20.7393, 'eval_samples_per_second': 1069.995, 'eval_steps_per_second': 16.731, 'epoch': 1.67}
{'loss': 0.636, 'learning_rate': 0.0004431381544990538, 'epoch': 1.67}
{'loss': 0.6, 'learning_rate': 0.00044199116820553997, 'epoch': 1.68}
{'loss': 0.6236, 'learning_rate': 0.0004408441819120262, 'epoch': 1.68}
{'loss': 0.6323, 'learning_rate': 0.00043969719561851234, 'epoch': 1.68}
{'loss': 0.6578, 'learning_rate': 0.0004385502093249986, 'epoch': 1.69}
{'loss': 0.6536, 'learning_rate': 0.0004374032230314848, 'epoch': 1.69}
{'loss': 0.6343, 'learning_rate': 0.000436256236737971, 'epoch': 1.69}
{'loss': 0.624, 'learning_rate': 0.0004351092504444572, 'epoch': 1.7}
{'loss': 0.6381, 'learning_rate': 0.00043396226415094345, 'epoch': 1.7}
{'loss': 0.6142, 'learning_rate': 0.00043281527785742963, 'epoch': 1.71}
{'loss': 0.6398, 'learning_rate': 0.0004316682915639158, 'epoch': 1.71}
{'loss': 0.6522, 'learning_rate': 0.000430521305270402, 'epoch': 1.71}
{'loss': 0.6446, 'learning_rate': 0.0004293743189768882, 'epoch': 1.72}
{'eval_loss': 0.5969488620758057, 'eval_bce': 0.5868016577189127, 'eval_n_pos': 2024.0, 'eval_pos_rate': 0.09120814744716327, 'eval_auroc': 0.6435279619720787, 'eval_auprc': 0.19110707877874888, 'eval_mcc': 0.13502709213761957, 'eval_precision': 0.2401129943502825, 'eval_recall': 0.16798418972332016, 'eval_f1': 0.19767441860465118, 'eval_runtime': 20.743, 'eval_samples_per_second': 1069.804, 'eval_steps_per_second': 16.728, 'epoch': 1.72}
{'loss': 0.6239, 'learning_rate': 0.00042822733268337444, 'epoch': 1.72}
{'loss': 0.614, 'learning_rate': 0.0004270803463898606, 'epoch': 1.72}
{'loss': 0.6382, 'learning_rate': 0.00042593336009634687, 'epoch': 1.73}
{'loss': 0.6443, 'learning_rate': 0.00042478637380283306, 'epoch': 1.73}
{'loss': 0.6205, 'learning_rate': 0.0004236393875093193, 'epoch': 1.73}
{'loss': 0.622, 'learning_rate': 0.00042249240121580543, 'epoch': 1.74}
{'loss': 0.635, 'learning_rate': 0.0004213454149222917, 'epoch': 1.74}
{'loss': 0.6209, 'learning_rate': 0.00042019842862877786, 'epoch': 1.74}
{'loss': 0.6317, 'learning_rate': 0.0004190514423352641, 'epoch': 1.75}
{'loss': 0.656, 'learning_rate': 0.0004179044560417503, 'epoch': 1.75}
{'loss': 0.6304, 'learning_rate': 0.00041675746974823653, 'epoch': 1.75}
{'loss': 0.6571, 'learning_rate': 0.0004156104834547227, 'epoch': 1.76}
{'eval_loss': 0.5963230729103088, 'eval_bce': 0.5860892535394481, 'eval_n_pos': 2024.0, 'eval_pos_rate': 0.09120814744716327, 'eval_auroc': 0.6446427640466923, 'eval_auprc': 0.18728384261350584, 'eval_mcc': 0.13218395305138775, 'eval_precision': 0.23346828609986506, 'eval_recall': 0.17094861660079053, 'eval_f1': 0.19737592698231607, 'eval_runtime': 20.7164, 'eval_samples_per_second': 1071.178, 'eval_steps_per_second': 16.75, 'epoch': 1.76}
{'loss': 0.6312, 'learning_rate': 0.00041446349716120896, 'epoch': 1.76}
{'loss': 0.5994, 'learning_rate': 0.0004133165108676951, 'epoch': 1.76}
{'loss': 0.6106, 'learning_rate': 0.00041216952457418134, 'epoch': 1.77}
{'loss': 0.6229, 'learning_rate': 0.0004110225382806675, 'epoch': 1.77}
{'loss': 0.6183, 'learning_rate': 0.00040987555198715377, 'epoch': 1.77}
{'loss': 0.6591, 'learning_rate': 0.00040872856569363996, 'epoch': 1.78}
{'loss': 0.6337, 'learning_rate': 0.0004075815794001262, 'epoch': 1.78}
{'loss': 0.6178, 'learning_rate': 0.0004064345931066124, 'epoch': 1.78}
{'loss': 0.6427, 'learning_rate': 0.00040528760681309863, 'epoch': 1.79}
{'loss': 0.6349, 'learning_rate': 0.00040414062051958476, 'epoch': 1.79}
{'loss': 0.6275, 'learning_rate': 0.000402993634226071, 'epoch': 1.79}
{'loss': 0.5942, 'learning_rate': 0.0004018466479325572, 'epoch': 1.8}
{'loss': 0.6088, 'learning_rate': 0.00040069966163904343, 'epoch': 1.8}
{'eval_loss': 0.6145932674407959, 'eval_bce': 0.6060750442410845, 'eval_n_pos': 2024.0, 'eval_pos_rate': 0.09120814744716327, 'eval_auroc': 0.642634214290908, 'eval_auprc': 0.18245549478898687, 'eval_mcc': 0.13131472313843476, 'eval_precision': 0.21057834898665348, 'eval_recall': 0.21047430830039526, 'eval_f1': 0.21052631578947367, 'eval_runtime': 20.7432, 'eval_samples_per_second': 1069.796, 'eval_steps_per_second': 16.728, 'epoch': 1.8}
{'loss': 0.6425, 'learning_rate': 0.0003995526753455296, 'epoch': 1.8}
{'loss': 0.6215, 'learning_rate': 0.00039840568905201586, 'epoch': 1.81}
{'loss': 0.6176, 'learning_rate': 0.00039725870275850205, 'epoch': 1.81}
{'loss': 0.6216, 'learning_rate': 0.00039611171646498824, 'epoch': 1.82}
{'loss': 0.6435, 'learning_rate': 0.0003949647301714744, 'epoch': 1.82}
{'loss': 0.6533, 'learning_rate': 0.00039381774387796067, 'epoch': 1.82}
{'loss': 0.6452, 'learning_rate': 0.00039267075758444686, 'epoch': 1.83}
{'loss': 0.6379, 'learning_rate': 0.0003915237712909331, 'epoch': 1.83}
{'loss': 0.6579, 'learning_rate': 0.0003903767849974193, 'epoch': 1.83}
{'loss': 0.6313, 'learning_rate': 0.00038922979870390553, 'epoch': 1.84}
{'loss': 0.6272, 'learning_rate': 0.0003880828124103917, 'epoch': 1.84}
{'loss': 0.6128, 'learning_rate': 0.0003869358261168779, 'epoch': 1.84}
{'eval_loss': 0.6015291213989258, 'eval_bce': 0.5916453278098818, 'eval_n_pos': 2024.0, 'eval_pos_rate': 0.09120814744716327, 'eval_auroc': 0.6439374013548136, 'eval_auprc': 0.19008382014200692, 'eval_mcc': 0.14265122633601413, 'eval_precision': 0.23969562460367788, 'eval_recall': 0.18675889328063242, 'eval_f1': 0.2099416828658706, 'eval_runtime': 20.7087, 'eval_samples_per_second': 1071.581, 'eval_steps_per_second': 16.756, 'epoch': 1.84}
{'loss': 0.6314, 'learning_rate': 0.0003857888398233641, 'epoch': 1.85}
{'loss': 0.6712, 'learning_rate': 0.00038464185352985033, 'epoch': 1.85}
{'loss': 0.6167, 'learning_rate': 0.0003834948672363365, 'epoch': 1.85}
{'loss': 0.6054, 'learning_rate': 0.00038234788094282276, 'epoch': 1.86}
{'loss': 0.6201, 'learning_rate': 0.00038120089464930895, 'epoch': 1.86}
{'loss': 0.6576, 'learning_rate': 0.0003800539083557952, 'epoch': 1.86}
{'loss': 0.6122, 'learning_rate': 0.0003789069220622814, 'epoch': 1.87}
{'loss': 0.628, 'learning_rate': 0.00037775993576876757, 'epoch': 1.87}
{'loss': 0.6166, 'learning_rate': 0.00037661294947525376, 'epoch': 1.87}
{'loss': 0.6284, 'learning_rate': 0.00037546596318174, 'epoch': 1.88}
{'loss': 0.6129, 'learning_rate': 0.0003743189768882262, 'epoch': 1.88}
{'loss': 0.6205, 'learning_rate': 0.00037317199059471243, 'epoch': 1.88}
{'loss': 0.6344, 'learning_rate': 0.0003720250043011986, 'epoch': 1.89}
{'eval_loss': 0.5990006923675537, 'eval_bce': 0.588499364565472, 'eval_n_pos': 2024.0, 'eval_pos_rate': 0.09120814744716327, 'eval_auroc': 0.6422870635921283, 'eval_auprc': 0.1926891515267852, 'eval_mcc': 0.1392038857092711, 'eval_precision': 0.24075319435104237, 'eval_recall': 0.17687747035573123, 'eval_f1': 0.20393050412987754, 'eval_runtime': 20.735, 'eval_samples_per_second': 1070.222, 'eval_steps_per_second': 16.735, 'epoch': 1.89}
{'loss': 0.6426, 'learning_rate': 0.00037087801800768486, 'epoch': 1.89}
{'loss': 0.654, 'learning_rate': 0.00036973103171417104, 'epoch': 1.89}
{'loss': 0.6285, 'learning_rate': 0.00036858404542065723, 'epoch': 1.9}
{'loss': 0.6012, 'learning_rate': 0.0003674370591271434, 'epoch': 1.9}
{'loss': 0.6079, 'learning_rate': 0.00036629007283362966, 'epoch': 1.9}
{'loss': 0.6223, 'learning_rate': 0.00036514308654011585, 'epoch': 1.91}
{'loss': 0.6525, 'learning_rate': 0.0003639961002466021, 'epoch': 1.91}
{'loss': 0.6369, 'learning_rate': 0.0003628491139530883, 'epoch': 1.91}
{'loss': 0.6178, 'learning_rate': 0.0003617021276595745, 'epoch': 1.92}
{'loss': 0.6317, 'learning_rate': 0.00036055514136606066, 'epoch': 1.92}
{'loss': 0.6081, 'learning_rate': 0.0003594081550725469, 'epoch': 1.92}
{'loss': 0.6467, 'learning_rate': 0.0003582611687790331, 'epoch': 1.93}
{'eval_loss': 0.6020877957344055, 'eval_bce': 0.5924282417979623, 'eval_n_pos': 2024.0, 'eval_pos_rate': 0.09120814744716327, 'eval_auroc': 0.6408708014364641, 'eval_auprc': 0.18882067274349268, 'eval_mcc': 0.13394697449368093, 'eval_precision': 0.22669873722188816, 'eval_recall': 0.18626482213438736, 'eval_f1': 0.20450230539734202, 'eval_runtime': 20.7579, 'eval_samples_per_second': 1069.041, 'eval_steps_per_second': 16.717, 'epoch': 1.93}
{'loss': 0.6081, 'learning_rate': 0.0003571141824855193, 'epoch': 1.93}
{'loss': 0.642, 'learning_rate': 0.0003559671961920055, 'epoch': 1.94}
{'loss': 0.6333, 'learning_rate': 0.00035482020989849176, 'epoch': 1.94}
{'loss': 0.6094, 'learning_rate': 0.00035367322360497794, 'epoch': 1.94}
{'loss': 0.6554, 'learning_rate': 0.0003525262373114642, 'epoch': 1.95}
{'loss': 0.6295, 'learning_rate': 0.0003513792510179503, 'epoch': 1.95}
{'loss': 0.6394, 'learning_rate': 0.0003502322647244365, 'epoch': 1.95}
{'loss': 0.6188, 'learning_rate': 0.00034908527843092275, 'epoch': 1.96}
{'loss': 0.6085, 'learning_rate': 0.00034793829213740894, 'epoch': 1.96}
{'loss': 0.6087, 'learning_rate': 0.0003467913058438952, 'epoch': 1.96}
{'loss': 0.617, 'learning_rate': 0.00034564431955038137, 'epoch': 1.97}
{'loss': 0.6125, 'learning_rate': 0.0003444973332568676, 'epoch': 1.97}
{'loss': 0.6117, 'learning_rate': 0.0003433503469633538, 'epoch': 1.97}
{'eval_loss': 0.6053638458251953, 'eval_bce': 0.5958467679610964, 'eval_n_pos': 2024.0, 'eval_pos_rate': 0.09120814744716327, 'eval_auroc': 0.6428094678211638, 'eval_auprc': 0.18859517463255482, 'eval_mcc': 0.13484833668151344, 'eval_precision': 0.2230378317334839, 'eval_recall': 0.19515810276679843, 'eval_f1': 0.20816864295125162, 'eval_runtime': 20.7381, 'eval_samples_per_second': 1070.057, 'eval_steps_per_second': 16.732, 'epoch': 1.97}
{'loss': 0.6261, 'learning_rate': 0.00034220336066984, 'epoch': 1.98}
{'loss': 0.6171, 'learning_rate': 0.00034105637437632617, 'epoch': 1.98}
{'loss': 0.6344, 'learning_rate': 0.0003399093880828124, 'epoch': 1.98}
{'loss': 0.6299, 'learning_rate': 0.0003387624017892986, 'epoch': 1.99}
{'loss': 0.6261, 'learning_rate': 0.00033761541549578484, 'epoch': 1.99}
{'loss': 0.6413, 'learning_rate': 0.00033646842920227103, 'epoch': 1.99}
{'loss': 0.66, 'learning_rate': 0.0003353214429087573, 'epoch': 2.0}
{'loss': 0.6179, 'learning_rate': 0.0003341744566152434, 'epoch': 2.0}
{'loss': 0.6162, 'learning_rate': 0.00033302747032172965, 'epoch': 2.0}
{'loss': 0.6196, 'learning_rate': 0.00033188048402821584, 'epoch': 2.01}
{'loss': 0.6251, 'learning_rate': 0.0003307334977347021, 'epoch': 2.01}
{'loss': 0.651, 'learning_rate': 0.00032958651144118827, 'epoch': 2.01}
{'eval_loss': 0.6037849187850952, 'eval_bce': 0.5940720963486518, 'eval_n_pos': 2024.0, 'eval_pos_rate': 0.09120814744716327, 'eval_auroc': 0.6418063198968454, 'eval_auprc': 0.18834882485693422, 'eval_mcc': 0.13609212059063078, 'eval_precision': 0.22732626619552415, 'eval_recall': 0.1907114624505929, 'eval_f1': 0.20741536808167652, 'eval_runtime': 20.7756, 'eval_samples_per_second': 1068.13, 'eval_steps_per_second': 16.702, 'epoch': 2.02}
{'loss': 0.6119, 'learning_rate': 0.0003284395251476745, 'epoch': 2.02}
{'loss': 0.6435, 'learning_rate': 0.0003272925388541607, 'epoch': 2.02}
{'loss': 0.6214, 'learning_rate': 0.00032614555256064694, 'epoch': 2.02}
{'loss': 0.6402, 'learning_rate': 0.00032499856626713307, 'epoch': 2.03}
{'loss': 0.6187, 'learning_rate': 0.0003238515799736193, 'epoch': 2.03}
{'loss': 0.6367, 'learning_rate': 0.0003227045936801055, 'epoch': 2.03}
{'loss': 0.6212, 'learning_rate': 0.00032155760738659174, 'epoch': 2.04}
{'loss': 0.6398, 'learning_rate': 0.00032041062109307793, 'epoch': 2.04}
{'loss': 0.6608, 'learning_rate': 0.0003192636347995642, 'epoch': 2.04}
{'loss': 0.6427, 'learning_rate': 0.00031811664850605036, 'epoch': 2.05}
{'loss': 0.6371, 'learning_rate': 0.0003169696622125366, 'epoch': 2.05}
{'loss': 0.6093, 'learning_rate': 0.00031582267591902274, 'epoch': 2.06}
{'loss': 0.6182, 'learning_rate': 0.000314675689625509, 'epoch': 2.06}
{'eval_loss': 0.602462649345398, 'eval_bce': 0.5928067017821453, 'eval_n_pos': 2024.0, 'eval_pos_rate': 0.09120814744716327, 'eval_auroc': 0.6386618989344114, 'eval_auprc': 0.18741179217692902, 'eval_mcc': 0.1337753533173099, 'eval_precision': 0.229375, 'eval_recall': 0.18132411067193677, 'eval_f1': 0.20253863134657837, 'eval_runtime': 20.7512, 'eval_samples_per_second': 1069.382, 'eval_steps_per_second': 16.722, 'epoch': 2.06}
{'loss': 0.6112, 'learning_rate': 0.00031352870333199517, 'epoch': 2.06}
{'loss': 0.6, 'learning_rate': 0.0003123817170384814, 'epoch': 2.07}
{'loss': 0.6285, 'learning_rate': 0.0003112347307449676, 'epoch': 2.07}
{'loss': 0.6125, 'learning_rate': 0.00031008774445145384, 'epoch': 2.07}
{'loss': 0.6319, 'learning_rate': 0.00030894075815794, 'epoch': 2.08}
{'loss': 0.6337, 'learning_rate': 0.00030779377186442627, 'epoch': 2.08}
{'loss': 0.625, 'learning_rate': 0.0003066467855709124, 'epoch': 2.08}
{'loss': 0.6437, 'learning_rate': 0.00030549979927739864, 'epoch': 2.09}
{'loss': 0.6295, 'learning_rate': 0.00030435281298388483, 'epoch': 2.09}
{'loss': 0.6204, 'learning_rate': 0.0003032058266903711, 'epoch': 2.09}
{'loss': 0.5952, 'learning_rate': 0.00030205884039685726, 'epoch': 2.1}
{'loss': 0.6277, 'learning_rate': 0.0003009118541033435, 'epoch': 2.1}
{'eval_loss': 0.5985625982284546, 'eval_bce': 0.5885859010109917, 'eval_n_pos': 2024.0, 'eval_pos_rate': 0.09120814744716327, 'eval_auroc': 0.6426905742191045, 'eval_auprc': 0.189030776466517, 'eval_mcc': 0.13190530070871864, 'eval_precision': 0.23046875, 'eval_recall': 0.17490118577075098, 'eval_f1': 0.19887640449438204, 'eval_runtime': 20.7543, 'eval_samples_per_second': 1069.224, 'eval_steps_per_second': 16.719, 'epoch': 2.1}
{'loss': 0.6004, 'learning_rate': 0.0002997648678098297, 'epoch': 2.1}
{'loss': 0.6426, 'learning_rate': 0.0002986178815163159, 'epoch': 2.11}
{'loss': 0.6193, 'learning_rate': 0.00029747089522280207, 'epoch': 2.11}
{'loss': 0.6219, 'learning_rate': 0.0002963239089292883, 'epoch': 2.11}
{'loss': 0.6271, 'learning_rate': 0.0002951769226357745, 'epoch': 2.12}
{'loss': 0.6269, 'learning_rate': 0.00029402993634226074, 'epoch': 2.12}
{'loss': 0.6083, 'learning_rate': 0.0002928829500487469, 'epoch': 2.12}
{'loss': 0.6314, 'learning_rate': 0.00029173596375523317, 'epoch': 2.13}
{'loss': 0.6002, 'learning_rate': 0.00029058897746171936, 'epoch': 2.13}
{'loss': 0.6529, 'learning_rate': 0.00028944199116820554, 'epoch': 2.13}
{'loss': 0.6046, 'learning_rate': 0.00028829500487469173, 'epoch': 2.14}
{'loss': 0.6345, 'learning_rate': 0.000287148018581178, 'epoch': 2.14}
{'loss': 0.6123, 'learning_rate': 0.00028600103228766416, 'epoch': 2.14}
{'eval_loss': 0.5994354486465454, 'eval_bce': 0.5897654706035499, 'eval_n_pos': 2024.0, 'eval_pos_rate': 0.09120814744716327, 'eval_auroc': 0.6438020934289591, 'eval_auprc': 0.1896033225374259, 'eval_mcc': 0.13320986626575604, 'eval_precision': 0.22674772036474164, 'eval_recall': 0.1842885375494071, 'eval_f1': 0.20332515671845186, 'eval_runtime': 20.7597, 'eval_samples_per_second': 1068.945, 'eval_steps_per_second': 16.715, 'epoch': 2.14}
{'loss': 0.6226, 'learning_rate': 0.0002848540459941504, 'epoch': 2.15}
{'loss': 0.6368, 'learning_rate': 0.0002837070597006366, 'epoch': 2.15}
{'loss': 0.6252, 'learning_rate': 0.00028256007340712283, 'epoch': 2.15}
{'loss': 0.64, 'learning_rate': 0.000281413087113609, 'epoch': 2.16}
{'loss': 0.6183, 'learning_rate': 0.0002802661008200952, 'epoch': 2.16}
{'loss': 0.6334, 'learning_rate': 0.0002791191145265814, 'epoch': 2.17}
{'loss': 0.6346, 'learning_rate': 0.0002779721282330676, 'epoch': 2.17}
{'loss': 0.6356, 'learning_rate': 0.0002768251419395538, 'epoch': 2.17}
{'loss': 0.6056, 'learning_rate': 0.00027567815564604, 'epoch': 2.18}
{'loss': 0.6307, 'learning_rate': 0.00027453116935252626, 'epoch': 2.18}
{'loss': 0.6105, 'learning_rate': 0.00027338418305901244, 'epoch': 2.18}
{'loss': 0.606, 'learning_rate': 0.0002722371967654987, 'epoch': 2.19}
{'eval_loss': 0.5967878699302673, 'eval_bce': 0.5866723731782609, 'eval_n_pos': 2024.0, 'eval_pos_rate': 0.09120814744716327, 'eval_auroc': 0.6443576325429697, 'eval_auprc': 0.1910672949149394, 'eval_mcc': 0.138104451876039, 'eval_precision': 0.24032586558044808, 'eval_recall': 0.17490118577075098, 'eval_f1': 0.20245925078638832, 'eval_runtime': 20.7635, 'eval_samples_per_second': 1068.753, 'eval_steps_per_second': 16.712, 'epoch': 2.19}
{'loss': 0.6513, 'learning_rate': 0.0002710902104719848, 'epoch': 2.19}
{'loss': 0.6268, 'learning_rate': 0.00026994322417847106, 'epoch': 2.19}
{'loss': 0.6278, 'learning_rate': 0.00026879623788495725, 'epoch': 2.2}
{'loss': 0.6278, 'learning_rate': 0.0002676492515914435, 'epoch': 2.2}
{'loss': 0.6219, 'learning_rate': 0.0002665022652979297, 'epoch': 2.2}
{'loss': 0.6609, 'learning_rate': 0.0002653552790044159, 'epoch': 2.21}
{'loss': 0.6502, 'learning_rate': 0.0002642082927109021, 'epoch': 2.21}
{'loss': 0.6283, 'learning_rate': 0.0002630613064173883, 'epoch': 2.21}
{'loss': 0.6265, 'learning_rate': 0.0002619143201238745, 'epoch': 2.22}
{'loss': 0.6241, 'learning_rate': 0.0002607673338303607, 'epoch': 2.22}
{'loss': 0.6091, 'learning_rate': 0.0002596203475368469, 'epoch': 2.22}
{'loss': 0.6177, 'learning_rate': 0.00025847336124333316, 'epoch': 2.23}
{'loss': 0.6133, 'learning_rate': 0.00025732637494981934, 'epoch': 2.23}
{'eval_loss': 0.5969558954238892, 'eval_bce': 0.5866711452425345, 'eval_n_pos': 2024.0, 'eval_pos_rate': 0.09120814744716327, 'eval_auroc': 0.6498872017468368, 'eval_auprc': 0.19450984197702592, 'eval_mcc': 0.14114216580310246, 'eval_precision': 0.24186046511627907, 'eval_recall': 0.17984189723320157, 'eval_f1': 0.2062907339189572, 'eval_runtime': 20.769, 'eval_samples_per_second': 1068.468, 'eval_steps_per_second': 16.708, 'epoch': 2.23}
{'loss': 0.6086, 'learning_rate': 0.0002561793886563056, 'epoch': 2.23}
{'loss': 0.6318, 'learning_rate': 0.0002550324023627918, 'epoch': 2.24}
{'loss': 0.5879, 'learning_rate': 0.00025388541606927796, 'epoch': 2.24}
{'loss': 0.6238, 'learning_rate': 0.00025273842977576415, 'epoch': 2.24}
{'loss': 0.6268, 'learning_rate': 0.0002515914434822504, 'epoch': 2.25}
{'loss': 0.6062, 'learning_rate': 0.0002504444571887366, 'epoch': 2.25}
{'loss': 0.5932, 'learning_rate': 0.0002492974708952228, 'epoch': 2.25}
{'loss': 0.6284, 'learning_rate': 0.000248150484601709, 'epoch': 2.26}
{'loss': 0.6244, 'learning_rate': 0.0002470034983081952, 'epoch': 2.26}
{'loss': 0.6402, 'learning_rate': 0.00024585651201468144, 'epoch': 2.26}
{'loss': 0.6538, 'learning_rate': 0.0002447095257211676, 'epoch': 2.27}
{'loss': 0.6162, 'learning_rate': 0.00024356253942765387, 'epoch': 2.27}
{'eval_loss': 0.5965795516967773, 'eval_bce': 0.5859966963869129, 'eval_n_pos': 2024.0, 'eval_pos_rate': 0.09120814744716327, 'eval_auroc': 0.6510907146669186, 'eval_auprc': 0.19587769850733627, 'eval_mcc': 0.14402204973895233, 'eval_precision': 0.2454849498327759, 'eval_recall': 0.18132411067193677, 'eval_f1': 0.20858198351804488, 'eval_runtime': 20.7706, 'eval_samples_per_second': 1068.385, 'eval_steps_per_second': 16.706, 'epoch': 2.27}
{'loss': 0.6433, 'learning_rate': 0.00024241555313414006, 'epoch': 2.27}
{'loss': 0.6396, 'learning_rate': 0.00024126856684062627, 'epoch': 2.28}
{'loss': 0.6292, 'learning_rate': 0.00024012158054711249, 'epoch': 2.28}
{'loss': 0.6123, 'learning_rate': 0.0002389745942535987, 'epoch': 2.29}
{'loss': 0.6011, 'learning_rate': 0.00023782760796008486, 'epoch': 2.29}
{'loss': 0.611, 'learning_rate': 0.00023668062166657108, 'epoch': 2.29}
{'loss': 0.619, 'learning_rate': 0.0002355336353730573, 'epoch': 2.3}
{'loss': 0.6293, 'learning_rate': 0.0002343866490795435, 'epoch': 2.3}
{'loss': 0.646, 'learning_rate': 0.0002332396627860297, 'epoch': 2.3}
{'loss': 0.6242, 'learning_rate': 0.0002320926764925159, 'epoch': 2.31}
{'loss': 0.6185, 'learning_rate': 0.00023094569019900212, 'epoch': 2.31}
{'loss': 0.6408, 'learning_rate': 0.0002297987039054883, 'epoch': 2.31}
{'loss': 0.6239, 'learning_rate': 0.00022865171761197453, 'epoch': 2.32}
{'eval_loss': 0.5916948914527893, 'eval_bce': 0.5805450691336094, 'eval_n_pos': 2024.0, 'eval_pos_rate': 0.09120814744716327, 'eval_auroc': 0.6464294019443574, 'eval_auprc': 0.1936483018228874, 'eval_mcc': 0.14305726409308053, 'eval_precision': 0.2576112412177986, 'eval_recall': 0.16304347826086957, 'eval_f1': 0.19969742813918304, 'eval_runtime': 20.7681, 'eval_samples_per_second': 1068.516, 'eval_steps_per_second': 16.708, 'epoch': 2.32}
{'loss': 0.5953, 'learning_rate': 0.00022750473131846074, 'epoch': 2.32}
{'loss': 0.6527, 'learning_rate': 0.00022635774502494696, 'epoch': 2.32}
{'loss': 0.6055, 'learning_rate': 0.00022521075873143314, 'epoch': 2.33}
{'loss': 0.6369, 'learning_rate': 0.00022406377243791936, 'epoch': 2.33}
{'loss': 0.6369, 'learning_rate': 0.00022291678614440557, 'epoch': 2.33}
{'loss': 0.6, 'learning_rate': 0.0002217697998508918, 'epoch': 2.34}
{'loss': 0.6217, 'learning_rate': 0.00022062281355737798, 'epoch': 2.34}
{'loss': 0.686, 'learning_rate': 0.0002194758272638642, 'epoch': 2.34}
{'loss': 0.6267, 'learning_rate': 0.0002183288409703504, 'epoch': 2.35}
{'loss': 0.6375, 'learning_rate': 0.00021718185467683662, 'epoch': 2.35}
{'loss': 0.6289, 'learning_rate': 0.0002160348683833228, 'epoch': 2.35}
{'loss': 0.6044, 'learning_rate': 0.00021488788208980902, 'epoch': 2.36}
{'eval_loss': 0.5929903388023376, 'eval_bce': 0.5822392554809468, 'eval_n_pos': 2024.0, 'eval_pos_rate': 0.09120814744716327, 'eval_auroc': 0.6426204091096263, 'eval_auprc': 0.19126219673933464, 'eval_mcc': 0.13732004908302956, 'eval_precision': 0.2464840858623242, 'eval_recall': 0.16452569169960474, 'eval_f1': 0.19733333333333333, 'eval_runtime': 22.2459, 'eval_samples_per_second': 997.532, 'eval_steps_per_second': 15.598, 'epoch': 2.36}
{'loss': 0.6521, 'learning_rate': 0.00021374089579629524, 'epoch': 2.36}
{'loss': 0.6468, 'learning_rate': 0.00021259390950278145, 'epoch': 2.36}
{'loss': 0.6179, 'learning_rate': 0.00021144692320926764, 'epoch': 2.37}
{'loss': 0.6298, 'learning_rate': 0.00021029993691575386, 'epoch': 2.37}
{'loss': 0.6309, 'learning_rate': 0.00020915295062224007, 'epoch': 2.37}
{'loss': 0.5995, 'learning_rate': 0.00020800596432872629, 'epoch': 2.38}
{'loss': 0.6169, 'learning_rate': 0.00020685897803521247, 'epoch': 2.38}
{'loss': 0.6264, 'learning_rate': 0.0002057119917416987, 'epoch': 2.38}
{'loss': 0.6098, 'learning_rate': 0.0002045650054481849, 'epoch': 2.39}
{'loss': 0.6136, 'learning_rate': 0.00020341801915467112, 'epoch': 2.39}
{'loss': 0.6048, 'learning_rate': 0.0002022710328611573, 'epoch': 2.39}
{'loss': 0.6106, 'learning_rate': 0.00020112404656764352, 'epoch': 2.4}
{'loss': 0.6419, 'learning_rate': 0.00019997706027412974, 'epoch': 2.4}
{'eval_loss': 0.5968500375747681, 'eval_bce': 0.5862745246522331, 'eval_n_pos': 2024.0, 'eval_pos_rate': 0.09120814744716327, 'eval_auroc': 0.643712819106704, 'eval_auprc': 0.18879275778570553, 'eval_mcc': 0.13729665723630885, 'eval_precision': 0.23672131147540984, 'eval_recall': 0.1783596837944664, 'eval_f1': 0.20343758805297266, 'eval_runtime': 22.233, 'eval_samples_per_second': 998.111, 'eval_steps_per_second': 15.607, 'epoch': 2.4}
{'loss': 0.6601, 'learning_rate': 0.00019883007398061592, 'epoch': 2.41}
{'loss': 0.6505, 'learning_rate': 0.00019768308768710214, 'epoch': 2.41}
{'loss': 0.6259, 'learning_rate': 0.00019653610139358835, 'epoch': 2.41}
{'loss': 0.6235, 'learning_rate': 0.00019538911510007457, 'epoch': 2.42}
{'loss': 0.6098, 'learning_rate': 0.00019424212880656076, 'epoch': 2.42}
{'loss': 0.6371, 'learning_rate': 0.00019309514251304697, 'epoch': 2.42}
{'loss': 0.624, 'learning_rate': 0.00019194815621953319, 'epoch': 2.43}
{'loss': 0.6152, 'learning_rate': 0.0001908011699260194, 'epoch': 2.43}
{'loss': 0.5949, 'learning_rate': 0.0001896541836325056, 'epoch': 2.43}
{'loss': 0.6546, 'learning_rate': 0.0001885071973389918, 'epoch': 2.44}
{'loss': 0.6057, 'learning_rate': 0.00018736021104547802, 'epoch': 2.44}
{'loss': 0.6216, 'learning_rate': 0.00018621322475196423, 'epoch': 2.44}
{'eval_loss': 0.5949532389640808, 'eval_bce': 0.5844749359212701, 'eval_n_pos': 2024.0, 'eval_pos_rate': 0.09120814744716327, 'eval_auroc': 0.6472307394324583, 'eval_auprc': 0.19119837997382128, 'eval_mcc': 0.14089987525342634, 'eval_precision': 0.24214046822742474, 'eval_recall': 0.17885375494071146, 'eval_f1': 0.2057402671213413, 'eval_runtime': 22.1968, 'eval_samples_per_second': 999.739, 'eval_steps_per_second': 15.633, 'epoch': 2.44}
{'loss': 0.6439, 'learning_rate': 0.00018506623845845042, 'epoch': 2.45}
{'loss': 0.6144, 'learning_rate': 0.00018391925216493664, 'epoch': 2.45}
{'loss': 0.6341, 'learning_rate': 0.00018277226587142285, 'epoch': 2.45}
{'loss': 0.6497, 'learning_rate': 0.00018162527957790907, 'epoch': 2.46}
{'loss': 0.6437, 'learning_rate': 0.00018047829328439525, 'epoch': 2.46}
{'loss': 0.6191, 'learning_rate': 0.00017933130699088147, 'epoch': 2.46}
{'loss': 0.5975, 'learning_rate': 0.00017818432069736768, 'epoch': 2.47}
{'loss': 0.6238, 'learning_rate': 0.0001770373344038539, 'epoch': 2.47}
{'loss': 0.6247, 'learning_rate': 0.00017589034811034009, 'epoch': 2.47}
{'loss': 0.6324, 'learning_rate': 0.0001747433618168263, 'epoch': 2.48}
{'loss': 0.6172, 'learning_rate': 0.00017359637552331252, 'epoch': 2.48}
{'loss': 0.6355, 'learning_rate': 0.00017244938922979873, 'epoch': 2.48}
{'loss': 0.608, 'learning_rate': 0.00017130240293628492, 'epoch': 2.49}
{'eval_loss': 0.594075620174408, 'eval_bce': 0.5834297270058687, 'eval_n_pos': 2024.0, 'eval_pos_rate': 0.09120814744716327, 'eval_auroc': 0.6453724909848614, 'eval_auprc': 0.19072609177368804, 'eval_mcc': 0.13015096708081986, 'eval_precision': 0.23251028806584362, 'eval_recall': 0.1674901185770751, 'eval_f1': 0.19471568064330846, 'eval_runtime': 22.1953, 'eval_samples_per_second': 999.805, 'eval_steps_per_second': 15.634, 'epoch': 2.49}
{'loss': 0.6161, 'learning_rate': 0.00017015541664277113, 'epoch': 2.49}
{'loss': 0.5964, 'learning_rate': 0.00016900843034925735, 'epoch': 2.49}
{'loss': 0.6375, 'learning_rate': 0.00016786144405574356, 'epoch': 2.5}
{'loss': 0.6488, 'learning_rate': 0.00016671445776222975, 'epoch': 2.5}
{'loss': 0.6054, 'learning_rate': 0.00016556747146871597, 'epoch': 2.5}
{'loss': 0.6355, 'learning_rate': 0.00016442048517520218, 'epoch': 2.51}
{'loss': 0.6202, 'learning_rate': 0.00016327349888168834, 'epoch': 2.51}
{'loss': 0.6184, 'learning_rate': 0.00016212651258817456, 'epoch': 2.52}
{'loss': 0.6347, 'learning_rate': 0.00016097952629466077, 'epoch': 2.52}
{'loss': 0.6394, 'learning_rate': 0.00015983254000114699, 'epoch': 2.52}
{'loss': 0.626, 'learning_rate': 0.00015868555370763317, 'epoch': 2.53}
{'loss': 0.6189, 'learning_rate': 0.0001575385674141194, 'epoch': 2.53}
{'eval_loss': 0.5949433445930481, 'eval_bce': 0.5845557350793349, 'eval_n_pos': 2024.0, 'eval_pos_rate': 0.09120814744716327, 'eval_auroc': 0.6471480308397216, 'eval_auprc': 0.19052722697299754, 'eval_mcc': 0.13895096285768976, 'eval_precision': 0.2396804260985353, 'eval_recall': 0.17786561264822134, 'eval_f1': 0.2041973908111174, 'eval_runtime': 22.2058, 'eval_samples_per_second': 999.335, 'eval_steps_per_second': 15.627, 'epoch': 2.53}
{'loss': 0.6376, 'learning_rate': 0.0001563915811206056, 'epoch': 2.53}
{'loss': 0.631, 'learning_rate': 0.00015524459482709182, 'epoch': 2.54}
{'loss': 0.6376, 'learning_rate': 0.000154097608533578, 'epoch': 2.54}
{'loss': 0.634, 'learning_rate': 0.00015295062224006422, 'epoch': 2.54}
{'loss': 0.6551, 'learning_rate': 0.00015180363594655044, 'epoch': 2.55}
{'loss': 0.6361, 'learning_rate': 0.00015065664965303665, 'epoch': 2.55}
{'loss': 0.6138, 'learning_rate': 0.00014950966335952284, 'epoch': 2.55}
{'loss': 0.5989, 'learning_rate': 0.00014836267706600905, 'epoch': 2.56}
{'loss': 0.6125, 'learning_rate': 0.00014721569077249527, 'epoch': 2.56}
{'loss': 0.6108, 'learning_rate': 0.00014606870447898148, 'epoch': 2.56}
{'loss': 0.6346, 'learning_rate': 0.00014492171818546767, 'epoch': 2.57}
{'loss': 0.6239, 'learning_rate': 0.00014377473189195389, 'epoch': 2.57}
{'loss': 0.6222, 'learning_rate': 0.0001426277455984401, 'epoch': 2.57}
{'eval_loss': 0.5955397486686707, 'eval_bce': 0.5854156871684048, 'eval_n_pos': 2024.0, 'eval_pos_rate': 0.09120814744716327, 'eval_auroc': 0.6430426614645182, 'eval_auprc': 0.18888338463020138, 'eval_mcc': 0.1369544031101724, 'eval_precision': 0.23780895123580495, 'eval_recall': 0.17588932806324112, 'eval_f1': 0.202215279750071, 'eval_runtime': 22.2035, 'eval_samples_per_second': 999.436, 'eval_steps_per_second': 15.628, 'epoch': 2.57}
{'loss': 0.6285, 'learning_rate': 0.00014148075930492631, 'epoch': 2.58}
{'loss': 0.6295, 'learning_rate': 0.0001403337730114125, 'epoch': 2.58}
{'loss': 0.639, 'learning_rate': 0.00013918678671789872, 'epoch': 2.58}
{'loss': 0.6243, 'learning_rate': 0.00013803980042438493, 'epoch': 2.59}
{'loss': 0.6116, 'learning_rate': 0.00013689281413087115, 'epoch': 2.59}
{'loss': 0.622, 'learning_rate': 0.00013574582783735734, 'epoch': 2.59}
{'loss': 0.6398, 'learning_rate': 0.00013459884154384355, 'epoch': 2.6}
{'loss': 0.5973, 'learning_rate': 0.00013345185525032976, 'epoch': 2.6}
{'loss': 0.6234, 'learning_rate': 0.00013230486895681598, 'epoch': 2.6}
{'loss': 0.6427, 'learning_rate': 0.00013115788266330217, 'epoch': 2.61}
{'loss': 0.6288, 'learning_rate': 0.00013001089636978838, 'epoch': 2.61}
{'loss': 0.645, 'learning_rate': 0.0001288639100762746, 'epoch': 2.61}
{'eval_loss': 0.5919113159179688, 'eval_bce': 0.58147518194579, 'eval_n_pos': 2024.0, 'eval_pos_rate': 0.09120814744716327, 'eval_auroc': 0.6484677792213672, 'eval_auprc': 0.1908068371024341, 'eval_mcc': 0.13795503223199074, 'eval_precision': 0.24248777078965758, 'eval_recall': 0.17144268774703558, 'eval_f1': 0.20086830680173662, 'eval_runtime': 22.1835, 'eval_samples_per_second': 1000.337, 'eval_steps_per_second': 15.642, 'epoch': 2.62}
{'loss': 0.6005, 'learning_rate': 0.00012771692378276079, 'epoch': 2.62}
{'loss': 0.6576, 'learning_rate': 0.000126569937489247, 'epoch': 2.62}
{'loss': 0.639, 'learning_rate': 0.00012542295119573321, 'epoch': 2.62}
{'loss': 0.6064, 'learning_rate': 0.0001242759649022194, 'epoch': 2.63}
{'loss': 0.615, 'learning_rate': 0.00012312897860870562, 'epoch': 2.63}
{'loss': 0.6342, 'learning_rate': 0.00012198199231519183, 'epoch': 2.64}
{'loss': 0.644, 'learning_rate': 0.00012083500602167805, 'epoch': 2.64}
{'loss': 0.6027, 'learning_rate': 0.00011968801972816425, 'epoch': 2.64}
{'loss': 0.631, 'learning_rate': 0.00011854103343465046, 'epoch': 2.65}
{'loss': 0.633, 'learning_rate': 0.00011739404714113666, 'epoch': 2.65}
{'loss': 0.6097, 'learning_rate': 0.00011624706084762288, 'epoch': 2.65}
{'loss': 0.6662, 'learning_rate': 0.00011510007455410908, 'epoch': 2.66}
{'loss': 0.6057, 'learning_rate': 0.0001139530882605953, 'epoch': 2.66}
{'eval_loss': 0.5901828408241272, 'eval_bce': 0.5797798197646338, 'eval_n_pos': 2024.0, 'eval_pos_rate': 0.09120814744716327, 'eval_auroc': 0.6463458848849263, 'eval_auprc': 0.1906614605892918, 'eval_mcc': 0.13786723640279297, 'eval_precision': 0.2470414201183432, 'eval_recall': 0.1650197628458498, 'eval_f1': 0.19786729857819904, 'eval_runtime': 20.7184, 'eval_samples_per_second': 1071.078, 'eval_steps_per_second': 16.748, 'epoch': 2.66}
{'loss': 0.6208, 'learning_rate': 0.0001128061019670815, 'epoch': 2.66}
{'loss': 0.635, 'learning_rate': 0.00011165911567356771, 'epoch': 2.67}
{'loss': 0.6466, 'learning_rate': 0.00011051212938005391, 'epoch': 2.67}
{'loss': 0.6138, 'learning_rate': 0.00010936514308654013, 'epoch': 2.67}
{'loss': 0.6618, 'learning_rate': 0.00010821815679302633, 'epoch': 2.68}
{'loss': 0.6124, 'learning_rate': 0.00010707117049951254, 'epoch': 2.68}
{'loss': 0.6655, 'learning_rate': 0.00010592418420599873, 'epoch': 2.68}
{'loss': 0.6239, 'learning_rate': 0.00010477719791248495, 'epoch': 2.69}
{'loss': 0.6311, 'learning_rate': 0.00010363021161897115, 'epoch': 2.69}
{'loss': 0.6162, 'learning_rate': 0.00010248322532545736, 'epoch': 2.69}
{'loss': 0.6335, 'learning_rate': 0.00010133623903194356, 'epoch': 2.7}
{'loss': 0.6133, 'learning_rate': 0.00010018925273842978, 'epoch': 2.7}
{'eval_loss': 0.592506468296051, 'eval_bce': 0.5819479848798627, 'eval_n_pos': 2024.0, 'eval_pos_rate': 0.09120814744716327, 'eval_auroc': 0.6474148983458478, 'eval_auprc': 0.19151720911550707, 'eval_mcc': 0.13767473100034042, 'eval_precision': 0.24343506032647266, 'eval_recall': 0.16946640316205533, 'eval_f1': 0.19982522575007283, 'eval_runtime': 20.7571, 'eval_samples_per_second': 1069.079, 'eval_steps_per_second': 16.717, 'epoch': 2.7}
{'loss': 0.6312, 'learning_rate': 9.904226644491598e-05, 'epoch': 2.7}
{'loss': 0.6067, 'learning_rate': 9.78952801514022e-05, 'epoch': 2.71}
{'loss': 0.6503, 'learning_rate': 9.67482938578884e-05, 'epoch': 2.71}
{'loss': 0.6105, 'learning_rate': 9.56013075643746e-05, 'epoch': 2.71}
{'loss': 0.6152, 'learning_rate': 9.445432127086081e-05, 'epoch': 2.72}
{'loss': 0.6182, 'learning_rate': 9.330733497734701e-05, 'epoch': 2.72}
{'loss': 0.6187, 'learning_rate': 9.216034868383323e-05, 'epoch': 2.72}
{'loss': 0.6144, 'learning_rate': 9.101336239031943e-05, 'epoch': 2.73}
{'loss': 0.6479, 'learning_rate': 8.986637609680565e-05, 'epoch': 2.73}
{'loss': 0.6073, 'learning_rate': 8.871938980329185e-05, 'epoch': 2.73}
{'loss': 0.6214, 'learning_rate': 8.757240350977806e-05, 'epoch': 2.74}
{'loss': 0.6354, 'learning_rate': 8.642541721626426e-05, 'epoch': 2.74}
{'loss': 0.6335, 'learning_rate': 8.527843092275048e-05, 'epoch': 2.74}
{'eval_loss': 0.5919461250305176, 'eval_bce': 0.5813236589113707, 'eval_n_pos': 2024.0, 'eval_pos_rate': 0.09120814744716327, 'eval_auroc': 0.6472642908002763, 'eval_auprc': 0.19253571468896424, 'eval_mcc': 0.13783590152943678, 'eval_precision': 0.24478041756659466, 'eval_recall': 0.16798418972332016, 'eval_f1': 0.1992382068561383, 'eval_runtime': 22.2459, 'eval_samples_per_second': 997.531, 'eval_steps_per_second': 15.598, 'epoch': 2.74}
{'loss': 0.6274, 'learning_rate': 8.413144462923668e-05, 'epoch': 2.75}
{'loss': 0.6215, 'learning_rate': 8.29844583357229e-05, 'epoch': 2.75}
{'loss': 0.6198, 'learning_rate': 8.18374720422091e-05, 'epoch': 2.76}
{'loss': 0.6713, 'learning_rate': 8.069048574869531e-05, 'epoch': 2.76}
{'loss': 0.6248, 'learning_rate': 7.954349945518151e-05, 'epoch': 2.76}
{'loss': 0.6156, 'learning_rate': 7.839651316166773e-05, 'epoch': 2.77}
{'loss': 0.6474, 'learning_rate': 7.724952686815393e-05, 'epoch': 2.77}
{'loss': 0.6328, 'learning_rate': 7.610254057464014e-05, 'epoch': 2.77}
{'loss': 0.6512, 'learning_rate': 7.495555428112634e-05, 'epoch': 2.78}
{'loss': 0.6063, 'learning_rate': 7.380856798761256e-05, 'epoch': 2.78}
{'loss': 0.6116, 'learning_rate': 7.266158169409876e-05, 'epoch': 2.78}
{'loss': 0.6275, 'learning_rate': 7.151459540058498e-05, 'epoch': 2.79}
{'eval_loss': 0.5919405817985535, 'eval_bce': 0.5814104247050523, 'eval_n_pos': 2024.0, 'eval_pos_rate': 0.09120814744716327, 'eval_auroc': 0.6467590603637493, 'eval_auprc': 0.1905191013163779, 'eval_mcc': 0.13600202316709445, 'eval_precision': 0.24279538904899137, 'eval_recall': 0.166501976284585, 'eval_f1': 0.19753810082063308, 'eval_runtime': 20.7474, 'eval_samples_per_second': 1069.582, 'eval_steps_per_second': 16.725, 'epoch': 2.79}
{'loss': 0.6256, 'learning_rate': 7.036760910707118e-05, 'epoch': 2.79}
{'loss': 0.5972, 'learning_rate': 6.922062281355739e-05, 'epoch': 2.79}
{'loss': 0.6415, 'learning_rate': 6.807363652004358e-05, 'epoch': 2.8}
{'loss': 0.6186, 'learning_rate': 6.69266502265298e-05, 'epoch': 2.8}
{'loss': 0.6275, 'learning_rate': 6.5779663933016e-05, 'epoch': 2.8}
{'loss': 0.6159, 'learning_rate': 6.463267763950221e-05, 'epoch': 2.81}
{'loss': 0.6022, 'learning_rate': 6.348569134598841e-05, 'epoch': 2.81}
{'loss': 0.6211, 'learning_rate': 6.233870505247463e-05, 'epoch': 2.81}
{'loss': 0.6112, 'learning_rate': 6.119171875896083e-05, 'epoch': 2.82}
{'loss': 0.6464, 'learning_rate': 6.004473246544704e-05, 'epoch': 2.82}
{'loss': 0.6297, 'learning_rate': 5.889774617193325e-05, 'epoch': 2.82}
{'loss': 0.637, 'learning_rate': 5.775075987841945e-05, 'epoch': 2.83}
{'loss': 0.6185, 'learning_rate': 5.660377358490566e-05, 'epoch': 2.83}
{'eval_loss': 0.5924528241157532, 'eval_bce': 0.5818058275766369, 'eval_n_pos': 2024.0, 'eval_pos_rate': 0.09120814744716327, 'eval_auroc': 0.6472210745806117, 'eval_auprc': 0.1910570896217304, 'eval_mcc': 0.13969226205713156, 'eval_precision': 0.24607703281027105, 'eval_recall': 0.17045454545454544, 'eval_f1': 0.2014010507880911, 'eval_runtime': 20.7231, 'eval_samples_per_second': 1070.834, 'eval_steps_per_second': 16.745, 'epoch': 2.83}
{'loss': 0.6124, 'learning_rate': 5.545678729139187e-05, 'epoch': 2.83}
{'loss': 0.6305, 'learning_rate': 5.4309800997878076e-05, 'epoch': 2.84}
{'loss': 0.6363, 'learning_rate': 5.3162814704364285e-05, 'epoch': 2.84}
{'loss': 0.6369, 'learning_rate': 5.201582841085049e-05, 'epoch': 2.84}
{'loss': 0.6425, 'learning_rate': 5.08688421173367e-05, 'epoch': 2.85}
{'loss': 0.6232, 'learning_rate': 4.972185582382291e-05, 'epoch': 2.85}
{'loss': 0.6351, 'learning_rate': 4.857486953030912e-05, 'epoch': 2.85}
{'loss': 0.6205, 'learning_rate': 4.7427883236795325e-05, 'epoch': 2.86}
{'loss': 0.6466, 'learning_rate': 4.628089694328153e-05, 'epoch': 2.86}
{'loss': 0.6493, 'learning_rate': 4.5133910649767735e-05, 'epoch': 2.86}
{'loss': 0.6127, 'learning_rate': 4.398692435625394e-05, 'epoch': 2.87}
{'loss': 0.6293, 'learning_rate': 4.283993806274015e-05, 'epoch': 2.87}
{'eval_loss': 0.5911900401115417, 'eval_bce': 0.5804448959607602, 'eval_n_pos': 2024.0, 'eval_pos_rate': 0.09120814744716327, 'eval_auroc': 0.6478910484803668, 'eval_auprc': 0.1907299057271986, 'eval_mcc': 0.13693280215775042, 'eval_precision': 0.24471959213401312, 'eval_recall': 0.16600790513833993, 'eval_f1': 0.19782160730055937, 'eval_runtime': 22.3299, 'eval_samples_per_second': 993.78, 'eval_steps_per_second': 15.54, 'epoch': 2.87}
{'loss': 0.6403, 'learning_rate': 4.169295176922636e-05, 'epoch': 2.88}
{'loss': 0.6076, 'learning_rate': 4.054596547571257e-05, 'epoch': 2.88}
{'loss': 0.6154, 'learning_rate': 3.939897918219877e-05, 'epoch': 2.88}
{'loss': 0.6254, 'learning_rate': 3.8251992888684976e-05, 'epoch': 2.89}
{'loss': 0.6397, 'learning_rate': 3.7105006595171184e-05, 'epoch': 2.89}
{'loss': 0.6398, 'learning_rate': 3.595802030165739e-05, 'epoch': 2.89}
{'loss': 0.642, 'learning_rate': 3.48110340081436e-05, 'epoch': 2.9}
{'loss': 0.6044, 'learning_rate': 3.366404771462981e-05, 'epoch': 2.9}
{'loss': 0.6327, 'learning_rate': 3.251706142111602e-05, 'epoch': 2.9}
{'loss': 0.609, 'learning_rate': 3.1370075127602225e-05, 'epoch': 2.91}
{'loss': 0.6124, 'learning_rate': 3.0223088834088433e-05, 'epoch': 2.91}
{'loss': 0.6299, 'learning_rate': 2.907610254057464e-05, 'epoch': 2.91}
{'loss': 0.6273, 'learning_rate': 2.792911624706085e-05, 'epoch': 2.92}
{'eval_loss': 0.5927868485450745, 'eval_bce': 0.5821702177713685, 'eval_n_pos': 2024.0, 'eval_pos_rate': 0.09120814744716327, 'eval_auroc': 0.6469923397535716, 'eval_auprc': 0.19056071884494752, 'eval_mcc': 0.13983708807187492, 'eval_precision': 0.2452431289640592, 'eval_recall': 0.17193675889328064, 'eval_f1': 0.20214928841126925, 'eval_runtime': 22.2033, 'eval_samples_per_second': 999.447, 'eval_steps_per_second': 15.628, 'epoch': 2.92}
{'loss': 0.6232, 'learning_rate': 2.6782129953547057e-05, 'epoch': 2.92}
{'loss': 0.6442, 'learning_rate': 2.5635143660033266e-05, 'epoch': 2.92}
{'loss': 0.67, 'learning_rate': 2.448815736651947e-05, 'epoch': 2.93}
{'loss': 0.6429, 'learning_rate': 2.334117107300568e-05, 'epoch': 2.93}
{'loss': 0.6233, 'learning_rate': 2.2194184779491886e-05, 'epoch': 2.93}
{'loss': 0.6481, 'learning_rate': 2.1047198485978095e-05, 'epoch': 2.94}
{'loss': 0.6241, 'learning_rate': 1.99002121924643e-05, 'epoch': 2.94}
{'loss': 0.6135, 'learning_rate': 1.8753225898950507e-05, 'epoch': 2.94}
{'loss': 0.6313, 'learning_rate': 1.7606239605436715e-05, 'epoch': 2.95}
{'loss': 0.6409, 'learning_rate': 1.6459253311922924e-05, 'epoch': 2.95}
{'loss': 0.6503, 'learning_rate': 1.5312267018409128e-05, 'epoch': 2.95}
{'loss': 0.6155, 'learning_rate': 1.4165280724895338e-05, 'epoch': 2.96}
{'eval_loss': 0.5917413830757141, 'eval_bce': 0.5809963199410493, 'eval_n_pos': 2024.0, 'eval_pos_rate': 0.09120814744716327, 'eval_auroc': 0.6474934421101589, 'eval_auprc': 0.19052687843377095, 'eval_mcc': 0.13566942737211374, 'eval_precision': 0.24259927797833936, 'eval_recall': 0.16600790513833993, 'eval_f1': 0.1971252566735113, 'eval_runtime': 20.723, 'eval_samples_per_second': 1070.838, 'eval_steps_per_second': 16.745, 'epoch': 2.96}
{'loss': 0.6355, 'learning_rate': 1.3018294431381544e-05, 'epoch': 2.96}
{'loss': 0.6439, 'learning_rate': 1.1871308137867753e-05, 'epoch': 2.96}
{'loss': 0.6162, 'learning_rate': 1.072432184435396e-05, 'epoch': 2.97}
{'loss': 0.6185, 'learning_rate': 9.577335550840169e-06, 'epoch': 2.97}
{'loss': 0.6061, 'learning_rate': 8.430349257326375e-06, 'epoch': 2.97}
{'loss': 0.6315, 'learning_rate': 7.2833629638125824e-06, 'epoch': 2.98}
{'loss': 0.6276, 'learning_rate': 6.1363766702987905e-06, 'epoch': 2.98}
{'loss': 0.6338, 'learning_rate': 4.989390376784997e-06, 'epoch': 2.99}
{'loss': 0.6398, 'learning_rate': 3.842404083271205e-06, 'epoch': 2.99}
{'loss': 0.6132, 'learning_rate': 2.6954177897574127e-06, 'epoch': 2.99}
{'loss': 0.6003, 'learning_rate': 1.5484314962436198e-06, 'epoch': 3.0}
{'loss': 0.6217, 'learning_rate': 4.014452027298274e-07, 'epoch': 3.0}
{'train_runtime': 2279.9555, 'train_samples_per_second': 245.4, 'train_steps_per_second': 7.67, 'train_loss': 0.63193684084553, 'epoch': 3.0}
    dev AUROC = 0.6510907146669186
[STEP 5c] BEST 2a: s=20 dev_AUROC=0.652006915673102 ckpt=/home/asm242/palmer_scratch/entexBERT-2_experiments/EN-TEx/experiments/stage2_ctcf_clf_full/runs/clf_2a_s20
[STEP 5c] OK

=== STEP 6c: Stage-2b gentle unfreeze (s=20) ===
{'loss': 0.6826, 'learning_rate': 1.2000000000000002e-06, 'epoch': 0.0}
{'loss': 0.6893, 'learning_rate': 2.4000000000000003e-06, 'epoch': 0.0}
{'loss': 0.6792, 'learning_rate': 2.99871045392022e-06, 'epoch': 0.01}
{'loss': 0.6824, 'learning_rate': 2.9961313617606603e-06, 'epoch': 0.01}
{'loss': 0.6797, 'learning_rate': 2.9935522696011003e-06, 'epoch': 0.01}
{'loss': 0.6811, 'learning_rate': 2.9909731774415407e-06, 'epoch': 0.01}
{'loss': 0.6913, 'learning_rate': 2.9883940852819807e-06, 'epoch': 0.01}
{'loss': 0.6906, 'learning_rate': 2.9858149931224208e-06, 'epoch': 0.01}
{'loss': 0.6935, 'learning_rate': 2.983235900962861e-06, 'epoch': 0.02}
{'loss': 0.6817, 'learning_rate': 2.980656808803301e-06, 'epoch': 0.02}
{'loss': 0.6736, 'learning_rate': 2.9780777166437416e-06, 'epoch': 0.02}
{'loss': 0.6711, 'learning_rate': 2.9754986244841816e-06, 'epoch': 0.02}
{'eval_loss': 0.7095106840133667, 'eval_bce': 0.7099851915822696, 'eval_n_pos': 2024.0, 'eval_pos_rate': 0.09120814744716327, 'eval_auroc': 0.568681450598961, 'eval_auprc': 0.1540157020092613, 'eval_mcc': 0.0, 'eval_precision': 0.09120814744716327, 'eval_recall': 1.0, 'eval_f1': 0.16716911005575055, 'eval_runtime': 21.8363, 'eval_samples_per_second': 1016.243, 'eval_steps_per_second': 15.891, 'epoch': 0.02}
{'loss': 0.6643, 'learning_rate': 2.9729195323246216e-06, 'epoch': 0.02}
{'loss': 0.6691, 'learning_rate': 2.970340440165062e-06, 'epoch': 0.02}
{'loss': 0.6694, 'learning_rate': 2.967761348005502e-06, 'epoch': 0.03}
{'loss': 0.6755, 'learning_rate': 2.965182255845942e-06, 'epoch': 0.03}
{'loss': 0.6716, 'learning_rate': 2.9626031636863825e-06, 'epoch': 0.03}
{'loss': 0.6792, 'learning_rate': 2.9600240715268225e-06, 'epoch': 0.03}
{'loss': 0.6759, 'learning_rate': 2.957444979367263e-06, 'epoch': 0.03}
{'loss': 0.6868, 'learning_rate': 2.954865887207703e-06, 'epoch': 0.03}
{'loss': 0.6574, 'learning_rate': 2.952286795048143e-06, 'epoch': 0.04}
{'loss': 0.6615, 'learning_rate': 2.9497077028885834e-06, 'epoch': 0.04}
{'loss': 0.6545, 'learning_rate': 2.9471286107290234e-06, 'epoch': 0.04}
{'loss': 0.6867, 'learning_rate': 2.944549518569464e-06, 'epoch': 0.04}
{'loss': 0.6691, 'learning_rate': 2.941970426409904e-06, 'epoch': 0.04}
{'eval_loss': 0.7142603993415833, 'eval_bce': 0.7145870934201523, 'eval_n_pos': 2024.0, 'eval_pos_rate': 0.09120814744716327, 'eval_auroc': 0.6075750560879895, 'eval_auprc': 0.1534891061908871, 'eval_mcc': 0.0, 'eval_precision': 0.09120814744716327, 'eval_recall': 1.0, 'eval_f1': 0.16716911005575055, 'eval_runtime': 20.3491, 'eval_samples_per_second': 1090.517, 'eval_steps_per_second': 17.052, 'epoch': 0.04}
{'loss': 0.665, 'learning_rate': 2.939391334250344e-06, 'epoch': 0.04}
{'loss': 0.6609, 'learning_rate': 2.9368122420907843e-06, 'epoch': 0.05}
{'loss': 0.6414, 'learning_rate': 2.9342331499312243e-06, 'epoch': 0.05}
{'loss': 0.6688, 'learning_rate': 2.9316540577716643e-06, 'epoch': 0.05}
{'loss': 0.6796, 'learning_rate': 2.9290749656121047e-06, 'epoch': 0.05}
{'loss': 0.6501, 'learning_rate': 2.9264958734525447e-06, 'epoch': 0.05}
{'loss': 0.6687, 'learning_rate': 2.923916781292985e-06, 'epoch': 0.05}
{'loss': 0.6966, 'learning_rate': 2.921337689133425e-06, 'epoch': 0.06}
{'loss': 0.652, 'learning_rate': 2.918758596973865e-06, 'epoch': 0.06}
{'loss': 0.6489, 'learning_rate': 2.916179504814305e-06, 'epoch': 0.06}
{'loss': 0.6373, 'learning_rate': 2.9136004126547456e-06, 'epoch': 0.06}
{'loss': 0.6578, 'learning_rate': 2.911021320495186e-06, 'epoch': 0.06}
{'eval_loss': 0.7240230441093445, 'eval_bce': 0.7245551667952176, 'eval_n_pos': 2024.0, 'eval_pos_rate': 0.09120814744716327, 'eval_auroc': 0.5966776355181272, 'eval_auprc': 0.13006714495892235, 'eval_mcc': 0.0, 'eval_precision': 0.09120814744716327, 'eval_recall': 1.0, 'eval_f1': 0.16716911005575055, 'eval_runtime': 20.3389, 'eval_samples_per_second': 1091.063, 'eval_steps_per_second': 17.061, 'epoch': 0.06}
{'loss': 0.6907, 'learning_rate': 2.9084422283356256e-06, 'epoch': 0.07}
{'loss': 0.6659, 'learning_rate': 2.905863136176066e-06, 'epoch': 0.07}
{'loss': 0.6815, 'learning_rate': 2.903284044016506e-06, 'epoch': 0.07}
{'loss': 0.6521, 'learning_rate': 2.9007049518569465e-06, 'epoch': 0.07}
{'loss': 0.6727, 'learning_rate': 2.898125859697387e-06, 'epoch': 0.07}
{'loss': 0.6691, 'learning_rate': 2.8955467675378265e-06, 'epoch': 0.07}
{'loss': 0.6832, 'learning_rate': 2.892967675378267e-06, 'epoch': 0.08}
{'loss': 0.6537, 'learning_rate': 2.890388583218707e-06, 'epoch': 0.08}
{'loss': 0.6517, 'learning_rate': 2.8878094910591474e-06, 'epoch': 0.08}
{'loss': 0.678, 'learning_rate': 2.8852303988995874e-06, 'epoch': 0.08}
{'loss': 0.6664, 'learning_rate': 2.8826513067400274e-06, 'epoch': 0.08}
{'loss': 0.6522, 'learning_rate': 2.880072214580468e-06, 'epoch': 0.08}
{'loss': 0.6499, 'learning_rate': 2.877493122420908e-06, 'epoch': 0.09}
{'eval_loss': 0.7164601683616638, 'eval_bce': 0.7168932348923627, 'eval_n_pos': 2024.0, 'eval_pos_rate': 0.09120814744716327, 'eval_auroc': 0.6196463580486338, 'eval_auprc': 0.1508174370459654, 'eval_mcc': 0.0, 'eval_precision': 0.09120814744716327, 'eval_recall': 1.0, 'eval_f1': 0.16716911005575055, 'eval_runtime': 21.8615, 'eval_samples_per_second': 1015.072, 'eval_steps_per_second': 15.873, 'epoch': 0.09}
{'loss': 0.6484, 'learning_rate': 2.874914030261348e-06, 'epoch': 0.09}
{'loss': 0.6522, 'learning_rate': 2.8723349381017883e-06, 'epoch': 0.09}
{'loss': 0.6575, 'learning_rate': 2.8697558459422283e-06, 'epoch': 0.09}
{'loss': 0.6432, 'learning_rate': 2.8671767537826687e-06, 'epoch': 0.09}
{'loss': 0.6505, 'learning_rate': 2.8645976616231087e-06, 'epoch': 0.09}
{'loss': 0.6512, 'learning_rate': 2.8620185694635487e-06, 'epoch': 0.1}
{'loss': 0.6695, 'learning_rate': 2.859439477303989e-06, 'epoch': 0.1}
{'loss': 0.6715, 'learning_rate': 2.856860385144429e-06, 'epoch': 0.1}
{'loss': 0.6524, 'learning_rate': 2.8542812929848696e-06, 'epoch': 0.1}
{'loss': 0.6846, 'learning_rate': 2.8517022008253096e-06, 'epoch': 0.1}
{'loss': 0.6747, 'learning_rate': 2.8491231086657496e-06, 'epoch': 0.1}
{'loss': 0.6399, 'learning_rate': 2.84654401650619e-06, 'epoch': 0.11}
{'eval_loss': 0.718168318271637, 'eval_bce': 0.7186317219242135, 'eval_n_pos': 2024.0, 'eval_pos_rate': 0.09120814744716327, 'eval_auroc': 0.6268916650709657, 'eval_auprc': 0.15250851710050894, 'eval_mcc': 0.0, 'eval_precision': 0.09120814744716327, 'eval_recall': 1.0, 'eval_f1': 0.16716911005575055, 'eval_runtime': 21.8464, 'eval_samples_per_second': 1015.773, 'eval_steps_per_second': 15.884, 'epoch': 0.11}
{'loss': 0.665, 'learning_rate': 2.84396492434663e-06, 'epoch': 0.11}
{'loss': 0.6863, 'learning_rate': 2.8413858321870705e-06, 'epoch': 0.11}
{'loss': 0.6275, 'learning_rate': 2.8388067400275105e-06, 'epoch': 0.11}
{'loss': 0.613, 'learning_rate': 2.8362276478679505e-06, 'epoch': 0.11}
{'loss': 0.6353, 'learning_rate': 2.833648555708391e-06, 'epoch': 0.11}
{'loss': 0.6714, 'learning_rate': 2.831069463548831e-06, 'epoch': 0.12}
{'loss': 0.6781, 'learning_rate': 2.828490371389271e-06, 'epoch': 0.12}
{'loss': 0.6543, 'learning_rate': 2.825911279229711e-06, 'epoch': 0.12}
{'loss': 0.6714, 'learning_rate': 2.8233321870701514e-06, 'epoch': 0.12}
{'loss': 0.6474, 'learning_rate': 2.820753094910592e-06, 'epoch': 0.12}
{'loss': 0.6716, 'learning_rate': 2.8181740027510314e-06, 'epoch': 0.13}
{'loss': 0.6649, 'learning_rate': 2.815594910591472e-06, 'epoch': 0.13}
{'loss': 0.6321, 'learning_rate': 2.813015818431912e-06, 'epoch': 0.13}
{'eval_loss': 0.7253139615058899, 'eval_bce': 0.725936112480621, 'eval_n_pos': 2024.0, 'eval_pos_rate': 0.09120814744716327, 'eval_auroc': 0.6333798062855003, 'eval_auprc': 0.14336960383578853, 'eval_mcc': 0.0, 'eval_precision': 0.09120814744716327, 'eval_recall': 1.0, 'eval_f1': 0.16716911005575055, 'eval_runtime': 21.8575, 'eval_samples_per_second': 1015.257, 'eval_steps_per_second': 15.876, 'epoch': 0.13}
{'loss': 0.6441, 'learning_rate': 2.8104367262723523e-06, 'epoch': 0.13}
{'loss': 0.6673, 'learning_rate': 2.8078576341127927e-06, 'epoch': 0.13}
{'loss': 0.6768, 'learning_rate': 2.8052785419532323e-06, 'epoch': 0.13}
{'loss': 0.6557, 'learning_rate': 2.8026994497936727e-06, 'epoch': 0.14}
{'loss': 0.6556, 'learning_rate': 2.8001203576341127e-06, 'epoch': 0.14}
{'loss': 0.6576, 'learning_rate': 2.797541265474553e-06, 'epoch': 0.14}
{'loss': 0.6344, 'learning_rate': 2.794962173314993e-06, 'epoch': 0.14}
{'loss': 0.639, 'learning_rate': 2.792383081155433e-06, 'epoch': 0.14}
{'loss': 0.6845, 'learning_rate': 2.7898039889958736e-06, 'epoch': 0.14}
{'loss': 0.6583, 'learning_rate': 2.7872248968363136e-06, 'epoch': 0.15}
{'loss': 0.6469, 'learning_rate': 2.784645804676754e-06, 'epoch': 0.15}
{'loss': 0.6579, 'learning_rate': 2.782066712517194e-06, 'epoch': 0.15}
{'eval_loss': 0.7220297455787659, 'eval_bce': 0.7222410090128268, 'eval_n_pos': 2024.0, 'eval_pos_rate': 0.09120814744716327, 'eval_auroc': 0.6400585496479886, 'eval_auprc': 0.15563797326556233, 'eval_mcc': 0.0, 'eval_precision': 0.09120814744716327, 'eval_recall': 1.0, 'eval_f1': 0.16716911005575055, 'eval_runtime': 20.4297, 'eval_samples_per_second': 1086.214, 'eval_steps_per_second': 16.985, 'epoch': 0.15}
{'loss': 0.6439, 'learning_rate': 2.779487620357634e-06, 'epoch': 0.15}
{'loss': 0.6438, 'learning_rate': 2.7769085281980745e-06, 'epoch': 0.15}
{'loss': 0.655, 'learning_rate': 2.7743294360385145e-06, 'epoch': 0.15}
{'loss': 0.6629, 'learning_rate': 2.7717503438789545e-06, 'epoch': 0.16}
{'loss': 0.6437, 'learning_rate': 2.769171251719395e-06, 'epoch': 0.16}
{'loss': 0.6256, 'learning_rate': 2.766592159559835e-06, 'epoch': 0.16}
{'loss': 0.6884, 'learning_rate': 2.7640130674002754e-06, 'epoch': 0.16}
{'loss': 0.6834, 'learning_rate': 2.7614339752407154e-06, 'epoch': 0.16}
{'loss': 0.6481, 'learning_rate': 2.7588548830811554e-06, 'epoch': 0.16}
{'loss': 0.6677, 'learning_rate': 2.756275790921596e-06, 'epoch': 0.17}
{'loss': 0.6334, 'learning_rate': 2.753696698762036e-06, 'epoch': 0.17}
{'loss': 0.6867, 'learning_rate': 2.7511176066024762e-06, 'epoch': 0.17}
{'loss': 0.6567, 'learning_rate': 2.748538514442916e-06, 'epoch': 0.17}
{'eval_loss': 0.7214776277542114, 'eval_bce': 0.7218980159038135, 'eval_n_pos': 2024.0, 'eval_pos_rate': 0.09120814744716327, 'eval_auroc': 0.6444321584727996, 'eval_auprc': 0.15636902579956405, 'eval_mcc': 0.0, 'eval_precision': 0.09120814744716327, 'eval_recall': 1.0, 'eval_f1': 0.16716911005575055, 'eval_runtime': 20.4434, 'eval_samples_per_second': 1085.484, 'eval_steps_per_second': 16.974, 'epoch': 0.17}
{'loss': 0.6491, 'learning_rate': 2.7459594222833563e-06, 'epoch': 0.17}
{'loss': 0.6316, 'learning_rate': 2.7433803301237967e-06, 'epoch': 0.18}
{'loss': 0.6623, 'learning_rate': 2.7408012379642367e-06, 'epoch': 0.18}
{'loss': 0.6928, 'learning_rate': 2.7382221458046767e-06, 'epoch': 0.18}
{'loss': 0.6329, 'learning_rate': 2.7356430536451167e-06, 'epoch': 0.18}
{'loss': 0.6544, 'learning_rate': 2.733063961485557e-06, 'epoch': 0.18}
{'loss': 0.6365, 'learning_rate': 2.7304848693259976e-06, 'epoch': 0.18}
{'loss': 0.6625, 'learning_rate': 2.7279057771664376e-06, 'epoch': 0.19}
{'loss': 0.6478, 'learning_rate': 2.7253266850068776e-06, 'epoch': 0.19}
{'loss': 0.65, 'learning_rate': 2.7227475928473176e-06, 'epoch': 0.19}
{'loss': 0.6485, 'learning_rate': 2.720168500687758e-06, 'epoch': 0.19}
{'loss': 0.6427, 'learning_rate': 2.7175894085281985e-06, 'epoch': 0.19}
{'eval_loss': 0.7237857580184937, 'eval_bce': 0.7245221820546026, 'eval_n_pos': 2024.0, 'eval_pos_rate': 0.09120814744716327, 'eval_auroc': 0.6371983537266198, 'eval_auprc': 0.15064120707326542, 'eval_mcc': 0.0, 'eval_precision': 0.09120814744716327, 'eval_recall': 1.0, 'eval_f1': 0.16716911005575055, 'eval_runtime': 20.4356, 'eval_samples_per_second': 1085.901, 'eval_steps_per_second': 16.98, 'epoch': 0.19}
{'loss': 0.6456, 'learning_rate': 2.715010316368638e-06, 'epoch': 0.19}
{'loss': 0.6632, 'learning_rate': 2.7124312242090785e-06, 'epoch': 0.2}
{'loss': 0.6419, 'learning_rate': 2.7098521320495185e-06, 'epoch': 0.2}
{'loss': 0.6667, 'learning_rate': 2.707273039889959e-06, 'epoch': 0.2}
{'loss': 0.6878, 'learning_rate': 2.704693947730399e-06, 'epoch': 0.2}
{'loss': 0.6623, 'learning_rate': 2.702114855570839e-06, 'epoch': 0.2}
{'loss': 0.659, 'learning_rate': 2.6995357634112794e-06, 'epoch': 0.2}
{'loss': 0.657, 'learning_rate': 2.6969566712517194e-06, 'epoch': 0.21}
{'loss': 0.6449, 'learning_rate': 2.69437757909216e-06, 'epoch': 0.21}
{'loss': 0.6284, 'learning_rate': 2.6917984869326e-06, 'epoch': 0.21}
{'loss': 0.6696, 'learning_rate': 2.68921939477304e-06, 'epoch': 0.21}
{'loss': 0.6364, 'learning_rate': 2.6866403026134802e-06, 'epoch': 0.21}
{'loss': 0.6466, 'learning_rate': 2.6840612104539203e-06, 'epoch': 0.21}
{'eval_loss': 0.7243176698684692, 'eval_bce': 0.7249194113860595, 'eval_n_pos': 2024.0, 'eval_pos_rate': 0.09120814744716327, 'eval_auroc': 0.6376122886741559, 'eval_auprc': 0.15318765449778937, 'eval_mcc': 0.0, 'eval_precision': 0.09120814744716327, 'eval_recall': 1.0, 'eval_f1': 0.16716911005575055, 'eval_runtime': 20.4428, 'eval_samples_per_second': 1085.516, 'eval_steps_per_second': 16.974, 'epoch': 0.21}
{'loss': 0.6537, 'learning_rate': 2.6814821182943603e-06, 'epoch': 0.22}
{'loss': 0.6464, 'learning_rate': 2.6789030261348007e-06, 'epoch': 0.22}
{'loss': 0.6412, 'learning_rate': 2.6763239339752407e-06, 'epoch': 0.22}
{'loss': 0.6533, 'learning_rate': 2.673744841815681e-06, 'epoch': 0.22}
{'loss': 0.6452, 'learning_rate': 2.671165749656121e-06, 'epoch': 0.22}
{'loss': 0.6731, 'learning_rate': 2.668586657496561e-06, 'epoch': 0.22}
{'loss': 0.6438, 'learning_rate': 2.6660075653370016e-06, 'epoch': 0.23}
{'loss': 0.669, 'learning_rate': 2.6634284731774416e-06, 'epoch': 0.23}
{'loss': 0.6678, 'learning_rate': 2.660849381017882e-06, 'epoch': 0.23}
{'loss': 0.6466, 'learning_rate': 2.6582702888583216e-06, 'epoch': 0.23}
{'loss': 0.6646, 'learning_rate': 2.655691196698762e-06, 'epoch': 0.23}
{'loss': 0.651, 'learning_rate': 2.6531121045392025e-06, 'epoch': 0.24}
{'eval_loss': 0.7190548181533813, 'eval_bce': 0.7195056048947027, 'eval_n_pos': 2024.0, 'eval_pos_rate': 0.09120814744716327, 'eval_auroc': 0.6516962194725427, 'eval_auprc': 0.16514132709661158, 'eval_mcc': 0.005209913509810827, 'eval_precision': 0.09123281496506648, 'eval_recall': 1.0, 'eval_f1': 0.16721054153414017, 'eval_runtime': 20.4258, 'eval_samples_per_second': 1086.418, 'eval_steps_per_second': 16.988, 'epoch': 0.24}
{'loss': 0.6392, 'learning_rate': 2.6505330123796425e-06, 'epoch': 0.24}
{'loss': 0.6542, 'learning_rate': 2.647953920220083e-06, 'epoch': 0.24}
{'loss': 0.6529, 'learning_rate': 2.6453748280605225e-06, 'epoch': 0.24}
{'loss': 0.6189, 'learning_rate': 2.642795735900963e-06, 'epoch': 0.24}
{'loss': 0.6666, 'learning_rate': 2.6402166437414033e-06, 'epoch': 0.24}
{'loss': 0.6931, 'learning_rate': 2.6376375515818434e-06, 'epoch': 0.25}
{'loss': 0.6483, 'learning_rate': 2.6350584594222834e-06, 'epoch': 0.25}
{'loss': 0.6332, 'learning_rate': 2.6324793672627234e-06, 'epoch': 0.25}
{'loss': 0.6815, 'learning_rate': 2.629900275103164e-06, 'epoch': 0.25}
{'loss': 0.6428, 'learning_rate': 2.627321182943604e-06, 'epoch': 0.25}
{'loss': 0.6403, 'learning_rate': 2.624742090784044e-06, 'epoch': 0.25}
{'loss': 0.6523, 'learning_rate': 2.6221629986244842e-06, 'epoch': 0.26}
{'loss': 0.6626, 'learning_rate': 2.6195839064649243e-06, 'epoch': 0.26}
{'eval_loss': 0.7236982583999634, 'eval_bce': 0.7241486260067636, 'eval_n_pos': 2024.0, 'eval_pos_rate': 0.09120814744716327, 'eval_auroc': 0.6477136512884215, 'eval_auprc': 0.16205421626197233, 'eval_mcc': 0.006726575854455607, 'eval_precision': 0.09124926739101033, 'eval_recall': 1.0, 'eval_f1': 0.16723817393100598, 'eval_runtime': 20.4356, 'eval_samples_per_second': 1085.897, 'eval_steps_per_second': 16.98, 'epoch': 0.26}
{'loss': 0.6511, 'learning_rate': 2.6170048143053647e-06, 'epoch': 0.26}
{'loss': 0.641, 'learning_rate': 2.6144257221458047e-06, 'epoch': 0.26}
{'loss': 0.6597, 'learning_rate': 2.6118466299862447e-06, 'epoch': 0.26}
{'loss': 0.6602, 'learning_rate': 2.609267537826685e-06, 'epoch': 0.26}
{'loss': 0.6467, 'learning_rate': 2.606688445667125e-06, 'epoch': 0.27}
{'loss': 0.6484, 'learning_rate': 2.6041093535075656e-06, 'epoch': 0.27}
{'loss': 0.6534, 'learning_rate': 2.6015302613480056e-06, 'epoch': 0.27}
{'loss': 0.6591, 'learning_rate': 2.5989511691884456e-06, 'epoch': 0.27}
{'loss': 0.634, 'learning_rate': 2.596372077028886e-06, 'epoch': 0.27}
{'loss': 0.6642, 'learning_rate': 2.593792984869326e-06, 'epoch': 0.27}
{'loss': 0.6486, 'learning_rate': 2.5912138927097665e-06, 'epoch': 0.28}
{'loss': 0.6238, 'learning_rate': 2.5886348005502065e-06, 'epoch': 0.28}
{'eval_loss': 0.7201616764068604, 'eval_bce': 0.7208234545092166, 'eval_n_pos': 2024.0, 'eval_pos_rate': 0.09120814744716327, 'eval_auroc': 0.6536483725516443, 'eval_auprc': 0.1682337428223471, 'eval_mcc': 0.013292615331001829, 'eval_precision': 0.09136872517154207, 'eval_recall': 1.0, 'eval_f1': 0.16743878226340173, 'eval_runtime': 20.4637, 'eval_samples_per_second': 1084.408, 'eval_steps_per_second': 16.957, 'epoch': 0.28}
{'loss': 0.6384, 'learning_rate': 2.5860557083906465e-06, 'epoch': 0.28}
{'loss': 0.639, 'learning_rate': 2.583476616231087e-06, 'epoch': 0.28}
{'loss': 0.6298, 'learning_rate': 2.580897524071527e-06, 'epoch': 0.28}
{'loss': 0.6505, 'learning_rate': 2.578318431911967e-06, 'epoch': 0.28}
{'loss': 0.659, 'learning_rate': 2.5757393397524073e-06, 'epoch': 0.29}
{'loss': 0.633, 'learning_rate': 2.5731602475928473e-06, 'epoch': 0.29}
{'loss': 0.651, 'learning_rate': 2.5705811554332878e-06, 'epoch': 0.29}
{'loss': 0.6466, 'learning_rate': 2.5680020632737274e-06, 'epoch': 0.29}
{'loss': 0.6548, 'learning_rate': 2.565422971114168e-06, 'epoch': 0.29}
{'loss': 0.6515, 'learning_rate': 2.5628438789546082e-06, 'epoch': 0.3}
{'loss': 0.6172, 'learning_rate': 2.5602647867950482e-06, 'epoch': 0.3}
{'loss': 0.6485, 'learning_rate': 2.5576856946354887e-06, 'epoch': 0.3}
{'loss': 0.6575, 'learning_rate': 2.5551066024759282e-06, 'epoch': 0.3}
{'eval_loss': 0.7193543314933777, 'eval_bce': 0.7196931643836229, 'eval_n_pos': 2024.0, 'eval_pos_rate': 0.09120814744716327, 'eval_auroc': 0.6585962989668679, 'eval_auprc': 0.17322426821362036, 'eval_mcc': 0.019138165315113483, 'eval_precision': 0.09174019830801419, 'eval_recall': 0.9965415019762845, 'eval_f1': 0.16801332778009162, 'eval_runtime': 20.4566, 'eval_samples_per_second': 1084.782, 'eval_steps_per_second': 16.963, 'epoch': 0.3}
{'loss': 0.639, 'learning_rate': 2.5525275103163687e-06, 'epoch': 0.3}
{'loss': 0.6447, 'learning_rate': 2.549948418156809e-06, 'epoch': 0.3}
{'loss': 0.6155, 'learning_rate': 2.547369325997249e-06, 'epoch': 0.31}
{'loss': 0.658, 'learning_rate': 2.544790233837689e-06, 'epoch': 0.31}
{'loss': 0.6574, 'learning_rate': 2.542211141678129e-06, 'epoch': 0.31}
{'loss': 0.6372, 'learning_rate': 2.5396320495185696e-06, 'epoch': 0.31}
{'loss': 0.6794, 'learning_rate': 2.5370529573590096e-06, 'epoch': 0.31}
{'loss': 0.6533, 'learning_rate': 2.53447386519945e-06, 'epoch': 0.31}
{'loss': 0.6567, 'learning_rate': 2.53189477303989e-06, 'epoch': 0.32}
{'loss': 0.651, 'learning_rate': 2.52931568088033e-06, 'epoch': 0.32}
{'loss': 0.6551, 'learning_rate': 2.5267365887207704e-06, 'epoch': 0.32}
{'loss': 0.6626, 'learning_rate': 2.5241574965612105e-06, 'epoch': 0.32}
{'eval_loss': 0.7170127630233765, 'eval_bce': 0.7172788971295426, 'eval_n_pos': 2024.0, 'eval_pos_rate': 0.09120814744716327, 'eval_auroc': 0.6648377843426363, 'eval_auprc': 0.18369954366570548, 'eval_mcc': 0.027875235812152382, 'eval_precision': 0.09272048530097994, 'eval_recall': 0.9817193675889329, 'eval_f1': 0.16943804894687475, 'eval_runtime': 20.4664, 'eval_samples_per_second': 1084.264, 'eval_steps_per_second': 16.955, 'epoch': 0.32}
{'loss': 0.6592, 'learning_rate': 2.5215784044016505e-06, 'epoch': 0.32}
{'loss': 0.6488, 'learning_rate': 2.518999312242091e-06, 'epoch': 0.32}
{'loss': 0.6301, 'learning_rate': 2.516420220082531e-06, 'epoch': 0.33}
{'loss': 0.6375, 'learning_rate': 2.5138411279229713e-06, 'epoch': 0.33}
{'loss': 0.6196, 'learning_rate': 2.5112620357634113e-06, 'epoch': 0.33}
{'loss': 0.6196, 'learning_rate': 2.5086829436038513e-06, 'epoch': 0.33}
{'loss': 0.6689, 'learning_rate': 2.5061038514442918e-06, 'epoch': 0.33}
{'loss': 0.6455, 'learning_rate': 2.5035247592847318e-06, 'epoch': 0.33}
{'loss': 0.6254, 'learning_rate': 2.5009456671251722e-06, 'epoch': 0.34}
{'loss': 0.6269, 'learning_rate': 2.4983665749656122e-06, 'epoch': 0.34}
{'loss': 0.6378, 'learning_rate': 2.4957874828060522e-06, 'epoch': 0.34}
{'loss': 0.6361, 'learning_rate': 2.4932083906464927e-06, 'epoch': 0.34}
{'loss': 0.6155, 'learning_rate': 2.4906292984869327e-06, 'epoch': 0.34}
{'eval_loss': 0.7225547432899475, 'eval_bce': 0.7229468882511424, 'eval_n_pos': 2024.0, 'eval_pos_rate': 0.09120814744716327, 'eval_auroc': 0.662111830641025, 'eval_auprc': 0.1711753852038227, 'eval_mcc': 0.04078065588078596, 'eval_precision': 0.09402401829965688, 'eval_recall': 0.974802371541502, 'eval_f1': 0.1715055632823366, 'eval_runtime': 20.4489, 'eval_samples_per_second': 1085.193, 'eval_steps_per_second': 16.969, 'epoch': 0.34}
{'loss': 0.6439, 'learning_rate': 2.4880502063273727e-06, 'epoch': 0.34}
{'loss': 0.6504, 'learning_rate': 2.485471114167813e-06, 'epoch': 0.35}
{'loss': 0.6545, 'learning_rate': 2.482892022008253e-06, 'epoch': 0.35}
{'loss': 0.6316, 'learning_rate': 2.4803129298486935e-06, 'epoch': 0.35}
{'loss': 0.6069, 'learning_rate': 2.4777338376891336e-06, 'epoch': 0.35}
{'loss': 0.6474, 'learning_rate': 2.4751547455295736e-06, 'epoch': 0.35}
{'loss': 0.6616, 'learning_rate': 2.472575653370014e-06, 'epoch': 0.36}
{'loss': 0.6171, 'learning_rate': 2.469996561210454e-06, 'epoch': 0.36}
{'loss': 0.6507, 'learning_rate': 2.4674174690508944e-06, 'epoch': 0.36}
{'loss': 0.6659, 'learning_rate': 2.464838376891334e-06, 'epoch': 0.36}
{'loss': 0.6243, 'learning_rate': 2.4622592847317744e-06, 'epoch': 0.36}
{'loss': 0.6226, 'learning_rate': 2.4596801925722145e-06, 'epoch': 0.36}
{'eval_loss': 0.7249289751052856, 'eval_bce': 0.7254226320604836, 'eval_n_pos': 2024.0, 'eval_pos_rate': 0.09120814744716327, 'eval_auroc': 0.6600074163344767, 'eval_auprc': 0.164310977327487, 'eval_mcc': 0.04162841035601571, 'eval_precision': 0.09453098461687776, 'eval_recall': 0.9624505928853755, 'eval_f1': 0.1721532411294242, 'eval_runtime': 20.4631, 'eval_samples_per_second': 1084.438, 'eval_steps_per_second': 16.957, 'epoch': 0.36}
{'loss': 0.6426, 'learning_rate': 2.457101100412655e-06, 'epoch': 0.37}
{'loss': 0.6526, 'learning_rate': 2.454522008253095e-06, 'epoch': 0.37}
{'loss': 0.6304, 'learning_rate': 2.451942916093535e-06, 'epoch': 0.37}
{'loss': 0.6704, 'learning_rate': 2.4493638239339753e-06, 'epoch': 0.37}
{'loss': 0.6411, 'learning_rate': 2.4467847317744153e-06, 'epoch': 0.37}
{'loss': 0.6151, 'learning_rate': 2.4442056396148558e-06, 'epoch': 0.37}
{'loss': 0.6401, 'learning_rate': 2.4416265474552958e-06, 'epoch': 0.38}
{'loss': 0.6435, 'learning_rate': 2.4390474552957358e-06, 'epoch': 0.38}
{'loss': 0.6819, 'learning_rate': 2.4364683631361762e-06, 'epoch': 0.38}
{'loss': 0.6522, 'learning_rate': 2.4338892709766162e-06, 'epoch': 0.38}
{'loss': 0.6217, 'learning_rate': 2.4313101788170562e-06, 'epoch': 0.38}
{'loss': 0.6294, 'learning_rate': 2.4287310866574967e-06, 'epoch': 0.38}
{'loss': 0.6481, 'learning_rate': 2.4261519944979367e-06, 'epoch': 0.39}
{'eval_loss': 0.7211162447929382, 'eval_bce': 0.7216611949499956, 'eval_n_pos': 2024.0, 'eval_pos_rate': 0.09120814744716327, 'eval_auroc': 0.6637881128349037, 'eval_auprc': 0.17478906483562645, 'eval_mcc': 0.05117415722702578, 'eval_precision': 0.096794144933512, 'eval_recall': 0.9278656126482213, 'eval_f1': 0.1753010361243349, 'eval_runtime': 20.4461, 'eval_samples_per_second': 1085.34, 'eval_steps_per_second': 16.971, 'epoch': 0.39}
{'loss': 0.629, 'learning_rate': 2.423572902338377e-06, 'epoch': 0.39}
{'loss': 0.6481, 'learning_rate': 2.420993810178817e-06, 'epoch': 0.39}
{'loss': 0.641, 'learning_rate': 2.418414718019257e-06, 'epoch': 0.39}
{'loss': 0.672, 'learning_rate': 2.4158356258596975e-06, 'epoch': 0.39}
{'loss': 0.6636, 'learning_rate': 2.4132565337001376e-06, 'epoch': 0.39}
{'loss': 0.6769, 'learning_rate': 2.410677441540578e-06, 'epoch': 0.4}
{'loss': 0.6286, 'learning_rate': 2.408098349381018e-06, 'epoch': 0.4}
{'loss': 0.6332, 'learning_rate': 2.405519257221458e-06, 'epoch': 0.4}
{'loss': 0.6321, 'learning_rate': 2.4029401650618984e-06, 'epoch': 0.4}
{'loss': 0.6565, 'learning_rate': 2.4003610729023384e-06, 'epoch': 0.4}
{'loss': 0.6216, 'learning_rate': 2.397781980742779e-06, 'epoch': 0.4}
{'loss': 0.6492, 'learning_rate': 2.395202888583219e-06, 'epoch': 0.41}
{'eval_loss': 0.7212998270988464, 'eval_bce': 0.7217818445536289, 'eval_n_pos': 2024.0, 'eval_pos_rate': 0.09120814744716327, 'eval_auroc': 0.6653678690052685, 'eval_auprc': 0.17552929957416566, 'eval_mcc': 0.05922072637404278, 'eval_precision': 0.09881145326850352, 'eval_recall': 0.9036561264822134, 'eval_f1': 0.17814356676731274, 'eval_runtime': 20.4747, 'eval_samples_per_second': 1083.826, 'eval_steps_per_second': 16.948, 'epoch': 0.41}
{'loss': 0.6755, 'learning_rate': 2.392623796423659e-06, 'epoch': 0.41}
{'loss': 0.6382, 'learning_rate': 2.3900447042640993e-06, 'epoch': 0.41}
{'loss': 0.6151, 'learning_rate': 2.3874656121045393e-06, 'epoch': 0.41}
{'loss': 0.6469, 'learning_rate': 2.3848865199449793e-06, 'epoch': 0.41}
{'loss': 0.6069, 'learning_rate': 2.3823074277854193e-06, 'epoch': 0.42}
{'loss': 0.6644, 'learning_rate': 2.3797283356258598e-06, 'epoch': 0.42}
{'loss': 0.6397, 'learning_rate': 2.3771492434663e-06, 'epoch': 0.42}
{'loss': 0.6269, 'learning_rate': 2.3745701513067398e-06, 'epoch': 0.42}
{'loss': 0.6469, 'learning_rate': 2.37199105914718e-06, 'epoch': 0.42}
{'loss': 0.6458, 'learning_rate': 2.3694119669876202e-06, 'epoch': 0.42}
{'loss': 0.6361, 'learning_rate': 2.3668328748280606e-06, 'epoch': 0.43}
{'loss': 0.6766, 'learning_rate': 2.364253782668501e-06, 'epoch': 0.43}
{'loss': 0.6458, 'learning_rate': 2.3616746905089407e-06, 'epoch': 0.43}
{'eval_loss': 0.7209033966064453, 'eval_bce': 0.7213084924990422, 'eval_n_pos': 2024.0, 'eval_pos_rate': 0.09120814744716327, 'eval_auroc': 0.6671847509070017, 'eval_auprc': 0.1831908342147392, 'eval_mcc': 0.057065111286306404, 'eval_precision': 0.09815168897386871, 'eval_recall': 0.9130434782608695, 'eval_f1': 0.1772491847304815, 'eval_runtime': 20.4602, 'eval_samples_per_second': 1084.594, 'eval_steps_per_second': 16.96, 'epoch': 0.43}
{'loss': 0.6307, 'learning_rate': 2.359095598349381e-06, 'epoch': 0.43}
{'loss': 0.6605, 'learning_rate': 2.356516506189821e-06, 'epoch': 0.43}
{'loss': 0.6379, 'learning_rate': 2.3539374140302615e-06, 'epoch': 0.43}
{'loss': 0.6452, 'learning_rate': 2.3513583218707015e-06, 'epoch': 0.44}
{'loss': 0.6442, 'learning_rate': 2.3487792297111415e-06, 'epoch': 0.44}
{'loss': 0.6133, 'learning_rate': 2.346200137551582e-06, 'epoch': 0.44}
{'loss': 0.6472, 'learning_rate': 2.343621045392022e-06, 'epoch': 0.44}
{'loss': 0.6315, 'learning_rate': 2.3410419532324624e-06, 'epoch': 0.44}
{'loss': 0.6503, 'learning_rate': 2.3384628610729024e-06, 'epoch': 0.44}
{'loss': 0.6534, 'learning_rate': 2.3358837689133424e-06, 'epoch': 0.45}
{'loss': 0.6357, 'learning_rate': 2.333304676753783e-06, 'epoch': 0.45}
{'loss': 0.618, 'learning_rate': 2.330725584594223e-06, 'epoch': 0.45}
{'eval_loss': 0.7300703525543213, 'eval_bce': 0.7307737986874918, 'eval_n_pos': 2024.0, 'eval_pos_rate': 0.09120814744716327, 'eval_auroc': 0.6548561727951054, 'eval_auprc': 0.1611736680373697, 'eval_mcc': 0.062025942490357526, 'eval_precision': 0.09883318237519313, 'eval_recall': 0.916501976284585, 'eval_f1': 0.17842543163564661, 'eval_runtime': 20.4604, 'eval_samples_per_second': 1084.585, 'eval_steps_per_second': 16.96, 'epoch': 0.45}
{'loss': 0.6161, 'learning_rate': 2.328146492434663e-06, 'epoch': 0.45}
{'loss': 0.6579, 'learning_rate': 2.3255674002751033e-06, 'epoch': 0.45}
{'loss': 0.637, 'learning_rate': 2.3229883081155433e-06, 'epoch': 0.45}
{'loss': 0.6055, 'learning_rate': 2.3204092159559837e-06, 'epoch': 0.46}
{'loss': 0.6371, 'learning_rate': 2.3178301237964238e-06, 'epoch': 0.46}
{'loss': 0.6815, 'learning_rate': 2.3152510316368638e-06, 'epoch': 0.46}
{'loss': 0.6561, 'learning_rate': 2.312671939477304e-06, 'epoch': 0.46}
{'loss': 0.6725, 'learning_rate': 2.310092847317744e-06, 'epoch': 0.46}
{'loss': 0.6359, 'learning_rate': 2.3075137551581846e-06, 'epoch': 0.46}
{'loss': 0.6263, 'learning_rate': 2.3049346629986246e-06, 'epoch': 0.47}
{'loss': 0.6533, 'learning_rate': 2.3023555708390646e-06, 'epoch': 0.47}
{'loss': 0.6346, 'learning_rate': 2.299776478679505e-06, 'epoch': 0.47}
{'loss': 0.6328, 'learning_rate': 2.297197386519945e-06, 'epoch': 0.47}
{'eval_loss': 0.7265138030052185, 'eval_bce': 0.7270344336716726, 'eval_n_pos': 2024.0, 'eval_pos_rate': 0.09120814744716327, 'eval_auroc': 0.6626193762321767, 'eval_auprc': 0.16999338895370814, 'eval_mcc': 0.08093441705950033, 'eval_precision': 0.10457594633445137, 'eval_recall': 0.8626482213438735, 'eval_f1': 0.18653846153846154, 'eval_runtime': 20.4623, 'eval_samples_per_second': 1084.482, 'eval_steps_per_second': 16.958, 'epoch': 0.47}
{'loss': 0.6118, 'learning_rate': 2.294618294360385e-06, 'epoch': 0.47}
{'loss': 0.6797, 'learning_rate': 2.292039202200825e-06, 'epoch': 0.48}
{'loss': 0.6542, 'learning_rate': 2.2894601100412655e-06, 'epoch': 0.48}
{'loss': 0.6655, 'learning_rate': 2.286881017881706e-06, 'epoch': 0.48}
{'loss': 0.651, 'learning_rate': 2.284301925722146e-06, 'epoch': 0.48}
{'loss': 0.6252, 'learning_rate': 2.281722833562586e-06, 'epoch': 0.48}
{'loss': 0.6407, 'learning_rate': 2.279143741403026e-06, 'epoch': 0.48}
{'loss': 0.6779, 'learning_rate': 2.2765646492434664e-06, 'epoch': 0.49}
{'loss': 0.6243, 'learning_rate': 2.273985557083907e-06, 'epoch': 0.49}
{'loss': 0.6173, 'learning_rate': 2.2714064649243464e-06, 'epoch': 0.49}
{'loss': 0.6356, 'learning_rate': 2.268827372764787e-06, 'epoch': 0.49}
{'loss': 0.6313, 'learning_rate': 2.266248280605227e-06, 'epoch': 0.49}
{'eval_loss': 0.7249417901039124, 'eval_bce': 0.7254875021849823, 'eval_n_pos': 2024.0, 'eval_pos_rate': 0.09120814744716327, 'eval_auroc': 0.6650018295846285, 'eval_auprc': 0.1746434105609161, 'eval_mcc': 0.09503500310784808, 'eval_precision': 0.10890266504761296, 'eval_recall': 0.841897233201581, 'eval_f1': 0.19285835549770813, 'eval_runtime': 21.8772, 'eval_samples_per_second': 1014.342, 'eval_steps_per_second': 15.861, 'epoch': 0.49}
{'loss': 0.6084, 'learning_rate': 2.2636691884456673e-06, 'epoch': 0.49}
{'loss': 0.679, 'learning_rate': 2.2610900962861073e-06, 'epoch': 0.5}
{'loss': 0.6236, 'learning_rate': 2.2585110041265473e-06, 'epoch': 0.5}
{'loss': 0.6138, 'learning_rate': 2.2559319119669877e-06, 'epoch': 0.5}
{'loss': 0.662, 'learning_rate': 2.2533528198074278e-06, 'epoch': 0.5}
{'loss': 0.6175, 'learning_rate': 2.250773727647868e-06, 'epoch': 0.5}
{'loss': 0.6318, 'learning_rate': 2.248194635488308e-06, 'epoch': 0.5}
{'loss': 0.7044, 'learning_rate': 2.245615543328748e-06, 'epoch': 0.51}
{'loss': 0.6509, 'learning_rate': 2.2430364511691886e-06, 'epoch': 0.51}
{'loss': 0.6333, 'learning_rate': 2.2404573590096286e-06, 'epoch': 0.51}
{'loss': 0.6356, 'learning_rate': 2.2378782668500686e-06, 'epoch': 0.51}
{'loss': 0.6222, 'learning_rate': 2.235299174690509e-06, 'epoch': 0.51}
{'loss': 0.6497, 'learning_rate': 2.232720082530949e-06, 'epoch': 0.51}
{'eval_loss': 0.7215470671653748, 'eval_bce': 0.7217295038780984, 'eval_n_pos': 2024.0, 'eval_pos_rate': 0.09120814744716327, 'eval_auroc': 0.6716085214153518, 'eval_auprc': 0.18422520204349702, 'eval_mcc': 0.11953823759137541, 'eval_precision': 0.1189185174181089, 'eval_recall': 0.79100790513834, 'eval_f1': 0.2067540517853684, 'eval_runtime': 21.8333, 'eval_samples_per_second': 1016.384, 'eval_steps_per_second': 15.893, 'epoch': 0.51}
{'loss': 0.6647, 'learning_rate': 2.2301409903713895e-06, 'epoch': 0.52}
{'loss': 0.6631, 'learning_rate': 2.2275618982118295e-06, 'epoch': 0.52}
{'loss': 0.6027, 'learning_rate': 2.2249828060522695e-06, 'epoch': 0.52}
{'loss': 0.6401, 'learning_rate': 2.22240371389271e-06, 'epoch': 0.52}
{'loss': 0.6338, 'learning_rate': 2.21982462173315e-06, 'epoch': 0.52}
{'loss': 0.6307, 'learning_rate': 2.2172455295735904e-06, 'epoch': 0.53}
{'loss': 0.6452, 'learning_rate': 2.21466643741403e-06, 'epoch': 0.53}
{'loss': 0.6273, 'learning_rate': 2.2120873452544704e-06, 'epoch': 0.53}
{'loss': 0.6469, 'learning_rate': 2.209508253094911e-06, 'epoch': 0.53}
{'loss': 0.6472, 'learning_rate': 2.206929160935351e-06, 'epoch': 0.53}
{'loss': 0.6331, 'learning_rate': 2.204350068775791e-06, 'epoch': 0.53}
{'loss': 0.6571, 'learning_rate': 2.201770976616231e-06, 'epoch': 0.54}
{'eval_loss': 0.7180787920951843, 'eval_bce': 0.7183076613878219, 'eval_n_pos': 2024.0, 'eval_pos_rate': 0.09120814744716327, 'eval_auroc': 0.6736947084727899, 'eval_auprc': 0.19201747952488163, 'eval_mcc': 0.1422905155961937, 'eval_precision': 0.12984248616432525, 'eval_recall': 0.7534584980237155, 'eval_f1': 0.22151209238143657, 'eval_runtime': 21.8386, 'eval_samples_per_second': 1016.136, 'eval_steps_per_second': 15.889, 'epoch': 0.54}
{'loss': 0.6593, 'learning_rate': 2.1991918844566713e-06, 'epoch': 0.54}
{'loss': 0.6038, 'learning_rate': 2.1966127922971117e-06, 'epoch': 0.54}
{'loss': 0.6465, 'learning_rate': 2.1940337001375517e-06, 'epoch': 0.54}
{'loss': 0.6467, 'learning_rate': 2.1914546079779917e-06, 'epoch': 0.54}
{'loss': 0.63, 'learning_rate': 2.1888755158184317e-06, 'epoch': 0.54}
{'loss': 0.6633, 'learning_rate': 2.186296423658872e-06, 'epoch': 0.55}
{'loss': 0.598, 'learning_rate': 2.1837173314993126e-06, 'epoch': 0.55}
{'loss': 0.5923, 'learning_rate': 2.181138239339752e-06, 'epoch': 0.55}
{'loss': 0.6447, 'learning_rate': 2.1785591471801926e-06, 'epoch': 0.55}
{'loss': 0.6678, 'learning_rate': 2.1759800550206326e-06, 'epoch': 0.55}
{'loss': 0.6246, 'learning_rate': 2.173400962861073e-06, 'epoch': 0.55}
{'loss': 0.6625, 'learning_rate': 2.170821870701513e-06, 'epoch': 0.56}
{'loss': 0.6677, 'learning_rate': 2.168242778541953e-06, 'epoch': 0.56}
{'eval_loss': 0.7272442579269409, 'eval_bce': 0.7281258293954764, 'eval_n_pos': 2024.0, 'eval_pos_rate': 0.09120814744716327, 'eval_auroc': 0.6632599758420351, 'eval_auprc': 0.16985506684076915, 'eval_mcc': 0.11965010966269929, 'eval_precision': 0.11829917584421268, 'eval_recall': 0.8013833992094862, 'eval_f1': 0.2061646012074992, 'eval_runtime': 21.8684, 'eval_samples_per_second': 1014.75, 'eval_steps_per_second': 15.868, 'epoch': 0.56}
{'loss': 0.6284, 'learning_rate': 2.1656636863823935e-06, 'epoch': 0.56}
{'loss': 0.6376, 'learning_rate': 2.1630845942228335e-06, 'epoch': 0.56}
{'loss': 0.6277, 'learning_rate': 2.160505502063274e-06, 'epoch': 0.56}
{'loss': 0.6272, 'learning_rate': 2.157926409903714e-06, 'epoch': 0.56}
{'loss': 0.6364, 'learning_rate': 2.155347317744154e-06, 'epoch': 0.57}
{'loss': 0.638, 'learning_rate': 2.1527682255845944e-06, 'epoch': 0.57}
{'loss': 0.6544, 'learning_rate': 2.1501891334250344e-06, 'epoch': 0.57}
{'loss': 0.6249, 'learning_rate': 2.1476100412654744e-06, 'epoch': 0.57}
{'loss': 0.643, 'learning_rate': 2.145030949105915e-06, 'epoch': 0.57}
{'loss': 0.6206, 'learning_rate': 2.142451856946355e-06, 'epoch': 0.57}
{'loss': 0.6499, 'learning_rate': 2.1398727647867953e-06, 'epoch': 0.58}
{'loss': 0.665, 'learning_rate': 2.1372936726272353e-06, 'epoch': 0.58}
{'eval_loss': 0.716693103313446, 'eval_bce': 0.7171586199402371, 'eval_n_pos': 2024.0, 'eval_pos_rate': 0.09120814744716327, 'eval_auroc': 0.6733534742802736, 'eval_auprc': 0.1984478017456409, 'eval_mcc': 0.1411178441628975, 'eval_precision': 0.12867984321574513, 'eval_recall': 0.7623517786561265, 'eval_f1': 0.22019265073135924, 'eval_runtime': 20.3925, 'eval_samples_per_second': 1088.192, 'eval_steps_per_second': 17.016, 'epoch': 0.58}
{'loss': 0.621, 'learning_rate': 2.1347145804676753e-06, 'epoch': 0.58}
{'loss': 0.6261, 'learning_rate': 2.1321354883081157e-06, 'epoch': 0.58}
{'loss': 0.6234, 'learning_rate': 2.1295563961485557e-06, 'epoch': 0.58}
{'loss': 0.6409, 'learning_rate': 2.126977303988996e-06, 'epoch': 0.59}
{'loss': 0.6595, 'learning_rate': 2.1243982118294357e-06, 'epoch': 0.59}
{'loss': 0.613, 'learning_rate': 2.121819119669876e-06, 'epoch': 0.59}
{'loss': 0.646, 'learning_rate': 2.1192400275103166e-06, 'epoch': 0.59}
{'loss': 0.6621, 'learning_rate': 2.1166609353507566e-06, 'epoch': 0.59}
{'loss': 0.6597, 'learning_rate': 2.114081843191197e-06, 'epoch': 0.59}
{'loss': 0.6317, 'learning_rate': 2.1115027510316366e-06, 'epoch': 0.6}
{'loss': 0.6086, 'learning_rate': 2.108923658872077e-06, 'epoch': 0.6}
{'loss': 0.6099, 'learning_rate': 2.1063445667125175e-06, 'epoch': 0.6}
{'loss': 0.6619, 'learning_rate': 2.1037654745529575e-06, 'epoch': 0.6}
{'eval_loss': 0.7195298671722412, 'eval_bce': 0.7200902444870625, 'eval_n_pos': 2024.0, 'eval_pos_rate': 0.09120814744716327, 'eval_auroc': 0.6724775618643616, 'eval_auprc': 0.19139797850295087, 'eval_mcc': 0.1459424521974206, 'eval_precision': 0.13154932016974105, 'eval_recall': 0.7504940711462451, 'eval_f1': 0.22385970083265785, 'eval_runtime': 20.4488, 'eval_samples_per_second': 1085.197, 'eval_steps_per_second': 16.969, 'epoch': 0.6}
{'loss': 0.6538, 'learning_rate': 2.1011863823933975e-06, 'epoch': 0.6}
{'loss': 0.6484, 'learning_rate': 2.0986072902338375e-06, 'epoch': 0.6}
{'loss': 0.6434, 'learning_rate': 2.096028198074278e-06, 'epoch': 0.61}
{'loss': 0.6508, 'learning_rate': 2.0934491059147184e-06, 'epoch': 0.61}
{'loss': 0.6171, 'learning_rate': 2.090870013755158e-06, 'epoch': 0.61}
{'loss': 0.6048, 'learning_rate': 2.0882909215955984e-06, 'epoch': 0.61}
{'loss': 0.6004, 'learning_rate': 2.0857118294360384e-06, 'epoch': 0.61}
{'loss': 0.6258, 'learning_rate': 2.083132737276479e-06, 'epoch': 0.61}
{'loss': 0.6736, 'learning_rate': 2.080553645116919e-06, 'epoch': 0.62}
{'loss': 0.6378, 'learning_rate': 2.077974552957359e-06, 'epoch': 0.62}
{'loss': 0.6465, 'learning_rate': 2.0753954607977993e-06, 'epoch': 0.62}
{'loss': 0.639, 'learning_rate': 2.0728163686382393e-06, 'epoch': 0.62}
{'eval_loss': 0.7220085263252258, 'eval_bce': 0.7223015697881593, 'eval_n_pos': 2024.0, 'eval_pos_rate': 0.09120814744716327, 'eval_auroc': 0.671963732282085, 'eval_auprc': 0.1885164085054281, 'eval_mcc': 0.15965750868886394, 'eval_precision': 0.13980341635652258, 'eval_recall': 0.7238142292490118, 'eval_f1': 0.23434375749820044, 'eval_runtime': 20.4069, 'eval_samples_per_second': 1087.428, 'eval_steps_per_second': 17.004, 'epoch': 0.62}
{'loss': 0.6602, 'learning_rate': 2.0702372764786797e-06, 'epoch': 0.62}
{'loss': 0.6067, 'learning_rate': 2.0676581843191197e-06, 'epoch': 0.62}
{'loss': 0.6148, 'learning_rate': 2.0650790921595597e-06, 'epoch': 0.63}
{'loss': 0.6226, 'learning_rate': 2.0625e-06, 'epoch': 0.63}
{'loss': 0.6039, 'learning_rate': 2.05992090784044e-06, 'epoch': 0.63}
{'loss': 0.6331, 'learning_rate': 2.0573418156808806e-06, 'epoch': 0.63}
{'loss': 0.6676, 'learning_rate': 2.0547627235213206e-06, 'epoch': 0.63}
{'loss': 0.6415, 'learning_rate': 2.0521836313617606e-06, 'epoch': 0.63}
{'loss': 0.6223, 'learning_rate': 2.049604539202201e-06, 'epoch': 0.64}
{'loss': 0.6115, 'learning_rate': 2.047025447042641e-06, 'epoch': 0.64}
{'loss': 0.643, 'learning_rate': 2.044446354883081e-06, 'epoch': 0.64}
{'loss': 0.659, 'learning_rate': 2.0418672627235215e-06, 'epoch': 0.64}
{'loss': 0.6461, 'learning_rate': 2.0392881705639615e-06, 'epoch': 0.64}
{'eval_loss': 0.7192585468292236, 'eval_bce': 0.719599788955901, 'eval_n_pos': 2024.0, 'eval_pos_rate': 0.09120814744716327, 'eval_auroc': 0.6704274128223013, 'eval_auprc': 0.1922100388107627, 'eval_mcc': 0.15759796334878048, 'eval_precision': 0.14231673653000715, 'eval_recall': 0.6877470355731226, 'eval_f1': 0.2358322744599746, 'eval_runtime': 20.395, 'eval_samples_per_second': 1088.06, 'eval_steps_per_second': 17.014, 'epoch': 0.64}
{'loss': 0.6294, 'learning_rate': 2.036709078404402e-06, 'epoch': 0.65}
{'loss': 0.6078, 'learning_rate': 2.034129986244842e-06, 'epoch': 0.65}
{'loss': 0.6131, 'learning_rate': 2.031550894085282e-06, 'epoch': 0.65}
{'loss': 0.616, 'learning_rate': 2.0289718019257224e-06, 'epoch': 0.65}
{'loss': 0.6235, 'learning_rate': 2.0263927097661624e-06, 'epoch': 0.65}
{'loss': 0.6311, 'learning_rate': 2.023813617606603e-06, 'epoch': 0.65}
{'loss': 0.5841, 'learning_rate': 2.0212345254470424e-06, 'epoch': 0.66}
{'loss': 0.6395, 'learning_rate': 2.018655433287483e-06, 'epoch': 0.66}
{'loss': 0.6329, 'learning_rate': 2.0160763411279233e-06, 'epoch': 0.66}
{'loss': 0.6283, 'learning_rate': 2.0134972489683633e-06, 'epoch': 0.66}
{'loss': 0.6352, 'learning_rate': 2.0109181568088033e-06, 'epoch': 0.66}
{'loss': 0.6245, 'learning_rate': 2.0083390646492433e-06, 'epoch': 0.66}
{'eval_loss': 0.7235131859779358, 'eval_bce': 0.724195314650313, 'eval_n_pos': 2024.0, 'eval_pos_rate': 0.09120814744716327, 'eval_auroc': 0.6691990946740959, 'eval_auprc': 0.18389066117199718, 'eval_mcc': 0.15913019434764267, 'eval_precision': 0.14154978613349248, 'eval_recall': 0.7030632411067194, 'eval_f1': 0.23565454997101928, 'eval_runtime': 20.4124, 'eval_samples_per_second': 1087.132, 'eval_steps_per_second': 16.999, 'epoch': 0.66}
{'loss': 0.6432, 'learning_rate': 2.0057599724896837e-06, 'epoch': 0.67}
{'loss': 0.6306, 'learning_rate': 2.0031808803301237e-06, 'epoch': 0.67}
{'loss': 0.652, 'learning_rate': 2.000601788170564e-06, 'epoch': 0.67}
{'loss': 0.6255, 'learning_rate': 1.998022696011004e-06, 'epoch': 0.67}
{'loss': 0.6296, 'learning_rate': 1.995443603851444e-06, 'epoch': 0.67}
{'loss': 0.6224, 'learning_rate': 1.9928645116918846e-06, 'epoch': 0.67}
{'loss': 0.6491, 'learning_rate': 1.9902854195323246e-06, 'epoch': 0.68}
{'loss': 0.6505, 'learning_rate': 1.9877063273727646e-06, 'epoch': 0.68}
{'loss': 0.6212, 'learning_rate': 1.985127235213205e-06, 'epoch': 0.68}
{'loss': 0.6209, 'learning_rate': 1.982548143053645e-06, 'epoch': 0.68}
{'loss': 0.6404, 'learning_rate': 1.9799690508940855e-06, 'epoch': 0.68}
{'loss': 0.6498, 'learning_rate': 1.9773899587345255e-06, 'epoch': 0.68}
{'loss': 0.6273, 'learning_rate': 1.9748108665749655e-06, 'epoch': 0.69}
{'eval_loss': 0.7294012904167175, 'eval_bce': 0.7299918446146071, 'eval_n_pos': 2024.0, 'eval_pos_rate': 0.09120814744716327, 'eval_auroc': 0.6682513022193539, 'eval_auprc': 0.17885916115720737, 'eval_mcc': 0.1587822044703123, 'eval_precision': 0.13838994881340158, 'eval_recall': 0.7346837944664032, 'eval_f1': 0.23290782363536688, 'eval_runtime': 20.3981, 'eval_samples_per_second': 1087.893, 'eval_steps_per_second': 17.011, 'epoch': 0.69}
{'loss': 0.6344, 'learning_rate': 1.972231774415406e-06, 'epoch': 0.69}
{'loss': 0.6181, 'learning_rate': 1.969652682255846e-06, 'epoch': 0.69}
{'loss': 0.6419, 'learning_rate': 1.9670735900962864e-06, 'epoch': 0.69}
{'loss': 0.6151, 'learning_rate': 1.9644944979367264e-06, 'epoch': 0.69}
{'loss': 0.6228, 'learning_rate': 1.9619154057771664e-06, 'epoch': 0.69}
{'loss': 0.6326, 'learning_rate': 1.959336313617607e-06, 'epoch': 0.7}
{'loss': 0.6131, 'learning_rate': 1.956757221458047e-06, 'epoch': 0.7}
{'loss': 0.6265, 'learning_rate': 1.954178129298487e-06, 'epoch': 0.7}
{'loss': 0.6399, 'learning_rate': 1.9515990371389273e-06, 'epoch': 0.7}
{'loss': 0.6276, 'learning_rate': 1.9490199449793673e-06, 'epoch': 0.7}
{'loss': 0.6201, 'learning_rate': 1.9464408528198077e-06, 'epoch': 0.71}
{'loss': 0.6589, 'learning_rate': 1.9438617606602477e-06, 'epoch': 0.71}
{'eval_loss': 0.7249763607978821, 'eval_bce': 0.7253555507513632, 'eval_n_pos': 2024.0, 'eval_pos_rate': 0.09120814744716327, 'eval_auroc': 0.6709428960864527, 'eval_auprc': 0.18694493135041562, 'eval_mcc': 0.16154422860308723, 'eval_precision': 0.14421881475341897, 'eval_recall': 0.6877470355731226, 'eval_f1': 0.23843782117163412, 'eval_runtime': 20.403, 'eval_samples_per_second': 1087.635, 'eval_steps_per_second': 17.007, 'epoch': 0.71}
{'loss': 0.6536, 'learning_rate': 1.9412826685006877e-06, 'epoch': 0.71}
{'loss': 0.6335, 'learning_rate': 1.938703576341128e-06, 'epoch': 0.71}
{'loss': 0.6094, 'learning_rate': 1.936124484181568e-06, 'epoch': 0.71}
{'loss': 0.6158, 'learning_rate': 1.9335453920220086e-06, 'epoch': 0.71}
{'loss': 0.6572, 'learning_rate': 1.930966299862448e-06, 'epoch': 0.72}
{'loss': 0.6842, 'learning_rate': 1.9283872077028886e-06, 'epoch': 0.72}
{'loss': 0.6283, 'learning_rate': 1.9258081155433286e-06, 'epoch': 0.72}
{'loss': 0.6617, 'learning_rate': 1.923229023383769e-06, 'epoch': 0.72}
{'loss': 0.6089, 'learning_rate': 1.9206499312242095e-06, 'epoch': 0.72}
{'loss': 0.6307, 'learning_rate': 1.918070839064649e-06, 'epoch': 0.72}
{'loss': 0.5935, 'learning_rate': 1.9154917469050895e-06, 'epoch': 0.73}
{'loss': 0.6228, 'learning_rate': 1.9129126547455295e-06, 'epoch': 0.73}
{'loss': 0.6272, 'learning_rate': 1.91033356258597e-06, 'epoch': 0.73}
{'eval_loss': 0.7272449731826782, 'eval_bce': 0.7277696046688727, 'eval_n_pos': 2024.0, 'eval_pos_rate': 0.09120814744716327, 'eval_auroc': 0.6718917297483012, 'eval_auprc': 0.18141658550421985, 'eval_mcc': 0.16471338888172324, 'eval_precision': 0.14582241325086487, 'eval_recall': 0.6872529644268774, 'eval_f1': 0.24059500129724118, 'eval_runtime': 21.8561, 'eval_samples_per_second': 1015.321, 'eval_steps_per_second': 15.877, 'epoch': 0.73}
{'loss': 0.635, 'learning_rate': 1.90775447042641e-06, 'epoch': 0.73}
{'loss': 0.6081, 'learning_rate': 1.9051753782668501e-06, 'epoch': 0.73}
{'loss': 0.6267, 'learning_rate': 1.9025962861072904e-06, 'epoch': 0.73}
{'loss': 0.6887, 'learning_rate': 1.9000171939477306e-06, 'epoch': 0.74}
{'loss': 0.608, 'learning_rate': 1.8974381017881704e-06, 'epoch': 0.74}
{'loss': 0.6083, 'learning_rate': 1.8948590096286106e-06, 'epoch': 0.74}
{'loss': 0.6068, 'learning_rate': 1.892279917469051e-06, 'epoch': 0.74}
{'loss': 0.6581, 'learning_rate': 1.8897008253094912e-06, 'epoch': 0.74}
{'loss': 0.6333, 'learning_rate': 1.8871217331499315e-06, 'epoch': 0.74}
{'loss': 0.6651, 'learning_rate': 1.8845426409903713e-06, 'epoch': 0.75}
{'loss': 0.669, 'learning_rate': 1.8819635488308115e-06, 'epoch': 0.75}
{'loss': 0.6137, 'learning_rate': 1.879384456671252e-06, 'epoch': 0.75}
{'eval_loss': 0.7227633595466614, 'eval_bce': 0.7233174858250799, 'eval_n_pos': 2024.0, 'eval_pos_rate': 0.09120814744716327, 'eval_auroc': 0.6714988026853246, 'eval_auprc': 0.19055517432436836, 'eval_mcc': 0.1715120877256319, 'eval_precision': 0.1545151298546581, 'eval_recall': 0.6408102766798419, 'eval_f1': 0.24899212900748707, 'eval_runtime': 21.8484, 'eval_samples_per_second': 1015.68, 'eval_steps_per_second': 15.882, 'epoch': 0.75}
{'loss': 0.606, 'learning_rate': 1.8768053645116921e-06, 'epoch': 0.75}
{'loss': 0.6046, 'learning_rate': 1.874226272352132e-06, 'epoch': 0.75}
{'loss': 0.6089, 'learning_rate': 1.8716471801925721e-06, 'epoch': 0.75}
{'loss': 0.6308, 'learning_rate': 1.8690680880330124e-06, 'epoch': 0.76}
{'loss': 0.6303, 'learning_rate': 1.8664889958734526e-06, 'epoch': 0.76}
{'loss': 0.6285, 'learning_rate': 1.863909903713893e-06, 'epoch': 0.76}
{'loss': 0.6343, 'learning_rate': 1.8613308115543328e-06, 'epoch': 0.76}
{'loss': 0.6023, 'learning_rate': 1.858751719394773e-06, 'epoch': 0.76}
{'loss': 0.599, 'learning_rate': 1.8561726272352132e-06, 'epoch': 0.77}
{'loss': 0.6068, 'learning_rate': 1.8535935350756535e-06, 'epoch': 0.77}
{'loss': 0.5865, 'learning_rate': 1.8510144429160935e-06, 'epoch': 0.77}
{'loss': 0.6522, 'learning_rate': 1.8484353507565337e-06, 'epoch': 0.77}
{'loss': 0.6319, 'learning_rate': 1.845856258596974e-06, 'epoch': 0.77}
{'eval_loss': 0.7267045974731445, 'eval_bce': 0.7271628757669749, 'eval_n_pos': 2024.0, 'eval_pos_rate': 0.09120814744716327, 'eval_auroc': 0.6693502411974636, 'eval_auprc': 0.18376058799122905, 'eval_mcc': 0.16963645096238458, 'eval_precision': 0.15105399616728665, 'eval_recall': 0.6620553359683794, 'eval_f1': 0.24598439651216153, 'eval_runtime': 21.8455, 'eval_samples_per_second': 1015.814, 'eval_steps_per_second': 15.884, 'epoch': 0.77}
{'loss': 0.6326, 'learning_rate': 1.8432771664374141e-06, 'epoch': 0.77}
{'loss': 0.6265, 'learning_rate': 1.8406980742778541e-06, 'epoch': 0.78}
{'loss': 0.6244, 'learning_rate': 1.8381189821182944e-06, 'epoch': 0.78}
{'loss': 0.6268, 'learning_rate': 1.8355398899587346e-06, 'epoch': 0.78}
{'loss': 0.5949, 'learning_rate': 1.8329607977991748e-06, 'epoch': 0.78}
{'loss': 0.6663, 'learning_rate': 1.830381705639615e-06, 'epoch': 0.78}
{'loss': 0.6096, 'learning_rate': 1.827802613480055e-06, 'epoch': 0.78}
{'loss': 0.5714, 'learning_rate': 1.8252235213204952e-06, 'epoch': 0.79}
{'loss': 0.6412, 'learning_rate': 1.8226444291609355e-06, 'epoch': 0.79}
{'loss': 0.6534, 'learning_rate': 1.8200653370013757e-06, 'epoch': 0.79}
{'loss': 0.6101, 'learning_rate': 1.8174862448418157e-06, 'epoch': 0.79}
{'loss': 0.6633, 'learning_rate': 1.814907152682256e-06, 'epoch': 0.79}
{'eval_loss': 0.722918689250946, 'eval_bce': 0.7234337972776319, 'eval_n_pos': 2024.0, 'eval_pos_rate': 0.09120814744716327, 'eval_auroc': 0.671404873554829, 'eval_auprc': 0.19505213938057445, 'eval_mcc': 0.17381879044822457, 'eval_precision': 0.15344886950533684, 'eval_recall': 0.6605731225296443, 'eval_f1': 0.24904535717611992, 'eval_runtime': 21.8336, 'eval_samples_per_second': 1016.371, 'eval_steps_per_second': 15.893, 'epoch': 0.79}
{'loss': 0.6516, 'learning_rate': 1.8123280605226961e-06, 'epoch': 0.79}
{'loss': 0.6092, 'learning_rate': 1.8097489683631363e-06, 'epoch': 0.8}
{'loss': 0.6115, 'learning_rate': 1.8071698762035766e-06, 'epoch': 0.8}
{'loss': 0.6522, 'learning_rate': 1.8045907840440164e-06, 'epoch': 0.8}
{'loss': 0.6192, 'learning_rate': 1.8020116918844568e-06, 'epoch': 0.8}
{'loss': 0.6134, 'learning_rate': 1.799432599724897e-06, 'epoch': 0.8}
{'loss': 0.6325, 'learning_rate': 1.7968535075653372e-06, 'epoch': 0.8}
{'loss': 0.6428, 'learning_rate': 1.794274415405777e-06, 'epoch': 0.81}
{'loss': 0.6406, 'learning_rate': 1.7916953232462172e-06, 'epoch': 0.81}
{'loss': 0.6386, 'learning_rate': 1.7891162310866575e-06, 'epoch': 0.81}
{'loss': 0.625, 'learning_rate': 1.7865371389270979e-06, 'epoch': 0.81}
{'loss': 0.6399, 'learning_rate': 1.7839580467675377e-06, 'epoch': 0.81}
{'loss': 0.6428, 'learning_rate': 1.781378954607978e-06, 'epoch': 0.81}
{'eval_loss': 0.7240740060806274, 'eval_bce': 0.7245836036043067, 'eval_n_pos': 2024.0, 'eval_pos_rate': 0.09120814744716327, 'eval_auroc': 0.6734549490999169, 'eval_auprc': 0.1904744140588424, 'eval_mcc': 0.17543727150683402, 'eval_precision': 0.15651336383337347, 'eval_recall': 0.642292490118577, 'eval_f1': 0.2516940948693127, 'eval_runtime': 21.862, 'eval_samples_per_second': 1015.051, 'eval_steps_per_second': 15.872, 'epoch': 0.81}
{'loss': 0.6596, 'learning_rate': 1.7787998624484181e-06, 'epoch': 0.82}
{'loss': 0.6234, 'learning_rate': 1.7762207702888583e-06, 'epoch': 0.82}
{'loss': 0.6295, 'learning_rate': 1.7736416781292988e-06, 'epoch': 0.82}
{'loss': 0.6632, 'learning_rate': 1.7710625859697386e-06, 'epoch': 0.82}
{'loss': 0.5916, 'learning_rate': 1.7684834938101788e-06, 'epoch': 0.82}
{'loss': 0.6339, 'learning_rate': 1.765904401650619e-06, 'epoch': 0.83}
{'loss': 0.6326, 'learning_rate': 1.7633253094910592e-06, 'epoch': 0.83}
{'loss': 0.6033, 'learning_rate': 1.7607462173314992e-06, 'epoch': 0.83}
{'loss': 0.6283, 'learning_rate': 1.7581671251719395e-06, 'epoch': 0.83}
{'loss': 0.615, 'learning_rate': 1.7555880330123797e-06, 'epoch': 0.83}
{'loss': 0.634, 'learning_rate': 1.75300894085282e-06, 'epoch': 0.83}
{'loss': 0.6242, 'learning_rate': 1.7504298486932601e-06, 'epoch': 0.84}
{'eval_loss': 0.7226035594940186, 'eval_bce': 0.7229357441268025, 'eval_n_pos': 2024.0, 'eval_pos_rate': 0.09120814744716327, 'eval_auroc': 0.6721461150186457, 'eval_auprc': 0.19456354657801256, 'eval_mcc': 0.18319471508041618, 'eval_precision': 0.1635914760914761, 'eval_recall': 0.6220355731225297, 'eval_f1': 0.25905349794238686, 'eval_runtime': 20.3828, 'eval_samples_per_second': 1088.714, 'eval_steps_per_second': 17.024, 'epoch': 0.84}
{'loss': 0.6282, 'learning_rate': 1.7478507565337001e-06, 'epoch': 0.84}
{'loss': 0.596, 'learning_rate': 1.7452716643741403e-06, 'epoch': 0.84}
{'loss': 0.6011, 'learning_rate': 1.7426925722145806e-06, 'epoch': 0.84}
{'loss': 0.5927, 'learning_rate': 1.7401134800550208e-06, 'epoch': 0.84}
{'loss': 0.5996, 'learning_rate': 1.7375343878954608e-06, 'epoch': 0.84}
{'loss': 0.6101, 'learning_rate': 1.734955295735901e-06, 'epoch': 0.85}
{'loss': 0.6393, 'learning_rate': 1.7323762035763412e-06, 'epoch': 0.85}
{'loss': 0.655, 'learning_rate': 1.7297971114167814e-06, 'epoch': 0.85}
{'loss': 0.652, 'learning_rate': 1.7272180192572212e-06, 'epoch': 0.85}
{'loss': 0.6169, 'learning_rate': 1.7246389270976617e-06, 'epoch': 0.85}
{'loss': 0.6333, 'learning_rate': 1.7220598349381019e-06, 'epoch': 0.85}
{'loss': 0.6235, 'learning_rate': 1.7194807427785421e-06, 'epoch': 0.86}
{'loss': 0.6026, 'learning_rate': 1.7169016506189823e-06, 'epoch': 0.86}
{'eval_loss': 0.7204510569572449, 'eval_bce': 0.7210899543508302, 'eval_n_pos': 2024.0, 'eval_pos_rate': 0.09120814744716327, 'eval_auroc': 0.6702777117393872, 'eval_auprc': 0.19776936110608295, 'eval_mcc': 0.18926916560011284, 'eval_precision': 0.17033197926880517, 'eval_recall': 0.6007905138339921, 'eval_f1': 0.26541525701189567, 'eval_runtime': 20.4375, 'eval_samples_per_second': 1085.799, 'eval_steps_per_second': 16.979, 'epoch': 0.86}
{'loss': 0.6461, 'learning_rate': 1.7143225584594221e-06, 'epoch': 0.86}
{'loss': 0.6508, 'learning_rate': 1.7117434662998623e-06, 'epoch': 0.86}
{'loss': 0.6045, 'learning_rate': 1.7091643741403028e-06, 'epoch': 0.86}
{'loss': 0.6409, 'learning_rate': 1.706585281980743e-06, 'epoch': 0.86}
{'loss': 0.6517, 'learning_rate': 1.7040061898211828e-06, 'epoch': 0.87}
{'loss': 0.6231, 'learning_rate': 1.701427097661623e-06, 'epoch': 0.87}
{'loss': 0.6025, 'learning_rate': 1.6988480055020632e-06, 'epoch': 0.87}
{'loss': 0.5983, 'learning_rate': 1.6962689133425037e-06, 'epoch': 0.87}
{'loss': 0.6144, 'learning_rate': 1.6936898211829439e-06, 'epoch': 0.87}
{'loss': 0.6114, 'learning_rate': 1.6911107290233837e-06, 'epoch': 0.88}
{'loss': 0.6521, 'learning_rate': 1.6885316368638239e-06, 'epoch': 0.88}
{'loss': 0.6595, 'learning_rate': 1.6859525447042641e-06, 'epoch': 0.88}
{'eval_loss': 0.7271063327789307, 'eval_bce': 0.7275569052271005, 'eval_n_pos': 2024.0, 'eval_pos_rate': 0.09120814744716327, 'eval_auroc': 0.6708170447710236, 'eval_auprc': 0.1874547874401746, 'eval_mcc': 0.1825380475883358, 'eval_precision': 0.1630673735936894, 'eval_recall': 0.6230237154150198, 'eval_f1': 0.2584810904991288, 'eval_runtime': 20.4501, 'eval_samples_per_second': 1085.131, 'eval_steps_per_second': 16.968, 'epoch': 0.88}
{'loss': 0.6118, 'learning_rate': 1.6833734525447043e-06, 'epoch': 0.88}
{'loss': 0.6381, 'learning_rate': 1.6807943603851443e-06, 'epoch': 0.88}
{'loss': 0.5702, 'learning_rate': 1.6782152682255846e-06, 'epoch': 0.88}
{'loss': 0.6223, 'learning_rate': 1.6756361760660248e-06, 'epoch': 0.89}
{'loss': 0.5981, 'learning_rate': 1.673057083906465e-06, 'epoch': 0.89}
{'loss': 0.6232, 'learning_rate': 1.6704779917469052e-06, 'epoch': 0.89}
{'loss': 0.658, 'learning_rate': 1.6678988995873452e-06, 'epoch': 0.89}
{'loss': 0.6068, 'learning_rate': 1.6653198074277854e-06, 'epoch': 0.89}
{'loss': 0.6752, 'learning_rate': 1.6627407152682257e-06, 'epoch': 0.89}
{'loss': 0.6453, 'learning_rate': 1.6601616231086659e-06, 'epoch': 0.9}
{'loss': 0.6503, 'learning_rate': 1.6575825309491059e-06, 'epoch': 0.9}
{'loss': 0.6465, 'learning_rate': 1.655003438789546e-06, 'epoch': 0.9}
{'loss': 0.6323, 'learning_rate': 1.6524243466299863e-06, 'epoch': 0.9}
{'eval_loss': 0.7231442332267761, 'eval_bce': 0.7235065691581639, 'eval_n_pos': 2024.0, 'eval_pos_rate': 0.09120814744716327, 'eval_auroc': 0.672270778133024, 'eval_auprc': 0.19649185363464927, 'eval_mcc': 0.18516469798391375, 'eval_precision': 0.1654523777983839, 'eval_recall': 0.6170948616600791, 'eval_f1': 0.2609422333646715, 'eval_runtime': 20.4438, 'eval_samples_per_second': 1085.462, 'eval_steps_per_second': 16.973, 'epoch': 0.9}
{'loss': 0.6551, 'learning_rate': 1.6498452544704265e-06, 'epoch': 0.9}
{'loss': 0.5922, 'learning_rate': 1.6472661623108666e-06, 'epoch': 0.9}
{'loss': 0.6495, 'learning_rate': 1.6446870701513068e-06, 'epoch': 0.91}
{'loss': 0.6577, 'learning_rate': 1.642107977991747e-06, 'epoch': 0.91}
{'loss': 0.6552, 'learning_rate': 1.6395288858321872e-06, 'epoch': 0.91}
{'loss': 0.6282, 'learning_rate': 1.6369497936726274e-06, 'epoch': 0.91}
{'loss': 0.6317, 'learning_rate': 1.6343707015130674e-06, 'epoch': 0.91}
{'loss': 0.629, 'learning_rate': 1.6317916093535077e-06, 'epoch': 0.91}
{'loss': 0.6225, 'learning_rate': 1.6292125171939479e-06, 'epoch': 0.92}
{'loss': 0.6156, 'learning_rate': 1.626633425034388e-06, 'epoch': 0.92}
{'loss': 0.6148, 'learning_rate': 1.6240543328748279e-06, 'epoch': 0.92}
{'loss': 0.5925, 'learning_rate': 1.6214752407152681e-06, 'epoch': 0.92}
{'eval_loss': 0.7244328260421753, 'eval_bce': 0.7248286408112784, 'eval_n_pos': 2024.0, 'eval_pos_rate': 0.09120814744716327, 'eval_auroc': 0.670899079641515, 'eval_auprc': 0.19332644938492116, 'eval_mcc': 0.1896320477631593, 'eval_precision': 0.17107683599830198, 'eval_recall': 0.5973320158102767, 'eval_f1': 0.26597734022659775, 'eval_runtime': 20.4407, 'eval_samples_per_second': 1085.629, 'eval_steps_per_second': 16.976, 'epoch': 0.92}
{'loss': 0.6079, 'learning_rate': 1.6188961485557085e-06, 'epoch': 0.92}
{'loss': 0.6194, 'learning_rate': 1.6163170563961488e-06, 'epoch': 0.92}
{'loss': 0.6404, 'learning_rate': 1.613737964236589e-06, 'epoch': 0.93}
{'loss': 0.6185, 'learning_rate': 1.6111588720770288e-06, 'epoch': 0.93}
{'loss': 0.6574, 'learning_rate': 1.608579779917469e-06, 'epoch': 0.93}
{'loss': 0.6435, 'learning_rate': 1.6060006877579092e-06, 'epoch': 0.93}
{'loss': 0.6369, 'learning_rate': 1.6034215955983496e-06, 'epoch': 0.93}
{'loss': 0.5818, 'learning_rate': 1.6008425034387894e-06, 'epoch': 0.94}
{'loss': 0.6329, 'learning_rate': 1.5982634112792297e-06, 'epoch': 0.94}
{'loss': 0.6341, 'learning_rate': 1.5956843191196699e-06, 'epoch': 0.94}
{'loss': 0.6257, 'learning_rate': 1.59310522696011e-06, 'epoch': 0.94}
{'loss': 0.6152, 'learning_rate': 1.59052613480055e-06, 'epoch': 0.94}
{'loss': 0.6537, 'learning_rate': 1.5879470426409903e-06, 'epoch': 0.94}
{'eval_loss': 0.7229999899864197, 'eval_bce': 0.7234971292835883, 'eval_n_pos': 2024.0, 'eval_pos_rate': 0.09120814744716327, 'eval_auroc': 0.670684162245252, 'eval_auprc': 0.19609343738975782, 'eval_mcc': 0.1909292854795514, 'eval_precision': 0.17146486028789162, 'eval_recall': 0.6002964426877471, 'eval_f1': 0.2667398463227223, 'eval_runtime': 20.4472, 'eval_samples_per_second': 1085.286, 'eval_steps_per_second': 16.971, 'epoch': 0.94}
{'loss': 0.6411, 'learning_rate': 1.5853679504814305e-06, 'epoch': 0.95}
{'loss': 0.6211, 'learning_rate': 1.5827888583218708e-06, 'epoch': 0.95}
{'loss': 0.6238, 'learning_rate': 1.580209766162311e-06, 'epoch': 0.95}
{'loss': 0.6491, 'learning_rate': 1.577630674002751e-06, 'epoch': 0.95}
{'loss': 0.637, 'learning_rate': 1.5750515818431912e-06, 'epoch': 0.95}
{'loss': 0.6328, 'learning_rate': 1.5724724896836314e-06, 'epoch': 0.95}
{'loss': 0.6641, 'learning_rate': 1.5698933975240716e-06, 'epoch': 0.96}
{'loss': 0.6125, 'learning_rate': 1.5673143053645117e-06, 'epoch': 0.96}
{'loss': 0.6245, 'learning_rate': 1.5647352132049519e-06, 'epoch': 0.96}
{'loss': 0.6037, 'learning_rate': 1.562156121045392e-06, 'epoch': 0.96}
{'loss': 0.6357, 'learning_rate': 1.5595770288858323e-06, 'epoch': 0.96}
{'loss': 0.6102, 'learning_rate': 1.5569979367262725e-06, 'epoch': 0.96}
{'eval_loss': 0.7286396622657776, 'eval_bce': 0.7292486772627665, 'eval_n_pos': 2024.0, 'eval_pos_rate': 0.09120814744716327, 'eval_auroc': 0.6702437071402406, 'eval_auprc': 0.18818835269646342, 'eval_mcc': 0.18828563923732888, 'eval_precision': 0.16920309905921416, 'eval_recall': 0.6042490118577075, 'eval_f1': 0.2643752702118461, 'eval_runtime': 20.451, 'eval_samples_per_second': 1085.083, 'eval_steps_per_second': 16.967, 'epoch': 0.97}
{'loss': 0.6339, 'learning_rate': 1.5544188445667125e-06, 'epoch': 0.97}
{'loss': 0.6723, 'learning_rate': 1.5518397524071528e-06, 'epoch': 0.97}
{'loss': 0.6298, 'learning_rate': 1.549260660247593e-06, 'epoch': 0.97}
{'loss': 0.6085, 'learning_rate': 1.5466815680880332e-06, 'epoch': 0.97}
{'loss': 0.6246, 'learning_rate': 1.544102475928473e-06, 'epoch': 0.97}
{'loss': 0.6096, 'learning_rate': 1.5415233837689134e-06, 'epoch': 0.97}
{'loss': 0.5863, 'learning_rate': 1.5389442916093536e-06, 'epoch': 0.98}
{'loss': 0.6323, 'learning_rate': 1.5363651994497939e-06, 'epoch': 0.98}
{'loss': 0.6489, 'learning_rate': 1.5337861072902337e-06, 'epoch': 0.98}
{'loss': 0.6459, 'learning_rate': 1.5312070151306739e-06, 'epoch': 0.98}
{'loss': 0.6399, 'learning_rate': 1.5286279229711143e-06, 'epoch': 0.98}
{'loss': 0.6386, 'learning_rate': 1.5260488308115545e-06, 'epoch': 0.98}
{'loss': 0.6485, 'learning_rate': 1.5234697386519947e-06, 'epoch': 0.99}
{'eval_loss': 0.7272363901138306, 'eval_bce': 0.7276383427103489, 'eval_n_pos': 2024.0, 'eval_pos_rate': 0.09120814744716327, 'eval_auroc': 0.6715132570898609, 'eval_auprc': 0.1936060876880751, 'eval_mcc': 0.1914058035124117, 'eval_precision': 0.17259174311926606, 'eval_recall': 0.5948616600790514, 'eval_f1': 0.26755555555555555, 'eval_runtime': 20.4439, 'eval_samples_per_second': 1085.458, 'eval_steps_per_second': 16.973, 'epoch': 0.99}
{'loss': 0.6206, 'learning_rate': 1.5208906464924345e-06, 'epoch': 0.99}
{'loss': 0.6568, 'learning_rate': 1.5183115543328748e-06, 'epoch': 0.99}
{'loss': 0.6375, 'learning_rate': 1.515732462173315e-06, 'epoch': 0.99}
{'loss': 0.6127, 'learning_rate': 1.5131533700137554e-06, 'epoch': 0.99}
{'loss': 0.6561, 'learning_rate': 1.5105742778541952e-06, 'epoch': 1.0}
{'loss': 0.6249, 'learning_rate': 1.5079951856946354e-06, 'epoch': 1.0}
{'loss': 0.6444, 'learning_rate': 1.5054160935350756e-06, 'epoch': 1.0}
{'loss': 0.6248, 'learning_rate': 1.5028370013755159e-06, 'epoch': 1.0}
{'loss': 0.6302, 'learning_rate': 1.500257909215956e-06, 'epoch': 1.0}
{'loss': 0.6103, 'learning_rate': 1.4976788170563963e-06, 'epoch': 1.0}
{'loss': 0.6056, 'learning_rate': 1.4950997248968363e-06, 'epoch': 1.01}
{'loss': 0.6748, 'learning_rate': 1.4925206327372765e-06, 'epoch': 1.01}
{'eval_loss': 0.7241181135177612, 'eval_bce': 0.7244939328732292, 'eval_n_pos': 2024.0, 'eval_pos_rate': 0.09120814744716327, 'eval_auroc': 0.6708525560581007, 'eval_auprc': 0.19705076250359588, 'eval_mcc': 0.19680990677456803, 'eval_precision': 0.1776345375505921, 'eval_recall': 0.5854743083003953, 'eval_f1': 0.27257044278320874, 'eval_runtime': 20.4184, 'eval_samples_per_second': 1086.812, 'eval_steps_per_second': 16.994, 'epoch': 1.01}
{'loss': 0.6037, 'learning_rate': 1.4899415405777167e-06, 'epoch': 1.01}
{'loss': 0.6395, 'learning_rate': 1.487362448418157e-06, 'epoch': 1.01}
{'loss': 0.6311, 'learning_rate': 1.484783356258597e-06, 'epoch': 1.01}
{'loss': 0.6617, 'learning_rate': 1.4822042640990372e-06, 'epoch': 1.01}
{'loss': 0.6389, 'learning_rate': 1.4796251719394772e-06, 'epoch': 1.02}
{'loss': 0.6418, 'learning_rate': 1.4770460797799174e-06, 'epoch': 1.02}
{'loss': 0.629, 'learning_rate': 1.4744669876203578e-06, 'epoch': 1.02}
{'loss': 0.6539, 'learning_rate': 1.4718878954607979e-06, 'epoch': 1.02}
{'loss': 0.6387, 'learning_rate': 1.469308803301238e-06, 'epoch': 1.02}
{'loss': 0.6531, 'learning_rate': 1.466729711141678e-06, 'epoch': 1.02}
{'loss': 0.6226, 'learning_rate': 1.4641506189821183e-06, 'epoch': 1.03}
{'loss': 0.6075, 'learning_rate': 1.4615715268225585e-06, 'epoch': 1.03}
{'loss': 0.6398, 'learning_rate': 1.4589924346629987e-06, 'epoch': 1.03}
{'eval_loss': 0.7231687903404236, 'eval_bce': 0.7234565845348342, 'eval_n_pos': 2024.0, 'eval_pos_rate': 0.09120814744716327, 'eval_auroc': 0.6708338633281664, 'eval_auprc': 0.19772892115619975, 'eval_mcc': 0.19613503554471873, 'eval_precision': 0.17879066912216082, 'eval_recall': 0.575592885375494, 'eval_f1': 0.27283372365339575, 'eval_runtime': 20.4097, 'eval_samples_per_second': 1087.278, 'eval_steps_per_second': 17.002, 'epoch': 1.03}
{'loss': 0.5819, 'learning_rate': 1.4564133425034387e-06, 'epoch': 1.03}
{'loss': 0.6157, 'learning_rate': 1.453834250343879e-06, 'epoch': 1.03}
{'loss': 0.6095, 'learning_rate': 1.4512551581843192e-06, 'epoch': 1.03}
{'loss': 0.6176, 'learning_rate': 1.4486760660247594e-06, 'epoch': 1.04}
{'loss': 0.6156, 'learning_rate': 1.4460969738651996e-06, 'epoch': 1.04}
{'loss': 0.6652, 'learning_rate': 1.4435178817056396e-06, 'epoch': 1.04}
{'loss': 0.6336, 'learning_rate': 1.4409387895460799e-06, 'epoch': 1.04}
{'loss': 0.6288, 'learning_rate': 1.4383596973865199e-06, 'epoch': 1.04}
{'loss': 0.6592, 'learning_rate': 1.4357806052269603e-06, 'epoch': 1.04}
{'loss': 0.6532, 'learning_rate': 1.4332015130674003e-06, 'epoch': 1.05}
{'loss': 0.5911, 'learning_rate': 1.4306224209078405e-06, 'epoch': 1.05}
{'loss': 0.656, 'learning_rate': 1.4280433287482805e-06, 'epoch': 1.05}
{'eval_loss': 0.7191916704177856, 'eval_bce': 0.7195657920110786, 'eval_n_pos': 2024.0, 'eval_pos_rate': 0.09120814744716327, 'eval_auroc': 0.6701778048551512, 'eval_auprc': 0.20358204905192206, 'eval_mcc': 0.2022853205025216, 'eval_precision': 0.18582909627685748, 'eval_recall': 0.5597826086956522, 'eval_f1': 0.27902967614825763, 'eval_runtime': 20.3974, 'eval_samples_per_second': 1087.934, 'eval_steps_per_second': 17.012, 'epoch': 1.05}
{'loss': 0.6048, 'learning_rate': 1.4254642365887207e-06, 'epoch': 1.05}
{'loss': 0.5976, 'learning_rate': 1.422885144429161e-06, 'epoch': 1.05}
{'loss': 0.5907, 'learning_rate': 1.4203060522696012e-06, 'epoch': 1.06}
{'loss': 0.6327, 'learning_rate': 1.4177269601100414e-06, 'epoch': 1.06}
{'loss': 0.6366, 'learning_rate': 1.4151478679504814e-06, 'epoch': 1.06}
{'loss': 0.6079, 'learning_rate': 1.4125687757909216e-06, 'epoch': 1.06}
{'loss': 0.6402, 'learning_rate': 1.4099896836313618e-06, 'epoch': 1.06}
{'loss': 0.6436, 'learning_rate': 1.407410591471802e-06, 'epoch': 1.06}
{'loss': 0.6606, 'learning_rate': 1.404831499312242e-06, 'epoch': 1.07}
{'loss': 0.6599, 'learning_rate': 1.4022524071526823e-06, 'epoch': 1.07}
{'loss': 0.6063, 'learning_rate': 1.3996733149931223e-06, 'epoch': 1.07}
{'loss': 0.6161, 'learning_rate': 1.3970942228335627e-06, 'epoch': 1.07}
{'loss': 0.6401, 'learning_rate': 1.3945151306740027e-06, 'epoch': 1.07}
{'eval_loss': 0.7246383428573608, 'eval_bce': 0.725213170426303, 'eval_n_pos': 2024.0, 'eval_pos_rate': 0.09120814744716327, 'eval_auroc': 0.6681393050831879, 'eval_auprc': 0.19083117910498565, 'eval_mcc': 0.1936996186746345, 'eval_precision': 0.17649714113752632, 'eval_recall': 0.5795454545454546, 'eval_f1': 0.27058823529411763, 'eval_runtime': 20.4043, 'eval_samples_per_second': 1087.567, 'eval_steps_per_second': 17.006, 'epoch': 1.07}
{'loss': 0.6321, 'learning_rate': 1.391936038514443e-06, 'epoch': 1.07}
{'loss': 0.6334, 'learning_rate': 1.3893569463548832e-06, 'epoch': 1.08}
{'loss': 0.6164, 'learning_rate': 1.3867778541953232e-06, 'epoch': 1.08}
{'loss': 0.6623, 'learning_rate': 1.3841987620357636e-06, 'epoch': 1.08}
{'loss': 0.6364, 'learning_rate': 1.3816196698762036e-06, 'epoch': 1.08}
{'loss': 0.6016, 'learning_rate': 1.3790405777166438e-06, 'epoch': 1.08}
{'loss': 0.6261, 'learning_rate': 1.3764614855570838e-06, 'epoch': 1.08}
{'loss': 0.6563, 'learning_rate': 1.373882393397524e-06, 'epoch': 1.09}
{'loss': 0.6635, 'learning_rate': 1.3713033012379643e-06, 'epoch': 1.09}
{'loss': 0.6475, 'learning_rate': 1.3687242090784045e-06, 'epoch': 1.09}
{'loss': 0.6456, 'learning_rate': 1.3661451169188445e-06, 'epoch': 1.09}
{'loss': 0.6078, 'learning_rate': 1.3635660247592847e-06, 'epoch': 1.09}
{'eval_loss': 0.7253875136375427, 'eval_bce': 0.7258263272765343, 'eval_n_pos': 2024.0, 'eval_pos_rate': 0.09120814744716327, 'eval_auroc': 0.6705349266431619, 'eval_auprc': 0.19226385678307129, 'eval_mcc': 0.195331421849007, 'eval_precision': 0.17783857729138167, 'eval_recall': 0.5780632411067194, 'eval_f1': 0.27199814018365687, 'eval_runtime': 20.4515, 'eval_samples_per_second': 1085.055, 'eval_steps_per_second': 16.967, 'epoch': 1.09}
{'loss': 0.6489, 'learning_rate': 1.360986932599725e-06, 'epoch': 1.09}
{'loss': 0.621, 'learning_rate': 1.3584078404401652e-06, 'epoch': 1.1}
{'loss': 0.5825, 'learning_rate': 1.3558287482806054e-06, 'epoch': 1.1}
{'loss': 0.6477, 'learning_rate': 1.3532496561210454e-06, 'epoch': 1.1}
{'loss': 0.6435, 'learning_rate': 1.3506705639614856e-06, 'epoch': 1.1}
{'loss': 0.635, 'learning_rate': 1.3480914718019256e-06, 'epoch': 1.1}
{'loss': 0.6652, 'learning_rate': 1.345512379642366e-06, 'epoch': 1.1}
{'loss': 0.6248, 'learning_rate': 1.342933287482806e-06, 'epoch': 1.11}
{'loss': 0.6241, 'learning_rate': 1.3403541953232463e-06, 'epoch': 1.11}
{'loss': 0.606, 'learning_rate': 1.3377751031636863e-06, 'epoch': 1.11}
{'loss': 0.6656, 'learning_rate': 1.3351960110041265e-06, 'epoch': 1.11}
{'loss': 0.6103, 'learning_rate': 1.3326169188445667e-06, 'epoch': 1.11}
{'loss': 0.6777, 'learning_rate': 1.330037826685007e-06, 'epoch': 1.12}
{'eval_loss': 0.7251961827278137, 'eval_bce': 0.7254091122202335, 'eval_n_pos': 2024.0, 'eval_pos_rate': 0.09120814744716327, 'eval_auroc': 0.6702521715415412, 'eval_auprc': 0.19137491931685463, 'eval_mcc': 0.1947684613710101, 'eval_precision': 0.17721710228131138, 'eval_recall': 0.5795454545454546, 'eval_f1': 0.27143353002429715, 'eval_runtime': 20.4532, 'eval_samples_per_second': 1084.967, 'eval_steps_per_second': 16.966, 'epoch': 1.12}
{'loss': 0.6464, 'learning_rate': 1.3274587345254472e-06, 'epoch': 1.12}
{'loss': 0.6443, 'learning_rate': 1.3248796423658872e-06, 'epoch': 1.12}
{'loss': 0.6101, 'learning_rate': 1.3223005502063274e-06, 'epoch': 1.12}
{'loss': 0.6417, 'learning_rate': 1.3197214580467676e-06, 'epoch': 1.12}
{'loss': 0.5953, 'learning_rate': 1.3171423658872078e-06, 'epoch': 1.12}
{'loss': 0.6247, 'learning_rate': 1.3145632737276478e-06, 'epoch': 1.13}
{'loss': 0.6396, 'learning_rate': 1.311984181568088e-06, 'epoch': 1.13}
{'loss': 0.5917, 'learning_rate': 1.309405089408528e-06, 'epoch': 1.13}
{'loss': 0.6434, 'learning_rate': 1.3068259972489685e-06, 'epoch': 1.13}
{'loss': 0.6035, 'learning_rate': 1.3042469050894087e-06, 'epoch': 1.13}
{'loss': 0.6336, 'learning_rate': 1.3016678129298487e-06, 'epoch': 1.13}
{'loss': 0.6233, 'learning_rate': 1.299088720770289e-06, 'epoch': 1.14}
{'eval_loss': 0.7204537987709045, 'eval_bce': 0.7207845760165021, 'eval_n_pos': 2024.0, 'eval_pos_rate': 0.09120814744716327, 'eval_auroc': 0.6698609349089255, 'eval_auprc': 0.20115544266696045, 'eval_mcc': 0.19647090910358095, 'eval_precision': 0.18211172102034226, 'eval_recall': 0.5573122529644269, 'eval_f1': 0.2745193477731808, 'eval_runtime': 20.4527, 'eval_samples_per_second': 1084.99, 'eval_steps_per_second': 16.966, 'epoch': 1.14}
{'loss': 0.6533, 'learning_rate': 1.296509628610729e-06, 'epoch': 1.14}
{'loss': 0.6284, 'learning_rate': 1.2939305364511692e-06, 'epoch': 1.14}
{'loss': 0.6184, 'learning_rate': 1.2913514442916094e-06, 'epoch': 1.14}
{'loss': 0.6132, 'learning_rate': 1.2887723521320496e-06, 'epoch': 1.14}
{'loss': 0.6288, 'learning_rate': 1.2861932599724896e-06, 'epoch': 1.14}
{'loss': 0.6551, 'learning_rate': 1.2836141678129298e-06, 'epoch': 1.15}
{'loss': 0.5923, 'learning_rate': 1.28103507565337e-06, 'epoch': 1.15}
{'loss': 0.6119, 'learning_rate': 1.2784559834938103e-06, 'epoch': 1.15}
{'loss': 0.663, 'learning_rate': 1.2758768913342505e-06, 'epoch': 1.15}
{'loss': 0.6421, 'learning_rate': 1.2732977991746905e-06, 'epoch': 1.15}
{'loss': 0.6997, 'learning_rate': 1.2707187070151307e-06, 'epoch': 1.15}
{'loss': 0.6421, 'learning_rate': 1.268139614855571e-06, 'epoch': 1.16}
{'loss': 0.6317, 'learning_rate': 1.2655605226960112e-06, 'epoch': 1.16}
{'eval_loss': 0.7235106825828552, 'eval_bce': 0.7238482879891832, 'eval_n_pos': 2024.0, 'eval_pos_rate': 0.09120814744716327, 'eval_auroc': 0.6709605476092807, 'eval_auprc': 0.19591694339098073, 'eval_mcc': 0.20002924775234415, 'eval_precision': 0.18214735516372796, 'eval_recall': 0.5716403162055336, 'eval_f1': 0.27626552053486153, 'eval_runtime': 20.4413, 'eval_samples_per_second': 1085.594, 'eval_steps_per_second': 16.975, 'epoch': 1.16}
{'loss': 0.6614, 'learning_rate': 1.2629814305364512e-06, 'epoch': 1.16}
{'loss': 0.6396, 'learning_rate': 1.2604023383768914e-06, 'epoch': 1.16}
{'loss': 0.6342, 'learning_rate': 1.2578232462173314e-06, 'epoch': 1.16}
{'loss': 0.6094, 'learning_rate': 1.2552441540577716e-06, 'epoch': 1.16}
{'loss': 0.6004, 'learning_rate': 1.2526650618982118e-06, 'epoch': 1.17}
{'loss': 0.6426, 'learning_rate': 1.250085969738652e-06, 'epoch': 1.17}
{'loss': 0.6213, 'learning_rate': 1.2475068775790923e-06, 'epoch': 1.17}
{'loss': 0.6051, 'learning_rate': 1.2449277854195323e-06, 'epoch': 1.17}
{'loss': 0.6262, 'learning_rate': 1.2423486932599725e-06, 'epoch': 1.17}
{'loss': 0.6104, 'learning_rate': 1.2397696011004127e-06, 'epoch': 1.18}
{'loss': 0.6144, 'learning_rate': 1.237190508940853e-06, 'epoch': 1.18}
{'loss': 0.6365, 'learning_rate': 1.234611416781293e-06, 'epoch': 1.18}
{'eval_loss': 0.7260803580284119, 'eval_bce': 0.7262163069265816, 'eval_n_pos': 2024.0, 'eval_pos_rate': 0.09120814744716327, 'eval_auroc': 0.6746460655306845, 'eval_auprc': 0.19391446132909884, 'eval_mcc': 0.1992097087306009, 'eval_precision': 0.17933959406240532, 'eval_recall': 0.5849802371541502, 'eval_f1': 0.27451889635984233, 'eval_runtime': 20.4109, 'eval_samples_per_second': 1087.213, 'eval_steps_per_second': 17.001, 'epoch': 1.18}
{'loss': 0.6084, 'learning_rate': 1.2320323246217332e-06, 'epoch': 1.18}
{'loss': 0.6255, 'learning_rate': 1.2294532324621734e-06, 'epoch': 1.18}
{'loss': 0.6443, 'learning_rate': 1.2268741403026136e-06, 'epoch': 1.18}
{'loss': 0.6001, 'learning_rate': 1.2242950481430536e-06, 'epoch': 1.19}
{'loss': 0.6241, 'learning_rate': 1.2217159559834938e-06, 'epoch': 1.19}
{'loss': 0.6311, 'learning_rate': 1.219136863823934e-06, 'epoch': 1.19}
{'loss': 0.6461, 'learning_rate': 1.216557771664374e-06, 'epoch': 1.19}
{'loss': 0.6319, 'learning_rate': 1.2139786795048145e-06, 'epoch': 1.19}
{'loss': 0.6426, 'learning_rate': 1.2113995873452545e-06, 'epoch': 1.19}
{'loss': 0.6178, 'learning_rate': 1.2088204951856947e-06, 'epoch': 1.2}
{'loss': 0.5885, 'learning_rate': 1.2062414030261347e-06, 'epoch': 1.2}
{'loss': 0.63, 'learning_rate': 1.203662310866575e-06, 'epoch': 1.2}
{'loss': 0.6501, 'learning_rate': 1.2010832187070152e-06, 'epoch': 1.2}
{'eval_loss': 0.7193901538848877, 'eval_bce': 0.7195044538069859, 'eval_n_pos': 2024.0, 'eval_pos_rate': 0.09120814744716327, 'eval_auroc': 0.6741797027429657, 'eval_auprc': 0.20660644770606557, 'eval_mcc': 0.2050142893371894, 'eval_precision': 0.18964048389844948, 'eval_recall': 0.549901185770751, 'eval_f1': 0.282022044849867, 'eval_runtime': 21.8835, 'eval_samples_per_second': 1014.049, 'eval_steps_per_second': 15.857, 'epoch': 1.2}
{'loss': 0.6354, 'learning_rate': 1.1985041265474554e-06, 'epoch': 1.2}
{'loss': 0.6123, 'learning_rate': 1.1959250343878954e-06, 'epoch': 1.2}
{'loss': 0.6168, 'learning_rate': 1.1933459422283356e-06, 'epoch': 1.21}
{'loss': 0.6651, 'learning_rate': 1.1907668500687758e-06, 'epoch': 1.21}
{'loss': 0.6416, 'learning_rate': 1.188187757909216e-06, 'epoch': 1.21}
{'loss': 0.6329, 'learning_rate': 1.1856086657496563e-06, 'epoch': 1.21}
{'loss': 0.615, 'learning_rate': 1.1830295735900963e-06, 'epoch': 1.21}
{'loss': 0.5805, 'learning_rate': 1.1804504814305365e-06, 'epoch': 1.21}
{'loss': 0.6193, 'learning_rate': 1.1778713892709767e-06, 'epoch': 1.22}
{'loss': 0.6131, 'learning_rate': 1.175292297111417e-06, 'epoch': 1.22}
{'loss': 0.6225, 'learning_rate': 1.172713204951857e-06, 'epoch': 1.22}
{'loss': 0.593, 'learning_rate': 1.1701341127922971e-06, 'epoch': 1.22}
{'eval_loss': 0.7226376533508301, 'eval_bce': 0.7228883694234591, 'eval_n_pos': 2024.0, 'eval_pos_rate': 0.09120814744716327, 'eval_auroc': 0.6745663825633038, 'eval_auprc': 0.1992956105386462, 'eval_mcc': 0.20251513443253868, 'eval_precision': 0.18476159793814434, 'eval_recall': 0.566699604743083, 'eval_f1': 0.2786686103012634, 'eval_runtime': 21.8764, 'eval_samples_per_second': 1014.38, 'eval_steps_per_second': 15.862, 'epoch': 1.22}
{'loss': 0.631, 'learning_rate': 1.1675550206327372e-06, 'epoch': 1.22}
{'loss': 0.6916, 'learning_rate': 1.1649759284731774e-06, 'epoch': 1.23}
{'loss': 0.6063, 'learning_rate': 1.1623968363136178e-06, 'epoch': 1.23}
{'loss': 0.6078, 'learning_rate': 1.1598177441540578e-06, 'epoch': 1.23}
{'loss': 0.6048, 'learning_rate': 1.157238651994498e-06, 'epoch': 1.23}
{'loss': 0.6271, 'learning_rate': 1.154659559834938e-06, 'epoch': 1.23}
{'loss': 0.6176, 'learning_rate': 1.1520804676753783e-06, 'epoch': 1.23}
{'loss': 0.6238, 'learning_rate': 1.1495013755158185e-06, 'epoch': 1.24}
{'loss': 0.6229, 'learning_rate': 1.1469222833562587e-06, 'epoch': 1.24}
{'loss': 0.6521, 'learning_rate': 1.1443431911966987e-06, 'epoch': 1.24}
{'loss': 0.5978, 'learning_rate': 1.141764099037139e-06, 'epoch': 1.24}
{'loss': 0.6536, 'learning_rate': 1.1391850068775791e-06, 'epoch': 1.24}
{'loss': 0.5849, 'learning_rate': 1.1366059147180194e-06, 'epoch': 1.24}
{'eval_loss': 0.7242228388786316, 'eval_bce': 0.7243874072447676, 'eval_n_pos': 2024.0, 'eval_pos_rate': 0.09120814744716327, 'eval_auroc': 0.6763139078222534, 'eval_auprc': 0.19950145103126807, 'eval_mcc': 0.2031780300060823, 'eval_precision': 0.1838444514701233, 'eval_recall': 0.5746047430830039, 'eval_f1': 0.278562874251497, 'eval_runtime': 20.4063, 'eval_samples_per_second': 1087.456, 'eval_steps_per_second': 17.005, 'epoch': 1.24}
{'loss': 0.6052, 'learning_rate': 1.1340268225584596e-06, 'epoch': 1.25}
{'loss': 0.6139, 'learning_rate': 1.1314477303988996e-06, 'epoch': 1.25}
{'loss': 0.6427, 'learning_rate': 1.1288686382393398e-06, 'epoch': 1.25}
{'loss': 0.6067, 'learning_rate': 1.1262895460797798e-06, 'epoch': 1.25}
{'loss': 0.6253, 'learning_rate': 1.1237104539202202e-06, 'epoch': 1.25}
{'loss': 0.624, 'learning_rate': 1.1211313617606603e-06, 'epoch': 1.25}
{'loss': 0.6538, 'learning_rate': 1.1185522696011005e-06, 'epoch': 1.26}
{'loss': 0.6307, 'learning_rate': 1.1159731774415405e-06, 'epoch': 1.26}
{'loss': 0.5929, 'learning_rate': 1.1133940852819807e-06, 'epoch': 1.26}
{'loss': 0.6587, 'learning_rate': 1.110814993122421e-06, 'epoch': 1.26}
{'loss': 0.6407, 'learning_rate': 1.1082359009628611e-06, 'epoch': 1.26}
{'loss': 0.651, 'learning_rate': 1.1056568088033014e-06, 'epoch': 1.26}
{'eval_loss': 0.7198270559310913, 'eval_bce': 0.7200387382147695, 'eval_n_pos': 2024.0, 'eval_pos_rate': 0.09120814744716327, 'eval_auroc': 0.6752983021611442, 'eval_auprc': 0.2094730844648856, 'eval_mcc': 0.2031052913165906, 'eval_precision': 0.18777292576419213, 'eval_recall': 0.5523715415019763, 'eval_f1': 0.28027074454750567, 'eval_runtime': 20.4545, 'eval_samples_per_second': 1084.896, 'eval_steps_per_second': 16.964, 'epoch': 1.27}
{'loss': 0.6049, 'learning_rate': 1.1030777166437414e-06, 'epoch': 1.27}
{'loss': 0.6252, 'learning_rate': 1.1004986244841816e-06, 'epoch': 1.27}
{'loss': 0.6136, 'learning_rate': 1.0979195323246218e-06, 'epoch': 1.27}
{'loss': 0.5907, 'learning_rate': 1.095340440165062e-06, 'epoch': 1.27}
{'loss': 0.6181, 'learning_rate': 1.092761348005502e-06, 'epoch': 1.27}
{'loss': 0.6514, 'learning_rate': 1.0901822558459422e-06, 'epoch': 1.27}
{'loss': 0.5829, 'learning_rate': 1.0876031636863823e-06, 'epoch': 1.28}
{'loss': 0.6305, 'learning_rate': 1.0850240715268227e-06, 'epoch': 1.28}
{'loss': 0.6097, 'learning_rate': 1.082444979367263e-06, 'epoch': 1.28}
{'loss': 0.5992, 'learning_rate': 1.079865887207703e-06, 'epoch': 1.28}
{'loss': 0.6312, 'learning_rate': 1.0772867950481431e-06, 'epoch': 1.28}
{'loss': 0.6316, 'learning_rate': 1.0747077028885831e-06, 'epoch': 1.29}
{'loss': 0.6007, 'learning_rate': 1.0721286107290234e-06, 'epoch': 1.29}
{'eval_loss': 0.7256751656532288, 'eval_bce': 0.7260036720356935, 'eval_n_pos': 2024.0, 'eval_pos_rate': 0.09120814744716327, 'eval_auroc': 0.6751687392486179, 'eval_auprc': 0.19727977210043465, 'eval_mcc': 0.19950985879996772, 'eval_precision': 0.18136413297955362, 'eval_recall': 0.5741106719367589, 'eval_f1': 0.2756493891590559, 'eval_runtime': 20.4641, 'eval_samples_per_second': 1084.387, 'eval_steps_per_second': 16.957, 'epoch': 1.29}
{'loss': 0.643, 'learning_rate': 1.0695495185694636e-06, 'epoch': 1.29}
{'loss': 0.6677, 'learning_rate': 1.0669704264099038e-06, 'epoch': 1.29}
{'loss': 0.6208, 'learning_rate': 1.0643913342503438e-06, 'epoch': 1.29}
{'loss': 0.6393, 'learning_rate': 1.061812242090784e-06, 'epoch': 1.29}
{'loss': 0.5988, 'learning_rate': 1.0592331499312242e-06, 'epoch': 1.3}
{'loss': 0.6586, 'learning_rate': 1.0566540577716645e-06, 'epoch': 1.3}
{'loss': 0.613, 'learning_rate': 1.0540749656121047e-06, 'epoch': 1.3}
{'loss': 0.6191, 'learning_rate': 1.0514958734525447e-06, 'epoch': 1.3}
{'loss': 0.6036, 'learning_rate': 1.048916781292985e-06, 'epoch': 1.3}
{'loss': 0.6457, 'learning_rate': 1.0463376891334251e-06, 'epoch': 1.3}
{'loss': 0.5937, 'learning_rate': 1.0437585969738653e-06, 'epoch': 1.31}
{'loss': 0.6344, 'learning_rate': 1.0411795048143054e-06, 'epoch': 1.31}
{'eval_loss': 0.7250775694847107, 'eval_bce': 0.7254031909168478, 'eval_n_pos': 2024.0, 'eval_pos_rate': 0.09120814744716327, 'eval_auroc': 0.6757222816948834, 'eval_auprc': 0.19759767502411152, 'eval_mcc': 0.20262321644266937, 'eval_precision': 0.18294209702660408, 'eval_recall': 0.5775691699604744, 'eval_f1': 0.27787021630615644, 'eval_runtime': 20.455, 'eval_samples_per_second': 1084.87, 'eval_steps_per_second': 16.964, 'epoch': 1.31}
{'loss': 0.5889, 'learning_rate': 1.0386004126547456e-06, 'epoch': 1.31}
{'loss': 0.6043, 'learning_rate': 1.0360213204951856e-06, 'epoch': 1.31}
{'loss': 0.6483, 'learning_rate': 1.033442228335626e-06, 'epoch': 1.31}
{'loss': 0.6093, 'learning_rate': 1.030863136176066e-06, 'epoch': 1.31}
{'loss': 0.574, 'learning_rate': 1.0282840440165062e-06, 'epoch': 1.32}
{'loss': 0.6045, 'learning_rate': 1.0257049518569465e-06, 'epoch': 1.32}
{'loss': 0.6187, 'learning_rate': 1.0231258596973865e-06, 'epoch': 1.32}
{'loss': 0.6665, 'learning_rate': 1.0205467675378267e-06, 'epoch': 1.32}
{'loss': 0.623, 'learning_rate': 1.017967675378267e-06, 'epoch': 1.32}
{'loss': 0.6489, 'learning_rate': 1.0153885832187071e-06, 'epoch': 1.32}
{'loss': 0.6112, 'learning_rate': 1.0128094910591471e-06, 'epoch': 1.33}
{'loss': 0.6283, 'learning_rate': 1.0102303988995873e-06, 'epoch': 1.33}
{'loss': 0.5827, 'learning_rate': 1.0076513067400276e-06, 'epoch': 1.33}
{'eval_loss': 0.7249827980995178, 'eval_bce': 0.7253311021622999, 'eval_n_pos': 2024.0, 'eval_pos_rate': 0.09120814744716327, 'eval_auroc': 0.6732929005256699, 'eval_auprc': 0.19557774504901884, 'eval_mcc': 0.20091036830553077, 'eval_precision': 0.1819173811379579, 'eval_recall': 0.5765810276679841, 'eval_f1': 0.27657305367934587, 'eval_runtime': 20.4488, 'eval_samples_per_second': 1085.198, 'eval_steps_per_second': 16.969, 'epoch': 1.33}
{'loss': 0.6204, 'learning_rate': 1.0050722145804678e-06, 'epoch': 1.33}
{'loss': 0.6283, 'learning_rate': 1.0024931224209078e-06, 'epoch': 1.33}
{'loss': 0.6246, 'learning_rate': 9.99914030261348e-07, 'epoch': 1.33}
{'loss': 0.6058, 'learning_rate': 9.973349381017882e-07, 'epoch': 1.34}
{'loss': 0.6177, 'learning_rate': 9.947558459422284e-07, 'epoch': 1.34}
{'loss': 0.616, 'learning_rate': 9.921767537826687e-07, 'epoch': 1.34}
{'loss': 0.6167, 'learning_rate': 9.895976616231087e-07, 'epoch': 1.34}
{'loss': 0.6604, 'learning_rate': 9.87018569463549e-07, 'epoch': 1.34}
{'loss': 0.6419, 'learning_rate': 9.84439477303989e-07, 'epoch': 1.35}
{'loss': 0.612, 'learning_rate': 9.818603851444291e-07, 'epoch': 1.35}
{'loss': 0.6121, 'learning_rate': 9.792812929848693e-07, 'epoch': 1.35}
{'loss': 0.6027, 'learning_rate': 9.767022008253096e-07, 'epoch': 1.35}
{'eval_loss': 0.7230017781257629, 'eval_bce': 0.7233208097951864, 'eval_n_pos': 2024.0, 'eval_pos_rate': 0.09120814744716327, 'eval_auroc': 0.6756568081421318, 'eval_auprc': 0.20176569363075111, 'eval_mcc': 0.20253054232046297, 'eval_precision': 0.1854746783911415, 'eval_recall': 0.5627470355731226, 'eval_f1': 0.2789957134109002, 'eval_runtime': 20.4583, 'eval_samples_per_second': 1084.695, 'eval_steps_per_second': 16.961, 'epoch': 1.35}
{'loss': 0.6139, 'learning_rate': 9.741231086657496e-07, 'epoch': 1.35}
{'loss': 0.6007, 'learning_rate': 9.715440165061898e-07, 'epoch': 1.35}
{'loss': 0.6529, 'learning_rate': 9.6896492434663e-07, 'epoch': 1.36}
{'loss': 0.6272, 'learning_rate': 9.663858321870702e-07, 'epoch': 1.36}
{'loss': 0.6208, 'learning_rate': 9.638067400275104e-07, 'epoch': 1.36}
{'loss': 0.6282, 'learning_rate': 9.612276478679505e-07, 'epoch': 1.36}
{'loss': 0.6328, 'learning_rate': 9.586485557083907e-07, 'epoch': 1.36}
{'loss': 0.5912, 'learning_rate': 9.560694635488309e-07, 'epoch': 1.36}
{'loss': 0.6281, 'learning_rate': 9.53490371389271e-07, 'epoch': 1.37}
{'loss': 0.6165, 'learning_rate': 9.509112792297111e-07, 'epoch': 1.37}
{'loss': 0.5798, 'learning_rate': 9.483321870701513e-07, 'epoch': 1.37}
{'loss': 0.5927, 'learning_rate': 9.457530949105914e-07, 'epoch': 1.37}
{'loss': 0.6116, 'learning_rate': 9.431740027510317e-07, 'epoch': 1.37}
{'eval_loss': 0.7209881544113159, 'eval_bce': 0.7212744156599071, 'eval_n_pos': 2024.0, 'eval_pos_rate': 0.09120814744716327, 'eval_auroc': 0.6725796859072595, 'eval_auprc': 0.20551887143407702, 'eval_mcc': 0.20683722859921733, 'eval_precision': 0.19280930560451182, 'eval_recall': 0.5405138339920948, 'eval_f1': 0.2842296700441673, 'eval_runtime': 20.4445, 'eval_samples_per_second': 1085.427, 'eval_steps_per_second': 16.973, 'epoch': 1.37}
{'loss': 0.6386, 'learning_rate': 9.405949105914719e-07, 'epoch': 1.37}
{'loss': 0.6205, 'learning_rate': 9.38015818431912e-07, 'epoch': 1.38}
{'loss': 0.6425, 'learning_rate': 9.354367262723522e-07, 'epoch': 1.38}
{'loss': 0.6433, 'learning_rate': 9.328576341127923e-07, 'epoch': 1.38}
{'loss': 0.6085, 'learning_rate': 9.302785419532326e-07, 'epoch': 1.38}
{'loss': 0.6255, 'learning_rate': 9.276994497936726e-07, 'epoch': 1.38}
{'loss': 0.6121, 'learning_rate': 9.251203576341129e-07, 'epoch': 1.38}
{'loss': 0.64, 'learning_rate': 9.225412654745529e-07, 'epoch': 1.39}
{'loss': 0.5964, 'learning_rate': 9.199621733149931e-07, 'epoch': 1.39}
{'loss': 0.6354, 'learning_rate': 9.173830811554332e-07, 'epoch': 1.39}
{'loss': 0.6263, 'learning_rate': 9.148039889958734e-07, 'epoch': 1.39}
{'loss': 0.5902, 'learning_rate': 9.122248968363137e-07, 'epoch': 1.39}
{'eval_loss': 0.7226155996322632, 'eval_bce': 0.7228772396674399, 'eval_n_pos': 2024.0, 'eval_pos_rate': 0.09120814744716327, 'eval_auroc': 0.6727077666308459, 'eval_auprc': 0.20293624899149817, 'eval_mcc': 0.2049449732011354, 'eval_precision': 0.19080659150043366, 'eval_recall': 0.5434782608695652, 'eval_f1': 0.2824496084221338, 'eval_runtime': 20.4653, 'eval_samples_per_second': 1084.323, 'eval_steps_per_second': 16.956, 'epoch': 1.39}
{'loss': 0.6254, 'learning_rate': 9.096458046767538e-07, 'epoch': 1.39}
{'loss': 0.6639, 'learning_rate': 9.07066712517194e-07, 'epoch': 1.4}
{'loss': 0.6009, 'learning_rate': 9.044876203576341e-07, 'epoch': 1.4}
{'loss': 0.6216, 'learning_rate': 9.019085281980743e-07, 'epoch': 1.4}
{'loss': 0.6237, 'learning_rate': 8.993294360385144e-07, 'epoch': 1.4}
{'loss': 0.5891, 'learning_rate': 8.967503438789547e-07, 'epoch': 1.4}
{'loss': 0.6189, 'learning_rate': 8.941712517193948e-07, 'epoch': 1.41}
{'loss': 0.6306, 'learning_rate': 8.91592159559835e-07, 'epoch': 1.41}
{'loss': 0.602, 'learning_rate': 8.89013067400275e-07, 'epoch': 1.41}
{'loss': 0.6524, 'learning_rate': 8.864339752407153e-07, 'epoch': 1.41}
{'loss': 0.5952, 'learning_rate': 8.838548830811555e-07, 'epoch': 1.41}
{'loss': 0.6569, 'learning_rate': 8.812757909215956e-07, 'epoch': 1.41}
{'loss': 0.6066, 'learning_rate': 8.786966987620359e-07, 'epoch': 1.42}
{'eval_loss': 0.7260680198669434, 'eval_bce': 0.7263131567025426, 'eval_n_pos': 2024.0, 'eval_pos_rate': 0.09120814744716327, 'eval_auroc': 0.6737620929468189, 'eval_auprc': 0.19850769786608163, 'eval_mcc': 0.203687572644938, 'eval_precision': 0.1855987055016181, 'eval_recall': 0.566699604743083, 'eval_f1': 0.27961969770843487, 'eval_runtime': 20.4055, 'eval_samples_per_second': 1087.501, 'eval_steps_per_second': 17.005, 'epoch': 1.42}
{'loss': 0.6051, 'learning_rate': 8.761176066024759e-07, 'epoch': 1.42}
{'loss': 0.571, 'learning_rate': 8.735385144429162e-07, 'epoch': 1.42}
{'loss': 0.6353, 'learning_rate': 8.709594222833562e-07, 'epoch': 1.42}
{'loss': 0.6039, 'learning_rate': 8.683803301237964e-07, 'epoch': 1.42}
{'loss': 0.6284, 'learning_rate': 8.658012379642365e-07, 'epoch': 1.42}
{'loss': 0.6157, 'learning_rate': 8.632221458046768e-07, 'epoch': 1.43}
{'loss': 0.5662, 'learning_rate': 8.606430536451169e-07, 'epoch': 1.43}
{'loss': 0.5926, 'learning_rate': 8.580639614855571e-07, 'epoch': 1.43}
{'loss': 0.5877, 'learning_rate': 8.554848693259973e-07, 'epoch': 1.43}
{'loss': 0.606, 'learning_rate': 8.529057771664374e-07, 'epoch': 1.43}
{'loss': 0.6473, 'learning_rate': 8.503266850068777e-07, 'epoch': 1.43}
{'loss': 0.5631, 'learning_rate': 8.477475928473178e-07, 'epoch': 1.44}
{'eval_loss': 0.7260124683380127, 'eval_bce': 0.7262462558363448, 'eval_n_pos': 2024.0, 'eval_pos_rate': 0.09120814744716327, 'eval_auroc': 0.6721295659504011, 'eval_auprc': 0.19952420046967295, 'eval_mcc': 0.20255961628205313, 'eval_precision': 0.18558382257012393, 'eval_recall': 0.5622529644268774, 'eval_f1': 0.27905836194212846, 'eval_runtime': 20.4116, 'eval_samples_per_second': 1087.175, 'eval_steps_per_second': 17.0, 'epoch': 1.44}
{'loss': 0.6427, 'learning_rate': 8.45168500687758e-07, 'epoch': 1.44}
{'loss': 0.6033, 'learning_rate': 8.425894085281981e-07, 'epoch': 1.44}
{'loss': 0.6209, 'learning_rate': 8.400103163686383e-07, 'epoch': 1.44}
{'loss': 0.6311, 'learning_rate': 8.374312242090783e-07, 'epoch': 1.44}
{'loss': 0.6091, 'learning_rate': 8.348521320495187e-07, 'epoch': 1.44}
{'loss': 0.5922, 'learning_rate': 8.322730398899587e-07, 'epoch': 1.45}
{'loss': 0.6375, 'learning_rate': 8.296939477303989e-07, 'epoch': 1.45}
{'loss': 0.6574, 'learning_rate': 8.271148555708392e-07, 'epoch': 1.45}
{'loss': 0.6139, 'learning_rate': 8.245357634112792e-07, 'epoch': 1.45}
{'loss': 0.6271, 'learning_rate': 8.219566712517194e-07, 'epoch': 1.45}
{'loss': 0.6123, 'learning_rate': 8.193775790921595e-07, 'epoch': 1.45}
{'loss': 0.6393, 'learning_rate': 8.167984869325998e-07, 'epoch': 1.46}
{'loss': 0.6236, 'learning_rate': 8.142193947730399e-07, 'epoch': 1.46}
{'eval_loss': 0.7254183292388916, 'eval_bce': 0.7256591727308734, 'eval_n_pos': 2024.0, 'eval_pos_rate': 0.09120814744716327, 'eval_auroc': 0.6741848352815255, 'eval_auprc': 0.2009267658033079, 'eval_mcc': 0.2027750791715626, 'eval_precision': 0.1860045886594559, 'eval_recall': 0.5607707509881423, 'eval_f1': 0.27935023381737634, 'eval_runtime': 21.8776, 'eval_samples_per_second': 1014.326, 'eval_steps_per_second': 15.861, 'epoch': 1.46}
{'loss': 0.6133, 'learning_rate': 8.116403026134801e-07, 'epoch': 1.46}
{'loss': 0.6384, 'learning_rate': 8.090612104539202e-07, 'epoch': 1.46}
{'loss': 0.5993, 'learning_rate': 8.064821182943604e-07, 'epoch': 1.46}
{'loss': 0.6495, 'learning_rate': 8.039030261348005e-07, 'epoch': 1.47}
{'loss': 0.6462, 'learning_rate': 8.013239339752408e-07, 'epoch': 1.47}
{'loss': 0.5856, 'learning_rate': 7.98744841815681e-07, 'epoch': 1.47}
{'loss': 0.6242, 'learning_rate': 7.961657496561211e-07, 'epoch': 1.47}
{'loss': 0.6595, 'learning_rate': 7.935866574965613e-07, 'epoch': 1.47}
{'loss': 0.5942, 'learning_rate': 7.910075653370013e-07, 'epoch': 1.47}
{'loss': 0.624, 'learning_rate': 7.884284731774416e-07, 'epoch': 1.48}
{'loss': 0.6375, 'learning_rate': 7.858493810178817e-07, 'epoch': 1.48}
{'loss': 0.6338, 'learning_rate': 7.832702888583219e-07, 'epoch': 1.48}
{'eval_loss': 0.72491455078125, 'eval_bce': 0.7249323953698064, 'eval_n_pos': 2024.0, 'eval_pos_rate': 0.09120814744716327, 'eval_auroc': 0.6764244350189749, 'eval_auprc': 0.20337230324472833, 'eval_mcc': 0.2050486708621914, 'eval_precision': 0.18920291081401253, 'eval_recall': 0.5523715415019763, 'eval_f1': 0.28186058237741085, 'eval_runtime': 21.8706, 'eval_samples_per_second': 1014.65, 'eval_steps_per_second': 15.866, 'epoch': 1.48}
{'loss': 0.6454, 'learning_rate': 7.80691196698762e-07, 'epoch': 1.48}
{'loss': 0.6208, 'learning_rate': 7.781121045392022e-07, 'epoch': 1.48}
{'loss': 0.6261, 'learning_rate': 7.755330123796423e-07, 'epoch': 1.48}
{'loss': 0.6269, 'learning_rate': 7.729539202200825e-07, 'epoch': 1.49}
{'loss': 0.6392, 'learning_rate': 7.703748280605228e-07, 'epoch': 1.49}
{'loss': 0.6799, 'learning_rate': 7.677957359009629e-07, 'epoch': 1.49}
{'loss': 0.6293, 'learning_rate': 7.652166437414031e-07, 'epoch': 1.49}
{'loss': 0.6454, 'learning_rate': 7.626375515818432e-07, 'epoch': 1.49}
{'loss': 0.586, 'learning_rate': 7.600584594222834e-07, 'epoch': 1.49}
{'loss': 0.6083, 'learning_rate': 7.574793672627235e-07, 'epoch': 1.5}
{'loss': 0.6499, 'learning_rate': 7.549002751031638e-07, 'epoch': 1.5}
{'loss': 0.6348, 'learning_rate': 7.523211829436038e-07, 'epoch': 1.5}
{'loss': 0.6101, 'learning_rate': 7.497420907840441e-07, 'epoch': 1.5}
{'eval_loss': 0.7279168367385864, 'eval_bce': 0.7279995129819217, 'eval_n_pos': 2024.0, 'eval_pos_rate': 0.09120814744716327, 'eval_auroc': 0.6759389140204978, 'eval_auprc': 0.19992176399400127, 'eval_mcc': 0.20322678621301798, 'eval_precision': 0.18500643500643502, 'eval_recall': 0.5681818181818182, 'eval_f1': 0.27912621359223305, 'eval_runtime': 21.8783, 'eval_samples_per_second': 1014.294, 'eval_steps_per_second': 15.86, 'epoch': 1.5}
{'loss': 0.6182, 'learning_rate': 7.471629986244842e-07, 'epoch': 1.5}
{'loss': 0.5911, 'learning_rate': 7.445839064649243e-07, 'epoch': 1.5}
{'loss': 0.6143, 'learning_rate': 7.420048143053645e-07, 'epoch': 1.51}
{'loss': 0.6513, 'learning_rate': 7.394257221458046e-07, 'epoch': 1.51}
{'loss': 0.6523, 'learning_rate': 7.368466299862449e-07, 'epoch': 1.51}
{'loss': 0.5944, 'learning_rate': 7.34267537826685e-07, 'epoch': 1.51}
{'loss': 0.6118, 'learning_rate': 7.316884456671252e-07, 'epoch': 1.51}
{'loss': 0.6264, 'learning_rate': 7.291093535075654e-07, 'epoch': 1.51}
{'loss': 0.6245, 'learning_rate': 7.265302613480055e-07, 'epoch': 1.52}
{'loss': 0.658, 'learning_rate': 7.239511691884457e-07, 'epoch': 1.52}
{'loss': 0.629, 'learning_rate': 7.213720770288859e-07, 'epoch': 1.52}
{'loss': 0.5801, 'learning_rate': 7.18792984869326e-07, 'epoch': 1.52}
{'eval_loss': 0.7297510504722595, 'eval_bce': 0.7298499776538968, 'eval_n_pos': 2024.0, 'eval_pos_rate': 0.09120814744716327, 'eval_auroc': 0.6767216445251322, 'eval_auprc': 0.19685705391232683, 'eval_mcc': 0.204122265279045, 'eval_precision': 0.18254579036478374, 'eval_recall': 0.5859683794466403, 'eval_f1': 0.27837108320619647, 'eval_runtime': 20.3971, 'eval_samples_per_second': 1087.948, 'eval_steps_per_second': 17.012, 'epoch': 1.52}
{'loss': 0.6098, 'learning_rate': 7.162138927097662e-07, 'epoch': 1.52}
{'loss': 0.6142, 'learning_rate': 7.136348005502063e-07, 'epoch': 1.53}
{'loss': 0.6093, 'learning_rate': 7.110557083906465e-07, 'epoch': 1.53}
{'loss': 0.6048, 'learning_rate': 7.084766162310866e-07, 'epoch': 1.53}
{'loss': 0.6128, 'learning_rate': 7.058975240715268e-07, 'epoch': 1.53}
{'loss': 0.6592, 'learning_rate': 7.033184319119671e-07, 'epoch': 1.53}
{'loss': 0.602, 'learning_rate': 7.007393397524072e-07, 'epoch': 1.53}
{'loss': 0.6543, 'learning_rate': 6.981602475928474e-07, 'epoch': 1.54}
{'loss': 0.593, 'learning_rate': 6.955811554332875e-07, 'epoch': 1.54}
{'loss': 0.6194, 'learning_rate': 6.930020632737276e-07, 'epoch': 1.54}
{'loss': 0.6291, 'learning_rate': 6.904229711141679e-07, 'epoch': 1.54}
{'loss': 0.6174, 'learning_rate': 6.87843878954608e-07, 'epoch': 1.54}
{'loss': 0.6009, 'learning_rate': 6.852647867950482e-07, 'epoch': 1.54}
{'eval_loss': 0.7295034527778625, 'eval_bce': 0.7295787096599105, 'eval_n_pos': 2024.0, 'eval_pos_rate': 0.09120814744716327, 'eval_auroc': 0.677697721064683, 'eval_auprc': 0.1974780021817532, 'eval_mcc': 0.20413586759507596, 'eval_precision': 0.1838304552590267, 'eval_recall': 0.5785573122529645, 'eval_f1': 0.27900881582082443, 'eval_runtime': 20.4051, 'eval_samples_per_second': 1087.521, 'eval_steps_per_second': 17.006, 'epoch': 1.54}
{'loss': 0.5599, 'learning_rate': 6.826856946354883e-07, 'epoch': 1.55}
{'loss': 0.5909, 'learning_rate': 6.801066024759284e-07, 'epoch': 1.55}
{'loss': 0.6175, 'learning_rate': 6.775275103163686e-07, 'epoch': 1.55}
{'loss': 0.6088, 'learning_rate': 6.749484181568089e-07, 'epoch': 1.55}
{'loss': 0.6472, 'learning_rate': 6.72369325997249e-07, 'epoch': 1.55}
{'loss': 0.6461, 'learning_rate': 6.697902338376892e-07, 'epoch': 1.55}
{'loss': 0.6486, 'learning_rate': 6.672111416781293e-07, 'epoch': 1.56}
{'loss': 0.6526, 'learning_rate': 6.646320495185695e-07, 'epoch': 1.56}
{'loss': 0.6368, 'learning_rate': 6.620529573590096e-07, 'epoch': 1.56}
{'loss': 0.6295, 'learning_rate': 6.594738651994498e-07, 'epoch': 1.56}
{'loss': 0.6168, 'learning_rate': 6.5689477303989e-07, 'epoch': 1.56}
{'loss': 0.6628, 'learning_rate': 6.543156808803301e-07, 'epoch': 1.56}
{'eval_loss': 0.723896324634552, 'eval_bce': 0.724049539997791, 'eval_n_pos': 2024.0, 'eval_pos_rate': 0.09120814744716327, 'eval_auroc': 0.6747495370180729, 'eval_auprc': 0.2058297180546865, 'eval_mcc': 0.20427973087283738, 'eval_precision': 0.1904019404019404, 'eval_recall': 0.5429841897233202, 'eval_f1': 0.2819394561313494, 'eval_runtime': 20.4561, 'eval_samples_per_second': 1084.81, 'eval_steps_per_second': 16.963, 'epoch': 1.57}
{'loss': 0.5673, 'learning_rate': 6.517365887207703e-07, 'epoch': 1.57}
{'loss': 0.5954, 'learning_rate': 6.491574965612105e-07, 'epoch': 1.57}
{'loss': 0.5766, 'learning_rate': 6.465784044016506e-07, 'epoch': 1.57}
{'loss': 0.5811, 'learning_rate': 6.439993122420908e-07, 'epoch': 1.57}
{'loss': 0.61, 'learning_rate': 6.41420220082531e-07, 'epoch': 1.57}
{'loss': 0.5993, 'learning_rate': 6.388411279229712e-07, 'epoch': 1.58}
{'loss': 0.6142, 'learning_rate': 6.362620357634113e-07, 'epoch': 1.58}
{'loss': 0.6179, 'learning_rate': 6.336829436038514e-07, 'epoch': 1.58}
{'loss': 0.6117, 'learning_rate': 6.311038514442916e-07, 'epoch': 1.58}
{'loss': 0.6194, 'learning_rate': 6.285247592847317e-07, 'epoch': 1.58}
{'loss': 0.5961, 'learning_rate': 6.25945667125172e-07, 'epoch': 1.58}
{'loss': 0.5951, 'learning_rate': 6.233665749656121e-07, 'epoch': 1.59}
{'loss': 0.665, 'learning_rate': 6.207874828060523e-07, 'epoch': 1.59}
{'eval_loss': 0.7239569425582886, 'eval_bce': 0.7241053837057556, 'eval_n_pos': 2024.0, 'eval_pos_rate': 0.09120814744716327, 'eval_auroc': 0.674370219144452, 'eval_auprc': 0.20531734352497294, 'eval_mcc': 0.2033476461036024, 'eval_precision': 0.19083567415730338, 'eval_recall': 0.5370553359683794, 'eval_f1': 0.2816062176165803, 'eval_runtime': 20.4598, 'eval_samples_per_second': 1084.613, 'eval_steps_per_second': 16.96, 'epoch': 1.59}
{'loss': 0.6014, 'learning_rate': 6.182083906464925e-07, 'epoch': 1.59}
{'loss': 0.6298, 'learning_rate': 6.156292984869326e-07, 'epoch': 1.59}
{'loss': 0.65, 'learning_rate': 6.130502063273728e-07, 'epoch': 1.59}
{'loss': 0.6053, 'learning_rate': 6.10471114167813e-07, 'epoch': 1.59}
{'loss': 0.5991, 'learning_rate': 6.078920220082531e-07, 'epoch': 1.6}
{'loss': 0.6496, 'learning_rate': 6.053129298486933e-07, 'epoch': 1.6}
{'loss': 0.6774, 'learning_rate': 6.027338376891334e-07, 'epoch': 1.6}
{'loss': 0.6158, 'learning_rate': 6.001547455295736e-07, 'epoch': 1.6}
{'loss': 0.6233, 'learning_rate': 5.975756533700137e-07, 'epoch': 1.6}
{'loss': 0.663, 'learning_rate': 5.94996561210454e-07, 'epoch': 1.6}
{'loss': 0.6014, 'learning_rate': 5.924174690508942e-07, 'epoch': 1.61}
{'loss': 0.6016, 'learning_rate': 5.898383768913343e-07, 'epoch': 1.61}
{'eval_loss': 0.7248570919036865, 'eval_bce': 0.7250424661693664, 'eval_n_pos': 2024.0, 'eval_pos_rate': 0.09120814744716327, 'eval_auroc': 0.6736250088441356, 'eval_auprc': 0.2032450873966466, 'eval_mcc': 0.2044558616907251, 'eval_precision': 0.19053398058252427, 'eval_recall': 0.5429841897233202, 'eval_f1': 0.28208418891170434, 'eval_runtime': 21.8898, 'eval_samples_per_second': 1013.759, 'eval_steps_per_second': 15.852, 'epoch': 1.61}
{'loss': 0.5797, 'learning_rate': 5.872592847317745e-07, 'epoch': 1.61}
{'loss': 0.6271, 'learning_rate': 5.846801925722146e-07, 'epoch': 1.61}
{'loss': 0.6312, 'learning_rate': 5.821011004126547e-07, 'epoch': 1.61}
{'loss': 0.656, 'learning_rate': 5.79522008253095e-07, 'epoch': 1.61}
{'loss': 0.6228, 'learning_rate': 5.769429160935351e-07, 'epoch': 1.62}
{'loss': 0.6113, 'learning_rate': 5.743638239339753e-07, 'epoch': 1.62}
{'loss': 0.5653, 'learning_rate': 5.717847317744154e-07, 'epoch': 1.62}
{'loss': 0.6161, 'learning_rate': 5.692056396148555e-07, 'epoch': 1.62}
{'loss': 0.5825, 'learning_rate': 5.666265474552957e-07, 'epoch': 1.62}
{'loss': 0.5978, 'learning_rate': 5.640474552957359e-07, 'epoch': 1.62}
{'loss': 0.6345, 'learning_rate': 5.614683631361761e-07, 'epoch': 1.63}
{'loss': 0.6048, 'learning_rate': 5.588892709766163e-07, 'epoch': 1.63}
{'loss': 0.5989, 'learning_rate': 5.563101788170564e-07, 'epoch': 1.63}
{'eval_loss': 0.7277786731719971, 'eval_bce': 0.7279459681248289, 'eval_n_pos': 2024.0, 'eval_pos_rate': 0.09120814744716327, 'eval_auroc': 0.674581290199169, 'eval_auprc': 0.19901074370473526, 'eval_mcc': 0.20392479584435122, 'eval_precision': 0.18791834002677377, 'eval_recall': 0.5548418972332015, 'eval_f1': 0.28075, 'eval_runtime': 21.8705, 'eval_samples_per_second': 1014.656, 'eval_steps_per_second': 15.866, 'epoch': 1.63}
{'loss': 0.6283, 'learning_rate': 5.537310866574966e-07, 'epoch': 1.63}
{'loss': 0.6518, 'learning_rate': 5.511519944979367e-07, 'epoch': 1.63}
{'loss': 0.6723, 'learning_rate': 5.485729023383769e-07, 'epoch': 1.64}
{'loss': 0.6349, 'learning_rate': 5.459938101788171e-07, 'epoch': 1.64}
{'loss': 0.6328, 'learning_rate': 5.434147180192572e-07, 'epoch': 1.64}
{'loss': 0.6242, 'learning_rate': 5.408356258596974e-07, 'epoch': 1.64}
{'loss': 0.6671, 'learning_rate': 5.382565337001375e-07, 'epoch': 1.64}
{'loss': 0.6288, 'learning_rate': 5.356774415405777e-07, 'epoch': 1.64}
{'loss': 0.591, 'learning_rate': 5.330983493810179e-07, 'epoch': 1.65}
{'loss': 0.6096, 'learning_rate': 5.305192572214581e-07, 'epoch': 1.65}
{'loss': 0.603, 'learning_rate': 5.279401650618983e-07, 'epoch': 1.65}
{'loss': 0.6103, 'learning_rate': 5.253610729023384e-07, 'epoch': 1.65}
{'eval_loss': 0.730505108833313, 'eval_bce': 0.7306808700267816, 'eval_n_pos': 2024.0, 'eval_pos_rate': 0.09120814744716327, 'eval_auroc': 0.6751352001302954, 'eval_auprc': 0.1955417883348725, 'eval_mcc': 0.20278620082368334, 'eval_precision': 0.18434504792332268, 'eval_recall': 0.5701581027667985, 'eval_f1': 0.27860936745533554, 'eval_runtime': 20.4108, 'eval_samples_per_second': 1087.217, 'eval_steps_per_second': 17.001, 'epoch': 1.65}
{'loss': 0.6362, 'learning_rate': 5.227819807427786e-07, 'epoch': 1.65}
{'loss': 0.6888, 'learning_rate': 5.202028885832187e-07, 'epoch': 1.65}
{'loss': 0.6233, 'learning_rate': 5.176237964236588e-07, 'epoch': 1.66}
{'loss': 0.6217, 'learning_rate': 5.15044704264099e-07, 'epoch': 1.66}
{'loss': 0.6449, 'learning_rate': 5.124656121045392e-07, 'epoch': 1.66}
{'loss': 0.6196, 'learning_rate': 5.098865199449794e-07, 'epoch': 1.66}
{'loss': 0.6268, 'learning_rate': 5.073074277854196e-07, 'epoch': 1.66}
{'loss': 0.6449, 'learning_rate': 5.047283356258597e-07, 'epoch': 1.66}
{'loss': 0.6329, 'learning_rate': 5.021492434662999e-07, 'epoch': 1.67}
{'loss': 0.6277, 'learning_rate': 4.9957015130674e-07, 'epoch': 1.67}
{'loss': 0.6356, 'learning_rate': 4.969910591471802e-07, 'epoch': 1.67}
{'loss': 0.6195, 'learning_rate': 4.944119669876204e-07, 'epoch': 1.67}
{'loss': 0.6178, 'learning_rate': 4.918328748280605e-07, 'epoch': 1.67}
{'eval_loss': 0.7267075181007385, 'eval_bce': 0.726882466693181, 'eval_n_pos': 2024.0, 'eval_pos_rate': 0.09120814744716327, 'eval_auroc': 0.6747837621081362, 'eval_auprc': 0.20131615594053778, 'eval_mcc': 0.20463049109551626, 'eval_precision': 0.18825301204819278, 'eval_recall': 0.5558300395256917, 'eval_f1': 0.28125, 'eval_runtime': 20.4451, 'eval_samples_per_second': 1085.397, 'eval_steps_per_second': 16.972, 'epoch': 1.67}
{'loss': 0.6446, 'learning_rate': 4.892537826685007e-07, 'epoch': 1.67}
{'loss': 0.5766, 'learning_rate': 4.866746905089408e-07, 'epoch': 1.68}
{'loss': 0.571, 'learning_rate': 4.84095598349381e-07, 'epoch': 1.68}
{'loss': 0.6311, 'learning_rate': 4.815165061898212e-07, 'epoch': 1.68}
{'loss': 0.6271, 'learning_rate': 4.789374140302614e-07, 'epoch': 1.68}
{'loss': 0.5847, 'learning_rate': 4.7635832187070155e-07, 'epoch': 1.68}
{'loss': 0.6362, 'learning_rate': 4.737792297111417e-07, 'epoch': 1.68}
{'loss': 0.608, 'learning_rate': 4.712001375515819e-07, 'epoch': 1.69}
{'loss': 0.6286, 'learning_rate': 4.6862104539202204e-07, 'epoch': 1.69}
{'loss': 0.6445, 'learning_rate': 4.6604195323246216e-07, 'epoch': 1.69}
{'loss': 0.6243, 'learning_rate': 4.634628610729023e-07, 'epoch': 1.69}
{'loss': 0.5995, 'learning_rate': 4.608837689133425e-07, 'epoch': 1.69}
{'eval_loss': 0.7261747717857361, 'eval_bce': 0.7264155956686893, 'eval_n_pos': 2024.0, 'eval_pos_rate': 0.09120814744716327, 'eval_auroc': 0.6749200867421066, 'eval_auprc': 0.20074556617882897, 'eval_mcc': 0.20469918278169602, 'eval_precision': 0.18848606915072172, 'eval_recall': 0.5548418972332015, 'eval_f1': 0.2813831120020045, 'eval_runtime': 20.4588, 'eval_samples_per_second': 1084.665, 'eval_steps_per_second': 16.961, 'epoch': 1.69}
{'loss': 0.6474, 'learning_rate': 4.5830467675378266e-07, 'epoch': 1.7}
{'loss': 0.6162, 'learning_rate': 4.557255845942228e-07, 'epoch': 1.7}
{'loss': 0.5855, 'learning_rate': 4.5314649243466304e-07, 'epoch': 1.7}
{'loss': 0.6019, 'learning_rate': 4.505674002751032e-07, 'epoch': 1.7}
{'loss': 0.6128, 'learning_rate': 4.479883081155434e-07, 'epoch': 1.7}
{'loss': 0.6039, 'learning_rate': 4.4540921595598354e-07, 'epoch': 1.7}
{'loss': 0.6009, 'learning_rate': 4.428301237964237e-07, 'epoch': 1.71}
{'loss': 0.6386, 'learning_rate': 4.402510316368638e-07, 'epoch': 1.71}
{'loss': 0.5843, 'learning_rate': 4.37671939477304e-07, 'epoch': 1.71}
{'loss': 0.6176, 'learning_rate': 4.3509284731774415e-07, 'epoch': 1.71}
{'loss': 0.6488, 'learning_rate': 4.325137551581843e-07, 'epoch': 1.71}
{'loss': 0.6438, 'learning_rate': 4.299346629986245e-07, 'epoch': 1.71}
{'loss': 0.5776, 'learning_rate': 4.273555708390646e-07, 'epoch': 1.72}
{'eval_loss': 0.7265225648880005, 'eval_bce': 0.7268153833588084, 'eval_n_pos': 2024.0, 'eval_pos_rate': 0.09120814744716327, 'eval_auroc': 0.6733187959588817, 'eval_auprc': 0.19926706299389624, 'eval_mcc': 0.2046079090528392, 'eval_precision': 0.1889697174758924, 'eval_recall': 0.5518774703557312, 'eval_f1': 0.28153749212350343, 'eval_runtime': 20.4559, 'eval_samples_per_second': 1084.823, 'eval_steps_per_second': 16.963, 'epoch': 1.72}
{'loss': 0.6217, 'learning_rate': 4.2477647867950487e-07, 'epoch': 1.72}
{'loss': 0.6135, 'learning_rate': 4.2219738651994504e-07, 'epoch': 1.72}
{'loss': 0.6427, 'learning_rate': 4.196182943603852e-07, 'epoch': 1.72}
{'loss': 0.581, 'learning_rate': 4.170392022008253e-07, 'epoch': 1.72}
{'loss': 0.5752, 'learning_rate': 4.144601100412655e-07, 'epoch': 1.72}
{'loss': 0.6549, 'learning_rate': 4.1188101788170565e-07, 'epoch': 1.73}
{'loss': 0.6375, 'learning_rate': 4.093019257221458e-07, 'epoch': 1.73}
{'loss': 0.6436, 'learning_rate': 4.06722833562586e-07, 'epoch': 1.73}
{'loss': 0.5958, 'learning_rate': 4.0414374140302615e-07, 'epoch': 1.73}
{'loss': 0.6353, 'learning_rate': 4.0156464924346626e-07, 'epoch': 1.73}
{'loss': 0.6028, 'learning_rate': 3.989855570839064e-07, 'epoch': 1.73}
{'loss': 0.6615, 'learning_rate': 3.964064649243467e-07, 'epoch': 1.74}
{'eval_loss': 0.7307431101799011, 'eval_bce': 0.7309344177017556, 'eval_n_pos': 2024.0, 'eval_pos_rate': 0.09120814744716327, 'eval_auroc': 0.6742646162448691, 'eval_auprc': 0.1935873858773788, 'eval_mcc': 0.2014050067998287, 'eval_precision': 0.18388595226653853, 'eval_recall': 0.567193675889328, 'eval_f1': 0.27773073666384424, 'eval_runtime': 20.4503, 'eval_samples_per_second': 1085.12, 'eval_steps_per_second': 16.968, 'epoch': 1.74}
{'loss': 0.6778, 'learning_rate': 3.938273727647868e-07, 'epoch': 1.74}
{'loss': 0.5961, 'learning_rate': 3.91248280605227e-07, 'epoch': 1.74}
{'loss': 0.6259, 'learning_rate': 3.8866918844566714e-07, 'epoch': 1.74}
{'loss': 0.6047, 'learning_rate': 3.860900962861073e-07, 'epoch': 1.74}
{'loss': 0.6407, 'learning_rate': 3.835110041265475e-07, 'epoch': 1.74}
{'loss': 0.6233, 'learning_rate': 3.8093191196698764e-07, 'epoch': 1.75}
{'loss': 0.6431, 'learning_rate': 3.7835281980742776e-07, 'epoch': 1.75}
{'loss': 0.6298, 'learning_rate': 3.757737276478679e-07, 'epoch': 1.75}
{'loss': 0.5971, 'learning_rate': 3.7319463548830814e-07, 'epoch': 1.75}
{'loss': 0.6375, 'learning_rate': 3.706155433287483e-07, 'epoch': 1.75}
{'loss': 0.6543, 'learning_rate': 3.680364511691885e-07, 'epoch': 1.76}
{'loss': 0.639, 'learning_rate': 3.654573590096286e-07, 'epoch': 1.76}
{'loss': 0.6386, 'learning_rate': 3.6287826685006875e-07, 'epoch': 1.76}
{'eval_loss': 0.7278562188148499, 'eval_bce': 0.7280661823464271, 'eval_n_pos': 2024.0, 'eval_pos_rate': 0.09120814744716327, 'eval_auroc': 0.6747061003074918, 'eval_auprc': 0.19721203924468048, 'eval_mcc': 0.20590976290097146, 'eval_precision': 0.1880059474640674, 'eval_recall': 0.5622529644268774, 'eval_f1': 0.2817877924972143, 'eval_runtime': 20.4721, 'eval_samples_per_second': 1083.964, 'eval_steps_per_second': 16.95, 'epoch': 1.76}
{'loss': 0.6738, 'learning_rate': 3.6029917469050897e-07, 'epoch': 1.76}
{'loss': 0.5921, 'learning_rate': 3.5772008253094914e-07, 'epoch': 1.76}
{'loss': 0.6234, 'learning_rate': 3.551409903713893e-07, 'epoch': 1.76}
{'loss': 0.5923, 'learning_rate': 3.525618982118294e-07, 'epoch': 1.77}
{'loss': 0.6262, 'learning_rate': 3.499828060522696e-07, 'epoch': 1.77}
{'loss': 0.5801, 'learning_rate': 3.474037138927098e-07, 'epoch': 1.77}
{'loss': 0.6239, 'learning_rate': 3.4482462173314997e-07, 'epoch': 1.77}
{'loss': 0.6051, 'learning_rate': 3.422455295735901e-07, 'epoch': 1.77}
{'loss': 0.6163, 'learning_rate': 3.3966643741403025e-07, 'epoch': 1.77}
{'loss': 0.6402, 'learning_rate': 3.370873452544704e-07, 'epoch': 1.78}
{'loss': 0.6257, 'learning_rate': 3.345082530949106e-07, 'epoch': 1.78}
{'loss': 0.614, 'learning_rate': 3.319291609353508e-07, 'epoch': 1.78}
{'eval_loss': 0.7265195250511169, 'eval_bce': 0.7267202754684258, 'eval_n_pos': 2024.0, 'eval_pos_rate': 0.09120814744716327, 'eval_auroc': 0.6752081336257271, 'eval_auprc': 0.20062872877115107, 'eval_mcc': 0.20514693657599664, 'eval_precision': 0.1886317907444668, 'eval_recall': 0.5558300395256917, 'eval_f1': 0.2816725087631447, 'eval_runtime': 20.4548, 'eval_samples_per_second': 1084.879, 'eval_steps_per_second': 16.964, 'epoch': 1.78}
{'loss': 0.6115, 'learning_rate': 3.293500687757909e-07, 'epoch': 1.78}
{'loss': 0.6203, 'learning_rate': 3.267709766162311e-07, 'epoch': 1.78}
{'loss': 0.6045, 'learning_rate': 3.2419188445667125e-07, 'epoch': 1.78}
{'loss': 0.6096, 'learning_rate': 3.216127922971114e-07, 'epoch': 1.79}
{'loss': 0.6544, 'learning_rate': 3.1903370013755163e-07, 'epoch': 1.79}
{'loss': 0.6272, 'learning_rate': 3.1645460797799175e-07, 'epoch': 1.79}
{'loss': 0.6432, 'learning_rate': 3.138755158184319e-07, 'epoch': 1.79}
{'loss': 0.6101, 'learning_rate': 3.112964236588721e-07, 'epoch': 1.79}
{'loss': 0.6415, 'learning_rate': 3.0871733149931224e-07, 'epoch': 1.79}
{'loss': 0.6222, 'learning_rate': 3.061382393397524e-07, 'epoch': 1.8}
{'loss': 0.5678, 'learning_rate': 3.035591471801926e-07, 'epoch': 1.8}
{'loss': 0.593, 'learning_rate': 3.0098005502063274e-07, 'epoch': 1.8}
{'loss': 0.6146, 'learning_rate': 2.984009628610729e-07, 'epoch': 1.8}
{'eval_loss': 0.7260890007019043, 'eval_bce': 0.7263394597238719, 'eval_n_pos': 2024.0, 'eval_pos_rate': 0.09120814744716327, 'eval_auroc': 0.6753022587481486, 'eval_auprc': 0.2012144530843712, 'eval_mcc': 0.20531113130247444, 'eval_precision': 0.18884408602150538, 'eval_recall': 0.5553359683794467, 'eval_f1': 0.2818455366098295, 'eval_runtime': 21.8775, 'eval_samples_per_second': 1014.331, 'eval_steps_per_second': 15.861, 'epoch': 1.8}
{'loss': 0.6326, 'learning_rate': 2.958218707015131e-07, 'epoch': 1.8}
{'loss': 0.5976, 'learning_rate': 2.9324277854195324e-07, 'epoch': 1.8}
{'loss': 0.6551, 'learning_rate': 2.906636863823934e-07, 'epoch': 1.81}
{'loss': 0.5978, 'learning_rate': 2.880845942228336e-07, 'epoch': 1.81}
{'loss': 0.6107, 'learning_rate': 2.8550550206327374e-07, 'epoch': 1.81}
{'loss': 0.5965, 'learning_rate': 2.829264099037139e-07, 'epoch': 1.81}
{'loss': 0.6067, 'learning_rate': 2.8034731774415407e-07, 'epoch': 1.81}
{'loss': 0.6305, 'learning_rate': 2.7776822558459424e-07, 'epoch': 1.82}
{'loss': 0.6261, 'learning_rate': 2.751891334250344e-07, 'epoch': 1.82}
{'loss': 0.6271, 'learning_rate': 2.7261004126547457e-07, 'epoch': 1.82}
{'loss': 0.6209, 'learning_rate': 2.7003094910591474e-07, 'epoch': 1.82}
{'loss': 0.6409, 'learning_rate': 2.6745185694635485e-07, 'epoch': 1.82}
{'eval_loss': 0.7252646684646606, 'eval_bce': 0.725454193528891, 'eval_n_pos': 2024.0, 'eval_pos_rate': 0.09120814744716327, 'eval_auroc': 0.6751158214286204, 'eval_auprc': 0.20235093826436085, 'eval_mcc': 0.20302482647769668, 'eval_precision': 0.18918454935622317, 'eval_recall': 0.5444664031620553, 'eval_f1': 0.28080010192381194, 'eval_runtime': 20.4087, 'eval_samples_per_second': 1087.329, 'eval_steps_per_second': 17.003, 'epoch': 1.82}
{'loss': 0.6143, 'learning_rate': 2.64872764786795e-07, 'epoch': 1.82}
{'loss': 0.6166, 'learning_rate': 2.6229367262723524e-07, 'epoch': 1.83}
{'loss': 0.6223, 'learning_rate': 2.597145804676754e-07, 'epoch': 1.83}
{'loss': 0.6645, 'learning_rate': 2.5713548830811557e-07, 'epoch': 1.83}
{'loss': 0.6202, 'learning_rate': 2.545563961485557e-07, 'epoch': 1.83}
{'loss': 0.6626, 'learning_rate': 2.5197730398899585e-07, 'epoch': 1.83}
{'loss': 0.6161, 'learning_rate': 2.4939821182943607e-07, 'epoch': 1.83}
{'loss': 0.6266, 'learning_rate': 2.4681911966987623e-07, 'epoch': 1.84}
{'loss': 0.637, 'learning_rate': 2.442400275103164e-07, 'epoch': 1.84}
{'loss': 0.5963, 'learning_rate': 2.416609353507565e-07, 'epoch': 1.84}
{'loss': 0.5712, 'learning_rate': 2.390818431911967e-07, 'epoch': 1.84}
{'loss': 0.6342, 'learning_rate': 2.3650275103163685e-07, 'epoch': 1.84}
{'loss': 0.6414, 'learning_rate': 2.3392365887207704e-07, 'epoch': 1.84}
{'eval_loss': 0.7258967757225037, 'eval_bce': 0.7260996726038008, 'eval_n_pos': 2024.0, 'eval_pos_rate': 0.09120814744716327, 'eval_auroc': 0.6751496545348319, 'eval_auprc': 0.2014476557233738, 'eval_mcc': 0.20402200094845094, 'eval_precision': 0.1888135593220339, 'eval_recall': 0.5503952569169961, 'eval_f1': 0.2811711256940939, 'eval_runtime': 20.412, 'eval_samples_per_second': 1087.157, 'eval_steps_per_second': 17.0, 'epoch': 1.84}
{'loss': 0.613, 'learning_rate': 2.313445667125172e-07, 'epoch': 1.85}
{'loss': 0.6661, 'learning_rate': 2.2876547455295737e-07, 'epoch': 1.85}
{'loss': 0.6707, 'learning_rate': 2.261863823933975e-07, 'epoch': 1.85}
{'loss': 0.5712, 'learning_rate': 2.2360729023383768e-07, 'epoch': 1.85}
{'loss': 0.6038, 'learning_rate': 2.2102819807427787e-07, 'epoch': 1.85}
{'loss': 0.5983, 'learning_rate': 2.1844910591471804e-07, 'epoch': 1.85}
{'loss': 0.6201, 'learning_rate': 2.158700137551582e-07, 'epoch': 1.86}
{'loss': 0.596, 'learning_rate': 2.1329092159559834e-07, 'epoch': 1.86}
{'loss': 0.5943, 'learning_rate': 2.107118294360385e-07, 'epoch': 1.86}
{'loss': 0.6004, 'learning_rate': 2.081327372764787e-07, 'epoch': 1.86}
{'loss': 0.6671, 'learning_rate': 2.0555364511691887e-07, 'epoch': 1.86}
{'loss': 0.6142, 'learning_rate': 2.02974552957359e-07, 'epoch': 1.86}
{'eval_loss': 0.7245106101036072, 'eval_bce': 0.7246661083737524, 'eval_n_pos': 2024.0, 'eval_pos_rate': 0.09120814744716327, 'eval_auroc': 0.6742788501584889, 'eval_auprc': 0.20419781186387143, 'eval_mcc': 0.2057197279254569, 'eval_precision': 0.19082125603864733, 'eval_recall': 0.5464426877470355, 'eval_f1': 0.28286445012787725, 'eval_runtime': 20.4088, 'eval_samples_per_second': 1087.323, 'eval_steps_per_second': 17.002, 'epoch': 1.87}
{'loss': 0.5854, 'learning_rate': 2.0039546079779917e-07, 'epoch': 1.87}
{'loss': 0.6057, 'learning_rate': 1.9781636863823934e-07, 'epoch': 1.87}
{'loss': 0.6417, 'learning_rate': 1.9523727647867948e-07, 'epoch': 1.87}
{'loss': 0.6065, 'learning_rate': 1.926581843191197e-07, 'epoch': 1.87}
{'loss': 0.5918, 'learning_rate': 1.9007909215955984e-07, 'epoch': 1.87}
{'loss': 0.6552, 'learning_rate': 1.875e-07, 'epoch': 1.88}
{'loss': 0.593, 'learning_rate': 1.8492090784044017e-07, 'epoch': 1.88}
{'loss': 0.6263, 'learning_rate': 1.8234181568088034e-07, 'epoch': 1.88}
{'loss': 0.5968, 'learning_rate': 1.797627235213205e-07, 'epoch': 1.88}
{'loss': 0.5864, 'learning_rate': 1.7718363136176064e-07, 'epoch': 1.88}
{'loss': 0.6272, 'learning_rate': 1.7460453920220084e-07, 'epoch': 1.88}
{'loss': 0.6314, 'learning_rate': 1.72025447042641e-07, 'epoch': 1.89}
{'loss': 0.6308, 'learning_rate': 1.6944635488308117e-07, 'epoch': 1.89}
{'eval_loss': 0.725042462348938, 'eval_bce': 0.7252368846514887, 'eval_n_pos': 2024.0, 'eval_pos_rate': 0.09120814744716327, 'eval_auroc': 0.6748541232095401, 'eval_auprc': 0.20319683482406894, 'eval_mcc': 0.2064774464102844, 'eval_precision': 0.19035446489434218, 'eval_recall': 0.5518774703557312, 'eval_f1': 0.2830714647744551, 'eval_runtime': 20.4047, 'eval_samples_per_second': 1087.545, 'eval_steps_per_second': 17.006, 'epoch': 1.89}
{'loss': 0.6288, 'learning_rate': 1.6686726272352133e-07, 'epoch': 1.89}
{'loss': 0.6369, 'learning_rate': 1.6428817056396147e-07, 'epoch': 1.89}
{'loss': 0.6155, 'learning_rate': 1.6170907840440167e-07, 'epoch': 1.89}
{'loss': 0.6467, 'learning_rate': 1.591299862448418e-07, 'epoch': 1.89}
{'loss': 0.6236, 'learning_rate': 1.5655089408528197e-07, 'epoch': 1.9}
{'loss': 0.6074, 'learning_rate': 1.5397180192572217e-07, 'epoch': 1.9}
{'loss': 0.6219, 'learning_rate': 1.513927097661623e-07, 'epoch': 1.9}
{'loss': 0.5825, 'learning_rate': 1.488136176066025e-07, 'epoch': 1.9}
{'loss': 0.622, 'learning_rate': 1.4623452544704264e-07, 'epoch': 1.9}
{'loss': 0.6183, 'learning_rate': 1.436554332874828e-07, 'epoch': 1.9}
{'loss': 0.6024, 'learning_rate': 1.4107634112792297e-07, 'epoch': 1.91}
{'loss': 0.6379, 'learning_rate': 1.3849724896836314e-07, 'epoch': 1.91}
{'eval_loss': 0.7253813743591309, 'eval_bce': 0.7255739239499291, 'eval_n_pos': 2024.0, 'eval_pos_rate': 0.09120814744716327, 'eval_auroc': 0.6750551986760354, 'eval_auprc': 0.20305859730225317, 'eval_mcc': 0.20498406507298894, 'eval_precision': 0.1894325518178729, 'eval_recall': 0.5508893280632411, 'eval_f1': 0.28192161820480405, 'eval_runtime': 20.4086, 'eval_samples_per_second': 1087.335, 'eval_steps_per_second': 17.003, 'epoch': 1.91}
{'loss': 0.6189, 'learning_rate': 1.359181568088033e-07, 'epoch': 1.91}
{'loss': 0.6264, 'learning_rate': 1.3333906464924347e-07, 'epoch': 1.91}
{'loss': 0.6202, 'learning_rate': 1.3075997248968364e-07, 'epoch': 1.91}
{'loss': 0.664, 'learning_rate': 1.281808803301238e-07, 'epoch': 1.91}
{'loss': 0.5962, 'learning_rate': 1.2560178817056397e-07, 'epoch': 1.92}
{'loss': 0.637, 'learning_rate': 1.2302269601100413e-07, 'epoch': 1.92}
{'loss': 0.62, 'learning_rate': 1.204436038514443e-07, 'epoch': 1.92}
{'loss': 0.6009, 'learning_rate': 1.1786451169188447e-07, 'epoch': 1.92}
{'loss': 0.6247, 'learning_rate': 1.1528541953232462e-07, 'epoch': 1.92}
{'loss': 0.6234, 'learning_rate': 1.127063273727648e-07, 'epoch': 1.93}
{'loss': 0.616, 'learning_rate': 1.1012723521320495e-07, 'epoch': 1.93}
{'loss': 0.649, 'learning_rate': 1.075481430536451e-07, 'epoch': 1.93}
{'loss': 0.6015, 'learning_rate': 1.0496905089408528e-07, 'epoch': 1.93}
{'eval_loss': 0.7255694270133972, 'eval_bce': 0.7257510233780518, 'eval_n_pos': 2024.0, 'eval_pos_rate': 0.09120814744716327, 'eval_auroc': 0.6747167206199773, 'eval_auprc': 0.20205565052578145, 'eval_mcc': 0.20650198639675374, 'eval_precision': 0.19, 'eval_recall': 0.5538537549407114, 'eval_f1': 0.28293791014639075, 'eval_runtime': 20.4537, 'eval_samples_per_second': 1084.94, 'eval_steps_per_second': 16.965, 'epoch': 1.93}
{'loss': 0.5961, 'learning_rate': 1.0238995873452545e-07, 'epoch': 1.93}
{'loss': 0.644, 'learning_rate': 9.981086657496563e-08, 'epoch': 1.93}
{'loss': 0.6738, 'learning_rate': 9.723177441540578e-08, 'epoch': 1.94}
{'loss': 0.6437, 'learning_rate': 9.465268225584594e-08, 'epoch': 1.94}
{'loss': 0.5728, 'learning_rate': 9.20735900962861e-08, 'epoch': 1.94}
{'loss': 0.6064, 'learning_rate': 8.949449793672627e-08, 'epoch': 1.94}
{'loss': 0.6412, 'learning_rate': 8.691540577716645e-08, 'epoch': 1.94}
{'loss': 0.6259, 'learning_rate': 8.43363136176066e-08, 'epoch': 1.94}
{'loss': 0.6463, 'learning_rate': 8.175722145804677e-08, 'epoch': 1.95}
{'loss': 0.598, 'learning_rate': 7.917812929848693e-08, 'epoch': 1.95}
{'loss': 0.6156, 'learning_rate': 7.65990371389271e-08, 'epoch': 1.95}
{'loss': 0.6192, 'learning_rate': 7.401994497936727e-08, 'epoch': 1.95}
{'eval_loss': 0.7248833179473877, 'eval_bce': 0.7250807579668981, 'eval_n_pos': 2024.0, 'eval_pos_rate': 0.09120814744716327, 'eval_auroc': 0.6755610293378352, 'eval_auprc': 0.20322475361047632, 'eval_mcc': 0.20510488155272885, 'eval_precision': 0.19036144578313252, 'eval_recall': 0.5464426877470355, 'eval_f1': 0.2823589481746234, 'eval_runtime': 20.4171, 'eval_samples_per_second': 1086.881, 'eval_steps_per_second': 16.996, 'epoch': 1.95}
{'loss': 0.6012, 'learning_rate': 7.144085281980743e-08, 'epoch': 1.95}
{'loss': 0.6315, 'learning_rate': 6.88617606602476e-08, 'epoch': 1.95}
{'loss': 0.6069, 'learning_rate': 6.628266850068776e-08, 'epoch': 1.96}
{'loss': 0.596, 'learning_rate': 6.370357634112792e-08, 'epoch': 1.96}
{'loss': 0.5913, 'learning_rate': 6.112448418156808e-08, 'epoch': 1.96}
{'loss': 0.5957, 'learning_rate': 5.854539202200826e-08, 'epoch': 1.96}
{'loss': 0.6043, 'learning_rate': 5.596629986244842e-08, 'epoch': 1.96}
{'loss': 0.6152, 'learning_rate': 5.338720770288858e-08, 'epoch': 1.96}
{'loss': 0.6268, 'learning_rate': 5.080811554332875e-08, 'epoch': 1.97}
{'loss': 0.6197, 'learning_rate': 4.8229023383768915e-08, 'epoch': 1.97}
{'loss': 0.5955, 'learning_rate': 4.564993122420908e-08, 'epoch': 1.97}
{'loss': 0.6485, 'learning_rate': 4.307083906464925e-08, 'epoch': 1.97}
{'loss': 0.6112, 'learning_rate': 4.049174690508941e-08, 'epoch': 1.97}
{'eval_loss': 0.7250814437866211, 'eval_bce': 0.7252470931728838, 'eval_n_pos': 2024.0, 'eval_pos_rate': 0.09120814744716327, 'eval_auroc': 0.6752110857541112, 'eval_auprc': 0.20290842956119481, 'eval_mcc': 0.2050224629261392, 'eval_precision': 0.1902061855670103, 'eval_recall': 0.5469367588932806, 'eval_f1': 0.2822539520652728, 'eval_runtime': 20.4121, 'eval_samples_per_second': 1087.148, 'eval_steps_per_second': 17.0, 'epoch': 1.97}
{'loss': 0.5906, 'learning_rate': 3.791265474552958e-08, 'epoch': 1.97}
{'loss': 0.6479, 'learning_rate': 3.533356258596974e-08, 'epoch': 1.98}
{'loss': 0.5907, 'learning_rate': 3.27544704264099e-08, 'epoch': 1.98}
{'loss': 0.6297, 'learning_rate': 3.017537826685007e-08, 'epoch': 1.98}
{'loss': 0.6395, 'learning_rate': 2.7596286107290232e-08, 'epoch': 1.98}
{'loss': 0.5643, 'learning_rate': 2.50171939477304e-08, 'epoch': 1.98}
{'loss': 0.6447, 'learning_rate': 2.2438101788170564e-08, 'epoch': 1.99}
{'loss': 0.6516, 'learning_rate': 1.985900962861073e-08, 'epoch': 1.99}
{'loss': 0.5947, 'learning_rate': 1.7279917469050897e-08, 'epoch': 1.99}
{'loss': 0.6285, 'learning_rate': 1.4700825309491061e-08, 'epoch': 1.99}
{'loss': 0.6146, 'learning_rate': 1.2121733149931226e-08, 'epoch': 1.99}
{'loss': 0.6296, 'learning_rate': 9.542640990371389e-09, 'epoch': 1.99}
{'eval_loss': 0.7248996496200562, 'eval_bce': 0.725096247111475, 'eval_n_pos': 2024.0, 'eval_pos_rate': 0.09120814744716327, 'eval_auroc': 0.6753123523323333, 'eval_auprc': 0.2032685486883219, 'eval_mcc': 0.20621239346823994, 'eval_precision': 0.1910015514566454, 'eval_recall': 0.5474308300395256, 'eval_f1': 0.28319488817891375, 'eval_runtime': 20.4045, 'eval_samples_per_second': 1087.554, 'eval_steps_per_second': 17.006, 'epoch': 1.99}
{'loss': 0.6426, 'learning_rate': 6.963548830811554e-09, 'epoch': 2.0}
{'loss': 0.6349, 'learning_rate': 4.38445667125172e-09, 'epoch': 2.0}
{'loss': 0.5877, 'learning_rate': 1.8053645116918845e-09, 'epoch': 2.0}
{'train_runtime': 4604.9427, 'train_samples_per_second': 81.0, 'train_steps_per_second': 5.063, 'train_loss': 0.6319740818102548, 'epoch': 2.0}
[STEP 6c] 2b dev AUROC=0.677697721064683  vs  best-2a dev AUROC=0.652006915673102
[STEP 6c] 2b improves on 2a -> will score 2b too
[STEP 6c] OK

=== STEP 7c: score (leak-free) ===
--- scoring 2a (/home/asm242/palmer_scratch/entexBERT-2_experiments/EN-TEx/experiments/stage2_ctcf_clf_full/runs/clf_2a_s20) ---
[load] ADASTRA eval: 251791 rows (pos=9071, neg=242720)
[windows] built 251791/251791  (dropped: 0 out-of-bounds, 0 bad-chrom; hg38-base!=ref on 0 kept rows)
[score] running twin inference on 251791 variants (dump_embeddings=False)...
Loaded weights from /home/asm242/palmer_scratch/entexBERT-2_experiments/EN-TEx/experiments/stage2_ctcf_clf_full/runs/clf_2a_s20/pytorch_model.bin
  missing keys: 0 | unexpected keys: 0
[score] task=classification -> ranking AUROC on 'delta'
[leakage] train.meta.csv: +16193 bins, 16193 seen total
[leakage] dev.meta.csv: +2019 bins, 18212 seen total
[leakage] 206210/251791 eval variants (81.90%) in a seen bin; 7480 ASB-positive. Dropped for leak_free.
[AUROC:full] balanced 9071 pos + 9071 neg  AUROC=0.7169 95%CI[0.7097,0.7238]  AUPRC=0.7385
[AUROC:leak_free] balanced 1591 pos + 1591 neg  AUROC=0.7208 95%CI[0.7031,0.7380]  AUPRC=0.7410

=== entexBERT-2 vs benchmark models (CTCF_AUROC, 11 models) ===
      Sei                  DNN       0.7668
      DeepSEA              DNN       0.7664
      Enformer             DNN       0.7338
  >>> entexBERT-2 (this run)   0.7208  <<<
      DeepBind_ChIP-seq    DNN       0.6596
      DeepBind_HT-SELEX    DNN       0.6296
      deltaSVM_ChIP-seq    kmer/gkm  0.6118
      tRap                 PWM       0.6076
      FABIAN-variant       PWM       0.5514
      Beluga               DNN       0.5423
      atSNP                PWM       0.5312
      motifbreakR          PWM       0.5283

[done] wrote /home/asm242/palmer_scratch/entexBERT-2_experiments/EN-TEx/experiments/stage2_ctcf_clf_full/score_clf_2a_adastra_metrics.json + /home/asm242/palmer_scratch/entexBERT-2_experiments/EN-TEx/experiments/stage2_ctcf_clf_full/score_clf_2a_adastra_perVariant.csv.gz
[filter] total_reads>=20: 790085/2391015 rows kept
[load] 790085 hetSNV rows over donors=['ENC-001', 'ENC-002', 'ENC-003', 'ENC-004']
[leakage] train.meta.csv: +16193 bins, 16193 seen total
[leakage] dev.meta.csv: +2019 bins, 18212 seen total

===== donor ENC-001: 176390 rows (pos=11296, neg=165094) =====
[windows] built 176390/176390  (dropped: 0 out-of-bounds, 0 bad-chrom; hg38-base!=ref on 0 kept rows)
[score] running twin inference on 176390 variants (dump_embeddings=False)...
Loaded weights from /home/asm242/palmer_scratch/entexBERT-2_experiments/EN-TEx/experiments/stage2_ctcf_clf_full/runs/clf_2a_s20/pytorch_model.bin
  missing keys: 0 | unexpected keys: 0
[leakage] 158545/176390 ENC-001 (cross-donor) variants in a seen bin (10090 positive).
  [ENC-001:full] AUROC=0.6201 CI[0.6127,0.6275] AUPRC=0.6686 n_pos=11296 | mag_Spearman=nan signed_Spearman=nan
  [ENC-001:leak_free] AUROC=0.6252 CI[0.6046,0.6454] AUPRC=0.6393 n_pos=1206 | mag_Spearman=nan signed_Spearman=nan
  --- per-tissue [leak_free] (>= 20 pos & neg) ---
    Peyers_patch                     AUROC=0.6670 n_pos=68 mag_Sp=nan
    adrenal_gland                    AUROC=0.6456 n_pos=78 mag_Sp=nan
    body_of_pancreas                 AUROC=0.6874 n_pos=189 mag_Sp=nan
    esophagus_muscularis_mucosa      AUROC=0.6196 n_pos=50 mag_Sp=nan
    esophagus_squamous_epithelium    AUROC=0.5871 n_pos=70 mag_Sp=nan
    gastroesophageal_sphincter       AUROC=0.6738 n_pos=38 mag_Sp=nan
    prostate_gland                   AUROC=0.6151 n_pos=98 mag_Sp=nan
    spleen                           AUROC=0.5904 n_pos=25 mag_Sp=nan
    testis                           AUROC=0.6899 n_pos=34 mag_Sp=nan
    thoracic_aorta                   AUROC=0.6653 n_pos=106 mag_Sp=nan
    tibial_artery                    AUROC=0.6284 n_pos=91 mag_Sp=nan
    tibial_nerve                     AUROC=0.6032 n_pos=52 mag_Sp=nan
    transverse_colon                 AUROC=0.6704 n_pos=143 mag_Sp=nan
    upper_lobe_of_left_lung          AUROC=0.6878 n_pos=110 mag_Sp=nan

===== donor ENC-002: 202506 rows (pos=10877, neg=191629) =====
[windows] built 202506/202506  (dropped: 0 out-of-bounds, 0 bad-chrom; hg38-base!=ref on 0 kept rows)
[score] running twin inference on 202506 variants (dump_embeddings=False)...
Loaded weights from /home/asm242/palmer_scratch/entexBERT-2_experiments/EN-TEx/experiments/stage2_ctcf_clf_full/runs/clf_2a_s20/pytorch_model.bin
  missing keys: 0 | unexpected keys: 0
[leakage] 180810/202506 ENC-002 (matched) variants in a seen bin (9668 positive).
  [ENC-002:full] AUROC=0.6556 CI[0.6484,0.6628] AUPRC=0.7110 n_pos=10877 | mag_Spearman=nan signed_Spearman=nan
  [ENC-002:leak_free] AUROC=0.6493 CI[0.6286,0.6705] AUPRC=0.7101 n_pos=1209 | mag_Spearman=nan signed_Spearman=nan
  --- per-tissue [leak_free] (>= 20 pos & neg) ---
    Peyers_patch                     AUROC=0.6971 n_pos=101 mag_Sp=nan
    adrenal_gland                    AUROC=0.7116 n_pos=81 mag_Sp=nan
    body_of_pancreas                 AUROC=0.5773 n_pos=138 mag_Sp=nan
    breast_epithelium                AUROC=0.6465 n_pos=32 mag_Sp=nan
    esophagus_muscularis_mucosa      AUROC=0.6519 n_pos=84 mag_Sp=nan
    esophagus_squamous_epithelium    AUROC=0.7470 n_pos=107 mag_Sp=nan
    gastroesophageal_sphincter       AUROC=0.4631 n_pos=49 mag_Sp=nan
    prostate_gland                   AUROC=0.5663 n_pos=56 mag_Sp=nan
    sigmoid_colon                    AUROC=0.5595 n_pos=42 mag_Sp=nan
    spleen                           AUROC=0.6770 n_pos=183 mag_Sp=nan
    testis                           AUROC=0.5744 n_pos=25 mag_Sp=nan
    thyroid_gland                    AUROC=0.7376 n_pos=101 mag_Sp=nan
    transverse_colon                 AUROC=0.6346 n_pos=73 mag_Sp=nan
    upper_lobe_of_left_lung          AUROC=0.5674 n_pos=98 mag_Sp=nan

===== donor ENC-003: 196350 rows (pos=10462, neg=185888) =====
[windows] built 196350/196350  (dropped: 0 out-of-bounds, 0 bad-chrom; hg38-base!=ref on 0 kept rows)
[score] running twin inference on 196350 variants (dump_embeddings=False)...
Loaded weights from /home/asm242/palmer_scratch/entexBERT-2_experiments/EN-TEx/experiments/stage2_ctcf_clf_full/runs/clf_2a_s20/pytorch_model.bin
  missing keys: 0 | unexpected keys: 0
[leakage] 175316/196350 ENC-003 (cross-donor) variants in a seen bin (9351 positive).
  [ENC-003:full] AUROC=0.6312 CI[0.6244,0.6392] AUPRC=0.6793 n_pos=10462 | mag_Spearman=nan signed_Spearman=nan
  [ENC-003:leak_free] AUROC=0.6731 CI[0.6502,0.6947] AUPRC=0.7006 n_pos=1111 | mag_Spearman=nan signed_Spearman=nan
  --- per-tissue [leak_free] (>= 20 pos & neg) ---
    Peyers_patch                     AUROC=0.7152 n_pos=85 mag_Sp=nan
    adrenal_gland                    AUROC=0.6242 n_pos=66 mag_Sp=nan
    body_of_pancreas                 AUROC=0.6784 n_pos=70 mag_Sp=nan
    coronary_artery                  AUROC=0.5780 n_pos=46 mag_Sp=nan
    esophagus_squamous_epithelium    AUROC=0.7232 n_pos=79 mag_Sp=nan
    gastrocnemius_medialis           AUROC=0.7004 n_pos=58 mag_Sp=nan
    gastroesophageal_sphincter       AUROC=0.6817 n_pos=57 mag_Sp=nan
    heart_left_ventricle             AUROC=0.6612 n_pos=85 mag_Sp=nan
    ovary                            AUROC=0.5830 n_pos=41 mag_Sp=nan
    right_lobe_of_liver              AUROC=0.6946 n_pos=76 mag_Sp=nan
    spleen                           AUROC=0.7312 n_pos=91 mag_Sp=nan
    thyroid_gland                    AUROC=0.6562 n_pos=32 mag_Sp=nan
    tibial_nerve                     AUROC=0.6436 n_pos=69 mag_Sp=nan
    transverse_colon                 AUROC=0.6938 n_pos=59 mag_Sp=nan
    upper_lobe_of_left_lung          AUROC=0.6131 n_pos=49 mag_Sp=nan
    uterus                           AUROC=0.6613 n_pos=79 mag_Sp=nan

===== donor ENC-004: 214839 rows (pos=10629, neg=204210) =====
[windows] built 214839/214839  (dropped: 0 out-of-bounds, 0 bad-chrom; hg38-base!=ref on 0 kept rows)
[score] running twin inference on 214839 variants (dump_embeddings=False)...
Loaded weights from /home/asm242/palmer_scratch/entexBERT-2_experiments/EN-TEx/experiments/stage2_ctcf_clf_full/runs/clf_2a_s20/pytorch_model.bin
  missing keys: 0 | unexpected keys: 0
[leakage] 191967/214839 ENC-004 (cross-donor) variants in a seen bin (9514 positive).
  [ENC-004:full] AUROC=0.6230 CI[0.6157,0.6300] AUPRC=0.6746 n_pos=10629 | mag_Spearman=nan signed_Spearman=nan
  [ENC-004:leak_free] AUROC=0.6018 CI[0.5791,0.6238] AUPRC=0.6712 n_pos=1115 | mag_Spearman=nan signed_Spearman=nan
  --- per-tissue [leak_free] (>= 20 pos & neg) ---
    adrenal_gland                    AUROC=0.5733 n_pos=46 mag_Sp=nan
    ascending_aorta                  AUROC=0.5989 n_pos=49 mag_Sp=nan
    body_of_pancreas                 AUROC=0.5859 n_pos=107 mag_Sp=nan
    breast_epithelium                AUROC=0.6183 n_pos=29 mag_Sp=nan
    esophagus_muscularis_mucosa      AUROC=0.5415 n_pos=28 mag_Sp=nan
    esophagus_squamous_epithelium    AUROC=0.5900 n_pos=50 mag_Sp=nan
    gastrocnemius_medialis           AUROC=0.5921 n_pos=66 mag_Sp=nan
    gastroesophageal_sphincter       AUROC=0.6749 n_pos=74 mag_Sp=nan
    heart_left_ventricle             AUROC=0.7024 n_pos=69 mag_Sp=nan
    ovary                            AUROC=0.6228 n_pos=26 mag_Sp=nan
    right_atrium_auricular_region    AUROC=0.6181 n_pos=49 mag_Sp=nan
    spleen                           AUROC=0.6514 n_pos=100 mag_Sp=nan
    stomach                          AUROC=0.6642 n_pos=52 mag_Sp=nan
    thyroid_gland                    AUROC=0.6772 n_pos=95 mag_Sp=nan
    tibial_nerve                     AUROC=0.6578 n_pos=75 mag_Sp=nan
    upper_lobe_of_left_lung          AUROC=0.6179 n_pos=71 mag_Sp=nan
    uterus                           AUROC=0.5918 n_pos=59 mag_Sp=nan

[write] /home/asm242/palmer_scratch/entexBERT-2_experiments/EN-TEx/experiments/stage2_ctcf_clf_full/score_clf_2a_hetsnv_perVariant.csv.gz  (790085 scored variants)
[write] /home/asm242/palmer_scratch/entexBERT-2_experiments/EN-TEx/experiments/stage2_ctcf_clf_full/score_clf_2a_hetsnv_summary.csv

=== donor-level (ALL-tissue) summary ===
  donor  donor_kind    regime    auroc  n_pos  mag_spearman  signed_spearman
ENC-001 cross-donor      full 0.620078  11296           NaN              NaN
ENC-001 cross-donor leak_free 0.625240   1206           NaN              NaN
ENC-002     matched      full 0.655601  10877           NaN              NaN
ENC-002     matched leak_free 0.649298   1209           NaN              NaN
ENC-003 cross-donor      full 0.631237  10462           NaN              NaN
ENC-003 cross-donor leak_free 0.673109   1111           NaN              NaN
ENC-004 cross-donor      full 0.622964  10629           NaN              NaN
ENC-004 cross-donor leak_free 0.601838   1115           NaN              NaN
--- scoring 2b (/home/asm242/palmer_scratch/entexBERT-2_experiments/EN-TEx/experiments/stage2_ctcf_clf_full/runs/clf_2b_s20) ---
[load] ADASTRA eval: 251791 rows (pos=9071, neg=242720)
[windows] built 251791/251791  (dropped: 0 out-of-bounds, 0 bad-chrom; hg38-base!=ref on 0 kept rows)
[score] running twin inference on 251791 variants (dump_embeddings=False)...
Loaded weights from /home/asm242/palmer_scratch/entexBERT-2_experiments/EN-TEx/experiments/stage2_ctcf_clf_full/runs/clf_2b_s20/pytorch_model.bin
  missing keys: 0 | unexpected keys: 0
[score] task=classification -> ranking AUROC on 'delta'
[leakage] train.meta.csv: +16193 bins, 16193 seen total
[leakage] dev.meta.csv: +2019 bins, 18212 seen total
[leakage] 206210/251791 eval variants (81.90%) in a seen bin; 7480 ASB-positive. Dropped for leak_free.
[AUROC:full] balanced 9071 pos + 9071 neg  AUROC=0.7066 95%CI[0.6991,0.7139]  AUPRC=0.7342
[AUROC:leak_free] balanced 1591 pos + 1591 neg  AUROC=0.7053 95%CI[0.6879,0.7219]  AUPRC=0.7337

=== entexBERT-2 vs benchmark models (CTCF_AUROC, 11 models) ===
      Sei                  DNN       0.7668
      DeepSEA              DNN       0.7664
      Enformer             DNN       0.7338
  >>> entexBERT-2 (this run)   0.7053  <<<
      DeepBind_ChIP-seq    DNN       0.6596
      DeepBind_HT-SELEX    DNN       0.6296
      deltaSVM_ChIP-seq    kmer/gkm  0.6118
      tRap                 PWM       0.6076
      FABIAN-variant       PWM       0.5514
      Beluga               DNN       0.5423
      atSNP                PWM       0.5312
      motifbreakR          PWM       0.5283

[done] wrote /home/asm242/palmer_scratch/entexBERT-2_experiments/EN-TEx/experiments/stage2_ctcf_clf_full/score_clf_2b_adastra_metrics.json + /home/asm242/palmer_scratch/entexBERT-2_experiments/EN-TEx/experiments/stage2_ctcf_clf_full/score_clf_2b_adastra_perVariant.csv.gz
[filter] total_reads>=20: 790085/2391015 rows kept
[load] 790085 hetSNV rows over donors=['ENC-001', 'ENC-002', 'ENC-003', 'ENC-004']
[leakage] train.meta.csv: +16193 bins, 16193 seen total
[leakage] dev.meta.csv: +2019 bins, 18212 seen total

===== donor ENC-001: 176390 rows (pos=11296, neg=165094) =====
[windows] built 176390/176390  (dropped: 0 out-of-bounds, 0 bad-chrom; hg38-base!=ref on 0 kept rows)
[score] running twin inference on 176390 variants (dump_embeddings=False)...
Loaded weights from /home/asm242/palmer_scratch/entexBERT-2_experiments/EN-TEx/experiments/stage2_ctcf_clf_full/runs/clf_2b_s20/pytorch_model.bin
  missing keys: 0 | unexpected keys: 0
[leakage] 158545/176390 ENC-001 (cross-donor) variants in a seen bin (10090 positive).
  [ENC-001:full] AUROC=0.6454 CI[0.6386,0.6523] AUPRC=0.6699 n_pos=11296 | mag_Spearman=nan signed_Spearman=nan
  [ENC-001:leak_free] AUROC=0.5808 CI[0.5565,0.6033] AUPRC=0.6191 n_pos=1206 | mag_Spearman=nan signed_Spearman=nan
  --- per-tissue [leak_free] (>= 20 pos & neg) ---
    Peyers_patch                     AUROC=0.5902 n_pos=68 mag_Sp=nan
    adrenal_gland                    AUROC=0.6055 n_pos=78 mag_Sp=nan
    body_of_pancreas                 AUROC=0.6648 n_pos=189 mag_Sp=nan
    esophagus_muscularis_mucosa      AUROC=0.5752 n_pos=50 mag_Sp=nan
    esophagus_squamous_epithelium    AUROC=0.5312 n_pos=70 mag_Sp=nan
    gastroesophageal_sphincter       AUROC=0.5706 n_pos=38 mag_Sp=nan
    prostate_gland                   AUROC=0.5412 n_pos=98 mag_Sp=nan
    spleen                           AUROC=0.4736 n_pos=25 mag_Sp=nan
    testis                           AUROC=0.5411 n_pos=34 mag_Sp=nan
    thoracic_aorta                   AUROC=0.5903 n_pos=106 mag_Sp=nan
    tibial_artery                    AUROC=0.6289 n_pos=91 mag_Sp=nan
    tibial_nerve                     AUROC=0.6542 n_pos=52 mag_Sp=nan
    transverse_colon                 AUROC=0.6009 n_pos=143 mag_Sp=nan
    upper_lobe_of_left_lung          AUROC=0.6093 n_pos=110 mag_Sp=nan

===== donor ENC-002: 202506 rows (pos=10877, neg=191629) =====
[windows] built 202506/202506  (dropped: 0 out-of-bounds, 0 bad-chrom; hg38-base!=ref on 0 kept rows)
[score] running twin inference on 202506 variants (dump_embeddings=False)...
Loaded weights from /home/asm242/palmer_scratch/entexBERT-2_experiments/EN-TEx/experiments/stage2_ctcf_clf_full/runs/clf_2b_s20/pytorch_model.bin
  missing keys: 0 | unexpected keys: 0
[leakage] 180810/202506 ENC-002 (matched) variants in a seen bin (9668 positive).
  [ENC-002:full] AUROC=0.6746 CI[0.6675,0.6817] AUPRC=0.7073 n_pos=10877 | mag_Spearman=nan signed_Spearman=nan
  [ENC-002:leak_free] AUROC=0.6815 CI[0.6608,0.7015] AUPRC=0.7161 n_pos=1209 | mag_Spearman=nan signed_Spearman=nan
  --- per-tissue [leak_free] (>= 20 pos & neg) ---
    Peyers_patch                     AUROC=0.7163 n_pos=101 mag_Sp=nan
    adrenal_gland                    AUROC=0.7296 n_pos=81 mag_Sp=nan
    body_of_pancreas                 AUROC=0.5947 n_pos=138 mag_Sp=nan
    breast_epithelium                AUROC=0.6406 n_pos=32 mag_Sp=nan
    esophagus_muscularis_mucosa      AUROC=0.6835 n_pos=84 mag_Sp=nan
    esophagus_squamous_epithelium    AUROC=0.7119 n_pos=107 mag_Sp=nan
    gastroesophageal_sphincter       AUROC=0.5893 n_pos=49 mag_Sp=nan
    prostate_gland                   AUROC=0.6869 n_pos=56 mag_Sp=nan
    sigmoid_colon                    AUROC=0.7273 n_pos=42 mag_Sp=nan
    spleen                           AUROC=0.7107 n_pos=183 mag_Sp=nan
    testis                           AUROC=0.6176 n_pos=25 mag_Sp=nan
    thyroid_gland                    AUROC=0.7144 n_pos=101 mag_Sp=nan
    transverse_colon                 AUROC=0.6898 n_pos=73 mag_Sp=nan
    upper_lobe_of_left_lung          AUROC=0.6328 n_pos=98 mag_Sp=nan

===== donor ENC-003: 196350 rows (pos=10462, neg=185888) =====
[windows] built 196350/196350  (dropped: 0 out-of-bounds, 0 bad-chrom; hg38-base!=ref on 0 kept rows)
[score] running twin inference on 196350 variants (dump_embeddings=False)...
Loaded weights from /home/asm242/palmer_scratch/entexBERT-2_experiments/EN-TEx/experiments/stage2_ctcf_clf_full/runs/clf_2b_s20/pytorch_model.bin
  missing keys: 0 | unexpected keys: 0
[leakage] 175316/196350 ENC-003 (cross-donor) variants in a seen bin (9351 positive).
  [ENC-003:full] AUROC=0.6395 CI[0.6325,0.6466] AUPRC=0.6745 n_pos=10462 | mag_Spearman=nan signed_Spearman=nan
  [ENC-003:leak_free] AUROC=0.6366 CI[0.6134,0.6599] AUPRC=0.6824 n_pos=1111 | mag_Spearman=nan signed_Spearman=nan
  --- per-tissue [leak_free] (>= 20 pos & neg) ---
    Peyers_patch                     AUROC=0.6577 n_pos=85 mag_Sp=nan
    adrenal_gland                    AUROC=0.5927 n_pos=66 mag_Sp=nan
    body_of_pancreas                 AUROC=0.6814 n_pos=70 mag_Sp=nan
    coronary_artery                  AUROC=0.5061 n_pos=46 mag_Sp=nan
    esophagus_squamous_epithelium    AUROC=0.6610 n_pos=79 mag_Sp=nan
    gastrocnemius_medialis           AUROC=0.6843 n_pos=58 mag_Sp=nan
    gastroesophageal_sphincter       AUROC=0.6568 n_pos=57 mag_Sp=nan
    heart_left_ventricle             AUROC=0.6435 n_pos=85 mag_Sp=nan
    ovary                            AUROC=0.6324 n_pos=41 mag_Sp=nan
    right_lobe_of_liver              AUROC=0.6337 n_pos=76 mag_Sp=nan
    spleen                           AUROC=0.6993 n_pos=91 mag_Sp=nan
    thyroid_gland                    AUROC=0.6221 n_pos=32 mag_Sp=nan
    tibial_nerve                     AUROC=0.6497 n_pos=69 mag_Sp=nan
    transverse_colon                 AUROC=0.6329 n_pos=59 mag_Sp=nan
    upper_lobe_of_left_lung          AUROC=0.4919 n_pos=49 mag_Sp=nan
    uterus                           AUROC=0.6054 n_pos=79 mag_Sp=nan

===== donor ENC-004: 214839 rows (pos=10629, neg=204210) =====
[windows] built 214839/214839  (dropped: 0 out-of-bounds, 0 bad-chrom; hg38-base!=ref on 0 kept rows)
[score] running twin inference on 214839 variants (dump_embeddings=False)...
Loaded weights from /home/asm242/palmer_scratch/entexBERT-2_experiments/EN-TEx/experiments/stage2_ctcf_clf_full/runs/clf_2b_s20/pytorch_model.bin
  missing keys: 0 | unexpected keys: 0
[leakage] 191967/214839 ENC-004 (cross-donor) variants in a seen bin (9514 positive).
  [ENC-004:full] AUROC=0.6552 CI[0.6479,0.6623] AUPRC=0.6783 n_pos=10629 | mag_Spearman=nan signed_Spearman=nan
  [ENC-004:leak_free] AUROC=0.6637 CI[0.6412,0.6862] AUPRC=0.6766 n_pos=1115 | mag_Spearman=nan signed_Spearman=nan
  --- per-tissue [leak_free] (>= 20 pos & neg) ---
    adrenal_gland                    AUROC=0.6536 n_pos=46 mag_Sp=nan
    ascending_aorta                  AUROC=0.6839 n_pos=49 mag_Sp=nan
    body_of_pancreas                 AUROC=0.5977 n_pos=107 mag_Sp=nan
    breast_epithelium                AUROC=0.7610 n_pos=29 mag_Sp=nan
    esophagus_muscularis_mucosa      AUROC=0.6256 n_pos=28 mag_Sp=nan
    esophagus_squamous_epithelium    AUROC=0.6280 n_pos=50 mag_Sp=nan
    gastrocnemius_medialis           AUROC=0.6648 n_pos=66 mag_Sp=nan
    gastroesophageal_sphincter       AUROC=0.7253 n_pos=74 mag_Sp=nan
    heart_left_ventricle             AUROC=0.6599 n_pos=69 mag_Sp=nan
    ovary                            AUROC=0.6672 n_pos=26 mag_Sp=nan
    right_atrium_auricular_region    AUROC=0.6152 n_pos=49 mag_Sp=nan
    spleen                           AUROC=0.6664 n_pos=100 mag_Sp=nan
    stomach                          AUROC=0.7470 n_pos=52 mag_Sp=nan
    thyroid_gland                    AUROC=0.6911 n_pos=95 mag_Sp=nan
    tibial_nerve                     AUROC=0.7376 n_pos=75 mag_Sp=nan
    upper_lobe_of_left_lung          AUROC=0.6419 n_pos=71 mag_Sp=nan
    uterus                           AUROC=0.7012 n_pos=59 mag_Sp=nan

[write] /home/asm242/palmer_scratch/entexBERT-2_experiments/EN-TEx/experiments/stage2_ctcf_clf_full/score_clf_2b_hetsnv_perVariant.csv.gz  (790085 scored variants)
[write] /home/asm242/palmer_scratch/entexBERT-2_experiments/EN-TEx/experiments/stage2_ctcf_clf_full/score_clf_2b_hetsnv_summary.csv

=== donor-level (ALL-tissue) summary ===
  donor  donor_kind    regime    auroc  n_pos  mag_spearman  signed_spearman
ENC-001 cross-donor      full 0.645389  11296           NaN              NaN
ENC-001 cross-donor leak_free 0.580846   1206           NaN              NaN
ENC-002     matched      full 0.674599  10877           NaN              NaN
ENC-002     matched leak_free 0.681465   1209           NaN              NaN
ENC-003 cross-donor      full 0.639461  10462           NaN              NaN
ENC-003 cross-donor leak_free 0.636595   1111           NaN              NaN
ENC-004 cross-donor      full 0.655232  10629           NaN              NaN
ENC-004 cross-donor leak_free 0.663686   1115           NaN              NaN
[STEP 7c] OK

============================================================
 CTCF STAGE-2 CLASSIFICATION COMPLETE.  (DIAG=0)
   best 2a: s=20 (dev AUROC 0.652006915673102) -> /home/asm242/palmer_scratch/entexBERT-2_experiments/EN-TEx/experiments/stage2_ctcf_clf_full/runs/clf_2a_s20
   2b:      dev AUROC 0.677697721064683  (scored: 1)
   outputs: /home/asm242/palmer_scratch/entexBERT-2_experiments/EN-TEx/experiments/stage2_ctcf_clf_full/score_clf_2a_*  (and score_clf_2b_* if 2b won)
 COMPARISON: regression-twin on the SAME CTCF trunk was leak-free 0.6652 (2a) / 0.6748 (2b).
   Beating that => the contrast-classification head extracts more ASB signal than the signed twin.
   Benchmark context: best sequence-only DNNs on CTCF ~0.73-0.77 (Sei/DeepSEA/Enformer).
============================================================
