*** FULL RUN: 3-epoch 2a over s-sweep {s_hat,20,50,100} + 2-epoch 2b. This is the real number. ***
=== preflight ===
NVIDIA GeForce RTX 3090, 24576 MiB
torch 1.13.1+cu117 | cuda True
  repo OK: as_class label present
  repo OK: CNN stem present in model.py
  found: /home/asm242/entexBERT-2/DNABERT-2-117M-attention
  found: /home/asm242/reference_genome/hg38.fa
  found: /home/asm242/palmer_scratch/entex_data/hetSNVs.tsv
  found: /home/asm242/palmer_scratch/entexBERT-2_experiments/ADASTRA/ctcf_adastra_evalset.csv
  found: /home/asm242/palmer_scratch/entexBERT-2_experiments/ADASTRA/ctcf_benchmark_reference_auroc.csv
  found: /home/asm242/palmer_scratch/entexBERT-2_experiments/EN-TEx/experiments/binding_reg_ENC-002_CTCF_ctcf_binding_regression_multitissue_enc002/runs/reg/pytorch_model.bin

=== STEP 3c: counts + held-out chroms + s_hat ===
[STEP 3c] reusing existing counts: /home/asm242/palmer_scratch/entexBERT-2_experiments/EN-TEx/experiments/stage2_ctcf_clf/ctcf_betabinom_counts.csv
total positives = 23346  over 22 chromosomes
largest-2 by variant count (spared from holdout): ['chr1', 'chr2']
special-regime excluded: ['chr1', 'chrM', 'chrX', 'chrY']

HELD-OUT SET: chr3+chr10  pos=2335  frac=0.1000 (target 10%, dev 0.0000)
CI-viability OK (2335 >= 100 positives).

wrote /home/asm242/palmer_scratch/entexBERT-2_experiments/EN-TEx/experiments/stage2_ctcf_clf_stem/ctcf_heldout_clf_per_chrom_counts.csv
[STEP 3c] held-out chroms = chr3,chr10
[STEP 3c] s_hat=31.6 | s-sweep = 31.6 20 50 100

=== STEP 4c: build Stage-2 classification dataset ===
[STEP 4c] reusing existing baseline split at /home/asm242/palmer_scratch/entexBERT-2_experiments/EN-TEx/experiments/stage2_ctcf_clf/inputs_clf (clean ablation -> identical data)
[STEP 4c] train.csv cols: ['sequence1', 'sequence2', 'label', 'depth'] | rows: 186500
[STEP 4c] label counts: {0.0: 167552, 1.0: 18948} | positive fraction: 0.1016
[STEP 4c] OK

=== STEP 5c: Stage-2a frozen contrast head (s sweep) ===
--- Stage-2a s=31.6 -> /home/asm242/palmer_scratch/entexBERT-2_experiments/EN-TEx/experiments/stage2_ctcf_clf_stem/runs/clf_2a_s31.6 ---
{'loss': 0.6826, 'learning_rate': 0.0004, 'epoch': 0.0}
{'loss': 0.6698, 'learning_rate': 0.0008, 'epoch': 0.01}
{'loss': 0.6549, 'learning_rate': 0.000999426506853243, 'epoch': 0.01}
{'loss': 0.6817, 'learning_rate': 0.0009982795205597294, 'epoch': 0.01}
{'loss': 0.6812, 'learning_rate': 0.0009971325342662154, 'epoch': 0.02}
{'loss': 0.6516, 'learning_rate': 0.0009959855479727017, 'epoch': 0.02}
{'loss': 0.6648, 'learning_rate': 0.000994838561679188, 'epoch': 0.02}
{'loss': 0.6712, 'learning_rate': 0.000993691575385674, 'epoch': 0.03}
{'loss': 0.6669, 'learning_rate': 0.0009925445890921604, 'epoch': 0.03}
{'loss': 0.6823, 'learning_rate': 0.0009913976027986465, 'epoch': 0.03}
{'loss': 0.6619, 'learning_rate': 0.0009902506165051328, 'epoch': 0.04}
{'loss': 0.6754, 'learning_rate': 0.000989103630211619, 'epoch': 0.04}
{'eval_loss': 0.6868115067481995, 'eval_bce': 0.6866703001530937, 'eval_n_pos': 2024.0, 'eval_pos_rate': 0.09120814744716327, 'eval_auroc': 0.5875263805132284, 'eval_auprc': 0.15906671496964445, 'eval_mcc': 0.10495008908944929, 'eval_precision': 0.15388291517323777, 'eval_recall': 0.3181818181818182, 'eval_f1': 0.20744081172491546, 'eval_runtime': 157.9902, 'eval_samples_per_second': 140.458, 'eval_steps_per_second': 2.196, 'epoch': 0.04}
{'loss': 0.6535, 'learning_rate': 0.0009879566439181052, 'epoch': 0.04}
{'loss': 0.6379, 'learning_rate': 0.0009868096576245915, 'epoch': 0.05}
{'loss': 0.6803, 'learning_rate': 0.0009856626713310775, 'epoch': 0.05}
{'loss': 0.6547, 'learning_rate': 0.0009845156850375638, 'epoch': 0.05}
{'loss': 0.6661, 'learning_rate': 0.00098336869874405, 'epoch': 0.06}
{'loss': 0.6539, 'learning_rate': 0.0009822217124505362, 'epoch': 0.06}
{'loss': 0.6586, 'learning_rate': 0.0009810747261570225, 'epoch': 0.07}
{'loss': 0.6637, 'learning_rate': 0.0009799277398635088, 'epoch': 0.07}
{'loss': 0.6651, 'learning_rate': 0.0009787807535699949, 'epoch': 0.07}
{'loss': 0.6737, 'learning_rate': 0.000977633767276481, 'epoch': 0.08}
{'loss': 0.6504, 'learning_rate': 0.0009764867809829672, 'epoch': 0.08}
{'loss': 0.6659, 'learning_rate': 0.0009753397946894534, 'epoch': 0.08}
{'loss': 0.6441, 'learning_rate': 0.0009741928083959397, 'epoch': 0.09}
{'eval_loss': 0.6515823602676392, 'eval_bce': 0.6497154071179884, 'eval_n_pos': 2024.0, 'eval_pos_rate': 0.09120814744716327, 'eval_auroc': 0.6009367238107259, 'eval_auprc': 0.16306276665221, 'eval_mcc': 0.11442842938532548, 'eval_precision': 0.1883741258741259, 'eval_recall': 0.21294466403162055, 'eval_f1': 0.19990723562152135, 'eval_runtime': 158.003, 'eval_samples_per_second': 140.447, 'eval_steps_per_second': 2.196, 'epoch': 0.09}
{'loss': 0.6598, 'learning_rate': 0.0009730458221024259, 'epoch': 0.09}
{'loss': 0.6401, 'learning_rate': 0.0009718988358089121, 'epoch': 0.09}
{'loss': 0.6524, 'learning_rate': 0.0009707518495153983, 'epoch': 0.1}
{'loss': 0.6548, 'learning_rate': 0.0009696048632218846, 'epoch': 0.1}
{'loss': 0.6658, 'learning_rate': 0.0009684578769283708, 'epoch': 0.1}
{'loss': 0.6518, 'learning_rate': 0.0009673108906348569, 'epoch': 0.11}
{'loss': 0.6698, 'learning_rate': 0.0009661639043413432, 'epoch': 0.11}
{'loss': 0.621, 'learning_rate': 0.0009650169180478293, 'epoch': 0.11}
{'loss': 0.6485, 'learning_rate': 0.0009638699317543156, 'epoch': 0.12}
{'loss': 0.6562, 'learning_rate': 0.0009627229454608017, 'epoch': 0.12}
{'loss': 0.6436, 'learning_rate': 0.000961575959167288, 'epoch': 0.12}
{'loss': 0.6552, 'learning_rate': 0.0009604289728737742, 'epoch': 0.13}
{'eval_loss': 0.623578667640686, 'eval_bce': 0.6202459574571109, 'eval_n_pos': 2024.0, 'eval_pos_rate': 0.09120814744716327, 'eval_auroc': 0.6073490161499305, 'eval_auprc': 0.18132043632719907, 'eval_mcc': 0.13045520672685826, 'eval_precision': 0.2201729106628242, 'eval_recall': 0.18873517786561264, 'eval_f1': 0.20324554402766692, 'eval_runtime': 158.2106, 'eval_samples_per_second': 140.262, 'eval_steps_per_second': 2.193, 'epoch': 0.13}
{'loss': 0.6587, 'learning_rate': 0.0009592819865802603, 'epoch': 0.13}
{'loss': 0.6721, 'learning_rate': 0.0009581350002867466, 'epoch': 0.13}
{'loss': 0.6601, 'learning_rate': 0.0009569880139932328, 'epoch': 0.14}
{'loss': 0.6488, 'learning_rate': 0.0009558410276997191, 'epoch': 0.14}
{'loss': 0.6751, 'learning_rate': 0.0009546940414062051, 'epoch': 0.14}
{'loss': 0.6545, 'learning_rate': 0.0009535470551126914, 'epoch': 0.15}
{'loss': 0.6571, 'learning_rate': 0.0009524000688191776, 'epoch': 0.15}
{'loss': 0.65, 'learning_rate': 0.0009512530825256639, 'epoch': 0.15}
{'loss': 0.6372, 'learning_rate': 0.00095010609623215, 'epoch': 0.16}
{'loss': 0.6522, 'learning_rate': 0.0009489591099386362, 'epoch': 0.16}
{'loss': 0.6645, 'learning_rate': 0.0009478121236451225, 'epoch': 0.16}
{'loss': 0.6526, 'learning_rate': 0.0009466651373516087, 'epoch': 0.17}
{'loss': 0.6522, 'learning_rate': 0.0009455181510580949, 'epoch': 0.17}
{'eval_loss': 0.6063357591629028, 'eval_bce': 0.6024185898518817, 'eval_n_pos': 2024.0, 'eval_pos_rate': 0.09120814744716327, 'eval_auroc': 0.6244160420567314, 'eval_auprc': 0.17671122700582975, 'eval_mcc': 0.13173859500791776, 'eval_precision': 0.2374821173104435, 'eval_recall': 0.16403162055335968, 'eval_f1': 0.1940385739333723, 'eval_runtime': 158.0919, 'eval_samples_per_second': 140.368, 'eval_steps_per_second': 2.195, 'epoch': 0.17}
{'loss': 0.6423, 'learning_rate': 0.000944371164764581, 'epoch': 0.17}
{'loss': 0.6605, 'learning_rate': 0.0009432241784710673, 'epoch': 0.18}
{'loss': 0.6528, 'learning_rate': 0.0009420771921775535, 'epoch': 0.18}
{'loss': 0.6434, 'learning_rate': 0.0009409302058840396, 'epoch': 0.19}
{'loss': 0.6478, 'learning_rate': 0.0009397832195905259, 'epoch': 0.19}
{'loss': 0.6362, 'learning_rate': 0.0009386362332970121, 'epoch': 0.19}
{'loss': 0.6652, 'learning_rate': 0.0009374892470034984, 'epoch': 0.2}
{'loss': 0.6367, 'learning_rate': 0.0009363422607099845, 'epoch': 0.2}
{'loss': 0.6497, 'learning_rate': 0.0009351952744164708, 'epoch': 0.2}
{'loss': 0.6489, 'learning_rate': 0.000934048288122957, 'epoch': 0.21}
{'loss': 0.6526, 'learning_rate': 0.0009329013018294431, 'epoch': 0.21}
{'loss': 0.6598, 'learning_rate': 0.0009317543155359293, 'epoch': 0.21}
{'eval_loss': 0.5956665277481079, 'eval_bce': 0.5920369806249955, 'eval_n_pos': 2024.0, 'eval_pos_rate': 0.09120814744716327, 'eval_auroc': 0.592122587167899, 'eval_auprc': 0.1584840284284033, 'eval_mcc': 0.10712355276189058, 'eval_precision': 0.21102248005801305, 'eval_recall': 0.14377470355731226, 'eval_f1': 0.1710255656773435, 'eval_runtime': 158.1477, 'eval_samples_per_second': 140.318, 'eval_steps_per_second': 2.194, 'epoch': 0.21}
{'loss': 0.6573, 'learning_rate': 0.0009306073292424155, 'epoch': 0.22}
{'loss': 0.6445, 'learning_rate': 0.0009294603429489018, 'epoch': 0.22}
{'loss': 0.6541, 'learning_rate': 0.000928313356655388, 'epoch': 0.22}
{'loss': 0.6463, 'learning_rate': 0.0009271663703618742, 'epoch': 0.23}
{'loss': 0.646, 'learning_rate': 0.0009260193840683604, 'epoch': 0.23}
{'loss': 0.6581, 'learning_rate': 0.0009248723977748467, 'epoch': 0.23}
{'loss': 0.646, 'learning_rate': 0.0009237254114813329, 'epoch': 0.24}
{'loss': 0.6549, 'learning_rate': 0.0009225784251878189, 'epoch': 0.24}
{'loss': 0.6481, 'learning_rate': 0.0009214314388943052, 'epoch': 0.24}
{'loss': 0.6584, 'learning_rate': 0.0009202844526007914, 'epoch': 0.25}
{'loss': 0.6564, 'learning_rate': 0.0009191374663072777, 'epoch': 0.25}
{'loss': 0.6584, 'learning_rate': 0.0009179904800137638, 'epoch': 0.25}
{'loss': 0.6488, 'learning_rate': 0.0009168434937202501, 'epoch': 0.26}
{'eval_loss': 0.5793589353561401, 'eval_bce': 0.5741232827154314, 'eval_n_pos': 2024.0, 'eval_pos_rate': 0.09120814744716327, 'eval_auroc': 0.6107734115785365, 'eval_auprc': 0.17251274269669936, 'eval_mcc': 0.12417685299948146, 'eval_precision': 0.2367379255740301, 'eval_recall': 0.14772727272727273, 'eval_f1': 0.18192881046547005, 'eval_runtime': 158.1443, 'eval_samples_per_second': 140.321, 'eval_steps_per_second': 2.194, 'epoch': 0.26}
{'loss': 0.6461, 'learning_rate': 0.0009156965074267363, 'epoch': 0.26}
{'loss': 0.6561, 'learning_rate': 0.0009145495211332225, 'epoch': 0.26}
{'loss': 0.6493, 'learning_rate': 0.0009134025348397087, 'epoch': 0.27}
{'loss': 0.6562, 'learning_rate': 0.0009122555485461948, 'epoch': 0.27}
{'loss': 0.6574, 'learning_rate': 0.0009111085622526811, 'epoch': 0.27}
{'loss': 0.6441, 'learning_rate': 0.0009099615759591673, 'epoch': 0.28}
{'loss': 0.6332, 'learning_rate': 0.0009088145896656535, 'epoch': 0.28}
{'loss': 0.6395, 'learning_rate': 0.0009076676033721397, 'epoch': 0.28}
{'loss': 0.6488, 'learning_rate': 0.0009065206170786259, 'epoch': 0.29}
{'loss': 0.6555, 'learning_rate': 0.0009053736307851122, 'epoch': 0.29}
{'loss': 0.66, 'learning_rate': 0.0009042266444915983, 'epoch': 0.3}
{'loss': 0.6294, 'learning_rate': 0.0009030796581980846, 'epoch': 0.3}
{'eval_loss': 0.5870866775512695, 'eval_bce': 0.5825384082744895, 'eval_n_pos': 2024.0, 'eval_pos_rate': 0.09120814744716327, 'eval_auroc': 0.6099941476810921, 'eval_auprc': 0.16395481866350853, 'eval_mcc': 0.10723552059476285, 'eval_precision': 0.20200125078173858, 'eval_recall': 0.15958498023715414, 'eval_f1': 0.17830527187413742, 'eval_runtime': 158.3105, 'eval_samples_per_second': 140.174, 'eval_steps_per_second': 2.192, 'epoch': 0.3}
{'loss': 0.6512, 'learning_rate': 0.0009019326719045708, 'epoch': 0.3}
{'loss': 0.6327, 'learning_rate': 0.000900785685611057, 'epoch': 0.31}
{'loss': 0.657, 'learning_rate': 0.0008996386993175431, 'epoch': 0.31}
{'loss': 0.6668, 'learning_rate': 0.0008984917130240294, 'epoch': 0.31}
{'loss': 0.6567, 'learning_rate': 0.0008973447267305156, 'epoch': 0.32}
{'loss': 0.6418, 'learning_rate': 0.0008961977404370018, 'epoch': 0.32}
{'loss': 0.6615, 'learning_rate': 0.000895050754143488, 'epoch': 0.32}
{'loss': 0.6626, 'learning_rate': 0.0008939037678499742, 'epoch': 0.33}
{'loss': 0.6315, 'learning_rate': 0.0008927567815564605, 'epoch': 0.33}
{'loss': 0.6459, 'learning_rate': 0.0008916097952629467, 'epoch': 0.33}
{'loss': 0.6469, 'learning_rate': 0.0008904628089694329, 'epoch': 0.34}
{'loss': 0.6323, 'learning_rate': 0.000889315822675919, 'epoch': 0.34}
{'loss': 0.6314, 'learning_rate': 0.0008881688363824052, 'epoch': 0.34}
{'eval_loss': 0.5842210054397583, 'eval_bce': 0.5793757908918756, 'eval_n_pos': 2024.0, 'eval_pos_rate': 0.09120814744716327, 'eval_auroc': 0.6218127180532671, 'eval_auprc': 0.16907096127798077, 'eval_mcc': 0.11848723585511876, 'eval_precision': 0.2149234693877551, 'eval_recall': 0.166501976284585, 'eval_f1': 0.1876391982182628, 'eval_runtime': 158.1543, 'eval_samples_per_second': 140.312, 'eval_steps_per_second': 2.194, 'epoch': 0.34}
{'loss': 0.6757, 'learning_rate': 0.0008870218500888915, 'epoch': 0.35}
{'loss': 0.6421, 'learning_rate': 0.0008858748637953776, 'epoch': 0.35}
{'loss': 0.6395, 'learning_rate': 0.0008847278775018639, 'epoch': 0.35}
{'loss': 0.6381, 'learning_rate': 0.0008835808912083501, 'epoch': 0.36}
{'loss': 0.6553, 'learning_rate': 0.0008824339049148363, 'epoch': 0.36}
{'loss': 0.6165, 'learning_rate': 0.0008812869186213225, 'epoch': 0.36}
{'loss': 0.6393, 'learning_rate': 0.0008801399323278086, 'epoch': 0.37}
{'loss': 0.6664, 'learning_rate': 0.0008789929460342949, 'epoch': 0.37}
{'loss': 0.646, 'learning_rate': 0.000877845959740781, 'epoch': 0.37}
{'loss': 0.6352, 'learning_rate': 0.0008766989734472673, 'epoch': 0.38}
{'loss': 0.6671, 'learning_rate': 0.0008755519871537535, 'epoch': 0.38}
{'loss': 0.6327, 'learning_rate': 0.0008744050008602398, 'epoch': 0.38}
{'eval_loss': 0.5715029835700989, 'eval_bce': 0.5662221375729455, 'eval_n_pos': 2024.0, 'eval_pos_rate': 0.09120814744716327, 'eval_auroc': 0.608334782040319, 'eval_auprc': 0.1691373097761996, 'eval_mcc': 0.12055083965782233, 'eval_precision': 0.23387096774193547, 'eval_recall': 0.1432806324110672, 'eval_f1': 0.17769607843137256, 'eval_runtime': 158.1053, 'eval_samples_per_second': 140.356, 'eval_steps_per_second': 2.195, 'epoch': 0.39}
{'loss': 0.6398, 'learning_rate': 0.0008732580145667259, 'epoch': 0.39}
{'loss': 0.6561, 'learning_rate': 0.0008721110282732122, 'epoch': 0.39}
{'loss': 0.6587, 'learning_rate': 0.0008709640419796984, 'epoch': 0.39}
{'loss': 0.6679, 'learning_rate': 0.0008698170556861846, 'epoch': 0.4}
{'loss': 0.6417, 'learning_rate': 0.0008686700693926707, 'epoch': 0.4}
{'loss': 0.6459, 'learning_rate': 0.0008675230830991569, 'epoch': 0.4}
{'loss': 0.6528, 'learning_rate': 0.0008663760968056432, 'epoch': 0.41}
{'loss': 0.631, 'learning_rate': 0.0008652291105121294, 'epoch': 0.41}
{'loss': 0.6385, 'learning_rate': 0.0008640821242186156, 'epoch': 0.42}
{'loss': 0.6695, 'learning_rate': 0.0008629351379251018, 'epoch': 0.42}
{'loss': 0.654, 'learning_rate': 0.000861788151631588, 'epoch': 0.42}
{'loss': 0.6639, 'learning_rate': 0.0008606411653380743, 'epoch': 0.43}
{'loss': 0.6515, 'learning_rate': 0.0008594941790445604, 'epoch': 0.43}
{'eval_loss': 0.5632744431495667, 'eval_bce': 0.557434509436014, 'eval_n_pos': 2024.0, 'eval_pos_rate': 0.09120814744716327, 'eval_auroc': 0.6213435378816133, 'eval_auprc': 0.16961938661434692, 'eval_mcc': 0.10612627823299005, 'eval_precision': 0.226890756302521, 'eval_recall': 0.12005928853754941, 'eval_f1': 0.15702746365105008, 'eval_runtime': 158.2622, 'eval_samples_per_second': 140.217, 'eval_steps_per_second': 2.193, 'epoch': 0.43}
{'loss': 0.6742, 'learning_rate': 0.0008583471927510467, 'epoch': 0.43}
{'loss': 0.634, 'learning_rate': 0.0008572002064575328, 'epoch': 0.44}
{'loss': 0.6427, 'learning_rate': 0.0008560532201640191, 'epoch': 0.44}
{'loss': 0.6347, 'learning_rate': 0.0008549062338705052, 'epoch': 0.44}
{'loss': 0.6727, 'learning_rate': 0.0008537592475769915, 'epoch': 0.45}
{'loss': 0.6401, 'learning_rate': 0.0008526122612834777, 'epoch': 0.45}
{'loss': 0.6346, 'learning_rate': 0.0008514652749899639, 'epoch': 0.45}
{'loss': 0.6204, 'learning_rate': 0.0008503182886964501, 'epoch': 0.46}
{'loss': 0.6685, 'learning_rate': 0.0008491713024029363, 'epoch': 0.46}
{'loss': 0.6546, 'learning_rate': 0.0008480243161094226, 'epoch': 0.46}
{'loss': 0.6282, 'learning_rate': 0.0008468773298159087, 'epoch': 0.47}
{'loss': 0.6431, 'learning_rate': 0.0008457303435223949, 'epoch': 0.47}
{'eval_loss': 0.5669873356819153, 'eval_bce': 0.5608568873876792, 'eval_n_pos': 2024.0, 'eval_pos_rate': 0.09120814744716327, 'eval_auroc': 0.6362570535044239, 'eval_auprc': 0.1794849393365764, 'eval_mcc': 0.126996414055059, 'eval_precision': 0.2420796100731113, 'eval_recall': 0.14723320158102768, 'eval_f1': 0.18310291858678956, 'eval_runtime': 158.2819, 'eval_samples_per_second': 140.199, 'eval_steps_per_second': 2.192, 'epoch': 0.47}
{'loss': 0.6333, 'learning_rate': 0.0008445833572288811, 'epoch': 0.47}
{'loss': 0.6539, 'learning_rate': 0.0008434363709353673, 'epoch': 0.48}
{'loss': 0.6428, 'learning_rate': 0.0008422893846418536, 'epoch': 0.48}
{'loss': 0.6358, 'learning_rate': 0.0008411423983483397, 'epoch': 0.48}
{'loss': 0.653, 'learning_rate': 0.000839995412054826, 'epoch': 0.49}
{'loss': 0.6426, 'learning_rate': 0.0008388484257613122, 'epoch': 0.49}
{'loss': 0.6561, 'learning_rate': 0.0008377014394677985, 'epoch': 0.49}
{'loss': 0.6361, 'learning_rate': 0.0008365544531742845, 'epoch': 0.5}
{'loss': 0.6505, 'learning_rate': 0.0008354074668807707, 'epoch': 0.5}
{'loss': 0.6464, 'learning_rate': 0.000834260480587257, 'epoch': 0.5}
{'loss': 0.6749, 'learning_rate': 0.0008331134942937432, 'epoch': 0.51}
{'loss': 0.6452, 'learning_rate': 0.0008319665080002294, 'epoch': 0.51}
{'loss': 0.6578, 'learning_rate': 0.0008308195217067156, 'epoch': 0.51}
{'eval_loss': 0.5720824003219604, 'eval_bce': 0.5666864474136625, 'eval_n_pos': 2024.0, 'eval_pos_rate': 0.09120814744716327, 'eval_auroc': 0.6163484999071979, 'eval_auprc': 0.17091751505845051, 'eval_mcc': 0.1055285687125159, 'eval_precision': 0.20637119113573407, 'eval_recall': 0.14723320158102768, 'eval_f1': 0.1718569780853518, 'eval_runtime': 158.2821, 'eval_samples_per_second': 140.199, 'eval_steps_per_second': 2.192, 'epoch': 0.51}
{'loss': 0.6536, 'learning_rate': 0.0008296725354132019, 'epoch': 0.52}
{'loss': 0.6251, 'learning_rate': 0.0008285255491196881, 'epoch': 0.52}
{'loss': 0.6454, 'learning_rate': 0.0008273785628261743, 'epoch': 0.52}
{'loss': 0.6742, 'learning_rate': 0.0008262315765326605, 'epoch': 0.53}
{'loss': 0.6479, 'learning_rate': 0.0008250845902391466, 'epoch': 0.53}
{'loss': 0.6462, 'learning_rate': 0.0008239376039456329, 'epoch': 0.54}
{'loss': 0.6422, 'learning_rate': 0.000822790617652119, 'epoch': 0.54}
{'loss': 0.6385, 'learning_rate': 0.0008216436313586053, 'epoch': 0.54}
{'loss': 0.63, 'learning_rate': 0.0008204966450650915, 'epoch': 0.55}
{'loss': 0.6186, 'learning_rate': 0.0008193496587715778, 'epoch': 0.55}
{'loss': 0.663, 'learning_rate': 0.0008182026724780639, 'epoch': 0.55}
{'loss': 0.6586, 'learning_rate': 0.0008170556861845501, 'epoch': 0.56}
{'eval_loss': 0.5597676038742065, 'eval_bce': 0.5536716031157781, 'eval_n_pos': 2024.0, 'eval_pos_rate': 0.09120814744716327, 'eval_auroc': 0.6244973787059868, 'eval_auprc': 0.16953953535966537, 'eval_mcc': 0.11279561566038554, 'eval_precision': 0.23415977961432508, 'eval_recall': 0.1259881422924901, 'eval_f1': 0.16382910375843238, 'eval_runtime': 158.2243, 'eval_samples_per_second': 140.25, 'eval_steps_per_second': 2.193, 'epoch': 0.56}
{'loss': 0.6437, 'learning_rate': 0.0008159086998910364, 'epoch': 0.56}
{'loss': 0.6483, 'learning_rate': 0.0008147617135975225, 'epoch': 0.56}
{'loss': 0.6366, 'learning_rate': 0.0008136147273040087, 'epoch': 0.57}
{'loss': 0.6465, 'learning_rate': 0.0008124677410104949, 'epoch': 0.57}
{'loss': 0.6636, 'learning_rate': 0.0008113207547169812, 'epoch': 0.57}
{'loss': 0.6545, 'learning_rate': 0.0008101737684234673, 'epoch': 0.58}
{'loss': 0.6609, 'learning_rate': 0.0008090267821299535, 'epoch': 0.58}
{'loss': 0.6323, 'learning_rate': 0.0008078797958364398, 'epoch': 0.58}
{'loss': 0.6491, 'learning_rate': 0.000806732809542926, 'epoch': 0.59}
{'loss': 0.659, 'learning_rate': 0.0008055858232494122, 'epoch': 0.59}
{'loss': 0.647, 'learning_rate': 0.0008044388369558983, 'epoch': 0.59}
{'loss': 0.6477, 'learning_rate': 0.0008032918506623846, 'epoch': 0.6}
{'loss': 0.6541, 'learning_rate': 0.0008021448643688708, 'epoch': 0.6}
{'eval_loss': 0.5669752955436707, 'eval_bce': 0.5612719420853541, 'eval_n_pos': 2024.0, 'eval_pos_rate': 0.09120814744716327, 'eval_auroc': 0.6355797544064374, 'eval_auprc': 0.1827777008310878, 'eval_mcc': 0.12370125079387091, 'eval_precision': 0.23983402489626557, 'eval_recall': 0.14278656126482214, 'eval_f1': 0.1790027872406318, 'eval_runtime': 158.1335, 'eval_samples_per_second': 140.331, 'eval_steps_per_second': 2.194, 'epoch': 0.6}
{'loss': 0.643, 'learning_rate': 0.000800997878075357, 'epoch': 0.6}
{'loss': 0.6522, 'learning_rate': 0.0007998508917818432, 'epoch': 0.61}
{'loss': 0.6233, 'learning_rate': 0.0007987039054883294, 'epoch': 0.61}
{'loss': 0.6381, 'learning_rate': 0.0007975569191948157, 'epoch': 0.61}
{'loss': 0.6558, 'learning_rate': 0.0007964099329013018, 'epoch': 0.62}
{'loss': 0.6635, 'learning_rate': 0.0007952629466077881, 'epoch': 0.62}
{'loss': 0.6439, 'learning_rate': 0.0007941159603142742, 'epoch': 0.62}
{'loss': 0.6396, 'learning_rate': 0.0007929689740207605, 'epoch': 0.63}
{'loss': 0.6358, 'learning_rate': 0.0007918219877272466, 'epoch': 0.63}
{'loss': 0.6594, 'learning_rate': 0.0007906750014337328, 'epoch': 0.63}
{'loss': 0.6383, 'learning_rate': 0.0007895280151402191, 'epoch': 0.64}
{'loss': 0.6602, 'learning_rate': 0.0007883810288467053, 'epoch': 0.64}
{'eval_loss': 0.5612542629241943, 'eval_bce': 0.5551277826884847, 'eval_n_pos': 2024.0, 'eval_pos_rate': 0.09120814744716327, 'eval_auroc': 0.638637534688121, 'eval_auprc': 0.1817918896880541, 'eval_mcc': 0.11972717791768553, 'eval_precision': 0.2392638036809816, 'eval_recall': 0.13488142292490118, 'eval_f1': 0.17251184834123223, 'eval_runtime': 158.1346, 'eval_samples_per_second': 140.33, 'eval_steps_per_second': 2.194, 'epoch': 0.64}
{'loss': 0.6427, 'learning_rate': 0.0007872340425531915, 'epoch': 0.65}
{'loss': 0.6221, 'learning_rate': 0.0007860870562596777, 'epoch': 0.65}
{'loss': 0.6506, 'learning_rate': 0.000784940069966164, 'epoch': 0.65}
{'loss': 0.6176, 'learning_rate': 0.0007837930836726502, 'epoch': 0.66}
{'loss': 0.6486, 'learning_rate': 0.0007826460973791363, 'epoch': 0.66}
{'loss': 0.6106, 'learning_rate': 0.0007814991110856225, 'epoch': 0.66}
{'loss': 0.6398, 'learning_rate': 0.0007803521247921087, 'epoch': 0.67}
{'loss': 0.6456, 'learning_rate': 0.000779205138498595, 'epoch': 0.67}
{'loss': 0.6486, 'learning_rate': 0.0007780581522050811, 'epoch': 0.67}
{'loss': 0.6528, 'learning_rate': 0.0007769111659115674, 'epoch': 0.68}
{'loss': 0.6419, 'learning_rate': 0.0007757641796180536, 'epoch': 0.68}
{'loss': 0.6442, 'learning_rate': 0.0007746171933245399, 'epoch': 0.68}
{'loss': 0.6549, 'learning_rate': 0.000773470207031026, 'epoch': 0.69}
{'eval_loss': 0.5632282495498657, 'eval_bce': 0.5570435149122652, 'eval_n_pos': 2024.0, 'eval_pos_rate': 0.09120814744716327, 'eval_auroc': 0.6371027954132402, 'eval_auprc': 0.18450209181114985, 'eval_mcc': 0.1368211328448439, 'eval_precision': 0.2595486111111111, 'eval_recall': 0.14772727272727273, 'eval_f1': 0.18828715365239293, 'eval_runtime': 158.3128, 'eval_samples_per_second': 140.172, 'eval_steps_per_second': 2.192, 'epoch': 0.69}
{'loss': 0.6423, 'learning_rate': 0.0007723232207375121, 'epoch': 0.69}
{'loss': 0.6339, 'learning_rate': 0.0007711762344439984, 'epoch': 0.69}
{'loss': 0.6255, 'learning_rate': 0.0007700292481504846, 'epoch': 0.7}
{'loss': 0.6187, 'learning_rate': 0.0007688822618569708, 'epoch': 0.7}
{'loss': 0.6463, 'learning_rate': 0.000767735275563457, 'epoch': 0.7}
{'loss': 0.6216, 'learning_rate': 0.0007665882892699433, 'epoch': 0.71}
{'loss': 0.6343, 'learning_rate': 0.0007654413029764295, 'epoch': 0.71}
{'loss': 0.6503, 'learning_rate': 0.0007642943166829156, 'epoch': 0.71}
{'loss': 0.6665, 'learning_rate': 0.0007631473303894019, 'epoch': 0.72}
{'loss': 0.6488, 'learning_rate': 0.000762000344095888, 'epoch': 0.72}
{'loss': 0.6379, 'learning_rate': 0.0007608533578023743, 'epoch': 0.72}
{'loss': 0.6269, 'learning_rate': 0.0007597063715088604, 'epoch': 0.73}
{'eval_loss': 0.5719941258430481, 'eval_bce': 0.5660896384851689, 'eval_n_pos': 2024.0, 'eval_pos_rate': 0.09120814744716327, 'eval_auroc': 0.6367602872732055, 'eval_auprc': 0.179668039864302, 'eval_mcc': 0.13215012914342472, 'eval_precision': 0.2381635581061693, 'eval_recall': 0.16403162055335968, 'eval_f1': 0.19426565242832064, 'eval_runtime': 158.2928, 'eval_samples_per_second': 140.19, 'eval_steps_per_second': 2.192, 'epoch': 0.73}
{'loss': 0.6521, 'learning_rate': 0.0007585593852153467, 'epoch': 0.73}
{'loss': 0.6458, 'learning_rate': 0.0007574123989218329, 'epoch': 0.73}
{'loss': 0.6361, 'learning_rate': 0.0007562654126283192, 'epoch': 0.74}
{'loss': 0.6146, 'learning_rate': 0.0007551184263348053, 'epoch': 0.74}
{'loss': 0.6619, 'learning_rate': 0.0007539714400412915, 'epoch': 0.74}
{'loss': 0.66, 'learning_rate': 0.0007528244537477778, 'epoch': 0.75}
{'loss': 0.6246, 'learning_rate': 0.000751677467454264, 'epoch': 0.75}
{'loss': 0.629, 'learning_rate': 0.0007505304811607501, 'epoch': 0.75}
{'loss': 0.6358, 'learning_rate': 0.0007493834948672363, 'epoch': 0.76}
{'loss': 0.619, 'learning_rate': 0.0007482365085737226, 'epoch': 0.76}
{'loss': 0.6341, 'learning_rate': 0.0007470895222802088, 'epoch': 0.77}
{'loss': 0.6109, 'learning_rate': 0.0007459425359866949, 'epoch': 0.77}
{'loss': 0.6406, 'learning_rate': 0.0007447955496931812, 'epoch': 0.77}
{'eval_loss': 0.561459481716156, 'eval_bce': 0.5547584401429795, 'eval_n_pos': 2024.0, 'eval_pos_rate': 0.09120814744716327, 'eval_auroc': 0.6436516573763227, 'eval_auprc': 0.18481680284963203, 'eval_mcc': 0.1392952555195759, 'eval_precision': 0.2562651576394503, 'eval_recall': 0.1566205533596838, 'eval_f1': 0.19441888991107026, 'eval_runtime': 158.1658, 'eval_samples_per_second': 140.302, 'eval_steps_per_second': 2.194, 'epoch': 0.77}
{'loss': 0.6352, 'learning_rate': 0.0007436485633996674, 'epoch': 0.78}
{'loss': 0.6374, 'learning_rate': 0.0007425015771061537, 'epoch': 0.78}
{'loss': 0.6234, 'learning_rate': 0.0007413545908126398, 'epoch': 0.78}
{'loss': 0.6175, 'learning_rate': 0.000740207604519126, 'epoch': 0.79}
{'loss': 0.6362, 'learning_rate': 0.0007390606182256122, 'epoch': 0.79}
{'loss': 0.6485, 'learning_rate': 0.0007379136319320984, 'epoch': 0.79}
{'loss': 0.65, 'learning_rate': 0.0007367666456385846, 'epoch': 0.8}
{'loss': 0.6408, 'learning_rate': 0.0007356196593450708, 'epoch': 0.8}
{'loss': 0.6303, 'learning_rate': 0.0007344726730515571, 'epoch': 0.8}
{'loss': 0.6396, 'learning_rate': 0.0007333256867580432, 'epoch': 0.81}
{'loss': 0.636, 'learning_rate': 0.0007321787004645295, 'epoch': 0.81}
{'loss': 0.6455, 'learning_rate': 0.0007310317141710157, 'epoch': 0.81}
{'eval_loss': 0.5545412302017212, 'eval_bce': 0.547719243773971, 'eval_n_pos': 2024.0, 'eval_pos_rate': 0.09120814744716327, 'eval_auroc': 0.6402405404006977, 'eval_auprc': 0.18506893970580404, 'eval_mcc': 0.1304255955948838, 'eval_precision': 0.26003824091778205, 'eval_recall': 0.13438735177865613, 'eval_f1': 0.17719869706840394, 'eval_runtime': 158.4682, 'eval_samples_per_second': 140.034, 'eval_steps_per_second': 2.19, 'epoch': 0.81}
{'loss': 0.6464, 'learning_rate': 0.000729884727877502, 'epoch': 0.82}
{'loss': 0.6525, 'learning_rate': 0.000728737741583988, 'epoch': 0.82}
{'loss': 0.6435, 'learning_rate': 0.0007275907552904742, 'epoch': 0.82}
{'loss': 0.6317, 'learning_rate': 0.0007264437689969605, 'epoch': 0.83}
{'loss': 0.6335, 'learning_rate': 0.0007252967827034467, 'epoch': 0.83}
{'loss': 0.6428, 'learning_rate': 0.0007241497964099329, 'epoch': 0.83}
{'loss': 0.6313, 'learning_rate': 0.0007230028101164191, 'epoch': 0.84}
{'loss': 0.6117, 'learning_rate': 0.0007218558238229054, 'epoch': 0.84}
{'loss': 0.6032, 'learning_rate': 0.0007207088375293916, 'epoch': 0.84}
{'loss': 0.6306, 'learning_rate': 0.0007195618512358776, 'epoch': 0.85}
{'loss': 0.6457, 'learning_rate': 0.0007184148649423639, 'epoch': 0.85}
{'loss': 0.6258, 'learning_rate': 0.0007172678786488501, 'epoch': 0.85}
{'loss': 0.6333, 'learning_rate': 0.0007161208923553364, 'epoch': 0.86}
{'eval_loss': 0.5629299283027649, 'eval_bce': 0.5565589745031755, 'eval_n_pos': 2024.0, 'eval_pos_rate': 0.09120814744716327, 'eval_auroc': 0.6470549836728925, 'eval_auprc': 0.1905130744632741, 'eval_mcc': 0.13521050513360605, 'eval_precision': 0.24076704545454544, 'eval_recall': 0.1674901185770751, 'eval_f1': 0.19755244755244755, 'eval_runtime': 158.1363, 'eval_samples_per_second': 140.328, 'eval_steps_per_second': 2.194, 'epoch': 0.86}
{'loss': 0.6388, 'learning_rate': 0.0007149739060618225, 'epoch': 0.86}
{'loss': 0.6508, 'learning_rate': 0.0007138269197683088, 'epoch': 0.86}
{'loss': 0.6627, 'learning_rate': 0.000712679933474795, 'epoch': 0.87}
{'loss': 0.6349, 'learning_rate': 0.0007115329471812813, 'epoch': 0.87}
{'loss': 0.6326, 'learning_rate': 0.0007103859608877674, 'epoch': 0.87}
{'loss': 0.6484, 'learning_rate': 0.0007092389745942536, 'epoch': 0.88}
{'loss': 0.6405, 'learning_rate': 0.0007080919883007399, 'epoch': 0.88}
{'loss': 0.6404, 'learning_rate': 0.000706945002007226, 'epoch': 0.89}
{'loss': 0.6162, 'learning_rate': 0.0007057980157137122, 'epoch': 0.89}
{'loss': 0.6485, 'learning_rate': 0.0007046510294201984, 'epoch': 0.89}
{'loss': 0.6459, 'learning_rate': 0.0007035040431266847, 'epoch': 0.9}
{'loss': 0.6462, 'learning_rate': 0.0007023570568331709, 'epoch': 0.9}
{'eval_loss': 0.5541191101074219, 'eval_bce': 0.5476042431920721, 'eval_n_pos': 2024.0, 'eval_pos_rate': 0.09120814744716327, 'eval_auroc': 0.6316812667585344, 'eval_auprc': 0.17905834336283544, 'eval_mcc': 0.12129161553504983, 'eval_precision': 0.24346257889990983, 'eval_recall': 0.13339920948616601, 'eval_f1': 0.17235876157037983, 'eval_runtime': 158.2464, 'eval_samples_per_second': 140.231, 'eval_steps_per_second': 2.193, 'epoch': 0.9}
{'loss': 0.6446, 'learning_rate': 0.000701210070539657, 'epoch': 0.9}
{'loss': 0.6424, 'learning_rate': 0.0007000630842461433, 'epoch': 0.91}
{'loss': 0.6657, 'learning_rate': 0.0006989160979526295, 'epoch': 0.91}
{'loss': 0.6421, 'learning_rate': 0.0006977691116591158, 'epoch': 0.91}
{'loss': 0.6371, 'learning_rate': 0.0006966221253656018, 'epoch': 0.92}
{'loss': 0.6389, 'learning_rate': 0.0006954751390720881, 'epoch': 0.92}
{'loss': 0.6243, 'learning_rate': 0.0006943281527785743, 'epoch': 0.92}
{'loss': 0.6368, 'learning_rate': 0.0006931811664850605, 'epoch': 0.93}
{'loss': 0.6561, 'learning_rate': 0.0006920341801915467, 'epoch': 0.93}
{'loss': 0.6437, 'learning_rate': 0.0006908871938980329, 'epoch': 0.93}
{'loss': 0.6234, 'learning_rate': 0.0006897402076045192, 'epoch': 0.94}
{'loss': 0.6468, 'learning_rate': 0.0006885932213110054, 'epoch': 0.94}
{'loss': 0.6551, 'learning_rate': 0.0006874462350174916, 'epoch': 0.94}
{'eval_loss': 0.5541965365409851, 'eval_bce': 0.5474078403626889, 'eval_n_pos': 2024.0, 'eval_pos_rate': 0.09120814744716327, 'eval_auroc': 0.6377086799532207, 'eval_auprc': 0.18122300777479128, 'eval_mcc': 0.12341371482209851, 'eval_precision': 0.25168756027000966, 'eval_recall': 0.12895256916996048, 'eval_f1': 0.17053250571708592, 'eval_runtime': 159.7979, 'eval_samples_per_second': 138.869, 'eval_steps_per_second': 2.171, 'epoch': 0.94}
{'loss': 0.642, 'learning_rate': 0.0006862992487239777, 'epoch': 0.95}
{'loss': 0.6603, 'learning_rate': 0.000685152262430464, 'epoch': 0.95}
{'loss': 0.6314, 'learning_rate': 0.0006840052761369502, 'epoch': 0.95}
{'loss': 0.6486, 'learning_rate': 0.0006828582898434363, 'epoch': 0.96}
{'loss': 0.6264, 'learning_rate': 0.0006817113035499226, 'epoch': 0.96}
{'loss': 0.6313, 'learning_rate': 0.0006805643172564088, 'epoch': 0.96}
{'loss': 0.6561, 'learning_rate': 0.0006794173309628951, 'epoch': 0.97}
{'loss': 0.6388, 'learning_rate': 0.0006782703446693812, 'epoch': 0.97}
{'loss': 0.6228, 'learning_rate': 0.0006771233583758675, 'epoch': 0.97}
{'loss': 0.6262, 'learning_rate': 0.0006759763720823537, 'epoch': 0.98}
{'loss': 0.6431, 'learning_rate': 0.0006748293857888398, 'epoch': 0.98}
{'loss': 0.6464, 'learning_rate': 0.000673682399495326, 'epoch': 0.98}
{'eval_loss': 0.5531439185142517, 'eval_bce': 0.5463655572601747, 'eval_n_pos': 2024.0, 'eval_pos_rate': 0.09120814744716327, 'eval_auroc': 0.6438337828734807, 'eval_auprc': 0.18758110474162537, 'eval_mcc': 0.13262590085802092, 'eval_precision': 0.2599444958371878, 'eval_recall': 0.13883399209486166, 'eval_f1': 0.18099838969404186, 'eval_runtime': 159.7486, 'eval_samples_per_second': 138.912, 'eval_steps_per_second': 2.172, 'epoch': 0.99}
{'loss': 0.6402, 'learning_rate': 0.0006725354132018122, 'epoch': 0.99}
{'loss': 0.665, 'learning_rate': 0.0006713884269082985, 'epoch': 0.99}
{'loss': 0.6411, 'learning_rate': 0.0006702414406147847, 'epoch': 1.0}
{'loss': 0.6324, 'learning_rate': 0.0006690944543212709, 'epoch': 1.0}
{'loss': 0.6268, 'learning_rate': 0.0006679474680277571, 'epoch': 1.0}
{'loss': 0.6243, 'learning_rate': 0.0006668004817342433, 'epoch': 1.01}
{'loss': 0.631, 'learning_rate': 0.0006656534954407296, 'epoch': 1.01}
{'loss': 0.6452, 'learning_rate': 0.0006645065091472156, 'epoch': 1.01}
{'loss': 0.6472, 'learning_rate': 0.0006633595228537019, 'epoch': 1.02}
{'loss': 0.647, 'learning_rate': 0.0006622125365601881, 'epoch': 1.02}
{'loss': 0.6389, 'learning_rate': 0.0006610655502666744, 'epoch': 1.02}
{'loss': 0.653, 'learning_rate': 0.0006599185639731605, 'epoch': 1.03}
{'loss': 0.6248, 'learning_rate': 0.0006587715776796468, 'epoch': 1.03}
{'eval_loss': 0.5548754334449768, 'eval_bce': 0.5482046504584496, 'eval_n_pos': 2024.0, 'eval_pos_rate': 0.09120814744716327, 'eval_auroc': 0.6376048777294571, 'eval_auprc': 0.18627596419290854, 'eval_mcc': 0.12474887199996658, 'eval_precision': 0.2504655493482309, 'eval_recall': 0.13290513833992096, 'eval_f1': 0.1736604260813428, 'eval_runtime': 159.8319, 'eval_samples_per_second': 138.84, 'eval_steps_per_second': 2.171, 'epoch': 1.03}
{'loss': 0.6306, 'learning_rate': 0.000657624591386133, 'epoch': 1.03}
{'loss': 0.6332, 'learning_rate': 0.0006564776050926191, 'epoch': 1.04}
{'loss': 0.6614, 'learning_rate': 0.0006553306187991054, 'epoch': 1.04}
{'loss': 0.6333, 'learning_rate': 0.0006541836325055915, 'epoch': 1.04}
{'loss': 0.6449, 'learning_rate': 0.0006530366462120778, 'epoch': 1.05}
{'loss': 0.6435, 'learning_rate': 0.0006518896599185639, 'epoch': 1.05}
{'loss': 0.6382, 'learning_rate': 0.0006507426736250502, 'epoch': 1.05}
{'loss': 0.638, 'learning_rate': 0.0006495956873315364, 'epoch': 1.06}
{'loss': 0.6345, 'learning_rate': 0.0006484487010380226, 'epoch': 1.06}
{'loss': 0.6413, 'learning_rate': 0.0006473017147445088, 'epoch': 1.06}
{'loss': 0.6525, 'learning_rate': 0.000646154728450995, 'epoch': 1.07}
{'loss': 0.619, 'learning_rate': 0.0006450077421574813, 'epoch': 1.07}
{'eval_loss': 0.5484434366226196, 'eval_bce': 0.5410785291910212, 'eval_n_pos': 2024.0, 'eval_pos_rate': 0.09120814744716327, 'eval_auroc': 0.6452263667545952, 'eval_auprc': 0.19388876638907337, 'eval_mcc': 0.13978865309459976, 'eval_precision': 0.28650442477876104, 'eval_recall': 0.12796442687747037, 'eval_f1': 0.17691256830601093, 'eval_runtime': 159.659, 'eval_samples_per_second': 138.99, 'eval_steps_per_second': 2.173, 'epoch': 1.07}
{'loss': 0.6411, 'learning_rate': 0.0006438607558639675, 'epoch': 1.07}
{'loss': 0.6291, 'learning_rate': 0.0006427137695704536, 'epoch': 1.08}
{'loss': 0.6636, 'learning_rate': 0.0006415667832769398, 'epoch': 1.08}
{'loss': 0.6118, 'learning_rate': 0.000640419796983426, 'epoch': 1.08}
{'loss': 0.6471, 'learning_rate': 0.0006392728106899123, 'epoch': 1.09}
{'loss': 0.6453, 'learning_rate': 0.0006381258243963984, 'epoch': 1.09}
{'loss': 0.6451, 'learning_rate': 0.0006369788381028847, 'epoch': 1.09}
{'loss': 0.6141, 'learning_rate': 0.0006358318518093709, 'epoch': 1.1}
{'loss': 0.6383, 'learning_rate': 0.0006346848655158572, 'epoch': 1.1}
{'loss': 0.6435, 'learning_rate': 0.0006335378792223432, 'epoch': 1.1}
{'loss': 0.6319, 'learning_rate': 0.0006323908929288295, 'epoch': 1.11}
{'loss': 0.6533, 'learning_rate': 0.0006312439066353157, 'epoch': 1.11}
{'loss': 0.6278, 'learning_rate': 0.0006300969203418019, 'epoch': 1.12}
{'eval_loss': 0.5485090017318726, 'eval_bce': 0.5412787523001608, 'eval_n_pos': 2024.0, 'eval_pos_rate': 0.09120814744716327, 'eval_auroc': 0.6506565068045457, 'eval_auprc': 0.19136596118067717, 'eval_mcc': 0.1397605061535325, 'eval_precision': 0.2772177419354839, 'eval_recall': 0.1358695652173913, 'eval_f1': 0.1823607427055703, 'eval_runtime': 159.9225, 'eval_samples_per_second': 138.761, 'eval_steps_per_second': 2.17, 'epoch': 1.12}
{'loss': 0.6519, 'learning_rate': 0.0006289499340482881, 'epoch': 1.12}
{'loss': 0.627, 'learning_rate': 0.0006278029477547743, 'epoch': 1.12}
{'loss': 0.6307, 'learning_rate': 0.0006266559614612606, 'epoch': 1.13}
{'loss': 0.6151, 'learning_rate': 0.0006255089751677468, 'epoch': 1.13}
{'loss': 0.6365, 'learning_rate': 0.000624361988874233, 'epoch': 1.13}
{'loss': 0.6166, 'learning_rate': 0.0006232150025807192, 'epoch': 1.14}
{'loss': 0.6522, 'learning_rate': 0.0006220680162872053, 'epoch': 1.14}
{'loss': 0.6272, 'learning_rate': 0.0006209210299936916, 'epoch': 1.14}
{'loss': 0.6355, 'learning_rate': 0.0006197740437001777, 'epoch': 1.15}
{'loss': 0.6168, 'learning_rate': 0.000618627057406664, 'epoch': 1.15}
{'loss': 0.658, 'learning_rate': 0.0006174800711131502, 'epoch': 1.15}
{'loss': 0.6545, 'learning_rate': 0.0006163330848196365, 'epoch': 1.16}
{'eval_loss': 0.5439720749855042, 'eval_bce': 0.5366279718032685, 'eval_n_pos': 2024.0, 'eval_pos_rate': 0.09120814744716327, 'eval_auroc': 0.6419478628158435, 'eval_auprc': 0.18872006002337346, 'eval_mcc': 0.13648495365979557, 'eval_precision': 0.27825159914712155, 'eval_recall': 0.12895256916996048, 'eval_f1': 0.1762322754895341, 'eval_runtime': 159.8776, 'eval_samples_per_second': 138.8, 'eval_steps_per_second': 2.17, 'epoch': 1.16}
{'loss': 0.645, 'learning_rate': 0.0006151860985261226, 'epoch': 1.16}
{'loss': 0.6386, 'learning_rate': 0.0006140391122326089, 'epoch': 1.16}
{'loss': 0.6337, 'learning_rate': 0.0006128921259390951, 'epoch': 1.17}
{'loss': 0.6278, 'learning_rate': 0.0006117451396455813, 'epoch': 1.17}
{'loss': 0.6279, 'learning_rate': 0.0006105981533520674, 'epoch': 1.17}
{'loss': 0.6419, 'learning_rate': 0.0006094511670585536, 'epoch': 1.18}
{'loss': 0.6403, 'learning_rate': 0.0006083041807650399, 'epoch': 1.18}
{'loss': 0.6444, 'learning_rate': 0.0006071571944715261, 'epoch': 1.18}
{'loss': 0.628, 'learning_rate': 0.0006060102081780123, 'epoch': 1.19}
{'loss': 0.6479, 'learning_rate': 0.0006048632218844985, 'epoch': 1.19}
{'loss': 0.6506, 'learning_rate': 0.0006037162355909847, 'epoch': 1.19}
{'loss': 0.6075, 'learning_rate': 0.000602569249297471, 'epoch': 1.2}
{'loss': 0.6365, 'learning_rate': 0.000601422263003957, 'epoch': 1.2}
{'eval_loss': 0.5515627264976501, 'eval_bce': 0.5444933157917017, 'eval_n_pos': 2024.0, 'eval_pos_rate': 0.09120814744716327, 'eval_auroc': 0.6387847368739797, 'eval_auprc': 0.18353287021179254, 'eval_mcc': 0.13741605980045765, 'eval_precision': 0.2703488372093023, 'eval_recall': 0.13784584980237155, 'eval_f1': 0.18259162303664922, 'eval_runtime': 159.9387, 'eval_samples_per_second': 138.747, 'eval_steps_per_second': 2.17, 'epoch': 1.2}
{'loss': 0.6427, 'learning_rate': 0.0006002752767104433, 'epoch': 1.2}
{'loss': 0.631, 'learning_rate': 0.0005991282904169295, 'epoch': 1.21}
{'loss': 0.645, 'learning_rate': 0.0005979813041234158, 'epoch': 1.21}
{'loss': 0.6319, 'learning_rate': 0.0005968343178299019, 'epoch': 1.21}
{'loss': 0.625, 'learning_rate': 0.0005956873315363881, 'epoch': 1.22}
{'loss': 0.6368, 'learning_rate': 0.0005945403452428744, 'epoch': 1.22}
{'loss': 0.6545, 'learning_rate': 0.0005933933589493606, 'epoch': 1.22}
{'loss': 0.6368, 'learning_rate': 0.0005922463726558468, 'epoch': 1.23}
{'loss': 0.6349, 'learning_rate': 0.000591099386362333, 'epoch': 1.23}
{'loss': 0.6472, 'learning_rate': 0.0005899524000688193, 'epoch': 1.24}
{'loss': 0.6367, 'learning_rate': 0.0005888054137753054, 'epoch': 1.24}
{'loss': 0.6461, 'learning_rate': 0.0005876584274817916, 'epoch': 1.24}
{'eval_loss': 0.5569782257080078, 'eval_bce': 0.5505261792306392, 'eval_n_pos': 2024.0, 'eval_pos_rate': 0.09120814744716327, 'eval_auroc': 0.6292111192687305, 'eval_auprc': 0.1783563274332211, 'eval_mcc': 0.11223149284133563, 'eval_precision': 0.22213500784929358, 'eval_recall': 0.13982213438735178, 'eval_f1': 0.1716191631291692, 'eval_runtime': 159.9324, 'eval_samples_per_second': 138.752, 'eval_steps_per_second': 2.17, 'epoch': 1.24}
{'loss': 0.621, 'learning_rate': 0.0005865114411882778, 'epoch': 1.25}
{'loss': 0.6321, 'learning_rate': 0.000585364454894764, 'epoch': 1.25}
{'loss': 0.6413, 'learning_rate': 0.0005842174686012503, 'epoch': 1.25}
{'loss': 0.6291, 'learning_rate': 0.0005830704823077364, 'epoch': 1.26}
{'loss': 0.6186, 'learning_rate': 0.0005819234960142227, 'epoch': 1.26}
{'loss': 0.6716, 'learning_rate': 0.0005807765097207089, 'epoch': 1.26}
{'loss': 0.6168, 'learning_rate': 0.0005796295234271952, 'epoch': 1.27}
{'loss': 0.6439, 'learning_rate': 0.0005784825371336812, 'epoch': 1.27}
{'loss': 0.6386, 'learning_rate': 0.0005773355508401674, 'epoch': 1.27}
{'loss': 0.6381, 'learning_rate': 0.0005761885645466537, 'epoch': 1.28}
{'loss': 0.6385, 'learning_rate': 0.0005750415782531398, 'epoch': 1.28}
{'loss': 0.6365, 'learning_rate': 0.0005738945919596261, 'epoch': 1.28}
{'loss': 0.6286, 'learning_rate': 0.0005727476056661123, 'epoch': 1.29}
{'eval_loss': 0.5515617728233337, 'eval_bce': 0.5443841335302939, 'eval_n_pos': 2024.0, 'eval_pos_rate': 0.09120814744716327, 'eval_auroc': 0.6393108649496076, 'eval_auprc': 0.18653520053291367, 'eval_mcc': 0.1301387594703624, 'eval_precision': 0.2537980339588919, 'eval_recall': 0.14031620553359683, 'eval_f1': 0.18071905822462617, 'eval_runtime': 159.8915, 'eval_samples_per_second': 138.788, 'eval_steps_per_second': 2.17, 'epoch': 1.29}
{'loss': 0.6578, 'learning_rate': 0.0005716006193725986, 'epoch': 1.29}
{'loss': 0.6206, 'learning_rate': 0.0005704536330790847, 'epoch': 1.29}
{'loss': 0.643, 'learning_rate': 0.0005693066467855708, 'epoch': 1.3}
{'loss': 0.6493, 'learning_rate': 0.0005681596604920571, 'epoch': 1.3}
{'loss': 0.633, 'learning_rate': 0.0005670126741985433, 'epoch': 1.3}
{'loss': 0.6404, 'learning_rate': 0.0005658656879050295, 'epoch': 1.31}
{'loss': 0.6078, 'learning_rate': 0.0005647187016115157, 'epoch': 1.31}
{'loss': 0.6323, 'learning_rate': 0.000563571715318002, 'epoch': 1.31}
{'loss': 0.6183, 'learning_rate': 0.0005624247290244882, 'epoch': 1.32}
{'loss': 0.65, 'learning_rate': 0.0005612777427309744, 'epoch': 1.32}
{'loss': 0.62, 'learning_rate': 0.0005601307564374606, 'epoch': 1.32}
{'loss': 0.6453, 'learning_rate': 0.0005589837701439468, 'epoch': 1.33}
{'eval_loss': 0.5519058704376221, 'eval_bce': 0.5448665970142876, 'eval_n_pos': 2024.0, 'eval_pos_rate': 0.09120814744716327, 'eval_auroc': 0.6499951198010446, 'eval_auprc': 0.19356470740091888, 'eval_mcc': 0.1339891413446782, 'eval_precision': 0.2556131260794473, 'eval_recall': 0.14624505928853754, 'eval_f1': 0.18604651162790697, 'eval_runtime': 160.0116, 'eval_samples_per_second': 138.684, 'eval_steps_per_second': 2.169, 'epoch': 1.33}
{'loss': 0.6213, 'learning_rate': 0.000557836783850433, 'epoch': 1.33}
{'loss': 0.6437, 'learning_rate': 0.0005566897975569191, 'epoch': 1.33}
{'loss': 0.6143, 'learning_rate': 0.0005555428112634054, 'epoch': 1.34}
{'loss': 0.6536, 'learning_rate': 0.0005543958249698916, 'epoch': 1.34}
{'loss': 0.6337, 'learning_rate': 0.0005532488386763779, 'epoch': 1.34}
{'loss': 0.6494, 'learning_rate': 0.000552101852382864, 'epoch': 1.35}
{'loss': 0.6248, 'learning_rate': 0.0005509548660893502, 'epoch': 1.35}
{'loss': 0.6219, 'learning_rate': 0.0005498078797958365, 'epoch': 1.36}
{'loss': 0.6486, 'learning_rate': 0.0005486608935023227, 'epoch': 1.36}
{'loss': 0.6267, 'learning_rate': 0.0005475139072088088, 'epoch': 1.36}
{'loss': 0.642, 'learning_rate': 0.000546366920915295, 'epoch': 1.37}
{'loss': 0.6195, 'learning_rate': 0.0005452199346217813, 'epoch': 1.37}
{'loss': 0.6056, 'learning_rate': 0.0005440729483282675, 'epoch': 1.37}
{'eval_loss': 0.5651717185974121, 'eval_bce': 0.5587716852378538, 'eval_n_pos': 2024.0, 'eval_pos_rate': 0.09120814744716327, 'eval_auroc': 0.6412121091259524, 'eval_auprc': 0.18185761373130732, 'eval_mcc': 0.1328804150062038, 'eval_precision': 0.23360107095046853, 'eval_recall': 0.1724308300395257, 'eval_f1': 0.198408186469585, 'eval_runtime': 159.6397, 'eval_samples_per_second': 139.007, 'eval_steps_per_second': 2.174, 'epoch': 1.37}
{'loss': 0.6409, 'learning_rate': 0.0005429259620347537, 'epoch': 1.38}
{'loss': 0.6403, 'learning_rate': 0.0005417789757412399, 'epoch': 1.38}
{'loss': 0.6218, 'learning_rate': 0.0005406319894477261, 'epoch': 1.38}
{'loss': 0.6517, 'learning_rate': 0.0005394850031542124, 'epoch': 1.39}
{'loss': 0.6281, 'learning_rate': 0.0005383380168606985, 'epoch': 1.39}
{'loss': 0.6306, 'learning_rate': 0.0005371910305671848, 'epoch': 1.39}
{'loss': 0.6414, 'learning_rate': 0.0005360440442736709, 'epoch': 1.4}
{'loss': 0.6241, 'learning_rate': 0.0005348970579801572, 'epoch': 1.4}
{'loss': 0.6137, 'learning_rate': 0.0005337500716866433, 'epoch': 1.4}
{'loss': 0.6366, 'learning_rate': 0.0005326030853931295, 'epoch': 1.41}
{'loss': 0.6324, 'learning_rate': 0.0005314560990996158, 'epoch': 1.41}
{'loss': 0.6245, 'learning_rate': 0.000530309112806102, 'epoch': 1.41}
{'eval_loss': 0.5438843369483948, 'eval_bce': 0.5365034794163637, 'eval_n_pos': 2024.0, 'eval_pos_rate': 0.09120814744716327, 'eval_auroc': 0.6475207584848335, 'eval_auprc': 0.18989988617946688, 'eval_mcc': 0.1375511062476696, 'eval_precision': 0.2787750791974657, 'eval_recall': 0.13043478260869565, 'eval_f1': 0.1777179400875126, 'eval_runtime': 159.4856, 'eval_samples_per_second': 139.141, 'eval_steps_per_second': 2.176, 'epoch': 1.42}
{'loss': 0.6556, 'learning_rate': 0.0005291621265125882, 'epoch': 1.42}
{'loss': 0.6123, 'learning_rate': 0.0005280151402190744, 'epoch': 1.42}
{'loss': 0.6422, 'learning_rate': 0.0005268681539255607, 'epoch': 1.42}
{'loss': 0.6206, 'learning_rate': 0.0005257211676320469, 'epoch': 1.43}
{'loss': 0.609, 'learning_rate': 0.0005245741813385329, 'epoch': 1.43}
{'loss': 0.6404, 'learning_rate': 0.0005234271950450192, 'epoch': 1.43}
{'loss': 0.6193, 'learning_rate': 0.0005222802087515054, 'epoch': 1.44}
{'loss': 0.6232, 'learning_rate': 0.0005211332224579917, 'epoch': 1.44}
{'loss': 0.643, 'learning_rate': 0.0005199862361644778, 'epoch': 1.44}
{'loss': 0.6077, 'learning_rate': 0.0005188392498709641, 'epoch': 1.45}
{'loss': 0.6269, 'learning_rate': 0.0005176922635774503, 'epoch': 1.45}
{'loss': 0.6363, 'learning_rate': 0.0005165452772839366, 'epoch': 1.45}
{'loss': 0.6354, 'learning_rate': 0.0005153982909904226, 'epoch': 1.46}
{'eval_loss': 0.5448752641677856, 'eval_bce': 0.5375839240352221, 'eval_n_pos': 2024.0, 'eval_pos_rate': 0.09120814744716327, 'eval_auroc': 0.6425380925007412, 'eval_auprc': 0.1848289530935655, 'eval_mcc': 0.13460850139497552, 'eval_precision': 0.26330532212885155, 'eval_recall': 0.13932806324110672, 'eval_f1': 0.18222940226171241, 'eval_runtime': 159.6098, 'eval_samples_per_second': 139.033, 'eval_steps_per_second': 2.174, 'epoch': 1.46}
{'loss': 0.6336, 'learning_rate': 0.0005142513046969088, 'epoch': 1.46}
{'loss': 0.6312, 'learning_rate': 0.0005131043184033951, 'epoch': 1.47}
{'loss': 0.655, 'learning_rate': 0.0005119573321098813, 'epoch': 1.47}
{'loss': 0.6307, 'learning_rate': 0.0005108103458163675, 'epoch': 1.47}
{'loss': 0.6375, 'learning_rate': 0.0005096633595228537, 'epoch': 1.48}
{'loss': 0.6264, 'learning_rate': 0.00050851637322934, 'epoch': 1.48}
{'loss': 0.6494, 'learning_rate': 0.0005073693869358262, 'epoch': 1.48}
{'loss': 0.6201, 'learning_rate': 0.0005062224006423123, 'epoch': 1.49}
{'loss': 0.6263, 'learning_rate': 0.0005050754143487986, 'epoch': 1.49}
{'loss': 0.6333, 'learning_rate': 0.0005039284280552847, 'epoch': 1.49}
{'loss': 0.626, 'learning_rate': 0.0005027814417617709, 'epoch': 1.5}
{'loss': 0.6401, 'learning_rate': 0.0005016344554682571, 'epoch': 1.5}
{'eval_loss': 0.5396693348884583, 'eval_bce': 0.5318948807868394, 'eval_n_pos': 2024.0, 'eval_pos_rate': 0.09120814744716327, 'eval_auroc': 0.6426181429529829, 'eval_auprc': 0.1913635900159566, 'eval_mcc': 0.14431524005337448, 'eval_precision': 0.28440366972477066, 'eval_recall': 0.13784584980237155, 'eval_f1': 0.18569051580698837, 'eval_runtime': 159.5419, 'eval_samples_per_second': 139.092, 'eval_steps_per_second': 2.175, 'epoch': 1.5}
{'loss': 0.6573, 'learning_rate': 0.0005004874691747434, 'epoch': 1.5}
{'loss': 0.6287, 'learning_rate': 0.0004993404828812296, 'epoch': 1.51}
{'loss': 0.6473, 'learning_rate': 0.0004981934965877158, 'epoch': 1.51}
{'loss': 0.6436, 'learning_rate': 0.000497046510294202, 'epoch': 1.51}
{'loss': 0.6147, 'learning_rate': 0.0004958995240006882, 'epoch': 1.52}
{'loss': 0.6336, 'learning_rate': 0.0004947525377071745, 'epoch': 1.52}
{'loss': 0.6227, 'learning_rate': 0.0004936055514136605, 'epoch': 1.52}
{'loss': 0.6134, 'learning_rate': 0.0004924585651201468, 'epoch': 1.53}
{'loss': 0.6416, 'learning_rate': 0.000491311578826633, 'epoch': 1.53}
{'loss': 0.6302, 'learning_rate': 0.0004901645925331192, 'epoch': 1.53}
{'loss': 0.6372, 'learning_rate': 0.0004890176062396054, 'epoch': 1.54}
{'loss': 0.6255, 'learning_rate': 0.00048787061994609164, 'epoch': 1.54}
{'loss': 0.6321, 'learning_rate': 0.0004867236336525779, 'epoch': 1.54}
{'eval_loss': 0.5405635833740234, 'eval_bce': 0.5328810669083364, 'eval_n_pos': 2024.0, 'eval_pos_rate': 0.09120814744716327, 'eval_auroc': 0.6498267504871869, 'eval_auprc': 0.19251134528254374, 'eval_mcc': 0.14640308301076785, 'eval_precision': 0.2815814850530376, 'eval_recall': 0.1442687747035573, 'eval_f1': 0.1907873244037896, 'eval_runtime': 159.5929, 'eval_samples_per_second': 139.048, 'eval_steps_per_second': 2.174, 'epoch': 1.54}
{'loss': 0.6049, 'learning_rate': 0.0004855766473590641, 'epoch': 1.55}
{'loss': 0.6361, 'learning_rate': 0.00048442966106555026, 'epoch': 1.55}
{'loss': 0.654, 'learning_rate': 0.00048328267477203645, 'epoch': 1.55}
{'loss': 0.6429, 'learning_rate': 0.0004821356884785227, 'epoch': 1.56}
{'loss': 0.6402, 'learning_rate': 0.0004809887021850089, 'epoch': 1.56}
{'loss': 0.6453, 'learning_rate': 0.0004798417158914951, 'epoch': 1.56}
{'loss': 0.6121, 'learning_rate': 0.0004786947295979813, 'epoch': 1.57}
{'loss': 0.6005, 'learning_rate': 0.00047754774330446755, 'epoch': 1.57}
{'loss': 0.6371, 'learning_rate': 0.00047640075701095374, 'epoch': 1.57}
{'loss': 0.6138, 'learning_rate': 0.0004752537707174399, 'epoch': 1.58}
{'loss': 0.6344, 'learning_rate': 0.0004741067844239261, 'epoch': 1.58}
{'loss': 0.6027, 'learning_rate': 0.00047295979813041236, 'epoch': 1.59}
{'eval_loss': 0.5498769879341125, 'eval_bce': 0.5427303289773198, 'eval_n_pos': 2024.0, 'eval_pos_rate': 0.09120814744716327, 'eval_auroc': 0.6468363546795326, 'eval_auprc': 0.18674621375046338, 'eval_mcc': 0.14432936036321478, 'eval_precision': 0.2602848101265823, 'eval_recall': 0.1625494071146245, 'eval_f1': 0.20012165450121655, 'eval_runtime': 159.2906, 'eval_samples_per_second': 139.311, 'eval_steps_per_second': 2.178, 'epoch': 1.59}
{'loss': 0.6179, 'learning_rate': 0.00047181281183689854, 'epoch': 1.59}
{'loss': 0.6524, 'learning_rate': 0.0004706658255433848, 'epoch': 1.59}
{'loss': 0.6232, 'learning_rate': 0.000469518839249871, 'epoch': 1.6}
{'loss': 0.6439, 'learning_rate': 0.0004683718529563572, 'epoch': 1.6}
{'loss': 0.6393, 'learning_rate': 0.00046722486666284335, 'epoch': 1.6}
{'loss': 0.6122, 'learning_rate': 0.0004660778803693296, 'epoch': 1.61}
{'loss': 0.6117, 'learning_rate': 0.0004649308940758158, 'epoch': 1.61}
{'loss': 0.6311, 'learning_rate': 0.000463783907782302, 'epoch': 1.61}
{'loss': 0.6404, 'learning_rate': 0.0004626369214887882, 'epoch': 1.62}
{'loss': 0.6171, 'learning_rate': 0.00046148993519527445, 'epoch': 1.62}
{'loss': 0.6196, 'learning_rate': 0.00046034294890176064, 'epoch': 1.62}
{'loss': 0.6343, 'learning_rate': 0.0004591959626082469, 'epoch': 1.63}
{'loss': 0.6226, 'learning_rate': 0.000458048976314733, 'epoch': 1.63}
{'eval_loss': 0.5466197729110718, 'eval_bce': 0.5390959763042186, 'eval_n_pos': 2024.0, 'eval_pos_rate': 0.09120814744716327, 'eval_auroc': 0.6535783054381292, 'eval_auprc': 0.19381948786411854, 'eval_mcc': 0.14313713701249664, 'eval_precision': 0.2628099173553719, 'eval_recall': 0.15711462450592886, 'eval_f1': 0.19666048237476808, 'eval_runtime': 160.0032, 'eval_samples_per_second': 138.691, 'eval_steps_per_second': 2.169, 'epoch': 1.63}
{'loss': 0.6303, 'learning_rate': 0.00045690199002121926, 'epoch': 1.63}
{'loss': 0.6489, 'learning_rate': 0.00045575500372770544, 'epoch': 1.64}
{'loss': 0.6283, 'learning_rate': 0.0004546080174341917, 'epoch': 1.64}
{'loss': 0.6381, 'learning_rate': 0.0004534610311406779, 'epoch': 1.64}
{'loss': 0.6282, 'learning_rate': 0.0004523140448471641, 'epoch': 1.65}
{'loss': 0.6176, 'learning_rate': 0.0004511670585536503, 'epoch': 1.65}
{'loss': 0.6365, 'learning_rate': 0.00045002007226013655, 'epoch': 1.65}
{'loss': 0.6404, 'learning_rate': 0.0004488730859666227, 'epoch': 1.66}
{'loss': 0.6324, 'learning_rate': 0.0004477260996731089, 'epoch': 1.66}
{'loss': 0.6511, 'learning_rate': 0.0004465791133795951, 'epoch': 1.66}
{'loss': 0.6461, 'learning_rate': 0.00044543212708608135, 'epoch': 1.67}
{'loss': 0.6321, 'learning_rate': 0.00044428514079256754, 'epoch': 1.67}
{'eval_loss': 0.536342442035675, 'eval_bce': 0.5286509166941548, 'eval_n_pos': 2024.0, 'eval_pos_rate': 0.09120814744716327, 'eval_auroc': 0.6449994816013558, 'eval_auprc': 0.18993134782654106, 'eval_mcc': 0.14037459389747398, 'eval_precision': 0.2835820895522388, 'eval_recall': 0.13142292490118576, 'eval_f1': 0.17960837272113436, 'eval_runtime': 159.9138, 'eval_samples_per_second': 138.769, 'eval_steps_per_second': 2.17, 'epoch': 1.67}
{'loss': 0.6328, 'learning_rate': 0.0004431381544990538, 'epoch': 1.67}
{'loss': 0.617, 'learning_rate': 0.00044199116820553997, 'epoch': 1.68}
{'loss': 0.6121, 'learning_rate': 0.0004408441819120262, 'epoch': 1.68}
{'loss': 0.6214, 'learning_rate': 0.00043969719561851234, 'epoch': 1.68}
{'loss': 0.6406, 'learning_rate': 0.0004385502093249986, 'epoch': 1.69}
{'loss': 0.6444, 'learning_rate': 0.0004374032230314848, 'epoch': 1.69}
{'loss': 0.6307, 'learning_rate': 0.000436256236737971, 'epoch': 1.69}
{'loss': 0.6171, 'learning_rate': 0.0004351092504444572, 'epoch': 1.7}
{'loss': 0.6301, 'learning_rate': 0.00043396226415094345, 'epoch': 1.7}
{'loss': 0.6312, 'learning_rate': 0.00043281527785742963, 'epoch': 1.71}
{'loss': 0.6349, 'learning_rate': 0.0004316682915639158, 'epoch': 1.71}
{'loss': 0.6416, 'learning_rate': 0.000430521305270402, 'epoch': 1.71}
{'loss': 0.6403, 'learning_rate': 0.0004293743189768882, 'epoch': 1.72}
{'eval_loss': 0.5347432494163513, 'eval_bce': 0.5268404304098621, 'eval_n_pos': 2024.0, 'eval_pos_rate': 0.09120814744716327, 'eval_auroc': 0.6533858658658697, 'eval_auprc': 0.1936697289175376, 'eval_mcc': 0.1445535372265242, 'eval_precision': 0.28952991452991456, 'eval_recall': 0.13389328063241107, 'eval_f1': 0.1831081081081081, 'eval_runtime': 159.9549, 'eval_samples_per_second': 138.733, 'eval_steps_per_second': 2.169, 'epoch': 1.72}
{'loss': 0.6124, 'learning_rate': 0.00042822733268337444, 'epoch': 1.72}
{'loss': 0.614, 'learning_rate': 0.0004270803463898606, 'epoch': 1.72}
{'loss': 0.6277, 'learning_rate': 0.00042593336009634687, 'epoch': 1.73}
{'loss': 0.6502, 'learning_rate': 0.00042478637380283306, 'epoch': 1.73}
{'loss': 0.6223, 'learning_rate': 0.0004236393875093193, 'epoch': 1.73}
{'loss': 0.6235, 'learning_rate': 0.00042249240121580543, 'epoch': 1.74}
{'loss': 0.6366, 'learning_rate': 0.0004213454149222917, 'epoch': 1.74}
{'loss': 0.6293, 'learning_rate': 0.00042019842862877786, 'epoch': 1.74}
{'loss': 0.6256, 'learning_rate': 0.0004190514423352641, 'epoch': 1.75}
{'loss': 0.6534, 'learning_rate': 0.0004179044560417503, 'epoch': 1.75}
{'loss': 0.6404, 'learning_rate': 0.00041675746974823653, 'epoch': 1.75}
{'loss': 0.6403, 'learning_rate': 0.0004156104834547227, 'epoch': 1.76}
{'eval_loss': 0.539002537727356, 'eval_bce': 0.531185299707834, 'eval_n_pos': 2024.0, 'eval_pos_rate': 0.09120814744716327, 'eval_auroc': 0.6528628736610566, 'eval_auprc': 0.19542444736917558, 'eval_mcc': 0.14756127715242345, 'eval_precision': 0.2792207792207792, 'eval_recall': 0.14871541501976285, 'eval_f1': 0.1940683430045132, 'eval_runtime': 159.3212, 'eval_samples_per_second': 139.285, 'eval_steps_per_second': 2.178, 'epoch': 1.76}
{'loss': 0.6342, 'learning_rate': 0.00041446349716120896, 'epoch': 1.76}
{'loss': 0.5885, 'learning_rate': 0.0004133165108676951, 'epoch': 1.76}
{'loss': 0.6343, 'learning_rate': 0.00041216952457418134, 'epoch': 1.77}
{'loss': 0.6194, 'learning_rate': 0.0004110225382806675, 'epoch': 1.77}
{'loss': 0.6208, 'learning_rate': 0.00040987555198715377, 'epoch': 1.77}
{'loss': 0.6444, 'learning_rate': 0.00040872856569363996, 'epoch': 1.78}
{'loss': 0.6423, 'learning_rate': 0.0004075815794001262, 'epoch': 1.78}
{'loss': 0.6205, 'learning_rate': 0.0004064345931066124, 'epoch': 1.78}
{'loss': 0.6261, 'learning_rate': 0.00040528760681309863, 'epoch': 1.79}
{'loss': 0.629, 'learning_rate': 0.00040414062051958476, 'epoch': 1.79}
{'loss': 0.6308, 'learning_rate': 0.000402993634226071, 'epoch': 1.79}
{'loss': 0.5987, 'learning_rate': 0.0004018466479325572, 'epoch': 1.8}
{'loss': 0.6104, 'learning_rate': 0.00040069966163904343, 'epoch': 1.8}
{'eval_loss': 0.5426508784294128, 'eval_bce': 0.5351775205349018, 'eval_n_pos': 2024.0, 'eval_pos_rate': 0.09120814744716327, 'eval_auroc': 0.6522881273383063, 'eval_auprc': 0.19139790367889045, 'eval_mcc': 0.14244048868866357, 'eval_precision': 0.26784140969162995, 'eval_recall': 0.15019762845849802, 'eval_f1': 0.192465970243748, 'eval_runtime': 159.6918, 'eval_samples_per_second': 138.961, 'eval_steps_per_second': 2.173, 'epoch': 1.8}
{'loss': 0.6317, 'learning_rate': 0.0003995526753455296, 'epoch': 1.8}
{'loss': 0.6088, 'learning_rate': 0.00039840568905201586, 'epoch': 1.81}
{'loss': 0.631, 'learning_rate': 0.00039725870275850205, 'epoch': 1.81}
{'loss': 0.6196, 'learning_rate': 0.00039611171646498824, 'epoch': 1.82}
{'loss': 0.6519, 'learning_rate': 0.0003949647301714744, 'epoch': 1.82}
{'loss': 0.6341, 'learning_rate': 0.00039381774387796067, 'epoch': 1.82}
{'loss': 0.6392, 'learning_rate': 0.00039267075758444686, 'epoch': 1.83}
{'loss': 0.6211, 'learning_rate': 0.0003915237712909331, 'epoch': 1.83}
{'loss': 0.6454, 'learning_rate': 0.0003903767849974193, 'epoch': 1.83}
{'loss': 0.639, 'learning_rate': 0.00038922979870390553, 'epoch': 1.84}
{'loss': 0.6329, 'learning_rate': 0.0003880828124103917, 'epoch': 1.84}
{'loss': 0.613, 'learning_rate': 0.0003869358261168779, 'epoch': 1.84}
{'eval_loss': 0.5379782319068909, 'eval_bce': 0.5299974646161013, 'eval_n_pos': 2024.0, 'eval_pos_rate': 0.09120814744716327, 'eval_auroc': 0.6508115976654225, 'eval_auprc': 0.19541503169330018, 'eval_mcc': 0.14038141815900038, 'eval_precision': 0.27794561933534745, 'eval_recall': 0.13636363636363635, 'eval_f1': 0.18296320848525024, 'eval_runtime': 160.1035, 'eval_samples_per_second': 138.604, 'eval_steps_per_second': 2.167, 'epoch': 1.84}
{'loss': 0.6531, 'learning_rate': 0.0003857888398233641, 'epoch': 1.85}
{'loss': 0.6672, 'learning_rate': 0.00038464185352985033, 'epoch': 1.85}
{'loss': 0.6341, 'learning_rate': 0.0003834948672363365, 'epoch': 1.85}
{'loss': 0.6093, 'learning_rate': 0.00038234788094282276, 'epoch': 1.86}
{'loss': 0.6274, 'learning_rate': 0.00038120089464930895, 'epoch': 1.86}
{'loss': 0.649, 'learning_rate': 0.0003800539083557952, 'epoch': 1.86}
{'loss': 0.6206, 'learning_rate': 0.0003789069220622814, 'epoch': 1.87}
{'loss': 0.6284, 'learning_rate': 0.00037775993576876757, 'epoch': 1.87}
{'loss': 0.6268, 'learning_rate': 0.00037661294947525376, 'epoch': 1.87}
{'loss': 0.6229, 'learning_rate': 0.00037546596318174, 'epoch': 1.88}
{'loss': 0.6162, 'learning_rate': 0.0003743189768882262, 'epoch': 1.88}
{'loss': 0.6356, 'learning_rate': 0.00037317199059471243, 'epoch': 1.88}
{'loss': 0.6391, 'learning_rate': 0.0003720250043011986, 'epoch': 1.89}
{'eval_loss': 0.5356201529502869, 'eval_bce': 0.5273186990862491, 'eval_n_pos': 2024.0, 'eval_pos_rate': 0.09120814744716327, 'eval_auroc': 0.6562112854698837, 'eval_auprc': 0.19934829640054802, 'eval_mcc': 0.13991424413979758, 'eval_precision': 0.27644710578842313, 'eval_recall': 0.1368577075098814, 'eval_f1': 0.18307997356245867, 'eval_runtime': 159.8948, 'eval_samples_per_second': 138.785, 'eval_steps_per_second': 2.17, 'epoch': 1.89}
{'loss': 0.641, 'learning_rate': 0.00037087801800768486, 'epoch': 1.89}
{'loss': 0.6638, 'learning_rate': 0.00036973103171417104, 'epoch': 1.89}
{'loss': 0.6151, 'learning_rate': 0.00036858404542065723, 'epoch': 1.9}
{'loss': 0.62, 'learning_rate': 0.0003674370591271434, 'epoch': 1.9}
{'loss': 0.6201, 'learning_rate': 0.00036629007283362966, 'epoch': 1.9}
{'loss': 0.6315, 'learning_rate': 0.00036514308654011585, 'epoch': 1.91}
{'loss': 0.6487, 'learning_rate': 0.0003639961002466021, 'epoch': 1.91}
{'loss': 0.6415, 'learning_rate': 0.0003628491139530883, 'epoch': 1.91}
{'loss': 0.6243, 'learning_rate': 0.0003617021276595745, 'epoch': 1.92}
{'loss': 0.6227, 'learning_rate': 0.00036055514136606066, 'epoch': 1.92}
{'loss': 0.6371, 'learning_rate': 0.0003594081550725469, 'epoch': 1.92}
{'loss': 0.6263, 'learning_rate': 0.0003582611687790331, 'epoch': 1.93}
{'eval_loss': 0.5387328863143921, 'eval_bce': 0.5310850250806219, 'eval_n_pos': 2024.0, 'eval_pos_rate': 0.09120814744716327, 'eval_auroc': 0.6498602773560141, 'eval_auprc': 0.19166204748048954, 'eval_mcc': 0.12861389259206077, 'eval_precision': 0.25412844036697246, 'eval_recall': 0.1368577075098814, 'eval_f1': 0.1779062299293513, 'eval_runtime': 160.623, 'eval_samples_per_second': 138.156, 'eval_steps_per_second': 2.16, 'epoch': 1.93}
{'loss': 0.6156, 'learning_rate': 0.0003571141824855193, 'epoch': 1.93}
{'loss': 0.6314, 'learning_rate': 0.0003559671961920055, 'epoch': 1.94}
{'loss': 0.6283, 'learning_rate': 0.00035482020989849176, 'epoch': 1.94}
{'loss': 0.6169, 'learning_rate': 0.00035367322360497794, 'epoch': 1.94}
{'loss': 0.6378, 'learning_rate': 0.0003525262373114642, 'epoch': 1.95}
{'loss': 0.6286, 'learning_rate': 0.0003513792510179503, 'epoch': 1.95}
{'loss': 0.6363, 'learning_rate': 0.0003502322647244365, 'epoch': 1.95}
{'loss': 0.6178, 'learning_rate': 0.00034908527843092275, 'epoch': 1.96}
{'loss': 0.6154, 'learning_rate': 0.00034793829213740894, 'epoch': 1.96}
{'loss': 0.6095, 'learning_rate': 0.0003467913058438952, 'epoch': 1.96}
{'loss': 0.6203, 'learning_rate': 0.00034564431955038137, 'epoch': 1.97}
{'loss': 0.6136, 'learning_rate': 0.0003444973332568676, 'epoch': 1.97}
{'loss': 0.6171, 'learning_rate': 0.0003433503469633538, 'epoch': 1.97}
{'eval_loss': 0.5385144352912903, 'eval_bce': 0.5306295787032613, 'eval_n_pos': 2024.0, 'eval_pos_rate': 0.09120814744716327, 'eval_auroc': 0.6540274821838439, 'eval_auprc': 0.1945685924624139, 'eval_mcc': 0.14071117093141025, 'eval_precision': 0.26979742173112337, 'eval_recall': 0.14476284584980237, 'eval_f1': 0.18842443729903535, 'eval_runtime': 160.6154, 'eval_samples_per_second': 138.162, 'eval_steps_per_second': 2.16, 'epoch': 1.97}
{'loss': 0.6242, 'learning_rate': 0.00034220336066984, 'epoch': 1.98}
{'loss': 0.6113, 'learning_rate': 0.00034105637437632617, 'epoch': 1.98}
{'loss': 0.6297, 'learning_rate': 0.0003399093880828124, 'epoch': 1.98}
{'loss': 0.6503, 'learning_rate': 0.0003387624017892986, 'epoch': 1.99}
{'loss': 0.6074, 'learning_rate': 0.00033761541549578484, 'epoch': 1.99}
{'loss': 0.6237, 'learning_rate': 0.00033646842920227103, 'epoch': 1.99}
{'loss': 0.638, 'learning_rate': 0.0003353214429087573, 'epoch': 2.0}
{'loss': 0.6061, 'learning_rate': 0.0003341744566152434, 'epoch': 2.0}
{'loss': 0.612, 'learning_rate': 0.00033302747032172965, 'epoch': 2.0}
{'loss': 0.6194, 'learning_rate': 0.00033188048402821584, 'epoch': 2.01}
{'loss': 0.614, 'learning_rate': 0.0003307334977347021, 'epoch': 2.01}
{'loss': 0.6386, 'learning_rate': 0.00032958651144118827, 'epoch': 2.01}
{'eval_loss': 0.5381047129631042, 'eval_bce': 0.5301003213793328, 'eval_n_pos': 2024.0, 'eval_pos_rate': 0.09120814744716327, 'eval_auroc': 0.6552258258168797, 'eval_auprc': 0.19486405884324332, 'eval_mcc': 0.14260346917822608, 'eval_precision': 0.2781586679725759, 'eval_recall': 0.14031620553359683, 'eval_f1': 0.18653530377668306, 'eval_runtime': 160.3856, 'eval_samples_per_second': 138.36, 'eval_steps_per_second': 2.164, 'epoch': 2.02}
{'loss': 0.6071, 'learning_rate': 0.0003284395251476745, 'epoch': 2.02}
{'loss': 0.644, 'learning_rate': 0.0003272925388541607, 'epoch': 2.02}
{'loss': 0.6246, 'learning_rate': 0.00032614555256064694, 'epoch': 2.02}
{'loss': 0.611, 'learning_rate': 0.00032499856626713307, 'epoch': 2.03}
{'loss': 0.6172, 'learning_rate': 0.0003238515799736193, 'epoch': 2.03}
{'loss': 0.6238, 'learning_rate': 0.0003227045936801055, 'epoch': 2.03}
{'loss': 0.6188, 'learning_rate': 0.00032155760738659174, 'epoch': 2.04}
{'loss': 0.6385, 'learning_rate': 0.00032041062109307793, 'epoch': 2.04}
{'loss': 0.6463, 'learning_rate': 0.0003192636347995642, 'epoch': 2.04}
{'loss': 0.6429, 'learning_rate': 0.00031811664850605036, 'epoch': 2.05}
{'loss': 0.6381, 'learning_rate': 0.0003169696622125366, 'epoch': 2.05}
{'loss': 0.6111, 'learning_rate': 0.00031582267591902274, 'epoch': 2.06}
{'loss': 0.6164, 'learning_rate': 0.000314675689625509, 'epoch': 2.06}
{'eval_loss': 0.5363045930862427, 'eval_bce': 0.5284264698296628, 'eval_n_pos': 2024.0, 'eval_pos_rate': 0.09120814744716327, 'eval_auroc': 0.652193316244144, 'eval_auprc': 0.19002899234062587, 'eval_mcc': 0.13920316566219398, 'eval_precision': 0.27185398655139287, 'eval_recall': 0.13982213438735178, 'eval_f1': 0.1846655791190865, 'eval_runtime': 159.9732, 'eval_samples_per_second': 138.717, 'eval_steps_per_second': 2.169, 'epoch': 2.06}
{'loss': 0.6158, 'learning_rate': 0.00031352870333199517, 'epoch': 2.06}
{'loss': 0.6087, 'learning_rate': 0.0003123817170384814, 'epoch': 2.07}
{'loss': 0.6285, 'learning_rate': 0.0003112347307449676, 'epoch': 2.07}
{'loss': 0.6045, 'learning_rate': 0.00031008774445145384, 'epoch': 2.07}
{'loss': 0.6187, 'learning_rate': 0.00030894075815794, 'epoch': 2.08}
{'loss': 0.6134, 'learning_rate': 0.00030779377186442627, 'epoch': 2.08}
{'loss': 0.6153, 'learning_rate': 0.0003066467855709124, 'epoch': 2.08}
{'loss': 0.6408, 'learning_rate': 0.00030549979927739864, 'epoch': 2.09}
{'loss': 0.6262, 'learning_rate': 0.00030435281298388483, 'epoch': 2.09}
{'loss': 0.6327, 'learning_rate': 0.0003032058266903711, 'epoch': 2.09}
{'loss': 0.5928, 'learning_rate': 0.00030205884039685726, 'epoch': 2.1}
{'loss': 0.6321, 'learning_rate': 0.0003009118541033435, 'epoch': 2.1}
{'eval_loss': 0.535944938659668, 'eval_bce': 0.528001173347026, 'eval_n_pos': 2024.0, 'eval_pos_rate': 0.09120814744716327, 'eval_auroc': 0.6547307379625189, 'eval_auprc': 0.19361111537718073, 'eval_mcc': 0.13734558030880675, 'eval_precision': 0.26767200754005654, 'eval_recall': 0.14031620553359683, 'eval_f1': 0.18411669367909236, 'eval_runtime': 160.7015, 'eval_samples_per_second': 138.088, 'eval_steps_per_second': 2.159, 'epoch': 2.1}
{'loss': 0.6003, 'learning_rate': 0.0002997648678098297, 'epoch': 2.1}
{'loss': 0.6449, 'learning_rate': 0.0002986178815163159, 'epoch': 2.11}
{'loss': 0.6143, 'learning_rate': 0.00029747089522280207, 'epoch': 2.11}
{'loss': 0.6241, 'learning_rate': 0.0002963239089292883, 'epoch': 2.11}
{'loss': 0.617, 'learning_rate': 0.0002951769226357745, 'epoch': 2.12}
{'loss': 0.6253, 'learning_rate': 0.00029402993634226074, 'epoch': 2.12}
{'loss': 0.6129, 'learning_rate': 0.0002928829500487469, 'epoch': 2.12}
{'loss': 0.64, 'learning_rate': 0.00029173596375523317, 'epoch': 2.13}
{'loss': 0.6224, 'learning_rate': 0.00029058897746171936, 'epoch': 2.13}
{'loss': 0.6572, 'learning_rate': 0.00028944199116820554, 'epoch': 2.13}
{'loss': 0.6187, 'learning_rate': 0.00028829500487469173, 'epoch': 2.14}
{'loss': 0.6374, 'learning_rate': 0.000287148018581178, 'epoch': 2.14}
{'loss': 0.5943, 'learning_rate': 0.00028600103228766416, 'epoch': 2.14}
{'eval_loss': 0.5332226753234863, 'eval_bce': 0.5250031869490444, 'eval_n_pos': 2024.0, 'eval_pos_rate': 0.09120814744716327, 'eval_auroc': 0.6538370270298345, 'eval_auprc': 0.19460719657241246, 'eval_mcc': 0.13425468980243918, 'eval_precision': 0.2671232876712329, 'eval_recall': 0.13488142292490118, 'eval_f1': 0.17925147734734076, 'eval_runtime': 160.4379, 'eval_samples_per_second': 138.315, 'eval_steps_per_second': 2.163, 'epoch': 2.14}
{'loss': 0.6256, 'learning_rate': 0.0002848540459941504, 'epoch': 2.15}
{'loss': 0.6206, 'learning_rate': 0.0002837070597006366, 'epoch': 2.15}
{'loss': 0.6393, 'learning_rate': 0.00028256007340712283, 'epoch': 2.15}
{'loss': 0.6492, 'learning_rate': 0.000281413087113609, 'epoch': 2.16}
{'loss': 0.6093, 'learning_rate': 0.0002802661008200952, 'epoch': 2.16}
{'loss': 0.6323, 'learning_rate': 0.0002791191145265814, 'epoch': 2.17}
{'loss': 0.6362, 'learning_rate': 0.0002779721282330676, 'epoch': 2.17}
{'loss': 0.6157, 'learning_rate': 0.0002768251419395538, 'epoch': 2.17}
{'loss': 0.6009, 'learning_rate': 0.00027567815564604, 'epoch': 2.18}
{'loss': 0.6297, 'learning_rate': 0.00027453116935252626, 'epoch': 2.18}
{'loss': 0.5993, 'learning_rate': 0.00027338418305901244, 'epoch': 2.18}
{'loss': 0.611, 'learning_rate': 0.0002722371967654987, 'epoch': 2.19}
{'eval_loss': 0.5337297916412354, 'eval_bce': 0.5255390834478472, 'eval_n_pos': 2024.0, 'eval_pos_rate': 0.09120814744716327, 'eval_auroc': 0.6551914414833766, 'eval_auprc': 0.19509119300511923, 'eval_mcc': 0.13618658167024594, 'eval_precision': 0.2704837117472853, 'eval_recall': 0.13537549407114624, 'eval_f1': 0.1804412248929865, 'eval_runtime': 160.6428, 'eval_samples_per_second': 138.139, 'eval_steps_per_second': 2.16, 'epoch': 2.19}
{'loss': 0.6199, 'learning_rate': 0.0002710902104719848, 'epoch': 2.19}
{'loss': 0.6243, 'learning_rate': 0.00026994322417847106, 'epoch': 2.19}
{'loss': 0.6123, 'learning_rate': 0.00026879623788495725, 'epoch': 2.2}
{'loss': 0.6296, 'learning_rate': 0.0002676492515914435, 'epoch': 2.2}
{'loss': 0.6045, 'learning_rate': 0.0002665022652979297, 'epoch': 2.2}
{'loss': 0.6519, 'learning_rate': 0.0002653552790044159, 'epoch': 2.21}
{'loss': 0.6399, 'learning_rate': 0.0002642082927109021, 'epoch': 2.21}
{'loss': 0.6272, 'learning_rate': 0.0002630613064173883, 'epoch': 2.21}
{'loss': 0.611, 'learning_rate': 0.0002619143201238745, 'epoch': 2.22}
{'loss': 0.6152, 'learning_rate': 0.0002607673338303607, 'epoch': 2.22}
{'loss': 0.6144, 'learning_rate': 0.0002596203475368469, 'epoch': 2.22}
{'loss': 0.6143, 'learning_rate': 0.00025847336124333316, 'epoch': 2.23}
{'loss': 0.6016, 'learning_rate': 0.00025732637494981934, 'epoch': 2.23}
{'eval_loss': 0.5273975133895874, 'eval_bce': 0.5190207167638248, 'eval_n_pos': 2024.0, 'eval_pos_rate': 0.09120814744716327, 'eval_auroc': 0.6569829791791897, 'eval_auprc': 0.1998569954403789, 'eval_mcc': 0.15125683056478165, 'eval_precision': 0.30941176470588233, 'eval_recall': 0.1299407114624506, 'eval_f1': 0.18302018093249825, 'eval_runtime': 160.3118, 'eval_samples_per_second': 138.424, 'eval_steps_per_second': 2.165, 'epoch': 2.23}
{'loss': 0.6067, 'learning_rate': 0.0002561793886563056, 'epoch': 2.23}
{'loss': 0.6291, 'learning_rate': 0.0002550324023627918, 'epoch': 2.24}
{'loss': 0.5875, 'learning_rate': 0.00025388541606927796, 'epoch': 2.24}
{'loss': 0.6268, 'learning_rate': 0.00025273842977576415, 'epoch': 2.24}
{'loss': 0.6232, 'learning_rate': 0.0002515914434822504, 'epoch': 2.25}
{'loss': 0.5989, 'learning_rate': 0.0002504444571887366, 'epoch': 2.25}
{'loss': 0.5984, 'learning_rate': 0.0002492974708952228, 'epoch': 2.25}
{'loss': 0.6291, 'learning_rate': 0.000248150484601709, 'epoch': 2.26}
{'loss': 0.6143, 'learning_rate': 0.0002470034983081952, 'epoch': 2.26}
{'loss': 0.6183, 'learning_rate': 0.00024585651201468144, 'epoch': 2.26}
{'loss': 0.6405, 'learning_rate': 0.0002447095257211676, 'epoch': 2.27}
{'loss': 0.6156, 'learning_rate': 0.00024356253942765387, 'epoch': 2.27}
{'eval_loss': 0.5295989513397217, 'eval_bce': 0.5213414108163067, 'eval_n_pos': 2024.0, 'eval_pos_rate': 0.09120814744716327, 'eval_auroc': 0.6581635487944439, 'eval_auprc': 0.19661838137167642, 'eval_mcc': 0.13777697208520473, 'eval_precision': 0.27754677754677753, 'eval_recall': 0.13191699604743082, 'eval_f1': 0.1788345612860013, 'eval_runtime': 160.5217, 'eval_samples_per_second': 138.243, 'eval_steps_per_second': 2.162, 'epoch': 2.27}
{'loss': 0.6463, 'learning_rate': 0.00024241555313414006, 'epoch': 2.27}
{'loss': 0.6258, 'learning_rate': 0.00024126856684062627, 'epoch': 2.28}
{'loss': 0.6159, 'learning_rate': 0.00024012158054711249, 'epoch': 2.28}
{'loss': 0.6106, 'learning_rate': 0.0002389745942535987, 'epoch': 2.29}
{'loss': 0.5727, 'learning_rate': 0.00023782760796008486, 'epoch': 2.29}
{'loss': 0.6219, 'learning_rate': 0.00023668062166657108, 'epoch': 2.29}
{'loss': 0.6167, 'learning_rate': 0.0002355336353730573, 'epoch': 2.3}
{'loss': 0.6195, 'learning_rate': 0.0002343866490795435, 'epoch': 2.3}
{'loss': 0.63, 'learning_rate': 0.0002332396627860297, 'epoch': 2.3}
{'loss': 0.6198, 'learning_rate': 0.0002320926764925159, 'epoch': 2.31}
{'loss': 0.6107, 'learning_rate': 0.00023094569019900212, 'epoch': 2.31}
{'loss': 0.6408, 'learning_rate': 0.0002297987039054883, 'epoch': 2.31}
{'loss': 0.6213, 'learning_rate': 0.00022865171761197453, 'epoch': 2.32}
{'eval_loss': 0.5254954695701599, 'eval_bce': 0.51679672990881, 'eval_n_pos': 2024.0, 'eval_pos_rate': 0.09120814744716327, 'eval_auroc': 0.6613421091004734, 'eval_auprc': 0.20271832907870788, 'eval_mcc': 0.14668227794419583, 'eval_precision': 0.29720670391061454, 'eval_recall': 0.13142292490118576, 'eval_f1': 0.18225419664268583, 'eval_runtime': 160.608, 'eval_samples_per_second': 138.169, 'eval_steps_per_second': 2.161, 'epoch': 2.32}
{'loss': 0.611, 'learning_rate': 0.00022750473131846074, 'epoch': 2.32}
{'loss': 0.6222, 'learning_rate': 0.00022635774502494696, 'epoch': 2.32}
{'loss': 0.5945, 'learning_rate': 0.00022521075873143314, 'epoch': 2.33}
{'loss': 0.634, 'learning_rate': 0.00022406377243791936, 'epoch': 2.33}
{'loss': 0.6273, 'learning_rate': 0.00022291678614440557, 'epoch': 2.33}
{'loss': 0.6151, 'learning_rate': 0.0002217697998508918, 'epoch': 2.34}
{'loss': 0.6114, 'learning_rate': 0.00022062281355737798, 'epoch': 2.34}
{'loss': 0.6527, 'learning_rate': 0.0002194758272638642, 'epoch': 2.34}
{'loss': 0.6191, 'learning_rate': 0.0002183288409703504, 'epoch': 2.35}
{'loss': 0.6214, 'learning_rate': 0.00021718185467683662, 'epoch': 2.35}
{'loss': 0.6277, 'learning_rate': 0.0002160348683833228, 'epoch': 2.35}
{'loss': 0.6083, 'learning_rate': 0.00021488788208980902, 'epoch': 2.36}
{'eval_loss': 0.5256131291389465, 'eval_bce': 0.5169126823403656, 'eval_n_pos': 2024.0, 'eval_pos_rate': 0.09120814744716327, 'eval_auroc': 0.6604245973982855, 'eval_auprc': 0.20029058833363866, 'eval_mcc': 0.14569363724089893, 'eval_precision': 0.2962962962962963, 'eval_recall': 0.13043478260869565, 'eval_f1': 0.1811320754716981, 'eval_runtime': 159.8318, 'eval_samples_per_second': 138.84, 'eval_steps_per_second': 2.171, 'epoch': 2.36}
{'loss': 0.6195, 'learning_rate': 0.00021374089579629524, 'epoch': 2.36}
{'loss': 0.642, 'learning_rate': 0.00021259390950278145, 'epoch': 2.36}
{'loss': 0.6253, 'learning_rate': 0.00021144692320926764, 'epoch': 2.37}
{'loss': 0.623, 'learning_rate': 0.00021029993691575386, 'epoch': 2.37}
{'loss': 0.6174, 'learning_rate': 0.00020915295062224007, 'epoch': 2.37}
{'loss': 0.603, 'learning_rate': 0.00020800596432872629, 'epoch': 2.38}
{'loss': 0.6019, 'learning_rate': 0.00020685897803521247, 'epoch': 2.38}
{'loss': 0.6202, 'learning_rate': 0.0002057119917416987, 'epoch': 2.38}
{'loss': 0.6078, 'learning_rate': 0.0002045650054481849, 'epoch': 2.39}
{'loss': 0.6137, 'learning_rate': 0.00020341801915467112, 'epoch': 2.39}
{'loss': 0.5914, 'learning_rate': 0.0002022710328611573, 'epoch': 2.39}
{'loss': 0.602, 'learning_rate': 0.00020112404656764352, 'epoch': 2.4}
{'loss': 0.6222, 'learning_rate': 0.00019997706027412974, 'epoch': 2.4}
{'eval_loss': 0.5291939973831177, 'eval_bce': 0.5208158718485135, 'eval_n_pos': 2024.0, 'eval_pos_rate': 0.09120814744716327, 'eval_auroc': 0.658470435401943, 'eval_auprc': 0.1943665798313442, 'eval_mcc': 0.13873168993413543, 'eval_precision': 0.27565392354124746, 'eval_recall': 0.13537549407114624, 'eval_f1': 0.18157720344599074, 'eval_runtime': 159.9802, 'eval_samples_per_second': 138.711, 'eval_steps_per_second': 2.169, 'epoch': 2.4}
{'loss': 0.6289, 'learning_rate': 0.00019883007398061592, 'epoch': 2.41}
{'loss': 0.6455, 'learning_rate': 0.00019768308768710214, 'epoch': 2.41}
{'loss': 0.6314, 'learning_rate': 0.00019653610139358835, 'epoch': 2.41}
{'loss': 0.6156, 'learning_rate': 0.00019538911510007457, 'epoch': 2.42}
{'loss': 0.6005, 'learning_rate': 0.00019424212880656076, 'epoch': 2.42}
{'loss': 0.6272, 'learning_rate': 0.00019309514251304697, 'epoch': 2.42}
{'loss': 0.6098, 'learning_rate': 0.00019194815621953319, 'epoch': 2.43}
{'loss': 0.6131, 'learning_rate': 0.0001908011699260194, 'epoch': 2.43}
{'loss': 0.6006, 'learning_rate': 0.0001896541836325056, 'epoch': 2.43}
{'loss': 0.6346, 'learning_rate': 0.0001885071973389918, 'epoch': 2.44}
{'loss': 0.5815, 'learning_rate': 0.00018736021104547802, 'epoch': 2.44}
{'loss': 0.6152, 'learning_rate': 0.00018621322475196423, 'epoch': 2.44}
{'eval_loss': 0.5278432369232178, 'eval_bce': 0.5194987442375426, 'eval_n_pos': 2024.0, 'eval_pos_rate': 0.09120814744716327, 'eval_auroc': 0.6589774052668127, 'eval_auprc': 0.19526516930305898, 'eval_mcc': 0.139547909354629, 'eval_precision': 0.2773279352226721, 'eval_recall': 0.13537549407114624, 'eval_f1': 0.18193891102257637, 'eval_runtime': 159.1971, 'eval_samples_per_second': 139.393, 'eval_steps_per_second': 2.18, 'epoch': 2.44}
{'loss': 0.6459, 'learning_rate': 0.00018506623845845042, 'epoch': 2.45}
{'loss': 0.6045, 'learning_rate': 0.00018391925216493664, 'epoch': 2.45}
{'loss': 0.6308, 'learning_rate': 0.00018277226587142285, 'epoch': 2.45}
{'loss': 0.633, 'learning_rate': 0.00018162527957790907, 'epoch': 2.46}
{'loss': 0.6219, 'learning_rate': 0.00018047829328439525, 'epoch': 2.46}
{'loss': 0.6286, 'learning_rate': 0.00017933130699088147, 'epoch': 2.46}
{'loss': 0.6047, 'learning_rate': 0.00017818432069736768, 'epoch': 2.47}
{'loss': 0.6238, 'learning_rate': 0.0001770373344038539, 'epoch': 2.47}
{'loss': 0.63, 'learning_rate': 0.00017589034811034009, 'epoch': 2.47}
{'loss': 0.6297, 'learning_rate': 0.0001747433618168263, 'epoch': 2.48}
{'loss': 0.5886, 'learning_rate': 0.00017359637552331252, 'epoch': 2.48}
{'loss': 0.6322, 'learning_rate': 0.00017244938922979873, 'epoch': 2.48}
{'loss': 0.5866, 'learning_rate': 0.00017130240293628492, 'epoch': 2.49}
{'eval_loss': 0.5210161209106445, 'eval_bce': 0.512092279547344, 'eval_n_pos': 2024.0, 'eval_pos_rate': 0.09120814744716327, 'eval_auroc': 0.6585846619462666, 'eval_auprc': 0.19780088455037217, 'eval_mcc': 0.14953696666619093, 'eval_precision': 0.3103030303030303, 'eval_recall': 0.12648221343873517, 'eval_f1': 0.1797121797121797, 'eval_runtime': 159.3696, 'eval_samples_per_second': 139.242, 'eval_steps_per_second': 2.177, 'epoch': 2.49}
{'loss': 0.6158, 'learning_rate': 0.00017015541664277113, 'epoch': 2.49}
{'loss': 0.6008, 'learning_rate': 0.00016900843034925735, 'epoch': 2.49}
{'loss': 0.6183, 'learning_rate': 0.00016786144405574356, 'epoch': 2.5}
{'loss': 0.6235, 'learning_rate': 0.00016671445776222975, 'epoch': 2.5}
{'loss': 0.6182, 'learning_rate': 0.00016556747146871597, 'epoch': 2.5}
{'loss': 0.6255, 'learning_rate': 0.00016442048517520218, 'epoch': 2.51}
{'loss': 0.6077, 'learning_rate': 0.00016327349888168834, 'epoch': 2.51}
{'loss': 0.6088, 'learning_rate': 0.00016212651258817456, 'epoch': 2.52}
{'loss': 0.6172, 'learning_rate': 0.00016097952629466077, 'epoch': 2.52}
{'loss': 0.6311, 'learning_rate': 0.00015983254000114699, 'epoch': 2.52}
{'loss': 0.6085, 'learning_rate': 0.00015868555370763317, 'epoch': 2.53}
{'loss': 0.6086, 'learning_rate': 0.0001575385674141194, 'epoch': 2.53}
{'eval_loss': 0.5207273960113525, 'eval_bce': 0.5119029746574209, 'eval_n_pos': 2024.0, 'eval_pos_rate': 0.09120814744716327, 'eval_auroc': 0.6619816062557486, 'eval_auprc': 0.19779359354809653, 'eval_mcc': 0.1464909382549488, 'eval_precision': 0.29741863075196406, 'eval_recall': 0.1309288537549407, 'eval_f1': 0.18181818181818182, 'eval_runtime': 159.0454, 'eval_samples_per_second': 139.526, 'eval_steps_per_second': 2.182, 'epoch': 2.53}
{'loss': 0.6235, 'learning_rate': 0.0001563915811206056, 'epoch': 2.53}
{'loss': 0.6235, 'learning_rate': 0.00015524459482709182, 'epoch': 2.54}
{'loss': 0.6278, 'learning_rate': 0.000154097608533578, 'epoch': 2.54}
{'loss': 0.6259, 'learning_rate': 0.00015295062224006422, 'epoch': 2.54}
{'loss': 0.649, 'learning_rate': 0.00015180363594655044, 'epoch': 2.55}
{'loss': 0.6165, 'learning_rate': 0.00015065664965303665, 'epoch': 2.55}
{'loss': 0.6055, 'learning_rate': 0.00014950966335952284, 'epoch': 2.55}
{'loss': 0.5926, 'learning_rate': 0.00014836267706600905, 'epoch': 2.56}
{'loss': 0.6131, 'learning_rate': 0.00014721569077249527, 'epoch': 2.56}
{'loss': 0.6126, 'learning_rate': 0.00014606870447898148, 'epoch': 2.56}
{'loss': 0.6252, 'learning_rate': 0.00014492171818546767, 'epoch': 2.57}
{'loss': 0.6172, 'learning_rate': 0.00014377473189195389, 'epoch': 2.57}
{'loss': 0.6096, 'learning_rate': 0.0001426277455984401, 'epoch': 2.57}
{'eval_loss': 0.5256147980690002, 'eval_bce': 0.5171740186234145, 'eval_n_pos': 2024.0, 'eval_pos_rate': 0.09120814744716327, 'eval_auroc': 0.6583170962189041, 'eval_auprc': 0.19459135308970105, 'eval_mcc': 0.1397464901762073, 'eval_precision': 0.2782874617737003, 'eval_recall': 0.13488142292490118, 'eval_f1': 0.1816971713810316, 'eval_runtime': 159.0059, 'eval_samples_per_second': 139.561, 'eval_steps_per_second': 2.182, 'epoch': 2.57}
{'loss': 0.6223, 'learning_rate': 0.00014148075930492631, 'epoch': 2.58}
{'loss': 0.6294, 'learning_rate': 0.0001403337730114125, 'epoch': 2.58}
{'loss': 0.6416, 'learning_rate': 0.00013918678671789872, 'epoch': 2.58}
{'loss': 0.6129, 'learning_rate': 0.00013803980042438493, 'epoch': 2.59}
{'loss': 0.6092, 'learning_rate': 0.00013689281413087115, 'epoch': 2.59}
{'loss': 0.6086, 'learning_rate': 0.00013574582783735734, 'epoch': 2.59}
{'loss': 0.6257, 'learning_rate': 0.00013459884154384355, 'epoch': 2.6}
{'loss': 0.5814, 'learning_rate': 0.00013345185525032976, 'epoch': 2.6}
{'loss': 0.601, 'learning_rate': 0.00013230486895681598, 'epoch': 2.6}
{'loss': 0.6385, 'learning_rate': 0.00013115788266330217, 'epoch': 2.61}
{'loss': 0.6119, 'learning_rate': 0.00013001089636978838, 'epoch': 2.61}
{'loss': 0.6209, 'learning_rate': 0.0001288639100762746, 'epoch': 2.61}
{'eval_loss': 0.5227817296981812, 'eval_bce': 0.5142657671534914, 'eval_n_pos': 2024.0, 'eval_pos_rate': 0.09120814744716327, 'eval_auroc': 0.6615589251685187, 'eval_auprc': 0.19626422034751825, 'eval_mcc': 0.14001554817747036, 'eval_precision': 0.2822410147991543, 'eval_recall': 0.13191699604743082, 'eval_f1': 0.1797979797979798, 'eval_runtime': 158.567, 'eval_samples_per_second': 139.947, 'eval_steps_per_second': 2.188, 'epoch': 2.62}
{'loss': 0.5937, 'learning_rate': 0.00012771692378276079, 'epoch': 2.62}
{'loss': 0.6284, 'learning_rate': 0.000126569937489247, 'epoch': 2.62}
{'loss': 0.6267, 'learning_rate': 0.00012542295119573321, 'epoch': 2.62}
{'loss': 0.5918, 'learning_rate': 0.0001242759649022194, 'epoch': 2.63}
{'loss': 0.6108, 'learning_rate': 0.00012312897860870562, 'epoch': 2.63}
{'loss': 0.6178, 'learning_rate': 0.00012198199231519183, 'epoch': 2.64}
{'loss': 0.6448, 'learning_rate': 0.00012083500602167805, 'epoch': 2.64}
{'loss': 0.615, 'learning_rate': 0.00011968801972816425, 'epoch': 2.64}
{'loss': 0.6304, 'learning_rate': 0.00011854103343465046, 'epoch': 2.65}
{'loss': 0.6158, 'learning_rate': 0.00011739404714113666, 'epoch': 2.65}
{'loss': 0.6076, 'learning_rate': 0.00011624706084762288, 'epoch': 2.65}
{'loss': 0.6611, 'learning_rate': 0.00011510007455410908, 'epoch': 2.66}
{'loss': 0.6016, 'learning_rate': 0.0001139530882605953, 'epoch': 2.66}
{'eval_loss': 0.5207539796829224, 'eval_bce': 0.5120678676950835, 'eval_n_pos': 2024.0, 'eval_pos_rate': 0.09120814744716327, 'eval_auroc': 0.6602468817194607, 'eval_auprc': 0.19670139088204586, 'eval_mcc': 0.14558582608271248, 'eval_precision': 0.2954292084726867, 'eval_recall': 0.1309288537549407, 'eval_f1': 0.18144471071550838, 'eval_runtime': 158.955, 'eval_samples_per_second': 139.606, 'eval_steps_per_second': 2.183, 'epoch': 2.66}
{'loss': 0.5971, 'learning_rate': 0.0001128061019670815, 'epoch': 2.66}
{'loss': 0.6248, 'learning_rate': 0.00011165911567356771, 'epoch': 2.67}
{'loss': 0.6318, 'learning_rate': 0.00011051212938005391, 'epoch': 2.67}
{'loss': 0.5981, 'learning_rate': 0.00010936514308654013, 'epoch': 2.67}
{'loss': 0.641, 'learning_rate': 0.00010821815679302633, 'epoch': 2.68}
{'loss': 0.6228, 'learning_rate': 0.00010707117049951254, 'epoch': 2.68}
{'loss': 0.6248, 'learning_rate': 0.00010592418420599873, 'epoch': 2.68}
{'loss': 0.609, 'learning_rate': 0.00010477719791248495, 'epoch': 2.69}
{'loss': 0.6342, 'learning_rate': 0.00010363021161897115, 'epoch': 2.69}
{'loss': 0.6229, 'learning_rate': 0.00010248322532545736, 'epoch': 2.69}
{'loss': 0.6217, 'learning_rate': 0.00010133623903194356, 'epoch': 2.7}
{'loss': 0.612, 'learning_rate': 0.00010018925273842978, 'epoch': 2.7}
{'eval_loss': 0.523152768611908, 'eval_bce': 0.5145391694709824, 'eval_n_pos': 2024.0, 'eval_pos_rate': 0.09120814744716327, 'eval_auroc': 0.659715388364861, 'eval_auprc': 0.19576512506445726, 'eval_mcc': 0.14483451360396968, 'eval_precision': 0.29193899782135074, 'eval_recall': 0.1324110671936759, 'eval_f1': 0.1821889870836166, 'eval_runtime': 158.9439, 'eval_samples_per_second': 139.615, 'eval_steps_per_second': 2.183, 'epoch': 2.7}
{'loss': 0.6399, 'learning_rate': 9.904226644491598e-05, 'epoch': 2.7}
{'loss': 0.6035, 'learning_rate': 9.78952801514022e-05, 'epoch': 2.71}
{'loss': 0.6388, 'learning_rate': 9.67482938578884e-05, 'epoch': 2.71}
{'loss': 0.6122, 'learning_rate': 9.56013075643746e-05, 'epoch': 2.71}
{'loss': 0.6114, 'learning_rate': 9.445432127086081e-05, 'epoch': 2.72}
{'loss': 0.6186, 'learning_rate': 9.330733497734701e-05, 'epoch': 2.72}
{'loss': 0.6208, 'learning_rate': 9.216034868383323e-05, 'epoch': 2.72}
{'loss': 0.6142, 'learning_rate': 9.101336239031943e-05, 'epoch': 2.73}
{'loss': 0.6346, 'learning_rate': 8.986637609680565e-05, 'epoch': 2.73}
{'loss': 0.6004, 'learning_rate': 8.871938980329185e-05, 'epoch': 2.73}
{'loss': 0.6205, 'learning_rate': 8.757240350977806e-05, 'epoch': 2.74}
{'loss': 0.6281, 'learning_rate': 8.642541721626426e-05, 'epoch': 2.74}
{'loss': 0.6179, 'learning_rate': 8.527843092275048e-05, 'epoch': 2.74}
{'eval_loss': 0.5194739699363708, 'eval_bce': 0.5105954912674696, 'eval_n_pos': 2024.0, 'eval_pos_rate': 0.09120814744716327, 'eval_auroc': 0.6598280469737771, 'eval_auprc': 0.19766341525475536, 'eval_mcc': 0.14919905607933728, 'eval_precision': 0.3047508690614137, 'eval_recall': 0.1299407114624506, 'eval_f1': 0.1821960512642882, 'eval_runtime': 158.6055, 'eval_samples_per_second': 139.913, 'eval_steps_per_second': 2.188, 'epoch': 2.74}
{'loss': 0.6079, 'learning_rate': 8.413144462923668e-05, 'epoch': 2.75}
{'loss': 0.6158, 'learning_rate': 8.29844583357229e-05, 'epoch': 2.75}
{'loss': 0.6086, 'learning_rate': 8.18374720422091e-05, 'epoch': 2.76}
{'loss': 0.6488, 'learning_rate': 8.069048574869531e-05, 'epoch': 2.76}
{'loss': 0.6148, 'learning_rate': 7.954349945518151e-05, 'epoch': 2.76}
{'loss': 0.6142, 'learning_rate': 7.839651316166773e-05, 'epoch': 2.77}
{'loss': 0.6273, 'learning_rate': 7.724952686815393e-05, 'epoch': 2.77}
{'loss': 0.6152, 'learning_rate': 7.610254057464014e-05, 'epoch': 2.77}
{'loss': 0.6314, 'learning_rate': 7.495555428112634e-05, 'epoch': 2.78}
{'loss': 0.593, 'learning_rate': 7.380856798761256e-05, 'epoch': 2.78}
{'loss': 0.6016, 'learning_rate': 7.266158169409876e-05, 'epoch': 2.78}
{'loss': 0.5955, 'learning_rate': 7.151459540058498e-05, 'epoch': 2.79}
{'eval_loss': 0.521966278553009, 'eval_bce': 0.5132950114566215, 'eval_n_pos': 2024.0, 'eval_pos_rate': 0.09120814744716327, 'eval_auroc': 0.6585345492607088, 'eval_auprc': 0.19662349881650584, 'eval_mcc': 0.13946311126931893, 'eval_precision': 0.2834051724137931, 'eval_recall': 0.1299407114624506, 'eval_f1': 0.1781842818428184, 'eval_runtime': 158.8956, 'eval_samples_per_second': 139.658, 'eval_steps_per_second': 2.184, 'epoch': 2.79}
{'loss': 0.6179, 'learning_rate': 7.036760910707118e-05, 'epoch': 2.79}
{'loss': 0.5966, 'learning_rate': 6.922062281355739e-05, 'epoch': 2.79}
{'loss': 0.6492, 'learning_rate': 6.807363652004358e-05, 'epoch': 2.8}
{'loss': 0.6377, 'learning_rate': 6.69266502265298e-05, 'epoch': 2.8}
{'loss': 0.6111, 'learning_rate': 6.5779663933016e-05, 'epoch': 2.8}
{'loss': 0.5982, 'learning_rate': 6.463267763950221e-05, 'epoch': 2.81}
{'loss': 0.6027, 'learning_rate': 6.348569134598841e-05, 'epoch': 2.81}
{'loss': 0.5859, 'learning_rate': 6.233870505247463e-05, 'epoch': 2.81}
{'loss': 0.5946, 'learning_rate': 6.119171875896083e-05, 'epoch': 2.82}
{'loss': 0.6143, 'learning_rate': 6.004473246544704e-05, 'epoch': 2.82}
{'loss': 0.6073, 'learning_rate': 5.889774617193325e-05, 'epoch': 2.82}
{'loss': 0.6157, 'learning_rate': 5.775075987841945e-05, 'epoch': 2.83}
{'loss': 0.5962, 'learning_rate': 5.660377358490566e-05, 'epoch': 2.83}
{'eval_loss': 0.5237974524497986, 'eval_bce': 0.515255327195552, 'eval_n_pos': 2024.0, 'eval_pos_rate': 0.09120814744716327, 'eval_auroc': 0.6583309871466535, 'eval_auprc': 0.19529441990448942, 'eval_mcc': 0.13932226370426906, 'eval_precision': 0.27852004110996914, 'eval_recall': 0.13389328063241107, 'eval_f1': 0.18084751418084752, 'eval_runtime': 158.9037, 'eval_samples_per_second': 139.651, 'eval_steps_per_second': 2.184, 'epoch': 2.83}
{'loss': 0.6119, 'learning_rate': 5.545678729139187e-05, 'epoch': 2.83}
{'loss': 0.6188, 'learning_rate': 5.4309800997878076e-05, 'epoch': 2.84}
{'loss': 0.6105, 'learning_rate': 5.3162814704364285e-05, 'epoch': 2.84}
{'loss': 0.6204, 'learning_rate': 5.201582841085049e-05, 'epoch': 2.84}
{'loss': 0.61, 'learning_rate': 5.08688421173367e-05, 'epoch': 2.85}
{'loss': 0.6307, 'learning_rate': 4.972185582382291e-05, 'epoch': 2.85}
{'loss': 0.6314, 'learning_rate': 4.857486953030912e-05, 'epoch': 2.85}
{'loss': 0.6144, 'learning_rate': 4.7427883236795325e-05, 'epoch': 2.86}
{'loss': 0.6269, 'learning_rate': 4.628089694328153e-05, 'epoch': 2.86}
{'loss': 0.6212, 'learning_rate': 4.5133910649767735e-05, 'epoch': 2.86}
{'loss': 0.5998, 'learning_rate': 4.398692435625394e-05, 'epoch': 2.87}
{'loss': 0.6246, 'learning_rate': 4.283993806274015e-05, 'epoch': 2.87}
{'eval_loss': 0.5213460326194763, 'eval_bce': 0.5126665047969292, 'eval_n_pos': 2024.0, 'eval_pos_rate': 0.09120814744716327, 'eval_auroc': 0.6593654937791182, 'eval_auprc': 0.19583074957236926, 'eval_mcc': 0.14184979197794295, 'eval_precision': 0.2849576271186441, 'eval_recall': 0.13290513833992096, 'eval_f1': 0.181266846361186, 'eval_runtime': 158.8764, 'eval_samples_per_second': 139.675, 'eval_steps_per_second': 2.184, 'epoch': 2.87}
{'loss': 0.6377, 'learning_rate': 4.169295176922636e-05, 'epoch': 2.88}
{'loss': 0.6058, 'learning_rate': 4.054596547571257e-05, 'epoch': 2.88}
{'loss': 0.6103, 'learning_rate': 3.939897918219877e-05, 'epoch': 2.88}
{'loss': 0.6162, 'learning_rate': 3.8251992888684976e-05, 'epoch': 2.89}
{'loss': 0.6195, 'learning_rate': 3.7105006595171184e-05, 'epoch': 2.89}
{'loss': 0.6297, 'learning_rate': 3.595802030165739e-05, 'epoch': 2.89}
{'loss': 0.6142, 'learning_rate': 3.48110340081436e-05, 'epoch': 2.9}
{'loss': 0.6001, 'learning_rate': 3.366404771462981e-05, 'epoch': 2.9}
{'loss': 0.6147, 'learning_rate': 3.251706142111602e-05, 'epoch': 2.9}
{'loss': 0.6038, 'learning_rate': 3.1370075127602225e-05, 'epoch': 2.91}
{'loss': 0.613, 'learning_rate': 3.0223088834088433e-05, 'epoch': 2.91}
{'loss': 0.6292, 'learning_rate': 2.907610254057464e-05, 'epoch': 2.91}
{'loss': 0.6251, 'learning_rate': 2.792911624706085e-05, 'epoch': 2.92}
{'eval_loss': 0.5213504433631897, 'eval_bce': 0.5126541396584419, 'eval_n_pos': 2024.0, 'eval_pos_rate': 0.09120814744716327, 'eval_auroc': 0.6593540405009476, 'eval_auprc': 0.1960074175866523, 'eval_mcc': 0.13917126656642295, 'eval_precision': 0.281615302869288, 'eval_recall': 0.1309288537549407, 'eval_f1': 0.178752107925801, 'eval_runtime': 158.4269, 'eval_samples_per_second': 140.071, 'eval_steps_per_second': 2.19, 'epoch': 2.92}
{'loss': 0.6229, 'learning_rate': 2.6782129953547057e-05, 'epoch': 2.92}
{'loss': 0.648, 'learning_rate': 2.5635143660033266e-05, 'epoch': 2.92}
{'loss': 0.6378, 'learning_rate': 2.448815736651947e-05, 'epoch': 2.93}
{'loss': 0.6213, 'learning_rate': 2.334117107300568e-05, 'epoch': 2.93}
{'loss': 0.6302, 'learning_rate': 2.2194184779491886e-05, 'epoch': 2.93}
{'loss': 0.6333, 'learning_rate': 2.1047198485978095e-05, 'epoch': 2.94}
{'loss': 0.6041, 'learning_rate': 1.99002121924643e-05, 'epoch': 2.94}
{'loss': 0.5925, 'learning_rate': 1.8753225898950507e-05, 'epoch': 2.94}
{'loss': 0.6127, 'learning_rate': 1.7606239605436715e-05, 'epoch': 2.95}
{'loss': 0.6203, 'learning_rate': 1.6459253311922924e-05, 'epoch': 2.95}
{'loss': 0.6326, 'learning_rate': 1.5312267018409128e-05, 'epoch': 2.95}
{'loss': 0.6032, 'learning_rate': 1.4165280724895338e-05, 'epoch': 2.96}
{'eval_loss': 0.5206421613693237, 'eval_bce': 0.5119175961025895, 'eval_n_pos': 2024.0, 'eval_pos_rate': 0.09120814744716327, 'eval_auroc': 0.6593498879220171, 'eval_auprc': 0.19589213276034506, 'eval_mcc': 0.13933260591453453, 'eval_precision': 0.28431372549019607, 'eval_recall': 0.12895256916996048, 'eval_f1': 0.1774303195105371, 'eval_runtime': 158.8007, 'eval_samples_per_second': 139.741, 'eval_steps_per_second': 2.185, 'epoch': 2.96}
{'loss': 0.6249, 'learning_rate': 1.3018294431381544e-05, 'epoch': 2.96}
{'loss': 0.6173, 'learning_rate': 1.1871308137867753e-05, 'epoch': 2.96}
{'loss': 0.6272, 'learning_rate': 1.072432184435396e-05, 'epoch': 2.97}
{'loss': 0.6146, 'learning_rate': 9.577335550840169e-06, 'epoch': 2.97}
{'loss': 0.6084, 'learning_rate': 8.430349257326375e-06, 'epoch': 2.97}
{'loss': 0.6171, 'learning_rate': 7.2833629638125824e-06, 'epoch': 2.98}
{'loss': 0.6272, 'learning_rate': 6.1363766702987905e-06, 'epoch': 2.98}
{'loss': 0.6199, 'learning_rate': 4.989390376784997e-06, 'epoch': 2.99}
{'loss': 0.6362, 'learning_rate': 3.842404083271205e-06, 'epoch': 2.99}
{'loss': 0.6095, 'learning_rate': 2.6954177897574127e-06, 'epoch': 2.99}
{'loss': 0.6037, 'learning_rate': 1.5484314962436198e-06, 'epoch': 3.0}
{'loss': 0.5998, 'learning_rate': 4.014452027298274e-07, 'epoch': 3.0}
{'train_runtime': 15539.0882, 'train_samples_per_second': 36.006, 'train_steps_per_second': 1.125, 'train_loss': 0.6324939522454456, 'epoch': 3.0}
    dev AUROC = 0.6619816062557486
--- Stage-2a s=20 -> /home/asm242/palmer_scratch/entexBERT-2_experiments/EN-TEx/experiments/stage2_ctcf_clf_stem/runs/clf_2a_s20 ---
{'loss': 0.6853, 'learning_rate': 0.0004, 'epoch': 0.0}
{'loss': 0.675, 'learning_rate': 0.0008, 'epoch': 0.01}
{'loss': 0.6619, 'learning_rate': 0.000999426506853243, 'epoch': 0.01}
{'loss': 0.683, 'learning_rate': 0.0009982795205597294, 'epoch': 0.01}
{'loss': 0.6811, 'learning_rate': 0.0009971325342662154, 'epoch': 0.02}
{'loss': 0.6584, 'learning_rate': 0.0009959855479727017, 'epoch': 0.02}
{'loss': 0.6682, 'learning_rate': 0.000994838561679188, 'epoch': 0.02}
{'loss': 0.6749, 'learning_rate': 0.000993691575385674, 'epoch': 0.03}
{'loss': 0.6654, 'learning_rate': 0.0009925445890921604, 'epoch': 0.03}
{'loss': 0.6793, 'learning_rate': 0.0009913976027986465, 'epoch': 0.03}
{'loss': 0.6617, 'learning_rate': 0.0009902506165051328, 'epoch': 0.04}
{'loss': 0.6752, 'learning_rate': 0.000989103630211619, 'epoch': 0.04}
{'eval_loss': 0.6801747679710388, 'eval_bce': 0.6797737287188652, 'eval_n_pos': 2024.0, 'eval_pos_rate': 0.09120814744716327, 'eval_auroc': 0.5964984254008672, 'eval_auprc': 0.16291913382138667, 'eval_mcc': 0.11227340706073298, 'eval_precision': 0.16801437556154536, 'eval_recall': 0.27717391304347827, 'eval_f1': 0.20921126235316054, 'eval_runtime': 156.3169, 'eval_samples_per_second': 141.962, 'eval_steps_per_second': 2.22, 'epoch': 0.04}
{'loss': 0.659, 'learning_rate': 0.0009879566439181052, 'epoch': 0.04}
{'loss': 0.6437, 'learning_rate': 0.0009868096576245915, 'epoch': 0.05}
{'loss': 0.683, 'learning_rate': 0.0009856626713310775, 'epoch': 0.05}
{'loss': 0.6541, 'learning_rate': 0.0009845156850375638, 'epoch': 0.05}
{'loss': 0.6665, 'learning_rate': 0.00098336869874405, 'epoch': 0.06}
{'loss': 0.6522, 'learning_rate': 0.0009822217124505362, 'epoch': 0.06}
{'loss': 0.6689, 'learning_rate': 0.0009810747261570225, 'epoch': 0.07}
{'loss': 0.6655, 'learning_rate': 0.0009799277398635088, 'epoch': 0.07}
{'loss': 0.6647, 'learning_rate': 0.0009787807535699949, 'epoch': 0.07}
{'loss': 0.6774, 'learning_rate': 0.000977633767276481, 'epoch': 0.08}
{'loss': 0.6545, 'learning_rate': 0.0009764867809829672, 'epoch': 0.08}
{'loss': 0.6707, 'learning_rate': 0.0009753397946894534, 'epoch': 0.08}
{'loss': 0.6442, 'learning_rate': 0.0009741928083959397, 'epoch': 0.09}
{'eval_loss': 0.6467038989067078, 'eval_bce': 0.6453228600322415, 'eval_n_pos': 2024.0, 'eval_pos_rate': 0.09120814744716327, 'eval_auroc': 0.5990891814220822, 'eval_auprc': 0.16171317724589088, 'eval_mcc': 0.11429417821717561, 'eval_precision': 0.1913123844731978, 'eval_recall': 0.20454545454545456, 'eval_f1': 0.19770773638968483, 'eval_runtime': 156.5825, 'eval_samples_per_second': 141.721, 'eval_steps_per_second': 2.216, 'epoch': 0.09}
{'loss': 0.6612, 'learning_rate': 0.0009730458221024259, 'epoch': 0.09}
{'loss': 0.6513, 'learning_rate': 0.0009718988358089121, 'epoch': 0.09}
{'loss': 0.6548, 'learning_rate': 0.0009707518495153983, 'epoch': 0.1}
{'loss': 0.6568, 'learning_rate': 0.0009696048632218846, 'epoch': 0.1}
{'loss': 0.6655, 'learning_rate': 0.0009684578769283708, 'epoch': 0.1}
{'loss': 0.6524, 'learning_rate': 0.0009673108906348569, 'epoch': 0.11}
{'loss': 0.6672, 'learning_rate': 0.0009661639043413432, 'epoch': 0.11}
{'loss': 0.6214, 'learning_rate': 0.0009650169180478293, 'epoch': 0.11}
{'loss': 0.6538, 'learning_rate': 0.0009638699317543156, 'epoch': 0.12}
{'loss': 0.6621, 'learning_rate': 0.0009627229454608017, 'epoch': 0.12}
{'loss': 0.6401, 'learning_rate': 0.000961575959167288, 'epoch': 0.12}
{'loss': 0.6638, 'learning_rate': 0.0009604289728737742, 'epoch': 0.13}
{'eval_loss': 0.615570604801178, 'eval_bce': 0.6128429123129195, 'eval_n_pos': 2024.0, 'eval_pos_rate': 0.09120814744716327, 'eval_auroc': 0.6106801071723049, 'eval_auprc': 0.1841864007485281, 'eval_mcc': 0.13346043703627072, 'eval_precision': 0.2297979797979798, 'eval_recall': 0.17984189723320157, 'eval_f1': 0.2017738359201774, 'eval_runtime': 156.5836, 'eval_samples_per_second': 141.72, 'eval_steps_per_second': 2.216, 'epoch': 0.13}
{'loss': 0.657, 'learning_rate': 0.0009592819865802603, 'epoch': 0.13}
{'loss': 0.6676, 'learning_rate': 0.0009581350002867466, 'epoch': 0.13}
{'loss': 0.6625, 'learning_rate': 0.0009569880139932328, 'epoch': 0.14}
{'loss': 0.6488, 'learning_rate': 0.0009558410276997191, 'epoch': 0.14}
{'loss': 0.6718, 'learning_rate': 0.0009546940414062051, 'epoch': 0.14}
{'loss': 0.6544, 'learning_rate': 0.0009535470551126914, 'epoch': 0.15}
{'loss': 0.6599, 'learning_rate': 0.0009524000688191776, 'epoch': 0.15}
{'loss': 0.6411, 'learning_rate': 0.0009512530825256639, 'epoch': 0.15}
{'loss': 0.6383, 'learning_rate': 0.00095010609623215, 'epoch': 0.16}
{'loss': 0.6572, 'learning_rate': 0.0009489591099386362, 'epoch': 0.16}
{'loss': 0.6615, 'learning_rate': 0.0009478121236451225, 'epoch': 0.16}
{'loss': 0.6505, 'learning_rate': 0.0009466651373516087, 'epoch': 0.17}
{'loss': 0.6594, 'learning_rate': 0.0009455181510580949, 'epoch': 0.17}
{'eval_loss': 0.594100296497345, 'eval_bce': 0.5907105473572971, 'eval_n_pos': 2024.0, 'eval_pos_rate': 0.09120814744716327, 'eval_auroc': 0.6270846803695076, 'eval_auprc': 0.17989807619413362, 'eval_mcc': 0.1380241851016549, 'eval_precision': 0.2515576323987539, 'eval_recall': 0.15958498023715414, 'eval_f1': 0.19528415961305925, 'eval_runtime': 156.5337, 'eval_samples_per_second': 141.765, 'eval_steps_per_second': 2.217, 'epoch': 0.17}
{'loss': 0.6443, 'learning_rate': 0.000944371164764581, 'epoch': 0.17}
{'loss': 0.6664, 'learning_rate': 0.0009432241784710673, 'epoch': 0.18}
{'loss': 0.6619, 'learning_rate': 0.0009420771921775535, 'epoch': 0.18}
{'loss': 0.6527, 'learning_rate': 0.0009409302058840396, 'epoch': 0.19}
{'loss': 0.6515, 'learning_rate': 0.0009397832195905259, 'epoch': 0.19}
{'loss': 0.6478, 'learning_rate': 0.0009386362332970121, 'epoch': 0.19}
{'loss': 0.6626, 'learning_rate': 0.0009374892470034984, 'epoch': 0.2}
{'loss': 0.6441, 'learning_rate': 0.0009363422607099845, 'epoch': 0.2}
{'loss': 0.6487, 'learning_rate': 0.0009351952744164708, 'epoch': 0.2}
{'loss': 0.646, 'learning_rate': 0.000934048288122957, 'epoch': 0.21}
{'loss': 0.6445, 'learning_rate': 0.0009329013018294431, 'epoch': 0.21}
{'loss': 0.65, 'learning_rate': 0.0009317543155359293, 'epoch': 0.21}
{'eval_loss': 0.5869119763374329, 'eval_bce': 0.583946686774357, 'eval_n_pos': 2024.0, 'eval_pos_rate': 0.09120814744716327, 'eval_auroc': 0.5947899392836613, 'eval_auprc': 0.16313348325365362, 'eval_mcc': 0.1047651462007088, 'eval_precision': 0.20943952802359883, 'eval_recall': 0.14031620553359683, 'eval_f1': 0.1680473372781065, 'eval_runtime': 156.5535, 'eval_samples_per_second': 141.747, 'eval_steps_per_second': 2.216, 'epoch': 0.21}
{'loss': 0.6631, 'learning_rate': 0.0009306073292424155, 'epoch': 0.22}
{'loss': 0.6541, 'learning_rate': 0.0009294603429489018, 'epoch': 0.22}
{'loss': 0.6522, 'learning_rate': 0.000928313356655388, 'epoch': 0.22}
{'loss': 0.6518, 'learning_rate': 0.0009271663703618742, 'epoch': 0.23}
{'loss': 0.6495, 'learning_rate': 0.0009260193840683604, 'epoch': 0.23}
{'loss': 0.6493, 'learning_rate': 0.0009248723977748467, 'epoch': 0.23}
{'loss': 0.6554, 'learning_rate': 0.0009237254114813329, 'epoch': 0.24}
{'loss': 0.6537, 'learning_rate': 0.0009225784251878189, 'epoch': 0.24}
{'loss': 0.6624, 'learning_rate': 0.0009214314388943052, 'epoch': 0.24}
{'loss': 0.6685, 'learning_rate': 0.0009202844526007914, 'epoch': 0.25}
{'loss': 0.6564, 'learning_rate': 0.0009191374663072777, 'epoch': 0.25}
{'loss': 0.6565, 'learning_rate': 0.0009179904800137638, 'epoch': 0.25}
{'loss': 0.6536, 'learning_rate': 0.0009168434937202501, 'epoch': 0.26}
{'eval_loss': 0.568461000919342, 'eval_bce': 0.5643133517007772, 'eval_n_pos': 2024.0, 'eval_pos_rate': 0.09120814744716327, 'eval_auroc': 0.6225851957302767, 'eval_auprc': 0.18098971424062957, 'eval_mcc': 0.12648820311773826, 'eval_precision': 0.24612736660929432, 'eval_recall': 0.14130434782608695, 'eval_f1': 0.17953546767106088, 'eval_runtime': 156.016, 'eval_samples_per_second': 142.235, 'eval_steps_per_second': 2.224, 'epoch': 0.26}
{'loss': 0.6452, 'learning_rate': 0.0009156965074267363, 'epoch': 0.26}
{'loss': 0.6462, 'learning_rate': 0.0009145495211332225, 'epoch': 0.26}
{'loss': 0.6501, 'learning_rate': 0.0009134025348397087, 'epoch': 0.27}
{'loss': 0.6528, 'learning_rate': 0.0009122555485461948, 'epoch': 0.27}
{'loss': 0.6476, 'learning_rate': 0.0009111085622526811, 'epoch': 0.27}
{'loss': 0.6368, 'learning_rate': 0.0009099615759591673, 'epoch': 0.28}
{'loss': 0.6314, 'learning_rate': 0.0009088145896656535, 'epoch': 0.28}
{'loss': 0.6499, 'learning_rate': 0.0009076676033721397, 'epoch': 0.28}
{'loss': 0.6487, 'learning_rate': 0.0009065206170786259, 'epoch': 0.29}
{'loss': 0.6506, 'learning_rate': 0.0009053736307851122, 'epoch': 0.29}
{'loss': 0.6606, 'learning_rate': 0.0009042266444915983, 'epoch': 0.3}
{'loss': 0.6277, 'learning_rate': 0.0009030796581980846, 'epoch': 0.3}
{'eval_loss': 0.5699328780174255, 'eval_bce': 0.5660976897438409, 'eval_n_pos': 2024.0, 'eval_pos_rate': 0.09120814744716327, 'eval_auroc': 0.6146006194128826, 'eval_auprc': 0.16850106686573518, 'eval_mcc': 0.11100629628720199, 'eval_precision': 0.2163355408388521, 'eval_recall': 0.14525691699604742, 'eval_f1': 0.17381022760863138, 'eval_runtime': 155.3763, 'eval_samples_per_second': 142.821, 'eval_steps_per_second': 2.233, 'epoch': 0.3}
{'loss': 0.6563, 'learning_rate': 0.0009019326719045708, 'epoch': 0.3}
{'loss': 0.6339, 'learning_rate': 0.000900785685611057, 'epoch': 0.31}
{'loss': 0.6596, 'learning_rate': 0.0008996386993175431, 'epoch': 0.31}
{'loss': 0.665, 'learning_rate': 0.0008984917130240294, 'epoch': 0.31}
{'loss': 0.6635, 'learning_rate': 0.0008973447267305156, 'epoch': 0.32}
{'loss': 0.6411, 'learning_rate': 0.0008961977404370018, 'epoch': 0.32}
{'loss': 0.659, 'learning_rate': 0.000895050754143488, 'epoch': 0.32}
{'loss': 0.6623, 'learning_rate': 0.0008939037678499742, 'epoch': 0.33}
{'loss': 0.6465, 'learning_rate': 0.0008927567815564605, 'epoch': 0.33}
{'loss': 0.6576, 'learning_rate': 0.0008916097952629467, 'epoch': 0.33}
{'loss': 0.6464, 'learning_rate': 0.0008904628089694329, 'epoch': 0.34}
{'loss': 0.636, 'learning_rate': 0.000889315822675919, 'epoch': 0.34}
{'loss': 0.6263, 'learning_rate': 0.0008881688363824052, 'epoch': 0.34}
{'eval_loss': 0.5680131912231445, 'eval_bce': 0.563886259473935, 'eval_n_pos': 2024.0, 'eval_pos_rate': 0.09120814744716327, 'eval_auroc': 0.6305468409923383, 'eval_auprc': 0.1722511088909518, 'eval_mcc': 0.12277365022944993, 'eval_precision': 0.22789360172537743, 'eval_recall': 0.1566205533596838, 'eval_f1': 0.1856515373352855, 'eval_runtime': 155.1214, 'eval_samples_per_second': 143.056, 'eval_steps_per_second': 2.237, 'epoch': 0.34}
{'loss': 0.6662, 'learning_rate': 0.0008870218500888915, 'epoch': 0.35}
{'loss': 0.644, 'learning_rate': 0.0008858748637953776, 'epoch': 0.35}
{'loss': 0.6424, 'learning_rate': 0.0008847278775018639, 'epoch': 0.35}
{'loss': 0.6387, 'learning_rate': 0.0008835808912083501, 'epoch': 0.36}
{'loss': 0.6526, 'learning_rate': 0.0008824339049148363, 'epoch': 0.36}
{'loss': 0.6189, 'learning_rate': 0.0008812869186213225, 'epoch': 0.36}
{'loss': 0.6496, 'learning_rate': 0.0008801399323278086, 'epoch': 0.37}
{'loss': 0.6683, 'learning_rate': 0.0008789929460342949, 'epoch': 0.37}
{'loss': 0.6453, 'learning_rate': 0.000877845959740781, 'epoch': 0.37}
{'loss': 0.6358, 'learning_rate': 0.0008766989734472673, 'epoch': 0.38}
{'loss': 0.6714, 'learning_rate': 0.0008755519871537535, 'epoch': 0.38}
{'loss': 0.6366, 'learning_rate': 0.0008744050008602398, 'epoch': 0.38}
{'eval_loss': 0.5495315194129944, 'eval_bce': 0.5446500722260088, 'eval_n_pos': 2024.0, 'eval_pos_rate': 0.09120814744716327, 'eval_auroc': 0.6337213957133823, 'eval_auprc': 0.18108455911141352, 'eval_mcc': 0.13441156428147566, 'eval_precision': 0.27675675675675676, 'eval_recall': 0.12648221343873517, 'eval_f1': 0.17361817565276363, 'eval_runtime': 155.3142, 'eval_samples_per_second': 142.878, 'eval_steps_per_second': 2.234, 'epoch': 0.39}
{'loss': 0.6498, 'learning_rate': 0.0008732580145667259, 'epoch': 0.39}
{'loss': 0.647, 'learning_rate': 0.0008721110282732122, 'epoch': 0.39}
{'loss': 0.6635, 'learning_rate': 0.0008709640419796984, 'epoch': 0.39}
{'loss': 0.6593, 'learning_rate': 0.0008698170556861846, 'epoch': 0.4}
{'loss': 0.6434, 'learning_rate': 0.0008686700693926707, 'epoch': 0.4}
{'loss': 0.6551, 'learning_rate': 0.0008675230830991569, 'epoch': 0.4}
{'loss': 0.6486, 'learning_rate': 0.0008663760968056432, 'epoch': 0.41}
{'loss': 0.6284, 'learning_rate': 0.0008652291105121294, 'epoch': 0.41}
{'loss': 0.6376, 'learning_rate': 0.0008640821242186156, 'epoch': 0.42}
{'loss': 0.6669, 'learning_rate': 0.0008629351379251018, 'epoch': 0.42}
{'loss': 0.6561, 'learning_rate': 0.000861788151631588, 'epoch': 0.42}
{'loss': 0.6717, 'learning_rate': 0.0008606411653380743, 'epoch': 0.43}
{'loss': 0.6595, 'learning_rate': 0.0008594941790445604, 'epoch': 0.43}
{'eval_loss': 0.5488617420196533, 'eval_bce': 0.5440683751508876, 'eval_n_pos': 2024.0, 'eval_pos_rate': 0.09120814744716327, 'eval_auroc': 0.6345461664861254, 'eval_auprc': 0.17674431523799233, 'eval_mcc': 0.12356475509847609, 'eval_precision': 0.25395256916996045, 'eval_recall': 0.12697628458498023, 'eval_f1': 0.16930171277997363, 'eval_runtime': 155.3628, 'eval_samples_per_second': 142.833, 'eval_steps_per_second': 2.233, 'epoch': 0.43}
{'loss': 0.6689, 'learning_rate': 0.0008583471927510467, 'epoch': 0.43}
{'loss': 0.6357, 'learning_rate': 0.0008572002064575328, 'epoch': 0.44}
{'loss': 0.6516, 'learning_rate': 0.0008560532201640191, 'epoch': 0.44}
{'loss': 0.6395, 'learning_rate': 0.0008549062338705052, 'epoch': 0.44}
{'loss': 0.6629, 'learning_rate': 0.0008537592475769915, 'epoch': 0.45}
{'loss': 0.6513, 'learning_rate': 0.0008526122612834777, 'epoch': 0.45}
{'loss': 0.6385, 'learning_rate': 0.0008514652749899639, 'epoch': 0.45}
{'loss': 0.6221, 'learning_rate': 0.0008503182886964501, 'epoch': 0.46}
{'loss': 0.6665, 'learning_rate': 0.0008491713024029363, 'epoch': 0.46}
{'loss': 0.6579, 'learning_rate': 0.0008480243161094226, 'epoch': 0.46}
{'loss': 0.6295, 'learning_rate': 0.0008468773298159087, 'epoch': 0.47}
{'loss': 0.6418, 'learning_rate': 0.0008457303435223949, 'epoch': 0.47}
{'eval_loss': 0.5511773228645325, 'eval_bce': 0.546281817832158, 'eval_n_pos': 2024.0, 'eval_pos_rate': 0.09120814744716327, 'eval_auroc': 0.6440613050004793, 'eval_auprc': 0.1873681721402347, 'eval_mcc': 0.14012846920021096, 'eval_precision': 0.2676950998185118, 'eval_recall': 0.14575098814229248, 'eval_f1': 0.18873960332693537, 'eval_runtime': 154.9157, 'eval_samples_per_second': 143.246, 'eval_steps_per_second': 2.24, 'epoch': 0.47}
{'loss': 0.6341, 'learning_rate': 0.0008445833572288811, 'epoch': 0.47}
{'loss': 0.6429, 'learning_rate': 0.0008434363709353673, 'epoch': 0.48}
{'loss': 0.6362, 'learning_rate': 0.0008422893846418536, 'epoch': 0.48}
{'loss': 0.6389, 'learning_rate': 0.0008411423983483397, 'epoch': 0.48}
{'loss': 0.6531, 'learning_rate': 0.000839995412054826, 'epoch': 0.49}
{'loss': 0.6466, 'learning_rate': 0.0008388484257613122, 'epoch': 0.49}
{'loss': 0.6559, 'learning_rate': 0.0008377014394677985, 'epoch': 0.49}
{'loss': 0.6465, 'learning_rate': 0.0008365544531742845, 'epoch': 0.5}
{'loss': 0.6686, 'learning_rate': 0.0008354074668807707, 'epoch': 0.5}
{'loss': 0.6378, 'learning_rate': 0.000834260480587257, 'epoch': 0.5}
{'loss': 0.6808, 'learning_rate': 0.0008331134942937432, 'epoch': 0.51}
{'loss': 0.655, 'learning_rate': 0.0008319665080002294, 'epoch': 0.51}
{'loss': 0.6585, 'learning_rate': 0.0008308195217067156, 'epoch': 0.51}
{'eval_loss': 0.5466968417167664, 'eval_bce': 0.5417255291009591, 'eval_n_pos': 2024.0, 'eval_pos_rate': 0.09120814744716327, 'eval_auroc': 0.6203938222560983, 'eval_auprc': 0.17650777938253798, 'eval_mcc': 0.12242760202931462, 'eval_precision': 0.24881740775780511, 'eval_recall': 0.1299407114624506, 'eval_f1': 0.17072379097695556, 'eval_runtime': 155.2448, 'eval_samples_per_second': 142.942, 'eval_steps_per_second': 2.235, 'epoch': 0.51}
{'loss': 0.6571, 'learning_rate': 0.0008296725354132019, 'epoch': 0.52}
{'loss': 0.6298, 'learning_rate': 0.0008285255491196881, 'epoch': 0.52}
{'loss': 0.6571, 'learning_rate': 0.0008273785628261743, 'epoch': 0.52}
{'loss': 0.6679, 'learning_rate': 0.0008262315765326605, 'epoch': 0.53}
{'loss': 0.6477, 'learning_rate': 0.0008250845902391466, 'epoch': 0.53}
{'loss': 0.6626, 'learning_rate': 0.0008239376039456329, 'epoch': 0.54}
{'loss': 0.6415, 'learning_rate': 0.000822790617652119, 'epoch': 0.54}
{'loss': 0.6356, 'learning_rate': 0.0008216436313586053, 'epoch': 0.54}
{'loss': 0.6315, 'learning_rate': 0.0008204966450650915, 'epoch': 0.55}
{'loss': 0.6344, 'learning_rate': 0.0008193496587715778, 'epoch': 0.55}
{'loss': 0.6709, 'learning_rate': 0.0008182026724780639, 'epoch': 0.55}
{'loss': 0.6611, 'learning_rate': 0.0008170556861845501, 'epoch': 0.56}
{'eval_loss': 0.5524422526359558, 'eval_bce': 0.5479527681907028, 'eval_n_pos': 2024.0, 'eval_pos_rate': 0.09120814744716327, 'eval_auroc': 0.6221773487819395, 'eval_auprc': 0.16233018511673147, 'eval_mcc': 0.10633752595842837, 'eval_precision': 0.2208013640238704, 'eval_recall': 0.12796442687747037, 'eval_f1': 0.1620269002189553, 'eval_runtime': 155.0746, 'eval_samples_per_second': 143.099, 'eval_steps_per_second': 2.238, 'epoch': 0.56}
{'loss': 0.6438, 'learning_rate': 0.0008159086998910364, 'epoch': 0.56}
{'loss': 0.6364, 'learning_rate': 0.0008147617135975225, 'epoch': 0.56}
{'loss': 0.6385, 'learning_rate': 0.0008136147273040087, 'epoch': 0.57}
{'loss': 0.6505, 'learning_rate': 0.0008124677410104949, 'epoch': 0.57}
{'loss': 0.6554, 'learning_rate': 0.0008113207547169812, 'epoch': 0.57}
{'loss': 0.6458, 'learning_rate': 0.0008101737684234673, 'epoch': 0.58}
{'loss': 0.6528, 'learning_rate': 0.0008090267821299535, 'epoch': 0.58}
{'loss': 0.6351, 'learning_rate': 0.0008078797958364398, 'epoch': 0.58}
{'loss': 0.6473, 'learning_rate': 0.000806732809542926, 'epoch': 0.59}
{'loss': 0.6539, 'learning_rate': 0.0008055858232494122, 'epoch': 0.59}
{'loss': 0.6527, 'learning_rate': 0.0008044388369558983, 'epoch': 0.59}
{'loss': 0.6469, 'learning_rate': 0.0008032918506623846, 'epoch': 0.6}
{'loss': 0.6609, 'learning_rate': 0.0008021448643688708, 'epoch': 0.6}
{'eval_loss': 0.5530480742454529, 'eval_bce': 0.5483789887504279, 'eval_n_pos': 2024.0, 'eval_pos_rate': 0.09120814744716327, 'eval_auroc': 0.6356137467560886, 'eval_auprc': 0.18073788046151792, 'eval_mcc': 0.12790279176513017, 'eval_precision': 0.24328722538649308, 'eval_recall': 0.14772727272727273, 'eval_f1': 0.1838303104826314, 'eval_runtime': 155.1057, 'eval_samples_per_second': 143.07, 'eval_steps_per_second': 2.237, 'epoch': 0.6}
{'loss': 0.6345, 'learning_rate': 0.000800997878075357, 'epoch': 0.6}
{'loss': 0.6546, 'learning_rate': 0.0007998508917818432, 'epoch': 0.61}
{'loss': 0.6205, 'learning_rate': 0.0007987039054883294, 'epoch': 0.61}
{'loss': 0.6409, 'learning_rate': 0.0007975569191948157, 'epoch': 0.61}
{'loss': 0.6561, 'learning_rate': 0.0007964099329013018, 'epoch': 0.62}
{'loss': 0.6672, 'learning_rate': 0.0007952629466077881, 'epoch': 0.62}
{'loss': 0.6428, 'learning_rate': 0.0007941159603142742, 'epoch': 0.62}
{'loss': 0.6422, 'learning_rate': 0.0007929689740207605, 'epoch': 0.63}
{'loss': 0.6273, 'learning_rate': 0.0007918219877272466, 'epoch': 0.63}
{'loss': 0.6634, 'learning_rate': 0.0007906750014337328, 'epoch': 0.63}
{'loss': 0.6391, 'learning_rate': 0.0007895280151402191, 'epoch': 0.64}
{'loss': 0.6647, 'learning_rate': 0.0007883810288467053, 'epoch': 0.64}
{'eval_loss': 0.5441957712173462, 'eval_bce': 0.5389760857787131, 'eval_n_pos': 2024.0, 'eval_pos_rate': 0.09120814744716327, 'eval_auroc': 0.6462570637939999, 'eval_auprc': 0.18758521072813966, 'eval_mcc': 0.13654205596234795, 'eval_precision': 0.2691190706679574, 'eval_recall': 0.1373517786561265, 'eval_f1': 0.18187765783447823, 'eval_runtime': 154.8406, 'eval_samples_per_second': 143.315, 'eval_steps_per_second': 2.241, 'epoch': 0.64}
{'loss': 0.6378, 'learning_rate': 0.0007872340425531915, 'epoch': 0.65}
{'loss': 0.6153, 'learning_rate': 0.0007860870562596777, 'epoch': 0.65}
{'loss': 0.6322, 'learning_rate': 0.000784940069966164, 'epoch': 0.65}
{'loss': 0.6202, 'learning_rate': 0.0007837930836726502, 'epoch': 0.66}
{'loss': 0.6466, 'learning_rate': 0.0007826460973791363, 'epoch': 0.66}
{'loss': 0.6217, 'learning_rate': 0.0007814991110856225, 'epoch': 0.66}
{'loss': 0.6473, 'learning_rate': 0.0007803521247921087, 'epoch': 0.67}
{'loss': 0.6398, 'learning_rate': 0.000779205138498595, 'epoch': 0.67}
{'loss': 0.6634, 'learning_rate': 0.0007780581522050811, 'epoch': 0.67}
{'loss': 0.6494, 'learning_rate': 0.0007769111659115674, 'epoch': 0.68}
{'loss': 0.6311, 'learning_rate': 0.0007757641796180536, 'epoch': 0.68}
{'loss': 0.6494, 'learning_rate': 0.0007746171933245399, 'epoch': 0.68}
{'loss': 0.6539, 'learning_rate': 0.000773470207031026, 'epoch': 0.69}
{'eval_loss': 0.5431172847747803, 'eval_bce': 0.5377354744276719, 'eval_n_pos': 2024.0, 'eval_pos_rate': 0.09120814744716327, 'eval_auroc': 0.6476904997421726, 'eval_auprc': 0.19255946953585604, 'eval_mcc': 0.13916659376249188, 'eval_precision': 0.2728155339805825, 'eval_recall': 0.13883399209486166, 'eval_f1': 0.18402095612311725, 'eval_runtime': 154.9367, 'eval_samples_per_second': 143.226, 'eval_steps_per_second': 2.24, 'epoch': 0.69}
{'loss': 0.6377, 'learning_rate': 0.0007723232207375121, 'epoch': 0.69}
{'loss': 0.6373, 'learning_rate': 0.0007711762344439984, 'epoch': 0.69}
{'loss': 0.6177, 'learning_rate': 0.0007700292481504846, 'epoch': 0.7}
{'loss': 0.6158, 'learning_rate': 0.0007688822618569708, 'epoch': 0.7}
{'loss': 0.6481, 'learning_rate': 0.000767735275563457, 'epoch': 0.7}
{'loss': 0.6211, 'learning_rate': 0.0007665882892699433, 'epoch': 0.71}
{'loss': 0.6496, 'learning_rate': 0.0007654413029764295, 'epoch': 0.71}
{'loss': 0.6391, 'learning_rate': 0.0007642943166829156, 'epoch': 0.71}
{'loss': 0.6702, 'learning_rate': 0.0007631473303894019, 'epoch': 0.72}
{'loss': 0.6593, 'learning_rate': 0.000762000344095888, 'epoch': 0.72}
{'loss': 0.6404, 'learning_rate': 0.0007608533578023743, 'epoch': 0.72}
{'loss': 0.6265, 'learning_rate': 0.0007597063715088604, 'epoch': 0.73}
{'eval_loss': 0.5558133125305176, 'eval_bce': 0.550860431974654, 'eval_n_pos': 2024.0, 'eval_pos_rate': 0.09120814744716327, 'eval_auroc': 0.6431981565587425, 'eval_auprc': 0.18453380160669947, 'eval_mcc': 0.1353860546065141, 'eval_precision': 0.2465753424657534, 'eval_recall': 0.1600790513833992, 'eval_f1': 0.19412822049131218, 'eval_runtime': 154.9152, 'eval_samples_per_second': 143.246, 'eval_steps_per_second': 2.24, 'epoch': 0.73}
{'loss': 0.6543, 'learning_rate': 0.0007585593852153467, 'epoch': 0.73}
{'loss': 0.6563, 'learning_rate': 0.0007574123989218329, 'epoch': 0.73}
{'loss': 0.6371, 'learning_rate': 0.0007562654126283192, 'epoch': 0.74}
{'loss': 0.6209, 'learning_rate': 0.0007551184263348053, 'epoch': 0.74}
{'loss': 0.6608, 'learning_rate': 0.0007539714400412915, 'epoch': 0.74}
{'loss': 0.6446, 'learning_rate': 0.0007528244537477778, 'epoch': 0.75}
{'loss': 0.6383, 'learning_rate': 0.000751677467454264, 'epoch': 0.75}
{'loss': 0.6277, 'learning_rate': 0.0007505304811607501, 'epoch': 0.75}
{'loss': 0.6331, 'learning_rate': 0.0007493834948672363, 'epoch': 0.76}
{'loss': 0.6323, 'learning_rate': 0.0007482365085737226, 'epoch': 0.76}
{'loss': 0.6434, 'learning_rate': 0.0007470895222802088, 'epoch': 0.77}
{'loss': 0.6121, 'learning_rate': 0.0007459425359866949, 'epoch': 0.77}
{'loss': 0.6496, 'learning_rate': 0.0007447955496931812, 'epoch': 0.77}
{'eval_loss': 0.5491405725479126, 'eval_bce': 0.5440805413048083, 'eval_n_pos': 2024.0, 'eval_pos_rate': 0.09120814744716327, 'eval_auroc': 0.6428323131300283, 'eval_auprc': 0.1859185013533634, 'eval_mcc': 0.13136321186994457, 'eval_precision': 0.24581005586592178, 'eval_recall': 0.15217391304347827, 'eval_f1': 0.18797680805614891, 'eval_runtime': 154.8202, 'eval_samples_per_second': 143.334, 'eval_steps_per_second': 2.241, 'epoch': 0.77}
{'loss': 0.6415, 'learning_rate': 0.0007436485633996674, 'epoch': 0.78}
{'loss': 0.6409, 'learning_rate': 0.0007425015771061537, 'epoch': 0.78}
{'loss': 0.6263, 'learning_rate': 0.0007413545908126398, 'epoch': 0.78}
{'loss': 0.6161, 'learning_rate': 0.000740207604519126, 'epoch': 0.79}
{'loss': 0.6373, 'learning_rate': 0.0007390606182256122, 'epoch': 0.79}
{'loss': 0.6515, 'learning_rate': 0.0007379136319320984, 'epoch': 0.79}
{'loss': 0.6471, 'learning_rate': 0.0007367666456385846, 'epoch': 0.8}
{'loss': 0.6456, 'learning_rate': 0.0007356196593450708, 'epoch': 0.8}
{'loss': 0.6312, 'learning_rate': 0.0007344726730515571, 'epoch': 0.8}
{'loss': 0.6398, 'learning_rate': 0.0007333256867580432, 'epoch': 0.81}
{'loss': 0.6343, 'learning_rate': 0.0007321787004645295, 'epoch': 0.81}
{'loss': 0.6475, 'learning_rate': 0.0007310317141710157, 'epoch': 0.81}
{'eval_loss': 0.5415821075439453, 'eval_bce': 0.5362012796564753, 'eval_n_pos': 2024.0, 'eval_pos_rate': 0.09120814744716327, 'eval_auroc': 0.6421724940619346, 'eval_auprc': 0.18751491201373385, 'eval_mcc': 0.12871357801863498, 'eval_precision': 0.2581573896353167, 'eval_recall': 0.13290513833992096, 'eval_f1': 0.17547292889758645, 'eval_runtime': 154.5161, 'eval_samples_per_second': 143.616, 'eval_steps_per_second': 2.246, 'epoch': 0.81}
{'loss': 0.6437, 'learning_rate': 0.000729884727877502, 'epoch': 0.82}
{'loss': 0.6473, 'learning_rate': 0.000728737741583988, 'epoch': 0.82}
{'loss': 0.6435, 'learning_rate': 0.0007275907552904742, 'epoch': 0.82}
{'loss': 0.6209, 'learning_rate': 0.0007264437689969605, 'epoch': 0.83}
{'loss': 0.625, 'learning_rate': 0.0007252967827034467, 'epoch': 0.83}
{'loss': 0.6414, 'learning_rate': 0.0007241497964099329, 'epoch': 0.83}
{'loss': 0.6467, 'learning_rate': 0.0007230028101164191, 'epoch': 0.84}
{'loss': 0.6085, 'learning_rate': 0.0007218558238229054, 'epoch': 0.84}
{'loss': 0.6203, 'learning_rate': 0.0007207088375293916, 'epoch': 0.84}
{'loss': 0.6376, 'learning_rate': 0.0007195618512358776, 'epoch': 0.85}
{'loss': 0.6469, 'learning_rate': 0.0007184148649423639, 'epoch': 0.85}
{'loss': 0.6263, 'learning_rate': 0.0007172678786488501, 'epoch': 0.85}
{'loss': 0.6406, 'learning_rate': 0.0007161208923553364, 'epoch': 0.86}
{'eval_loss': 0.5455620884895325, 'eval_bce': 0.5402723099860888, 'eval_n_pos': 2024.0, 'eval_pos_rate': 0.09120814744716327, 'eval_auroc': 0.6378042137676097, 'eval_auprc': 0.1861525107443706, 'eval_mcc': 0.13451759697261503, 'eval_precision': 0.25142857142857145, 'eval_recall': 0.15217391304347827, 'eval_f1': 0.18959679901508159, 'eval_runtime': 154.787, 'eval_samples_per_second': 143.365, 'eval_steps_per_second': 2.242, 'epoch': 0.86}
{'loss': 0.6533, 'learning_rate': 0.0007149739060618225, 'epoch': 0.86}
{'loss': 0.6529, 'learning_rate': 0.0007138269197683088, 'epoch': 0.86}
{'loss': 0.6592, 'learning_rate': 0.000712679933474795, 'epoch': 0.87}
{'loss': 0.6357, 'learning_rate': 0.0007115329471812813, 'epoch': 0.87}
{'loss': 0.6363, 'learning_rate': 0.0007103859608877674, 'epoch': 0.87}
{'loss': 0.6544, 'learning_rate': 0.0007092389745942536, 'epoch': 0.88}
{'loss': 0.6361, 'learning_rate': 0.0007080919883007399, 'epoch': 0.88}
{'loss': 0.6346, 'learning_rate': 0.000706945002007226, 'epoch': 0.89}
{'loss': 0.6293, 'learning_rate': 0.0007057980157137122, 'epoch': 0.89}
{'loss': 0.6517, 'learning_rate': 0.0007046510294201984, 'epoch': 0.89}
{'loss': 0.6472, 'learning_rate': 0.0007035040431266847, 'epoch': 0.9}
{'loss': 0.6535, 'learning_rate': 0.0007023570568331709, 'epoch': 0.9}
{'eval_loss': 0.5353291630744934, 'eval_bce': 0.5298896796265903, 'eval_n_pos': 2024.0, 'eval_pos_rate': 0.09120814744716327, 'eval_auroc': 0.6402165803877543, 'eval_auprc': 0.18312399579968638, 'eval_mcc': 0.13345692127517964, 'eval_precision': 0.2735949098621421, 'eval_recall': 0.1274703557312253, 'eval_f1': 0.17391304347826086, 'eval_runtime': 155.2545, 'eval_samples_per_second': 142.933, 'eval_steps_per_second': 2.235, 'epoch': 0.9}
{'loss': 0.642, 'learning_rate': 0.000701210070539657, 'epoch': 0.9}
{'loss': 0.6479, 'learning_rate': 0.0007000630842461433, 'epoch': 0.91}
{'loss': 0.6658, 'learning_rate': 0.0006989160979526295, 'epoch': 0.91}
{'loss': 0.6456, 'learning_rate': 0.0006977691116591158, 'epoch': 0.91}
{'loss': 0.6312, 'learning_rate': 0.0006966221253656018, 'epoch': 0.92}
{'loss': 0.639, 'learning_rate': 0.0006954751390720881, 'epoch': 0.92}
{'loss': 0.6339, 'learning_rate': 0.0006943281527785743, 'epoch': 0.92}
{'loss': 0.6306, 'learning_rate': 0.0006931811664850605, 'epoch': 0.93}
{'loss': 0.6614, 'learning_rate': 0.0006920341801915467, 'epoch': 0.93}
{'loss': 0.6419, 'learning_rate': 0.0006908871938980329, 'epoch': 0.93}
{'loss': 0.6264, 'learning_rate': 0.0006897402076045192, 'epoch': 0.94}
{'loss': 0.6422, 'learning_rate': 0.0006885932213110054, 'epoch': 0.94}
{'loss': 0.6535, 'learning_rate': 0.0006874462350174916, 'epoch': 0.94}
{'eval_loss': 0.5377546548843384, 'eval_bce': 0.532256840512471, 'eval_n_pos': 2024.0, 'eval_pos_rate': 0.09120814744716327, 'eval_auroc': 0.6426491831742499, 'eval_auprc': 0.18477067258588994, 'eval_mcc': 0.13561953755800904, 'eval_precision': 0.2787418655097614, 'eval_recall': 0.12697628458498023, 'eval_f1': 0.17447386286490155, 'eval_runtime': 155.0824, 'eval_samples_per_second': 143.092, 'eval_steps_per_second': 2.238, 'epoch': 0.94}
{'loss': 0.6407, 'learning_rate': 0.0006862992487239777, 'epoch': 0.95}
{'loss': 0.6613, 'learning_rate': 0.000685152262430464, 'epoch': 0.95}
{'loss': 0.6285, 'learning_rate': 0.0006840052761369502, 'epoch': 0.95}
{'loss': 0.6366, 'learning_rate': 0.0006828582898434363, 'epoch': 0.96}
{'loss': 0.6228, 'learning_rate': 0.0006817113035499226, 'epoch': 0.96}
{'loss': 0.6384, 'learning_rate': 0.0006805643172564088, 'epoch': 0.96}
{'loss': 0.6564, 'learning_rate': 0.0006794173309628951, 'epoch': 0.97}
{'loss': 0.6391, 'learning_rate': 0.0006782703446693812, 'epoch': 0.97}
{'loss': 0.6265, 'learning_rate': 0.0006771233583758675, 'epoch': 0.97}
{'loss': 0.6272, 'learning_rate': 0.0006759763720823537, 'epoch': 0.98}
{'loss': 0.6392, 'learning_rate': 0.0006748293857888398, 'epoch': 0.98}
{'loss': 0.6552, 'learning_rate': 0.000673682399495326, 'epoch': 0.98}
{'eval_loss': 0.5332055687904358, 'eval_bce': 0.5273982841260558, 'eval_n_pos': 2024.0, 'eval_pos_rate': 0.09120814744716327, 'eval_auroc': 0.6467547730403699, 'eval_auprc': 0.19212259844569118, 'eval_mcc': 0.14581613623246636, 'eval_precision': 0.2928416485900217, 'eval_recall': 0.13339920948616601, 'eval_f1': 0.18329938900203666, 'eval_runtime': 155.034, 'eval_samples_per_second': 143.136, 'eval_steps_per_second': 2.238, 'epoch': 0.99}
{'loss': 0.6358, 'learning_rate': 0.0006725354132018122, 'epoch': 0.99}
{'loss': 0.6551, 'learning_rate': 0.0006713884269082985, 'epoch': 0.99}
{'loss': 0.638, 'learning_rate': 0.0006702414406147847, 'epoch': 1.0}
{'loss': 0.647, 'learning_rate': 0.0006690944543212709, 'epoch': 1.0}
{'loss': 0.6277, 'learning_rate': 0.0006679474680277571, 'epoch': 1.0}
{'loss': 0.6278, 'learning_rate': 0.0006668004817342433, 'epoch': 1.01}
{'loss': 0.6277, 'learning_rate': 0.0006656534954407296, 'epoch': 1.01}
{'loss': 0.654, 'learning_rate': 0.0006645065091472156, 'epoch': 1.01}
{'loss': 0.6485, 'learning_rate': 0.0006633595228537019, 'epoch': 1.02}
{'loss': 0.655, 'learning_rate': 0.0006622125365601881, 'epoch': 1.02}
{'loss': 0.629, 'learning_rate': 0.0006610655502666744, 'epoch': 1.02}
{'loss': 0.6537, 'learning_rate': 0.0006599185639731605, 'epoch': 1.03}
{'loss': 0.6236, 'learning_rate': 0.0006587715776796468, 'epoch': 1.03}
{'eval_loss': 0.5412575602531433, 'eval_bce': 0.5362227427906048, 'eval_n_pos': 2024.0, 'eval_pos_rate': 0.09120814744716327, 'eval_auroc': 0.6265372871699179, 'eval_auprc': 0.17691746065053265, 'eval_mcc': 0.11913901773103915, 'eval_precision': 0.24390243902439024, 'eval_recall': 0.12845849802371542, 'eval_f1': 0.16828478964401294, 'eval_runtime': 155.056, 'eval_samples_per_second': 143.116, 'eval_steps_per_second': 2.238, 'epoch': 1.03}
{'loss': 0.6263, 'learning_rate': 0.000657624591386133, 'epoch': 1.03}
{'loss': 0.6326, 'learning_rate': 0.0006564776050926191, 'epoch': 1.04}
{'loss': 0.6703, 'learning_rate': 0.0006553306187991054, 'epoch': 1.04}
{'loss': 0.635, 'learning_rate': 0.0006541836325055915, 'epoch': 1.04}
{'loss': 0.6441, 'learning_rate': 0.0006530366462120778, 'epoch': 1.05}
{'loss': 0.6392, 'learning_rate': 0.0006518896599185639, 'epoch': 1.05}
{'loss': 0.6432, 'learning_rate': 0.0006507426736250502, 'epoch': 1.05}
{'loss': 0.6254, 'learning_rate': 0.0006495956873315364, 'epoch': 1.06}
{'loss': 0.6225, 'learning_rate': 0.0006484487010380226, 'epoch': 1.06}
{'loss': 0.6354, 'learning_rate': 0.0006473017147445088, 'epoch': 1.06}
{'loss': 0.6473, 'learning_rate': 0.000646154728450995, 'epoch': 1.07}
{'loss': 0.6283, 'learning_rate': 0.0006450077421574813, 'epoch': 1.07}
{'eval_loss': 0.5301368236541748, 'eval_bce': 0.5242403435462458, 'eval_n_pos': 2024.0, 'eval_pos_rate': 0.09120814744716327, 'eval_auroc': 0.6366846221403062, 'eval_auprc': 0.19203411269599413, 'eval_mcc': 0.14770696735079264, 'eval_precision': 0.3033838973162194, 'eval_recall': 0.12845849802371542, 'eval_f1': 0.18049288441513361, 'eval_runtime': 154.8246, 'eval_samples_per_second': 143.33, 'eval_steps_per_second': 2.241, 'epoch': 1.07}
{'loss': 0.6468, 'learning_rate': 0.0006438607558639675, 'epoch': 1.07}
{'loss': 0.6424, 'learning_rate': 0.0006427137695704536, 'epoch': 1.08}
{'loss': 0.6487, 'learning_rate': 0.0006415667832769398, 'epoch': 1.08}
{'loss': 0.6172, 'learning_rate': 0.000640419796983426, 'epoch': 1.08}
{'loss': 0.6463, 'learning_rate': 0.0006392728106899123, 'epoch': 1.09}
{'loss': 0.6468, 'learning_rate': 0.0006381258243963984, 'epoch': 1.09}
{'loss': 0.6467, 'learning_rate': 0.0006369788381028847, 'epoch': 1.09}
{'loss': 0.6183, 'learning_rate': 0.0006358318518093709, 'epoch': 1.1}
{'loss': 0.6429, 'learning_rate': 0.0006346848655158572, 'epoch': 1.1}
{'loss': 0.6439, 'learning_rate': 0.0006335378792223432, 'epoch': 1.1}
{'loss': 0.6388, 'learning_rate': 0.0006323908929288295, 'epoch': 1.11}
{'loss': 0.6601, 'learning_rate': 0.0006312439066353157, 'epoch': 1.11}
{'loss': 0.6363, 'learning_rate': 0.0006300969203418019, 'epoch': 1.12}
{'eval_loss': 0.530791699886322, 'eval_bce': 0.5249506614323896, 'eval_n_pos': 2024.0, 'eval_pos_rate': 0.09120814744716327, 'eval_auroc': 0.6436215236177131, 'eval_auprc': 0.18843344119175015, 'eval_mcc': 0.13237131247926523, 'eval_precision': 0.27301927194860814, 'eval_recall': 0.1259881422924901, 'eval_f1': 0.1724137931034483, 'eval_runtime': 154.98, 'eval_samples_per_second': 143.186, 'eval_steps_per_second': 2.239, 'epoch': 1.12}
{'loss': 0.6487, 'learning_rate': 0.0006289499340482881, 'epoch': 1.12}
{'loss': 0.6474, 'learning_rate': 0.0006278029477547743, 'epoch': 1.12}
{'loss': 0.6371, 'learning_rate': 0.0006266559614612606, 'epoch': 1.13}
{'loss': 0.6282, 'learning_rate': 0.0006255089751677468, 'epoch': 1.13}
{'loss': 0.6355, 'learning_rate': 0.000624361988874233, 'epoch': 1.13}
{'loss': 0.6241, 'learning_rate': 0.0006232150025807192, 'epoch': 1.14}
{'loss': 0.6507, 'learning_rate': 0.0006220680162872053, 'epoch': 1.14}
{'loss': 0.6318, 'learning_rate': 0.0006209210299936916, 'epoch': 1.14}
{'loss': 0.6285, 'learning_rate': 0.0006197740437001777, 'epoch': 1.15}
{'loss': 0.6185, 'learning_rate': 0.000618627057406664, 'epoch': 1.15}
{'loss': 0.6587, 'learning_rate': 0.0006174800711131502, 'epoch': 1.15}
{'loss': 0.6579, 'learning_rate': 0.0006163330848196365, 'epoch': 1.16}
{'eval_loss': 0.5309509038925171, 'eval_bce': 0.5252280147236457, 'eval_n_pos': 2024.0, 'eval_pos_rate': 0.09120814744716327, 'eval_auroc': 0.6452306540779745, 'eval_auprc': 0.18762839819811503, 'eval_mcc': 0.13483961356219296, 'eval_precision': 0.2736732570239334, 'eval_recall': 0.1299407114624506, 'eval_f1': 0.17621440536013402, 'eval_runtime': 154.4961, 'eval_samples_per_second': 143.635, 'eval_steps_per_second': 2.246, 'epoch': 1.16}
{'loss': 0.6471, 'learning_rate': 0.0006151860985261226, 'epoch': 1.16}
{'loss': 0.6413, 'learning_rate': 0.0006140391122326089, 'epoch': 1.16}
{'loss': 0.6354, 'learning_rate': 0.0006128921259390951, 'epoch': 1.17}
{'loss': 0.6227, 'learning_rate': 0.0006117451396455813, 'epoch': 1.17}
{'loss': 0.6218, 'learning_rate': 0.0006105981533520674, 'epoch': 1.17}
{'loss': 0.6383, 'learning_rate': 0.0006094511670585536, 'epoch': 1.18}
{'loss': 0.6394, 'learning_rate': 0.0006083041807650399, 'epoch': 1.18}
{'loss': 0.6529, 'learning_rate': 0.0006071571944715261, 'epoch': 1.18}
{'loss': 0.6269, 'learning_rate': 0.0006060102081780123, 'epoch': 1.19}
{'loss': 0.6491, 'learning_rate': 0.0006048632218844985, 'epoch': 1.19}
{'loss': 0.6525, 'learning_rate': 0.0006037162355909847, 'epoch': 1.19}
{'loss': 0.6183, 'learning_rate': 0.000602569249297471, 'epoch': 1.2}
{'loss': 0.6392, 'learning_rate': 0.000601422263003957, 'epoch': 1.2}
{'eval_loss': 0.5364872813224792, 'eval_bce': 0.5308257922776721, 'eval_n_pos': 2024.0, 'eval_pos_rate': 0.09120814744716327, 'eval_auroc': 0.6438001580086907, 'eval_auprc': 0.1843484243248861, 'eval_mcc': 0.1322105670449446, 'eval_precision': 0.26107445805843543, 'eval_recall': 0.1368577075098814, 'eval_f1': 0.17957860615883303, 'eval_runtime': 154.916, 'eval_samples_per_second': 143.245, 'eval_steps_per_second': 2.24, 'epoch': 1.2}
{'loss': 0.6492, 'learning_rate': 0.0006002752767104433, 'epoch': 1.2}
{'loss': 0.6376, 'learning_rate': 0.0005991282904169295, 'epoch': 1.21}
{'loss': 0.646, 'learning_rate': 0.0005979813041234158, 'epoch': 1.21}
{'loss': 0.6386, 'learning_rate': 0.0005968343178299019, 'epoch': 1.21}
{'loss': 0.6239, 'learning_rate': 0.0005956873315363881, 'epoch': 1.22}
{'loss': 0.6278, 'learning_rate': 0.0005945403452428744, 'epoch': 1.22}
{'loss': 0.6484, 'learning_rate': 0.0005933933589493606, 'epoch': 1.22}
{'loss': 0.6393, 'learning_rate': 0.0005922463726558468, 'epoch': 1.23}
{'loss': 0.6411, 'learning_rate': 0.000591099386362333, 'epoch': 1.23}
{'loss': 0.6371, 'learning_rate': 0.0005899524000688193, 'epoch': 1.24}
{'loss': 0.6421, 'learning_rate': 0.0005888054137753054, 'epoch': 1.24}
{'loss': 0.6406, 'learning_rate': 0.0005876584274817916, 'epoch': 1.24}
{'eval_loss': 0.544550895690918, 'eval_bce': 0.5396361584679321, 'eval_n_pos': 2024.0, 'eval_pos_rate': 0.09120814744716327, 'eval_auroc': 0.6304236478174046, 'eval_auprc': 0.17627627141268942, 'eval_mcc': 0.11843885822109988, 'eval_precision': 0.2309542902967121, 'eval_recall': 0.1422924901185771, 'eval_f1': 0.17609293793946806, 'eval_runtime': 155.0136, 'eval_samples_per_second': 143.155, 'eval_steps_per_second': 2.239, 'epoch': 1.24}
{'loss': 0.6171, 'learning_rate': 0.0005865114411882778, 'epoch': 1.25}
{'loss': 0.6286, 'learning_rate': 0.000585364454894764, 'epoch': 1.25}
{'loss': 0.6375, 'learning_rate': 0.0005842174686012503, 'epoch': 1.25}
{'loss': 0.6247, 'learning_rate': 0.0005830704823077364, 'epoch': 1.26}
{'loss': 0.6225, 'learning_rate': 0.0005819234960142227, 'epoch': 1.26}
{'loss': 0.6673, 'learning_rate': 0.0005807765097207089, 'epoch': 1.26}
{'loss': 0.6213, 'learning_rate': 0.0005796295234271952, 'epoch': 1.27}
{'loss': 0.6433, 'learning_rate': 0.0005784825371336812, 'epoch': 1.27}
{'loss': 0.6323, 'learning_rate': 0.0005773355508401674, 'epoch': 1.27}
{'loss': 0.6386, 'learning_rate': 0.0005761885645466537, 'epoch': 1.28}
{'loss': 0.629, 'learning_rate': 0.0005750415782531398, 'epoch': 1.28}
{'loss': 0.6423, 'learning_rate': 0.0005738945919596261, 'epoch': 1.28}
{'loss': 0.6201, 'learning_rate': 0.0005727476056661123, 'epoch': 1.29}
{'eval_loss': 0.5367048382759094, 'eval_bce': 0.5312246452364666, 'eval_n_pos': 2024.0, 'eval_pos_rate': 0.09120814744716327, 'eval_auroc': 0.64064342630341, 'eval_auprc': 0.18512805638219032, 'eval_mcc': 0.13272371364515376, 'eval_precision': 0.25548726953467954, 'eval_recall': 0.14377470355731226, 'eval_f1': 0.18400252924438823, 'eval_runtime': 154.7379, 'eval_samples_per_second': 143.41, 'eval_steps_per_second': 2.243, 'epoch': 1.29}
{'loss': 0.6569, 'learning_rate': 0.0005716006193725986, 'epoch': 1.29}
{'loss': 0.6328, 'learning_rate': 0.0005704536330790847, 'epoch': 1.29}
{'loss': 0.6445, 'learning_rate': 0.0005693066467855708, 'epoch': 1.3}
{'loss': 0.659, 'learning_rate': 0.0005681596604920571, 'epoch': 1.3}
{'loss': 0.642, 'learning_rate': 0.0005670126741985433, 'epoch': 1.3}
{'loss': 0.6375, 'learning_rate': 0.0005658656879050295, 'epoch': 1.31}
{'loss': 0.6155, 'learning_rate': 0.0005647187016115157, 'epoch': 1.31}
{'loss': 0.6403, 'learning_rate': 0.000563571715318002, 'epoch': 1.31}
{'loss': 0.6247, 'learning_rate': 0.0005624247290244882, 'epoch': 1.32}
{'loss': 0.6457, 'learning_rate': 0.0005612777427309744, 'epoch': 1.32}
{'loss': 0.628, 'learning_rate': 0.0005601307564374606, 'epoch': 1.32}
{'loss': 0.6575, 'learning_rate': 0.0005589837701439468, 'epoch': 1.33}
{'eval_loss': 0.5327126979827881, 'eval_bce': 0.5270478909475589, 'eval_n_pos': 2024.0, 'eval_pos_rate': 0.09120814744716327, 'eval_auroc': 0.6426939183313404, 'eval_auprc': 0.18945815862578294, 'eval_mcc': 0.14107962573492713, 'eval_precision': 0.2745664739884393, 'eval_recall': 0.1408102766798419, 'eval_f1': 0.18615284128020904, 'eval_runtime': 155.0101, 'eval_samples_per_second': 143.158, 'eval_steps_per_second': 2.239, 'epoch': 1.33}
{'loss': 0.631, 'learning_rate': 0.000557836783850433, 'epoch': 1.33}
{'loss': 0.6532, 'learning_rate': 0.0005566897975569191, 'epoch': 1.33}
{'loss': 0.622, 'learning_rate': 0.0005555428112634054, 'epoch': 1.34}
{'loss': 0.6507, 'learning_rate': 0.0005543958249698916, 'epoch': 1.34}
{'loss': 0.6347, 'learning_rate': 0.0005532488386763779, 'epoch': 1.34}
{'loss': 0.6499, 'learning_rate': 0.000552101852382864, 'epoch': 1.35}
{'loss': 0.6294, 'learning_rate': 0.0005509548660893502, 'epoch': 1.35}
{'loss': 0.6336, 'learning_rate': 0.0005498078797958365, 'epoch': 1.36}
{'loss': 0.6499, 'learning_rate': 0.0005486608935023227, 'epoch': 1.36}
{'loss': 0.6289, 'learning_rate': 0.0005475139072088088, 'epoch': 1.36}
{'loss': 0.65, 'learning_rate': 0.000546366920915295, 'epoch': 1.37}
{'loss': 0.6201, 'learning_rate': 0.0005452199346217813, 'epoch': 1.37}
{'loss': 0.607, 'learning_rate': 0.0005440729483282675, 'epoch': 1.37}
{'eval_loss': 0.5453466176986694, 'eval_bce': 0.5402230688352482, 'eval_n_pos': 2024.0, 'eval_pos_rate': 0.09120814744716327, 'eval_auroc': 0.6441934770555192, 'eval_auprc': 0.18548851713718428, 'eval_mcc': 0.13268782656205597, 'eval_precision': 0.24459876543209877, 'eval_recall': 0.1566205533596838, 'eval_f1': 0.19096385542168678, 'eval_runtime': 155.1028, 'eval_samples_per_second': 143.073, 'eval_steps_per_second': 2.237, 'epoch': 1.37}
{'loss': 0.6441, 'learning_rate': 0.0005429259620347537, 'epoch': 1.38}
{'loss': 0.6379, 'learning_rate': 0.0005417789757412399, 'epoch': 1.38}
{'loss': 0.6212, 'learning_rate': 0.0005406319894477261, 'epoch': 1.38}
{'loss': 0.6535, 'learning_rate': 0.0005394850031542124, 'epoch': 1.39}
{'loss': 0.6301, 'learning_rate': 0.0005383380168606985, 'epoch': 1.39}
{'loss': 0.6391, 'learning_rate': 0.0005371910305671848, 'epoch': 1.39}
{'loss': 0.6346, 'learning_rate': 0.0005360440442736709, 'epoch': 1.4}
{'loss': 0.6287, 'learning_rate': 0.0005348970579801572, 'epoch': 1.4}
{'loss': 0.6118, 'learning_rate': 0.0005337500716866433, 'epoch': 1.4}
{'loss': 0.6446, 'learning_rate': 0.0005326030853931295, 'epoch': 1.41}
{'loss': 0.6384, 'learning_rate': 0.0005314560990996158, 'epoch': 1.41}
{'loss': 0.6307, 'learning_rate': 0.000530309112806102, 'epoch': 1.41}
{'eval_loss': 0.5253797173500061, 'eval_bce': 0.5194480456524178, 'eval_n_pos': 2024.0, 'eval_pos_rate': 0.09120814744716327, 'eval_auroc': 0.6545829845493684, 'eval_auprc': 0.1931983918462643, 'eval_mcc': 0.1427556900771439, 'eval_precision': 0.2911111111111111, 'eval_recall': 0.12944664031620554, 'eval_f1': 0.1792065663474692, 'eval_runtime': 155.2185, 'eval_samples_per_second': 142.966, 'eval_steps_per_second': 2.236, 'epoch': 1.42}
{'loss': 0.6469, 'learning_rate': 0.0005291621265125882, 'epoch': 1.42}
{'loss': 0.6131, 'learning_rate': 0.0005280151402190744, 'epoch': 1.42}
{'loss': 0.647, 'learning_rate': 0.0005268681539255607, 'epoch': 1.42}
{'loss': 0.6112, 'learning_rate': 0.0005257211676320469, 'epoch': 1.43}
{'loss': 0.6043, 'learning_rate': 0.0005245741813385329, 'epoch': 1.43}
{'loss': 0.6431, 'learning_rate': 0.0005234271950450192, 'epoch': 1.43}
{'loss': 0.6296, 'learning_rate': 0.0005222802087515054, 'epoch': 1.44}
{'loss': 0.6332, 'learning_rate': 0.0005211332224579917, 'epoch': 1.44}
{'loss': 0.6368, 'learning_rate': 0.0005199862361644778, 'epoch': 1.44}
{'loss': 0.6171, 'learning_rate': 0.0005188392498709641, 'epoch': 1.45}
{'loss': 0.6277, 'learning_rate': 0.0005176922635774503, 'epoch': 1.45}
{'loss': 0.6268, 'learning_rate': 0.0005165452772839366, 'epoch': 1.45}
{'loss': 0.6375, 'learning_rate': 0.0005153982909904226, 'epoch': 1.46}
{'eval_loss': 0.5263189077377319, 'eval_bce': 0.5202873770144193, 'eval_n_pos': 2024.0, 'eval_pos_rate': 0.09120814744716327, 'eval_auroc': 0.6533645517439264, 'eval_auprc': 0.19335485157493504, 'eval_mcc': 0.14685718481617205, 'eval_precision': 0.2897196261682243, 'eval_recall': 0.13784584980237155, 'eval_f1': 0.1868095078674255, 'eval_runtime': 154.7944, 'eval_samples_per_second': 143.358, 'eval_steps_per_second': 2.242, 'epoch': 1.46}
{'loss': 0.6379, 'learning_rate': 0.0005142513046969088, 'epoch': 1.46}
{'loss': 0.6396, 'learning_rate': 0.0005131043184033951, 'epoch': 1.47}
{'loss': 0.6498, 'learning_rate': 0.0005119573321098813, 'epoch': 1.47}
{'loss': 0.6374, 'learning_rate': 0.0005108103458163675, 'epoch': 1.47}
{'loss': 0.6455, 'learning_rate': 0.0005096633595228537, 'epoch': 1.48}
{'loss': 0.6226, 'learning_rate': 0.00050851637322934, 'epoch': 1.48}
{'loss': 0.6471, 'learning_rate': 0.0005073693869358262, 'epoch': 1.48}
{'loss': 0.6117, 'learning_rate': 0.0005062224006423123, 'epoch': 1.49}
{'loss': 0.6352, 'learning_rate': 0.0005050754143487986, 'epoch': 1.49}
{'loss': 0.6305, 'learning_rate': 0.0005039284280552847, 'epoch': 1.49}
{'loss': 0.6378, 'learning_rate': 0.0005027814417617709, 'epoch': 1.5}
{'loss': 0.6435, 'learning_rate': 0.0005016344554682571, 'epoch': 1.5}
{'eval_loss': 0.5208606123924255, 'eval_bce': 0.5144580743027914, 'eval_n_pos': 2024.0, 'eval_pos_rate': 0.09120814744716327, 'eval_auroc': 0.649787196866638, 'eval_auprc': 0.19641927489137717, 'eval_mcc': 0.1527405083048827, 'eval_precision': 0.3107476635514019, 'eval_recall': 0.13142292490118576, 'eval_f1': 0.1847222222222222, 'eval_runtime': 155.0439, 'eval_samples_per_second': 143.127, 'eval_steps_per_second': 2.238, 'epoch': 1.5}
{'loss': 0.6616, 'learning_rate': 0.0005004874691747434, 'epoch': 1.5}
{'loss': 0.6207, 'learning_rate': 0.0004993404828812296, 'epoch': 1.51}
{'loss': 0.6409, 'learning_rate': 0.0004981934965877158, 'epoch': 1.51}
{'loss': 0.6331, 'learning_rate': 0.000497046510294202, 'epoch': 1.51}
{'loss': 0.6212, 'learning_rate': 0.0004958995240006882, 'epoch': 1.52}
{'loss': 0.638, 'learning_rate': 0.0004947525377071745, 'epoch': 1.52}
{'loss': 0.6133, 'learning_rate': 0.0004936055514136605, 'epoch': 1.52}
{'loss': 0.6122, 'learning_rate': 0.0004924585651201468, 'epoch': 1.53}
{'loss': 0.6472, 'learning_rate': 0.000491311578826633, 'epoch': 1.53}
{'loss': 0.6286, 'learning_rate': 0.0004901645925331192, 'epoch': 1.53}
{'loss': 0.6406, 'learning_rate': 0.0004890176062396054, 'epoch': 1.54}
{'loss': 0.6366, 'learning_rate': 0.00048787061994609164, 'epoch': 1.54}
{'loss': 0.638, 'learning_rate': 0.0004867236336525779, 'epoch': 1.54}
{'eval_loss': 0.5261915326118469, 'eval_bce': 0.5202583986971354, 'eval_n_pos': 2024.0, 'eval_pos_rate': 0.09120814744716327, 'eval_auroc': 0.6433411449181938, 'eval_auprc': 0.18810150560280292, 'eval_mcc': 0.1391750258957506, 'eval_precision': 0.2793354101765317, 'eval_recall': 0.13290513833992096, 'eval_f1': 0.18011382658185474, 'eval_runtime': 155.0892, 'eval_samples_per_second': 143.085, 'eval_steps_per_second': 2.237, 'epoch': 1.54}
{'loss': 0.6065, 'learning_rate': 0.0004855766473590641, 'epoch': 1.55}
{'loss': 0.6317, 'learning_rate': 0.00048442966106555026, 'epoch': 1.55}
{'loss': 0.6593, 'learning_rate': 0.00048328267477203645, 'epoch': 1.55}
{'loss': 0.646, 'learning_rate': 0.0004821356884785227, 'epoch': 1.56}
{'loss': 0.6391, 'learning_rate': 0.0004809887021850089, 'epoch': 1.56}
{'loss': 0.6434, 'learning_rate': 0.0004798417158914951, 'epoch': 1.56}
{'loss': 0.6162, 'learning_rate': 0.0004786947295979813, 'epoch': 1.57}
{'loss': 0.592, 'learning_rate': 0.00047754774330446755, 'epoch': 1.57}
{'loss': 0.6292, 'learning_rate': 0.00047640075701095374, 'epoch': 1.57}
{'loss': 0.63, 'learning_rate': 0.0004752537707174399, 'epoch': 1.58}
{'loss': 0.6252, 'learning_rate': 0.0004741067844239261, 'epoch': 1.58}
{'loss': 0.6019, 'learning_rate': 0.00047295979813041236, 'epoch': 1.59}
{'eval_loss': 0.5326744914054871, 'eval_bce': 0.526832660082051, 'eval_n_pos': 2024.0, 'eval_pos_rate': 0.09120814744716327, 'eval_auroc': 0.650270537454939, 'eval_auprc': 0.1893260163411925, 'eval_mcc': 0.1400351063433404, 'eval_precision': 0.2642169728783902, 'eval_recall': 0.1492094861660079, 'eval_f1': 0.19071676665614146, 'eval_runtime': 154.7836, 'eval_samples_per_second': 143.368, 'eval_steps_per_second': 2.242, 'epoch': 1.59}
{'loss': 0.6278, 'learning_rate': 0.00047181281183689854, 'epoch': 1.59}
{'loss': 0.6443, 'learning_rate': 0.0004706658255433848, 'epoch': 1.59}
{'loss': 0.6226, 'learning_rate': 0.000469518839249871, 'epoch': 1.6}
{'loss': 0.6421, 'learning_rate': 0.0004683718529563572, 'epoch': 1.6}
{'loss': 0.6205, 'learning_rate': 0.00046722486666284335, 'epoch': 1.6}
{'loss': 0.6205, 'learning_rate': 0.0004660778803693296, 'epoch': 1.61}
{'loss': 0.6142, 'learning_rate': 0.0004649308940758158, 'epoch': 1.61}
{'loss': 0.6259, 'learning_rate': 0.000463783907782302, 'epoch': 1.61}
{'loss': 0.6432, 'learning_rate': 0.0004626369214887882, 'epoch': 1.62}
{'loss': 0.6105, 'learning_rate': 0.00046148993519527445, 'epoch': 1.62}
{'loss': 0.6171, 'learning_rate': 0.00046034294890176064, 'epoch': 1.62}
{'loss': 0.6345, 'learning_rate': 0.0004591959626082469, 'epoch': 1.63}
{'loss': 0.6256, 'learning_rate': 0.000458048976314733, 'epoch': 1.63}
{'eval_loss': 0.5262285470962524, 'eval_bce': 0.5199955851986217, 'eval_n_pos': 2024.0, 'eval_pos_rate': 0.09120814744716327, 'eval_auroc': 0.6571074585511375, 'eval_auprc': 0.19782108012779964, 'eval_mcc': 0.1467022610856468, 'eval_precision': 0.27803521779425394, 'eval_recall': 0.1482213438735178, 'eval_f1': 0.19336126329358688, 'eval_runtime': 154.9114, 'eval_samples_per_second': 143.25, 'eval_steps_per_second': 2.24, 'epoch': 1.63}
{'loss': 0.6361, 'learning_rate': 0.00045690199002121926, 'epoch': 1.63}
{'loss': 0.6432, 'learning_rate': 0.00045575500372770544, 'epoch': 1.64}
{'loss': 0.6277, 'learning_rate': 0.0004546080174341917, 'epoch': 1.64}
{'loss': 0.6293, 'learning_rate': 0.0004534610311406779, 'epoch': 1.64}
{'loss': 0.6247, 'learning_rate': 0.0004523140448471641, 'epoch': 1.65}
{'loss': 0.6214, 'learning_rate': 0.0004511670585536503, 'epoch': 1.65}
{'loss': 0.6453, 'learning_rate': 0.00045002007226013655, 'epoch': 1.65}
{'loss': 0.6471, 'learning_rate': 0.0004488730859666227, 'epoch': 1.66}
{'loss': 0.64, 'learning_rate': 0.0004477260996731089, 'epoch': 1.66}
{'loss': 0.6475, 'learning_rate': 0.0004465791133795951, 'epoch': 1.66}
{'loss': 0.6426, 'learning_rate': 0.00044543212708608135, 'epoch': 1.67}
{'loss': 0.6207, 'learning_rate': 0.00044428514079256754, 'epoch': 1.67}
{'eval_loss': 0.5190942883491516, 'eval_bce': 0.5128728574755408, 'eval_n_pos': 2024.0, 'eval_pos_rate': 0.09120814744716327, 'eval_auroc': 0.6474827115522148, 'eval_auprc': 0.1933379082924789, 'eval_mcc': 0.14903572260203285, 'eval_precision': 0.30112359550561796, 'eval_recall': 0.1324110671936759, 'eval_f1': 0.18393960192175704, 'eval_runtime': 154.9265, 'eval_samples_per_second': 143.236, 'eval_steps_per_second': 2.24, 'epoch': 1.67}
{'loss': 0.6239, 'learning_rate': 0.0004431381544990538, 'epoch': 1.67}
{'loss': 0.6257, 'learning_rate': 0.00044199116820553997, 'epoch': 1.68}
{'loss': 0.6144, 'learning_rate': 0.0004408441819120262, 'epoch': 1.68}
{'loss': 0.6184, 'learning_rate': 0.00043969719561851234, 'epoch': 1.68}
{'loss': 0.6424, 'learning_rate': 0.0004385502093249986, 'epoch': 1.69}
{'loss': 0.6504, 'learning_rate': 0.0004374032230314848, 'epoch': 1.69}
{'loss': 0.6243, 'learning_rate': 0.000436256236737971, 'epoch': 1.69}
{'loss': 0.6184, 'learning_rate': 0.0004351092504444572, 'epoch': 1.7}
{'loss': 0.6257, 'learning_rate': 0.00043396226415094345, 'epoch': 1.7}
{'loss': 0.6249, 'learning_rate': 0.00043281527785742963, 'epoch': 1.71}
{'loss': 0.6388, 'learning_rate': 0.0004316682915639158, 'epoch': 1.71}
{'loss': 0.6387, 'learning_rate': 0.000430521305270402, 'epoch': 1.71}
{'loss': 0.6314, 'learning_rate': 0.0004293743189768882, 'epoch': 1.72}
{'eval_loss': 0.5154595375061035, 'eval_bce': 0.5089650376621819, 'eval_n_pos': 2024.0, 'eval_pos_rate': 0.09120814744716327, 'eval_auroc': 0.6555949643598483, 'eval_auprc': 0.1968277127062586, 'eval_mcc': 0.15322087905439757, 'eval_precision': 0.3118405627198124, 'eval_recall': 0.13142292490118576, 'eval_f1': 0.18491484184914841, 'eval_runtime': 154.9035, 'eval_samples_per_second': 143.257, 'eval_steps_per_second': 2.24, 'epoch': 1.72}
{'loss': 0.6031, 'learning_rate': 0.00042822733268337444, 'epoch': 1.72}
{'loss': 0.6145, 'learning_rate': 0.0004270803463898606, 'epoch': 1.72}
{'loss': 0.6141, 'learning_rate': 0.00042593336009634687, 'epoch': 1.73}
{'loss': 0.6466, 'learning_rate': 0.00042478637380283306, 'epoch': 1.73}
{'loss': 0.6153, 'learning_rate': 0.0004236393875093193, 'epoch': 1.73}
{'loss': 0.623, 'learning_rate': 0.00042249240121580543, 'epoch': 1.74}
{'loss': 0.6407, 'learning_rate': 0.0004213454149222917, 'epoch': 1.74}
{'loss': 0.6194, 'learning_rate': 0.00042019842862877786, 'epoch': 1.74}
{'loss': 0.6279, 'learning_rate': 0.0004190514423352641, 'epoch': 1.75}
{'loss': 0.6455, 'learning_rate': 0.0004179044560417503, 'epoch': 1.75}
{'loss': 0.6272, 'learning_rate': 0.00041675746974823653, 'epoch': 1.75}
{'loss': 0.6447, 'learning_rate': 0.0004156104834547227, 'epoch': 1.76}
{'eval_loss': 0.512734055519104, 'eval_bce': 0.506188014900092, 'eval_n_pos': 2024.0, 'eval_pos_rate': 0.09120814744716327, 'eval_auroc': 0.6506582094844021, 'eval_auprc': 0.19572637779037252, 'eval_mcc': 0.14824418007686604, 'eval_precision': 0.30732292917166865, 'eval_recall': 0.12648221343873517, 'eval_f1': 0.1792089604480224, 'eval_runtime': 154.4404, 'eval_samples_per_second': 143.687, 'eval_steps_per_second': 2.247, 'epoch': 1.76}
{'loss': 0.6397, 'learning_rate': 0.00041446349716120896, 'epoch': 1.76}
{'loss': 0.5925, 'learning_rate': 0.0004133165108676951, 'epoch': 1.76}
{'loss': 0.6245, 'learning_rate': 0.00041216952457418134, 'epoch': 1.77}
{'loss': 0.6185, 'learning_rate': 0.0004110225382806675, 'epoch': 1.77}
{'loss': 0.6242, 'learning_rate': 0.00040987555198715377, 'epoch': 1.77}
{'loss': 0.63, 'learning_rate': 0.00040872856569363996, 'epoch': 1.78}
{'loss': 0.6285, 'learning_rate': 0.0004075815794001262, 'epoch': 1.78}
{'loss': 0.6127, 'learning_rate': 0.0004064345931066124, 'epoch': 1.78}
{'loss': 0.6192, 'learning_rate': 0.00040528760681309863, 'epoch': 1.79}
{'loss': 0.6278, 'learning_rate': 0.00040414062051958476, 'epoch': 1.79}
{'loss': 0.6266, 'learning_rate': 0.000402993634226071, 'epoch': 1.79}
{'loss': 0.5946, 'learning_rate': 0.0004018466479325572, 'epoch': 1.8}
{'loss': 0.6114, 'learning_rate': 0.00040069966163904343, 'epoch': 1.8}
{'eval_loss': 0.519131064414978, 'eval_bce': 0.5128015755853064, 'eval_n_pos': 2024.0, 'eval_pos_rate': 0.09120814744716327, 'eval_auroc': 0.6539740253860503, 'eval_auprc': 0.19337538243885125, 'eval_mcc': 0.142039413609059, 'eval_precision': 0.27916251246261214, 'eval_recall': 0.1383399209486166, 'eval_f1': 0.18500165180046252, 'eval_runtime': 154.3896, 'eval_samples_per_second': 143.734, 'eval_steps_per_second': 2.248, 'epoch': 1.8}
{'loss': 0.6325, 'learning_rate': 0.0003995526753455296, 'epoch': 1.8}
{'loss': 0.6152, 'learning_rate': 0.00039840568905201586, 'epoch': 1.81}
{'loss': 0.6435, 'learning_rate': 0.00039725870275850205, 'epoch': 1.81}
{'loss': 0.6189, 'learning_rate': 0.00039611171646498824, 'epoch': 1.82}
{'loss': 0.6515, 'learning_rate': 0.0003949647301714744, 'epoch': 1.82}
{'loss': 0.634, 'learning_rate': 0.00039381774387796067, 'epoch': 1.82}
{'loss': 0.6413, 'learning_rate': 0.00039267075758444686, 'epoch': 1.83}
{'loss': 0.6202, 'learning_rate': 0.0003915237712909331, 'epoch': 1.83}
{'loss': 0.6456, 'learning_rate': 0.0003903767849974193, 'epoch': 1.83}
{'loss': 0.6314, 'learning_rate': 0.00038922979870390553, 'epoch': 1.84}
{'loss': 0.6355, 'learning_rate': 0.0003880828124103917, 'epoch': 1.84}
{'loss': 0.6095, 'learning_rate': 0.0003869358261168779, 'epoch': 1.84}
{'eval_loss': 0.5131963491439819, 'eval_bce': 0.5066732843055441, 'eval_n_pos': 2024.0, 'eval_pos_rate': 0.09120814744716327, 'eval_auroc': 0.6468130561393393, 'eval_auprc': 0.19540717126020946, 'eval_mcc': 0.15337268327954268, 'eval_precision': 0.32225063938618925, 'eval_recall': 0.12450592885375494, 'eval_f1': 0.1796151104775481, 'eval_runtime': 154.9681, 'eval_samples_per_second': 143.197, 'eval_steps_per_second': 2.239, 'epoch': 1.84}
{'loss': 0.6469, 'learning_rate': 0.0003857888398233641, 'epoch': 1.85}
{'loss': 0.6693, 'learning_rate': 0.00038464185352985033, 'epoch': 1.85}
{'loss': 0.6165, 'learning_rate': 0.0003834948672363365, 'epoch': 1.85}
{'loss': 0.5916, 'learning_rate': 0.00038234788094282276, 'epoch': 1.86}
{'loss': 0.6181, 'learning_rate': 0.00038120089464930895, 'epoch': 1.86}
{'loss': 0.6373, 'learning_rate': 0.0003800539083557952, 'epoch': 1.86}
{'loss': 0.6198, 'learning_rate': 0.0003789069220622814, 'epoch': 1.87}
{'loss': 0.6192, 'learning_rate': 0.00037775993576876757, 'epoch': 1.87}
{'loss': 0.6221, 'learning_rate': 0.00037661294947525376, 'epoch': 1.87}
{'loss': 0.611, 'learning_rate': 0.00037546596318174, 'epoch': 1.88}
{'loss': 0.6282, 'learning_rate': 0.0003743189768882262, 'epoch': 1.88}
{'loss': 0.6355, 'learning_rate': 0.00037317199059471243, 'epoch': 1.88}
{'loss': 0.6206, 'learning_rate': 0.0003720250043011986, 'epoch': 1.89}
{'eval_loss': 0.5121476054191589, 'eval_bce': 0.5052164110199006, 'eval_n_pos': 2024.0, 'eval_pos_rate': 0.09120814744716327, 'eval_auroc': 0.6571835524163747, 'eval_auprc': 0.20253439125227554, 'eval_mcc': 0.15567585618078011, 'eval_precision': 0.31402085747392816, 'eval_recall': 0.13389328063241107, 'eval_f1': 0.1877381364738483, 'eval_runtime': 154.8704, 'eval_samples_per_second': 143.288, 'eval_steps_per_second': 2.241, 'epoch': 1.89}
{'loss': 0.6502, 'learning_rate': 0.00037087801800768486, 'epoch': 1.89}
{'loss': 0.6602, 'learning_rate': 0.00036973103171417104, 'epoch': 1.89}
{'loss': 0.6115, 'learning_rate': 0.00036858404542065723, 'epoch': 1.9}
{'loss': 0.6095, 'learning_rate': 0.0003674370591271434, 'epoch': 1.9}
{'loss': 0.6121, 'learning_rate': 0.00036629007283362966, 'epoch': 1.9}
{'loss': 0.622, 'learning_rate': 0.00036514308654011585, 'epoch': 1.91}
{'loss': 0.6513, 'learning_rate': 0.0003639961002466021, 'epoch': 1.91}
{'loss': 0.6288, 'learning_rate': 0.0003628491139530883, 'epoch': 1.91}
{'loss': 0.6215, 'learning_rate': 0.0003617021276595745, 'epoch': 1.92}
{'loss': 0.6281, 'learning_rate': 0.00036055514136606066, 'epoch': 1.92}
{'loss': 0.632, 'learning_rate': 0.0003594081550725469, 'epoch': 1.92}
{'loss': 0.6276, 'learning_rate': 0.0003582611687790331, 'epoch': 1.93}
{'eval_loss': 0.5112335681915283, 'eval_bce': 0.5046305455472775, 'eval_n_pos': 2024.0, 'eval_pos_rate': 0.09120814744716327, 'eval_auroc': 0.6479125953427223, 'eval_auprc': 0.19490426223391757, 'eval_mcc': 0.14908632104667202, 'eval_precision': 0.30787589498806683, 'eval_recall': 0.1274703557312253, 'eval_f1': 0.18029350104821806, 'eval_runtime': 154.7724, 'eval_samples_per_second': 143.378, 'eval_steps_per_second': 2.242, 'epoch': 1.93}
{'loss': 0.6162, 'learning_rate': 0.0003571141824855193, 'epoch': 1.93}
{'loss': 0.6307, 'learning_rate': 0.0003559671961920055, 'epoch': 1.94}
{'loss': 0.6323, 'learning_rate': 0.00035482020989849176, 'epoch': 1.94}
{'loss': 0.6067, 'learning_rate': 0.00035367322360497794, 'epoch': 1.94}
{'loss': 0.6261, 'learning_rate': 0.0003525262373114642, 'epoch': 1.95}
{'loss': 0.6216, 'learning_rate': 0.0003513792510179503, 'epoch': 1.95}
{'loss': 0.6419, 'learning_rate': 0.0003502322647244365, 'epoch': 1.95}
{'loss': 0.6292, 'learning_rate': 0.00034908527843092275, 'epoch': 1.96}
{'loss': 0.6147, 'learning_rate': 0.00034793829213740894, 'epoch': 1.96}
{'loss': 0.5986, 'learning_rate': 0.0003467913058438952, 'epoch': 1.96}
{'loss': 0.615, 'learning_rate': 0.00034564431955038137, 'epoch': 1.97}
{'loss': 0.6078, 'learning_rate': 0.0003444973332568676, 'epoch': 1.97}
{'loss': 0.6126, 'learning_rate': 0.0003433503469633538, 'epoch': 1.97}
{'eval_loss': 0.5112751722335815, 'eval_bce': 0.5045637239369761, 'eval_n_pos': 2024.0, 'eval_pos_rate': 0.09120814744716327, 'eval_auroc': 0.6558269943011428, 'eval_auprc': 0.20140266442886126, 'eval_mcc': 0.15133101899122092, 'eval_precision': 0.3029966703662597, 'eval_recall': 0.13488142292490118, 'eval_f1': 0.18666666666666665, 'eval_runtime': 154.3824, 'eval_samples_per_second': 143.74, 'eval_steps_per_second': 2.248, 'epoch': 1.97}
{'loss': 0.6216, 'learning_rate': 0.00034220336066984, 'epoch': 1.98}
{'loss': 0.6083, 'learning_rate': 0.00034105637437632617, 'epoch': 1.98}
{'loss': 0.6215, 'learning_rate': 0.0003399093880828124, 'epoch': 1.98}
{'loss': 0.6529, 'learning_rate': 0.0003387624017892986, 'epoch': 1.99}
{'loss': 0.6158, 'learning_rate': 0.00033761541549578484, 'epoch': 1.99}
{'loss': 0.6149, 'learning_rate': 0.00033646842920227103, 'epoch': 1.99}
{'loss': 0.6415, 'learning_rate': 0.0003353214429087573, 'epoch': 2.0}
{'loss': 0.5942, 'learning_rate': 0.0003341744566152434, 'epoch': 2.0}
{'loss': 0.625, 'learning_rate': 0.00033302747032172965, 'epoch': 2.0}
{'loss': 0.6127, 'learning_rate': 0.00033188048402821584, 'epoch': 2.01}
{'loss': 0.6266, 'learning_rate': 0.0003307334977347021, 'epoch': 2.01}
{'loss': 0.6265, 'learning_rate': 0.00032958651144118827, 'epoch': 2.01}
{'eval_loss': 0.5171554684638977, 'eval_bce': 0.510457500805687, 'eval_n_pos': 2024.0, 'eval_pos_rate': 0.09120814744716327, 'eval_auroc': 0.6539916524098872, 'eval_auprc': 0.20109236063271457, 'eval_mcc': 0.14985378909097613, 'eval_precision': 0.2897102897102897, 'eval_recall': 0.1432806324110672, 'eval_f1': 0.19173553719008266, 'eval_runtime': 154.7649, 'eval_samples_per_second': 143.385, 'eval_steps_per_second': 2.242, 'epoch': 2.02}
{'loss': 0.6123, 'learning_rate': 0.0003284395251476745, 'epoch': 2.02}
{'loss': 0.6352, 'learning_rate': 0.0003272925388541607, 'epoch': 2.02}
{'loss': 0.5939, 'learning_rate': 0.00032614555256064694, 'epoch': 2.02}
{'loss': 0.6026, 'learning_rate': 0.00032499856626713307, 'epoch': 2.03}
{'loss': 0.6088, 'learning_rate': 0.0003238515799736193, 'epoch': 2.03}
{'loss': 0.6197, 'learning_rate': 0.0003227045936801055, 'epoch': 2.03}
{'loss': 0.6175, 'learning_rate': 0.00032155760738659174, 'epoch': 2.04}
{'loss': 0.6343, 'learning_rate': 0.00032041062109307793, 'epoch': 2.04}
{'loss': 0.637, 'learning_rate': 0.0003192636347995642, 'epoch': 2.04}
{'loss': 0.6246, 'learning_rate': 0.00031811664850605036, 'epoch': 2.05}
{'loss': 0.6396, 'learning_rate': 0.0003169696622125366, 'epoch': 2.05}
{'loss': 0.6132, 'learning_rate': 0.00031582267591902274, 'epoch': 2.06}
{'loss': 0.6081, 'learning_rate': 0.000314675689625509, 'epoch': 2.06}
{'eval_loss': 0.5190488696098328, 'eval_bce': 0.5127770903210513, 'eval_n_pos': 2024.0, 'eval_pos_rate': 0.09120814744716327, 'eval_auroc': 0.6531858683549674, 'eval_auprc': 0.1936514109640221, 'eval_mcc': 0.13790306099324784, 'eval_precision': 0.26581118240146656, 'eval_recall': 0.1432806324110672, 'eval_f1': 0.18619582664526485, 'eval_runtime': 154.8981, 'eval_samples_per_second': 143.262, 'eval_steps_per_second': 2.24, 'epoch': 2.06}
{'loss': 0.6032, 'learning_rate': 0.00031352870333199517, 'epoch': 2.06}
{'loss': 0.6079, 'learning_rate': 0.0003123817170384814, 'epoch': 2.07}
{'loss': 0.6214, 'learning_rate': 0.0003112347307449676, 'epoch': 2.07}
{'loss': 0.6006, 'learning_rate': 0.00031008774445145384, 'epoch': 2.07}
{'loss': 0.6136, 'learning_rate': 0.00030894075815794, 'epoch': 2.08}
{'loss': 0.6183, 'learning_rate': 0.00030779377186442627, 'epoch': 2.08}
{'loss': 0.6083, 'learning_rate': 0.0003066467855709124, 'epoch': 2.08}
{'loss': 0.6301, 'learning_rate': 0.00030549979927739864, 'epoch': 2.09}
{'loss': 0.6206, 'learning_rate': 0.00030435281298388483, 'epoch': 2.09}
{'loss': 0.6196, 'learning_rate': 0.0003032058266903711, 'epoch': 2.09}
{'loss': 0.594, 'learning_rate': 0.00030205884039685726, 'epoch': 2.1}
{'loss': 0.6293, 'learning_rate': 0.0003009118541033435, 'epoch': 2.1}
{'eval_loss': 0.5117126107215881, 'eval_bce': 0.5051200112163856, 'eval_n_pos': 2024.0, 'eval_pos_rate': 0.09120814744716327, 'eval_auroc': 0.6567022207453143, 'eval_auprc': 0.1963892930709839, 'eval_mcc': 0.1417542268979164, 'eval_precision': 0.2807731434384537, 'eval_recall': 0.13636363636363635, 'eval_f1': 0.18357166611240439, 'eval_runtime': 154.4829, 'eval_samples_per_second': 143.647, 'eval_steps_per_second': 2.246, 'epoch': 2.1}
{'loss': 0.6013, 'learning_rate': 0.0002997648678098297, 'epoch': 2.1}
{'loss': 0.6298, 'learning_rate': 0.0002986178815163159, 'epoch': 2.11}
{'loss': 0.6133, 'learning_rate': 0.00029747089522280207, 'epoch': 2.11}
{'loss': 0.615, 'learning_rate': 0.0002963239089292883, 'epoch': 2.11}
{'loss': 0.6134, 'learning_rate': 0.0002951769226357745, 'epoch': 2.12}
{'loss': 0.6227, 'learning_rate': 0.00029402993634226074, 'epoch': 2.12}
{'loss': 0.6117, 'learning_rate': 0.0002928829500487469, 'epoch': 2.12}
{'loss': 0.6386, 'learning_rate': 0.00029173596375523317, 'epoch': 2.13}
{'loss': 0.6204, 'learning_rate': 0.00029058897746171936, 'epoch': 2.13}
{'loss': 0.6599, 'learning_rate': 0.00028944199116820554, 'epoch': 2.13}
{'loss': 0.6081, 'learning_rate': 0.00028829500487469173, 'epoch': 2.14}
{'loss': 0.632, 'learning_rate': 0.000287148018581178, 'epoch': 2.14}
{'loss': 0.5917, 'learning_rate': 0.00028600103228766416, 'epoch': 2.14}
{'eval_loss': 0.5042792558670044, 'eval_bce': 0.49734103695447884, 'eval_n_pos': 2024.0, 'eval_pos_rate': 0.09120814744716327, 'eval_auroc': 0.6533628368145746, 'eval_auprc': 0.19890259769990198, 'eval_mcc': 0.15116237756695639, 'eval_precision': 0.31625, 'eval_recall': 0.125, 'eval_f1': 0.1791784702549575, 'eval_runtime': 154.7992, 'eval_samples_per_second': 143.353, 'eval_steps_per_second': 2.242, 'epoch': 2.14}
{'loss': 0.6191, 'learning_rate': 0.0002848540459941504, 'epoch': 2.15}
{'loss': 0.6159, 'learning_rate': 0.0002837070597006366, 'epoch': 2.15}
{'loss': 0.6482, 'learning_rate': 0.00028256007340712283, 'epoch': 2.15}
{'loss': 0.647, 'learning_rate': 0.000281413087113609, 'epoch': 2.16}
{'loss': 0.6071, 'learning_rate': 0.0002802661008200952, 'epoch': 2.16}
{'loss': 0.6123, 'learning_rate': 0.0002791191145265814, 'epoch': 2.17}
{'loss': 0.6287, 'learning_rate': 0.0002779721282330676, 'epoch': 2.17}
{'loss': 0.6164, 'learning_rate': 0.0002768251419395538, 'epoch': 2.17}
{'loss': 0.5993, 'learning_rate': 0.00027567815564604, 'epoch': 2.18}
{'loss': 0.6186, 'learning_rate': 0.00027453116935252626, 'epoch': 2.18}
{'loss': 0.5944, 'learning_rate': 0.00027338418305901244, 'epoch': 2.18}
{'loss': 0.5956, 'learning_rate': 0.0002722371967654987, 'epoch': 2.19}
{'eval_loss': 0.5052299499511719, 'eval_bce': 0.49821476142005566, 'eval_n_pos': 2024.0, 'eval_pos_rate': 0.09120814744716327, 'eval_auroc': 0.659245203734587, 'eval_auprc': 0.2010072233942832, 'eval_mcc': 0.15207234964125124, 'eval_precision': 0.31058823529411766, 'eval_recall': 0.13043478260869565, 'eval_f1': 0.1837160751565762, 'eval_runtime': 154.7198, 'eval_samples_per_second': 143.427, 'eval_steps_per_second': 2.243, 'epoch': 2.19}
{'loss': 0.6274, 'learning_rate': 0.0002710902104719848, 'epoch': 2.19}
{'loss': 0.6126, 'learning_rate': 0.00026994322417847106, 'epoch': 2.19}
{'loss': 0.6181, 'learning_rate': 0.00026879623788495725, 'epoch': 2.2}
{'loss': 0.6163, 'learning_rate': 0.0002676492515914435, 'epoch': 2.2}
{'loss': 0.6068, 'learning_rate': 0.0002665022652979297, 'epoch': 2.2}
{'loss': 0.6604, 'learning_rate': 0.0002653552790044159, 'epoch': 2.21}
{'loss': 0.6398, 'learning_rate': 0.0002642082927109021, 'epoch': 2.21}
{'loss': 0.6167, 'learning_rate': 0.0002630613064173883, 'epoch': 2.21}
{'loss': 0.6231, 'learning_rate': 0.0002619143201238745, 'epoch': 2.22}
{'loss': 0.6158, 'learning_rate': 0.0002607673338303607, 'epoch': 2.22}
{'loss': 0.6115, 'learning_rate': 0.0002596203475368469, 'epoch': 2.22}
{'loss': 0.6112, 'learning_rate': 0.00025847336124333316, 'epoch': 2.23}
{'loss': 0.5904, 'learning_rate': 0.00025732637494981934, 'epoch': 2.23}
{'eval_loss': 0.5035258531570435, 'eval_bce': 0.4963990435097313, 'eval_n_pos': 2024.0, 'eval_pos_rate': 0.09120814744716327, 'eval_auroc': 0.6571886237074579, 'eval_auprc': 0.20293033419704398, 'eval_mcc': 0.162256072712048, 'eval_precision': 0.3367741935483871, 'eval_recall': 0.12895256916996048, 'eval_f1': 0.1864951768488746, 'eval_runtime': 154.2332, 'eval_samples_per_second': 143.88, 'eval_steps_per_second': 2.25, 'epoch': 2.23}
{'loss': 0.6079, 'learning_rate': 0.0002561793886563056, 'epoch': 2.23}
{'loss': 0.6253, 'learning_rate': 0.0002550324023627918, 'epoch': 2.24}
{'loss': 0.5952, 'learning_rate': 0.00025388541606927796, 'epoch': 2.24}
{'loss': 0.6167, 'learning_rate': 0.00025273842977576415, 'epoch': 2.24}
{'loss': 0.6251, 'learning_rate': 0.0002515914434822504, 'epoch': 2.25}
{'loss': 0.6, 'learning_rate': 0.0002504444571887366, 'epoch': 2.25}
{'loss': 0.5997, 'learning_rate': 0.0002492974708952228, 'epoch': 2.25}
{'loss': 0.6273, 'learning_rate': 0.000248150484601709, 'epoch': 2.26}
{'loss': 0.5991, 'learning_rate': 0.0002470034983081952, 'epoch': 2.26}
{'loss': 0.6181, 'learning_rate': 0.00024585651201468144, 'epoch': 2.26}
{'loss': 0.6468, 'learning_rate': 0.0002447095257211676, 'epoch': 2.27}
{'loss': 0.5913, 'learning_rate': 0.00024356253942765387, 'epoch': 2.27}
{'eval_loss': 0.5014548897743225, 'eval_bce': 0.4943186807915796, 'eval_n_pos': 2024.0, 'eval_pos_rate': 0.09120814744716327, 'eval_auroc': 0.6571189363282989, 'eval_auprc': 0.20417108362885952, 'eval_mcc': 0.15861489328304743, 'eval_precision': 0.32951653944020354, 'eval_recall': 0.12796442687747037, 'eval_f1': 0.18434163701067616, 'eval_runtime': 154.597, 'eval_samples_per_second': 143.541, 'eval_steps_per_second': 2.245, 'epoch': 2.27}
{'loss': 0.6392, 'learning_rate': 0.00024241555313414006, 'epoch': 2.27}
{'loss': 0.6214, 'learning_rate': 0.00024126856684062627, 'epoch': 2.28}
{'loss': 0.6088, 'learning_rate': 0.00024012158054711249, 'epoch': 2.28}
{'loss': 0.6017, 'learning_rate': 0.0002389745942535987, 'epoch': 2.29}
{'loss': 0.5871, 'learning_rate': 0.00023782760796008486, 'epoch': 2.29}
{'loss': 0.606, 'learning_rate': 0.00023668062166657108, 'epoch': 2.29}
{'loss': 0.6164, 'learning_rate': 0.0002355336353730573, 'epoch': 2.3}
{'loss': 0.6086, 'learning_rate': 0.0002343866490795435, 'epoch': 2.3}
{'loss': 0.6221, 'learning_rate': 0.0002332396627860297, 'epoch': 2.3}
{'loss': 0.6091, 'learning_rate': 0.0002320926764925159, 'epoch': 2.31}
{'loss': 0.595, 'learning_rate': 0.00023094569019900212, 'epoch': 2.31}
{'loss': 0.6445, 'learning_rate': 0.0002297987039054883, 'epoch': 2.31}
{'loss': 0.6121, 'learning_rate': 0.00022865171761197453, 'epoch': 2.32}
{'eval_loss': 0.499246209859848, 'eval_bce': 0.49193214399728097, 'eval_n_pos': 2024.0, 'eval_pos_rate': 0.09120814744716327, 'eval_auroc': 0.6605716770891907, 'eval_auprc': 0.20693327544954387, 'eval_mcc': 0.16316843315178275, 'eval_precision': 0.3422103861517976, 'eval_recall': 0.12697628458498023, 'eval_f1': 0.18522522522522522, 'eval_runtime': 154.5006, 'eval_samples_per_second': 143.63, 'eval_steps_per_second': 2.246, 'epoch': 2.32}
{'loss': 0.6015, 'learning_rate': 0.00022750473131846074, 'epoch': 2.32}
{'loss': 0.6306, 'learning_rate': 0.00022635774502494696, 'epoch': 2.32}
{'loss': 0.5965, 'learning_rate': 0.00022521075873143314, 'epoch': 2.33}
{'loss': 0.6304, 'learning_rate': 0.00022406377243791936, 'epoch': 2.33}
{'loss': 0.6192, 'learning_rate': 0.00022291678614440557, 'epoch': 2.33}
{'loss': 0.608, 'learning_rate': 0.0002217697998508918, 'epoch': 2.34}
{'loss': 0.6096, 'learning_rate': 0.00022062281355737798, 'epoch': 2.34}
{'loss': 0.6485, 'learning_rate': 0.0002194758272638642, 'epoch': 2.34}
{'loss': 0.6204, 'learning_rate': 0.0002183288409703504, 'epoch': 2.35}
{'loss': 0.6198, 'learning_rate': 0.00021718185467683662, 'epoch': 2.35}
{'loss': 0.6135, 'learning_rate': 0.0002160348683833228, 'epoch': 2.35}
{'loss': 0.599, 'learning_rate': 0.00021488788208980902, 'epoch': 2.36}
{'eval_loss': 0.5024706721305847, 'eval_bce': 0.4953317468850452, 'eval_n_pos': 2024.0, 'eval_pos_rate': 0.09120814744716327, 'eval_auroc': 0.6621360723923617, 'eval_auprc': 0.20493826566841472, 'eval_mcc': 0.15990638531776735, 'eval_precision': 0.32231404958677684, 'eval_recall': 0.13488142292490118, 'eval_f1': 0.19017763845350052, 'eval_runtime': 154.7258, 'eval_samples_per_second': 143.421, 'eval_steps_per_second': 2.243, 'epoch': 2.36}
{'loss': 0.6283, 'learning_rate': 0.00021374089579629524, 'epoch': 2.36}
{'loss': 0.6316, 'learning_rate': 0.00021259390950278145, 'epoch': 2.36}
{'loss': 0.6182, 'learning_rate': 0.00021144692320926764, 'epoch': 2.37}
{'loss': 0.6171, 'learning_rate': 0.00021029993691575386, 'epoch': 2.37}
{'loss': 0.6192, 'learning_rate': 0.00020915295062224007, 'epoch': 2.37}
{'loss': 0.5854, 'learning_rate': 0.00020800596432872629, 'epoch': 2.38}
{'loss': 0.6039, 'learning_rate': 0.00020685897803521247, 'epoch': 2.38}
{'loss': 0.6132, 'learning_rate': 0.0002057119917416987, 'epoch': 2.38}
{'loss': 0.6097, 'learning_rate': 0.0002045650054481849, 'epoch': 2.39}
{'loss': 0.6153, 'learning_rate': 0.00020341801915467112, 'epoch': 2.39}
{'loss': 0.6003, 'learning_rate': 0.0002022710328611573, 'epoch': 2.39}
{'loss': 0.606, 'learning_rate': 0.00020112404656764352, 'epoch': 2.4}
{'loss': 0.6168, 'learning_rate': 0.00019997706027412974, 'epoch': 2.4}
{'eval_loss': 0.5015453696250916, 'eval_bce': 0.4942778679335324, 'eval_n_pos': 2024.0, 'eval_pos_rate': 0.09120814744716327, 'eval_auroc': 0.6617940787311327, 'eval_auprc': 0.20079139445763583, 'eval_mcc': 0.15384093105317068, 'eval_precision': 0.3189122373300371, 'eval_recall': 0.1274703557312253, 'eval_f1': 0.18213907518531594, 'eval_runtime': 154.791, 'eval_samples_per_second': 143.361, 'eval_steps_per_second': 2.242, 'epoch': 2.4}
{'loss': 0.6255, 'learning_rate': 0.00019883007398061592, 'epoch': 2.41}
{'loss': 0.6378, 'learning_rate': 0.00019768308768710214, 'epoch': 2.41}
{'loss': 0.622, 'learning_rate': 0.00019653610139358835, 'epoch': 2.41}
{'loss': 0.6056, 'learning_rate': 0.00019538911510007457, 'epoch': 2.42}
{'loss': 0.6071, 'learning_rate': 0.00019424212880656076, 'epoch': 2.42}
{'loss': 0.6197, 'learning_rate': 0.00019309514251304697, 'epoch': 2.42}
{'loss': 0.6167, 'learning_rate': 0.00019194815621953319, 'epoch': 2.43}
{'loss': 0.6075, 'learning_rate': 0.0001908011699260194, 'epoch': 2.43}
{'loss': 0.5807, 'learning_rate': 0.0001896541836325056, 'epoch': 2.43}
{'loss': 0.625, 'learning_rate': 0.0001885071973389918, 'epoch': 2.44}
{'loss': 0.5785, 'learning_rate': 0.00018736021104547802, 'epoch': 2.44}
{'loss': 0.6139, 'learning_rate': 0.00018621322475196423, 'epoch': 2.44}
{'eval_loss': 0.5008456707000732, 'eval_bce': 0.4936198455318021, 'eval_n_pos': 2024.0, 'eval_pos_rate': 0.09120814744716327, 'eval_auroc': 0.6639393696037298, 'eval_auprc': 0.20178311747368685, 'eval_mcc': 0.14820522379611453, 'eval_precision': 0.30384167636786963, 'eval_recall': 0.12895256916996048, 'eval_f1': 0.1810613943808533, 'eval_runtime': 154.3728, 'eval_samples_per_second': 143.749, 'eval_steps_per_second': 2.248, 'epoch': 2.44}
{'loss': 0.6304, 'learning_rate': 0.00018506623845845042, 'epoch': 2.45}
{'loss': 0.5991, 'learning_rate': 0.00018391925216493664, 'epoch': 2.45}
{'loss': 0.6101, 'learning_rate': 0.00018277226587142285, 'epoch': 2.45}
{'loss': 0.6003, 'learning_rate': 0.00018162527957790907, 'epoch': 2.46}
{'loss': 0.628, 'learning_rate': 0.00018047829328439525, 'epoch': 2.46}
{'loss': 0.638, 'learning_rate': 0.00017933130699088147, 'epoch': 2.46}
{'loss': 0.6035, 'learning_rate': 0.00017818432069736768, 'epoch': 2.47}
{'loss': 0.6097, 'learning_rate': 0.0001770373344038539, 'epoch': 2.47}
{'loss': 0.6168, 'learning_rate': 0.00017589034811034009, 'epoch': 2.47}
{'loss': 0.6143, 'learning_rate': 0.0001747433618168263, 'epoch': 2.48}
{'loss': 0.5963, 'learning_rate': 0.00017359637552331252, 'epoch': 2.48}
{'loss': 0.6253, 'learning_rate': 0.00017244938922979873, 'epoch': 2.48}
{'loss': 0.5946, 'learning_rate': 0.00017130240293628492, 'epoch': 2.49}
{'eval_loss': 0.49447086453437805, 'eval_bce': 0.4869689681176098, 'eval_n_pos': 2024.0, 'eval_pos_rate': 0.09120814744716327, 'eval_auroc': 0.6611902153578881, 'eval_auprc': 0.20586903891754252, 'eval_mcc': 0.15845063532805545, 'eval_precision': 0.34643377001455605, 'eval_recall': 0.11758893280632411, 'eval_f1': 0.17558096643305054, 'eval_runtime': 154.3807, 'eval_samples_per_second': 143.742, 'eval_steps_per_second': 2.248, 'epoch': 2.49}
{'loss': 0.602, 'learning_rate': 0.00017015541664277113, 'epoch': 2.49}
{'loss': 0.5872, 'learning_rate': 0.00016900843034925735, 'epoch': 2.49}
{'loss': 0.6104, 'learning_rate': 0.00016786144405574356, 'epoch': 2.5}
{'loss': 0.6119, 'learning_rate': 0.00016671445776222975, 'epoch': 2.5}
{'loss': 0.6022, 'learning_rate': 0.00016556747146871597, 'epoch': 2.5}
{'loss': 0.6057, 'learning_rate': 0.00016442048517520218, 'epoch': 2.51}
{'loss': 0.5979, 'learning_rate': 0.00016327349888168834, 'epoch': 2.51}
{'loss': 0.6093, 'learning_rate': 0.00016212651258817456, 'epoch': 2.52}
{'loss': 0.602, 'learning_rate': 0.00016097952629466077, 'epoch': 2.52}
{'loss': 0.6117, 'learning_rate': 0.00015983254000114699, 'epoch': 2.52}
{'loss': 0.6109, 'learning_rate': 0.00015868555370763317, 'epoch': 2.53}
{'loss': 0.597, 'learning_rate': 0.0001575385674141194, 'epoch': 2.53}
{'eval_loss': 0.49609053134918213, 'eval_bce': 0.4887562404987698, 'eval_n_pos': 2024.0, 'eval_pos_rate': 0.09120814744716327, 'eval_auroc': 0.6621374198368525, 'eval_auprc': 0.20323091992644443, 'eval_mcc': 0.14948310795719053, 'eval_precision': 0.31375, 'eval_recall': 0.12401185770750989, 'eval_f1': 0.17776203966005666, 'eval_runtime': 154.6741, 'eval_samples_per_second': 143.469, 'eval_steps_per_second': 2.243, 'epoch': 2.53}
{'loss': 0.5994, 'learning_rate': 0.0001563915811206056, 'epoch': 2.53}
{'loss': 0.6036, 'learning_rate': 0.00015524459482709182, 'epoch': 2.54}
{'loss': 0.6266, 'learning_rate': 0.000154097608533578, 'epoch': 2.54}
{'loss': 0.6025, 'learning_rate': 0.00015295062224006422, 'epoch': 2.54}
{'loss': 0.6424, 'learning_rate': 0.00015180363594655044, 'epoch': 2.55}
{'loss': 0.6152, 'learning_rate': 0.00015065664965303665, 'epoch': 2.55}
{'loss': 0.6022, 'learning_rate': 0.00014950966335952284, 'epoch': 2.55}
{'loss': 0.5953, 'learning_rate': 0.00014836267706600905, 'epoch': 2.56}
{'loss': 0.6049, 'learning_rate': 0.00014721569077249527, 'epoch': 2.56}
{'loss': 0.6039, 'learning_rate': 0.00014606870447898148, 'epoch': 2.56}
{'loss': 0.6091, 'learning_rate': 0.00014492171818546767, 'epoch': 2.57}
{'loss': 0.608, 'learning_rate': 0.00014377473189195389, 'epoch': 2.57}
{'loss': 0.6045, 'learning_rate': 0.0001426277455984401, 'epoch': 2.57}
{'eval_loss': 0.496369332075119, 'eval_bce': 0.48900576123613676, 'eval_n_pos': 2024.0, 'eval_pos_rate': 0.09120814744716327, 'eval_auroc': 0.6630035694049548, 'eval_auprc': 0.20412893262641635, 'eval_mcc': 0.15203603968624285, 'eval_precision': 0.3125748502994012, 'eval_recall': 0.12895256916996048, 'eval_f1': 0.1825813221406086, 'eval_runtime': 154.907, 'eval_samples_per_second': 143.254, 'eval_steps_per_second': 2.24, 'epoch': 2.57}
{'loss': 0.6049, 'learning_rate': 0.00014148075930492631, 'epoch': 2.58}
{'loss': 0.6179, 'learning_rate': 0.0001403337730114125, 'epoch': 2.58}
{'loss': 0.6239, 'learning_rate': 0.00013918678671789872, 'epoch': 2.58}
{'loss': 0.5974, 'learning_rate': 0.00013803980042438493, 'epoch': 2.59}
{'loss': 0.5915, 'learning_rate': 0.00013689281413087115, 'epoch': 2.59}
{'loss': 0.5992, 'learning_rate': 0.00013574582783735734, 'epoch': 2.59}
{'loss': 0.6208, 'learning_rate': 0.00013459884154384355, 'epoch': 2.6}
{'loss': 0.5843, 'learning_rate': 0.00013345185525032976, 'epoch': 2.6}
{'loss': 0.6006, 'learning_rate': 0.00013230486895681598, 'epoch': 2.6}
{'loss': 0.6191, 'learning_rate': 0.00013115788266330217, 'epoch': 2.61}
{'loss': 0.611, 'learning_rate': 0.00013001089636978838, 'epoch': 2.61}
{'loss': 0.6177, 'learning_rate': 0.0001288639100762746, 'epoch': 2.61}
{'eval_loss': 0.4938183128833771, 'eval_bce': 0.4864168212213872, 'eval_n_pos': 2024.0, 'eval_pos_rate': 0.09120814744716327, 'eval_auroc': 0.6652729721646387, 'eval_auprc': 0.2044980140263122, 'eval_mcc': 0.1541896120953934, 'eval_precision': 0.3212045169385194, 'eval_recall': 0.12648221343873517, 'eval_f1': 0.18149592343140727, 'eval_runtime': 154.8598, 'eval_samples_per_second': 143.297, 'eval_steps_per_second': 2.241, 'epoch': 2.62}
{'loss': 0.5897, 'learning_rate': 0.00012771692378276079, 'epoch': 2.62}
{'loss': 0.6155, 'learning_rate': 0.000126569937489247, 'epoch': 2.62}
{'loss': 0.6127, 'learning_rate': 0.00012542295119573321, 'epoch': 2.62}
{'loss': 0.5824, 'learning_rate': 0.0001242759649022194, 'epoch': 2.63}
{'loss': 0.5819, 'learning_rate': 0.00012312897860870562, 'epoch': 2.63}
{'loss': 0.6226, 'learning_rate': 0.00012198199231519183, 'epoch': 2.64}
{'loss': 0.6402, 'learning_rate': 0.00012083500602167805, 'epoch': 2.64}
{'loss': 0.6081, 'learning_rate': 0.00011968801972816425, 'epoch': 2.64}
{'loss': 0.6189, 'learning_rate': 0.00011854103343465046, 'epoch': 2.65}
{'loss': 0.5988, 'learning_rate': 0.00011739404714113666, 'epoch': 2.65}
{'loss': 0.5981, 'learning_rate': 0.00011624706084762288, 'epoch': 2.65}
{'loss': 0.6485, 'learning_rate': 0.00011510007455410908, 'epoch': 2.66}
{'loss': 0.5891, 'learning_rate': 0.0001139530882605953, 'epoch': 2.66}
{'eval_loss': 0.4924098551273346, 'eval_bce': 0.48492511902329594, 'eval_n_pos': 2024.0, 'eval_pos_rate': 0.09120814744716327, 'eval_auroc': 0.6636557080394516, 'eval_auprc': 0.20620134460875209, 'eval_mcc': 0.15786146982933016, 'eval_precision': 0.338865836791148, 'eval_recall': 0.12104743083003952, 'eval_f1': 0.17837641062977794, 'eval_runtime': 154.6688, 'eval_samples_per_second': 143.474, 'eval_steps_per_second': 2.244, 'epoch': 2.66}
{'loss': 0.5949, 'learning_rate': 0.0001128061019670815, 'epoch': 2.66}
{'loss': 0.619, 'learning_rate': 0.00011165911567356771, 'epoch': 2.67}
{'loss': 0.618, 'learning_rate': 0.00011051212938005391, 'epoch': 2.67}
{'loss': 0.5962, 'learning_rate': 0.00010936514308654013, 'epoch': 2.67}
{'loss': 0.6325, 'learning_rate': 0.00010821815679302633, 'epoch': 2.68}
{'loss': 0.6125, 'learning_rate': 0.00010707117049951254, 'epoch': 2.68}
{'loss': 0.6226, 'learning_rate': 0.00010592418420599873, 'epoch': 2.68}
{'loss': 0.6093, 'learning_rate': 0.00010477719791248495, 'epoch': 2.69}
{'loss': 0.6157, 'learning_rate': 0.00010363021161897115, 'epoch': 2.69}
{'loss': 0.6147, 'learning_rate': 0.00010248322532545736, 'epoch': 2.69}
{'loss': 0.6096, 'learning_rate': 0.00010133623903194356, 'epoch': 2.7}
{'loss': 0.5872, 'learning_rate': 0.00010018925273842978, 'epoch': 2.7}
{'eval_loss': 0.49584951996803284, 'eval_bce': 0.4884618253276809, 'eval_n_pos': 2024.0, 'eval_pos_rate': 0.09120814744716327, 'eval_auroc': 0.6619226494345338, 'eval_auprc': 0.20299420162650963, 'eval_mcc': 0.15384487868146873, 'eval_precision': 0.31965174129353235, 'eval_recall': 0.12697628458498023, 'eval_f1': 0.18175388967468176, 'eval_runtime': 154.4143, 'eval_samples_per_second': 143.711, 'eval_steps_per_second': 2.247, 'epoch': 2.7}
{'loss': 0.6217, 'learning_rate': 9.904226644491598e-05, 'epoch': 2.7}
{'loss': 0.6005, 'learning_rate': 9.78952801514022e-05, 'epoch': 2.71}
{'loss': 0.62, 'learning_rate': 9.67482938578884e-05, 'epoch': 2.71}
{'loss': 0.6001, 'learning_rate': 9.56013075643746e-05, 'epoch': 2.71}
{'loss': 0.6038, 'learning_rate': 9.445432127086081e-05, 'epoch': 2.72}
{'loss': 0.6044, 'learning_rate': 9.330733497734701e-05, 'epoch': 2.72}
{'loss': 0.6131, 'learning_rate': 9.216034868383323e-05, 'epoch': 2.72}
{'loss': 0.6144, 'learning_rate': 9.101336239031943e-05, 'epoch': 2.73}
{'loss': 0.6142, 'learning_rate': 8.986637609680565e-05, 'epoch': 2.73}
{'loss': 0.5963, 'learning_rate': 8.871938980329185e-05, 'epoch': 2.73}
{'loss': 0.5996, 'learning_rate': 8.757240350977806e-05, 'epoch': 2.74}
{'loss': 0.6198, 'learning_rate': 8.642541721626426e-05, 'epoch': 2.74}
{'loss': 0.6136, 'learning_rate': 8.527843092275048e-05, 'epoch': 2.74}
{'eval_loss': 0.4914499521255493, 'eval_bce': 0.4838876510762769, 'eval_n_pos': 2024.0, 'eval_pos_rate': 0.09120814744716327, 'eval_auroc': 0.6626741927239567, 'eval_auprc': 0.20495013117601857, 'eval_mcc': 0.15763003377481832, 'eval_precision': 0.3374485596707819, 'eval_recall': 0.12154150197628459, 'eval_f1': 0.17871413003995643, 'eval_runtime': 153.9634, 'eval_samples_per_second': 144.132, 'eval_steps_per_second': 2.254, 'epoch': 2.74}
{'loss': 0.5993, 'learning_rate': 8.413144462923668e-05, 'epoch': 2.75}
{'loss': 0.6163, 'learning_rate': 8.29844583357229e-05, 'epoch': 2.75}
{'loss': 0.6188, 'learning_rate': 8.18374720422091e-05, 'epoch': 2.76}
{'loss': 0.6505, 'learning_rate': 8.069048574869531e-05, 'epoch': 2.76}
{'loss': 0.5898, 'learning_rate': 7.954349945518151e-05, 'epoch': 2.76}
{'loss': 0.5998, 'learning_rate': 7.839651316166773e-05, 'epoch': 2.77}
{'loss': 0.6162, 'learning_rate': 7.724952686815393e-05, 'epoch': 2.77}
{'loss': 0.612, 'learning_rate': 7.610254057464014e-05, 'epoch': 2.77}
{'loss': 0.6225, 'learning_rate': 7.495555428112634e-05, 'epoch': 2.78}
{'loss': 0.5817, 'learning_rate': 7.380856798761256e-05, 'epoch': 2.78}
{'loss': 0.5997, 'learning_rate': 7.266158169409876e-05, 'epoch': 2.78}
{'loss': 0.5911, 'learning_rate': 7.151459540058498e-05, 'epoch': 2.79}
{'eval_loss': 0.4948291480541229, 'eval_bce': 0.4874764187453494, 'eval_n_pos': 2024.0, 'eval_pos_rate': 0.09120814744716327, 'eval_auroc': 0.6609318000035671, 'eval_auprc': 0.20168413519668077, 'eval_mcc': 0.14851537795446265, 'eval_precision': 0.31004901960784315, 'eval_recall': 0.125, 'eval_f1': 0.17816901408450705, 'eval_runtime': 153.9729, 'eval_samples_per_second': 144.123, 'eval_steps_per_second': 2.254, 'epoch': 2.79}
{'loss': 0.6079, 'learning_rate': 7.036760910707118e-05, 'epoch': 2.79}
{'loss': 0.5796, 'learning_rate': 6.922062281355739e-05, 'epoch': 2.79}
{'loss': 0.6239, 'learning_rate': 6.807363652004358e-05, 'epoch': 2.8}
{'loss': 0.5992, 'learning_rate': 6.69266502265298e-05, 'epoch': 2.8}
{'loss': 0.6082, 'learning_rate': 6.5779663933016e-05, 'epoch': 2.8}
{'loss': 0.5848, 'learning_rate': 6.463267763950221e-05, 'epoch': 2.81}
{'loss': 0.6026, 'learning_rate': 6.348569134598841e-05, 'epoch': 2.81}
{'loss': 0.589, 'learning_rate': 6.233870505247463e-05, 'epoch': 2.81}
{'loss': 0.5865, 'learning_rate': 6.119171875896083e-05, 'epoch': 2.82}
{'loss': 0.6191, 'learning_rate': 6.004473246544704e-05, 'epoch': 2.82}
{'loss': 0.5941, 'learning_rate': 5.889774617193325e-05, 'epoch': 2.82}
{'loss': 0.6208, 'learning_rate': 5.775075987841945e-05, 'epoch': 2.83}
{'loss': 0.598, 'learning_rate': 5.660377358490566e-05, 'epoch': 2.83}
{'eval_loss': 0.4946576654911041, 'eval_bce': 0.487254267184896, 'eval_n_pos': 2024.0, 'eval_pos_rate': 0.09120814744716327, 'eval_auroc': 0.6615972783385217, 'eval_auprc': 0.20176912352630538, 'eval_mcc': 0.1473986129339246, 'eval_precision': 0.30676328502415456, 'eval_recall': 0.12549407114624506, 'eval_f1': 0.17812061711079943, 'eval_runtime': 153.6925, 'eval_samples_per_second': 144.386, 'eval_steps_per_second': 2.258, 'epoch': 2.83}
{'loss': 0.6165, 'learning_rate': 5.545678729139187e-05, 'epoch': 2.83}
{'loss': 0.6185, 'learning_rate': 5.4309800997878076e-05, 'epoch': 2.84}
{'loss': 0.6206, 'learning_rate': 5.3162814704364285e-05, 'epoch': 2.84}
{'loss': 0.6218, 'learning_rate': 5.201582841085049e-05, 'epoch': 2.84}
{'loss': 0.6086, 'learning_rate': 5.08688421173367e-05, 'epoch': 2.85}
{'loss': 0.6329, 'learning_rate': 4.972185582382291e-05, 'epoch': 2.85}
{'loss': 0.6055, 'learning_rate': 4.857486953030912e-05, 'epoch': 2.85}
{'loss': 0.6048, 'learning_rate': 4.7427883236795325e-05, 'epoch': 2.86}
{'loss': 0.6083, 'learning_rate': 4.628089694328153e-05, 'epoch': 2.86}
{'loss': 0.608, 'learning_rate': 4.5133910649767735e-05, 'epoch': 2.86}
{'loss': 0.5939, 'learning_rate': 4.398692435625394e-05, 'epoch': 2.87}
{'loss': 0.6215, 'learning_rate': 4.283993806274015e-05, 'epoch': 2.87}
{'eval_loss': 0.4942929744720459, 'eval_bce': 0.4868783567033201, 'eval_n_pos': 2024.0, 'eval_pos_rate': 0.09120814744716327, 'eval_auroc': 0.6618823975927488, 'eval_auprc': 0.20229567909897136, 'eval_mcc': 0.1477208710790758, 'eval_precision': 0.3075060532687651, 'eval_recall': 0.12549407114624506, 'eval_f1': 0.1782456140350877, 'eval_runtime': 154.7731, 'eval_samples_per_second': 143.378, 'eval_steps_per_second': 2.242, 'epoch': 2.87}
{'loss': 0.6276, 'learning_rate': 4.169295176922636e-05, 'epoch': 2.88}
{'loss': 0.602, 'learning_rate': 4.054596547571257e-05, 'epoch': 2.88}
{'loss': 0.5993, 'learning_rate': 3.939897918219877e-05, 'epoch': 2.88}
{'loss': 0.5982, 'learning_rate': 3.8251992888684976e-05, 'epoch': 2.89}
{'loss': 0.6176, 'learning_rate': 3.7105006595171184e-05, 'epoch': 2.89}
{'loss': 0.6255, 'learning_rate': 3.595802030165739e-05, 'epoch': 2.89}
{'loss': 0.612, 'learning_rate': 3.48110340081436e-05, 'epoch': 2.9}
{'loss': 0.5974, 'learning_rate': 3.366404771462981e-05, 'epoch': 2.9}
{'loss': 0.6095, 'learning_rate': 3.251706142111602e-05, 'epoch': 2.9}
{'loss': 0.5922, 'learning_rate': 3.1370075127602225e-05, 'epoch': 2.91}
{'loss': 0.6126, 'learning_rate': 3.0223088834088433e-05, 'epoch': 2.91}
{'loss': 0.6044, 'learning_rate': 2.907610254057464e-05, 'epoch': 2.91}
{'loss': 0.6117, 'learning_rate': 2.792911624706085e-05, 'epoch': 2.92}
{'eval_loss': 0.4944230318069458, 'eval_bce': 0.4869944702550371, 'eval_n_pos': 2024.0, 'eval_pos_rate': 0.09120814744716327, 'eval_auroc': 0.6615193592984743, 'eval_auprc': 0.2024212120856823, 'eval_mcc': 0.1500386287303611, 'eval_precision': 0.31076178960096734, 'eval_recall': 0.12697628458498023, 'eval_f1': 0.18028761837951593, 'eval_runtime': 155.0071, 'eval_samples_per_second': 143.161, 'eval_steps_per_second': 2.239, 'epoch': 2.92}
{'loss': 0.609, 'learning_rate': 2.6782129953547057e-05, 'epoch': 2.92}
{'loss': 0.6381, 'learning_rate': 2.5635143660033266e-05, 'epoch': 2.92}
{'loss': 0.6416, 'learning_rate': 2.448815736651947e-05, 'epoch': 2.93}
{'loss': 0.6032, 'learning_rate': 2.334117107300568e-05, 'epoch': 2.93}
{'loss': 0.6214, 'learning_rate': 2.2194184779491886e-05, 'epoch': 2.93}
{'loss': 0.6107, 'learning_rate': 2.1047198485978095e-05, 'epoch': 2.94}
{'loss': 0.6002, 'learning_rate': 1.99002121924643e-05, 'epoch': 2.94}
{'loss': 0.5889, 'learning_rate': 1.8753225898950507e-05, 'epoch': 2.94}
{'loss': 0.6061, 'learning_rate': 1.7606239605436715e-05, 'epoch': 2.95}
{'loss': 0.6053, 'learning_rate': 1.6459253311922924e-05, 'epoch': 2.95}
{'loss': 0.617, 'learning_rate': 1.5312267018409128e-05, 'epoch': 2.95}
{'loss': 0.5961, 'learning_rate': 1.4165280724895338e-05, 'epoch': 2.96}
{'eval_loss': 0.49401572346687317, 'eval_bce': 0.486569375793791, 'eval_n_pos': 2024.0, 'eval_pos_rate': 0.09120814744716327, 'eval_auroc': 0.6620982582001551, 'eval_auprc': 0.20225047570525495, 'eval_mcc': 0.14966529584214727, 'eval_precision': 0.3127317676143387, 'eval_recall': 0.125, 'eval_f1': 0.17860924814684082, 'eval_runtime': 154.941, 'eval_samples_per_second': 143.222, 'eval_steps_per_second': 2.24, 'epoch': 2.96}
{'loss': 0.6272, 'learning_rate': 1.3018294431381544e-05, 'epoch': 2.96}
{'loss': 0.6249, 'learning_rate': 1.1871308137867753e-05, 'epoch': 2.96}
{'loss': 0.6141, 'learning_rate': 1.072432184435396e-05, 'epoch': 2.97}
{'loss': 0.6257, 'learning_rate': 9.577335550840169e-06, 'epoch': 2.97}
{'loss': 0.5863, 'learning_rate': 8.430349257326375e-06, 'epoch': 2.97}
{'loss': 0.6174, 'learning_rate': 7.2833629638125824e-06, 'epoch': 2.98}
{'loss': 0.6133, 'learning_rate': 6.1363766702987905e-06, 'epoch': 2.98}
{'loss': 0.5982, 'learning_rate': 4.989390376784997e-06, 'epoch': 2.99}
{'loss': 0.6223, 'learning_rate': 3.842404083271205e-06, 'epoch': 2.99}
{'loss': 0.591, 'learning_rate': 2.6954177897574127e-06, 'epoch': 2.99}
{'loss': 0.5967, 'learning_rate': 1.5484314962436198e-06, 'epoch': 3.0}
{'loss': 0.5993, 'learning_rate': 4.014452027298274e-07, 'epoch': 3.0}
{'train_runtime': 15138.9025, 'train_samples_per_second': 36.958, 'train_steps_per_second': 1.155, 'train_loss': 0.6306329626989875, 'epoch': 3.0}
    dev AUROC = 0.6652729721646387
--- Stage-2a s=50 -> /home/asm242/palmer_scratch/entexBERT-2_experiments/EN-TEx/experiments/stage2_ctcf_clf_stem/runs/clf_2a_s50 ---
{'loss': 0.6787, 'learning_rate': 0.0004, 'epoch': 0.0}
{'loss': 0.6659, 'learning_rate': 0.0008, 'epoch': 0.01}
{'loss': 0.6462, 'learning_rate': 0.000999426506853243, 'epoch': 0.01}
{'loss': 0.6736, 'learning_rate': 0.0009982795205597294, 'epoch': 0.01}
{'loss': 0.6713, 'learning_rate': 0.0009971325342662154, 'epoch': 0.02}
{'loss': 0.6467, 'learning_rate': 0.0009959855479727017, 'epoch': 0.02}
{'loss': 0.6574, 'learning_rate': 0.000994838561679188, 'epoch': 0.02}
{'loss': 0.6693, 'learning_rate': 0.000993691575385674, 'epoch': 0.03}
{'loss': 0.6597, 'learning_rate': 0.0009925445890921604, 'epoch': 0.03}
{'loss': 0.6786, 'learning_rate': 0.0009913976027986465, 'epoch': 0.03}
{'loss': 0.6528, 'learning_rate': 0.0009902506165051328, 'epoch': 0.04}
{'loss': 0.6691, 'learning_rate': 0.000989103630211619, 'epoch': 0.04}
{'eval_loss': 0.6932407021522522, 'eval_bce': 0.6933940572591992, 'eval_n_pos': 2024.0, 'eval_pos_rate': 0.09120814744716327, 'eval_auroc': 0.588712499149885, 'eval_auprc': 0.1590900528298865, 'eval_mcc': 0.10235817296797386, 'eval_precision': 0.14791269336723883, 'eval_recall': 0.3448616600790514, 'eval_f1': 0.20702951208660836, 'eval_runtime': 157.406, 'eval_samples_per_second': 140.979, 'eval_steps_per_second': 2.204, 'epoch': 0.04}
{'loss': 0.6524, 'learning_rate': 0.0009879566439181052, 'epoch': 0.04}
{'loss': 0.6381, 'learning_rate': 0.0009868096576245915, 'epoch': 0.05}
{'loss': 0.6796, 'learning_rate': 0.0009856626713310775, 'epoch': 0.05}
{'loss': 0.6505, 'learning_rate': 0.0009845156850375638, 'epoch': 0.05}
{'loss': 0.6622, 'learning_rate': 0.00098336869874405, 'epoch': 0.06}
{'loss': 0.6385, 'learning_rate': 0.0009822217124505362, 'epoch': 0.06}
{'loss': 0.6607, 'learning_rate': 0.0009810747261570225, 'epoch': 0.07}
{'loss': 0.6648, 'learning_rate': 0.0009799277398635088, 'epoch': 0.07}
{'loss': 0.6564, 'learning_rate': 0.0009787807535699949, 'epoch': 0.07}
{'loss': 0.6764, 'learning_rate': 0.000977633767276481, 'epoch': 0.08}
{'loss': 0.647, 'learning_rate': 0.0009764867809829672, 'epoch': 0.08}
{'loss': 0.66, 'learning_rate': 0.0009753397946894534, 'epoch': 0.08}
{'loss': 0.6337, 'learning_rate': 0.0009741928083959397, 'epoch': 0.09}
{'eval_loss': 0.6598776578903198, 'eval_bce': 0.6580108403397806, 'eval_n_pos': 2024.0, 'eval_pos_rate': 0.09120814744716327, 'eval_auroc': 0.5964101555372324, 'eval_auprc': 0.15770428536333914, 'eval_mcc': 0.10895619519035772, 'eval_precision': 0.1780554470909801, 'eval_recall': 0.22529644268774704, 'eval_f1': 0.19890948745910578, 'eval_runtime': 157.3249, 'eval_samples_per_second': 141.052, 'eval_steps_per_second': 2.206, 'epoch': 0.09}
{'loss': 0.6544, 'learning_rate': 0.0009730458221024259, 'epoch': 0.09}
{'loss': 0.6368, 'learning_rate': 0.0009718988358089121, 'epoch': 0.09}
{'loss': 0.6479, 'learning_rate': 0.0009707518495153983, 'epoch': 0.1}
{'loss': 0.6444, 'learning_rate': 0.0009696048632218846, 'epoch': 0.1}
{'loss': 0.6636, 'learning_rate': 0.0009684578769283708, 'epoch': 0.1}
{'loss': 0.6457, 'learning_rate': 0.0009673108906348569, 'epoch': 0.11}
{'loss': 0.668, 'learning_rate': 0.0009661639043413432, 'epoch': 0.11}
{'loss': 0.6153, 'learning_rate': 0.0009650169180478293, 'epoch': 0.11}
{'loss': 0.6364, 'learning_rate': 0.0009638699317543156, 'epoch': 0.12}
{'loss': 0.6595, 'learning_rate': 0.0009627229454608017, 'epoch': 0.12}
{'loss': 0.6376, 'learning_rate': 0.000961575959167288, 'epoch': 0.12}
{'loss': 0.6499, 'learning_rate': 0.0009604289728737742, 'epoch': 0.13}
{'eval_loss': 0.6382384896278381, 'eval_bce': 0.63439533257645, 'eval_n_pos': 2024.0, 'eval_pos_rate': 0.09120814744716327, 'eval_auroc': 0.613060122875178, 'eval_auprc': 0.18096908404964895, 'eval_mcc': 0.12752190215560288, 'eval_precision': 0.2043519394512772, 'eval_recall': 0.2134387351778656, 'eval_f1': 0.20879652005799904, 'eval_runtime': 157.0745, 'eval_samples_per_second': 141.277, 'eval_steps_per_second': 2.209, 'epoch': 0.13}
{'loss': 0.6552, 'learning_rate': 0.0009592819865802603, 'epoch': 0.13}
{'loss': 0.6658, 'learning_rate': 0.0009581350002867466, 'epoch': 0.13}
{'loss': 0.6517, 'learning_rate': 0.0009569880139932328, 'epoch': 0.14}
{'loss': 0.6343, 'learning_rate': 0.0009558410276997191, 'epoch': 0.14}
{'loss': 0.6731, 'learning_rate': 0.0009546940414062051, 'epoch': 0.14}
{'loss': 0.6455, 'learning_rate': 0.0009535470551126914, 'epoch': 0.15}
{'loss': 0.6623, 'learning_rate': 0.0009524000688191776, 'epoch': 0.15}
{'loss': 0.644, 'learning_rate': 0.0009512530825256639, 'epoch': 0.15}
{'loss': 0.6344, 'learning_rate': 0.00095010609623215, 'epoch': 0.16}
{'loss': 0.6598, 'learning_rate': 0.0009489591099386362, 'epoch': 0.16}
{'loss': 0.6539, 'learning_rate': 0.0009478121236451225, 'epoch': 0.16}
{'loss': 0.6462, 'learning_rate': 0.0009466651373516087, 'epoch': 0.17}
{'loss': 0.6557, 'learning_rate': 0.0009455181510580949, 'epoch': 0.17}
{'eval_loss': 0.6097400188446045, 'eval_bce': 0.6047092176450807, 'eval_n_pos': 2024.0, 'eval_pos_rate': 0.09120814744716327, 'eval_auroc': 0.6129182002218235, 'eval_auprc': 0.17670893020424772, 'eval_mcc': 0.1326756795032252, 'eval_precision': 0.2404692082111437, 'eval_recall': 0.16205533596837945, 'eval_f1': 0.19362455726092093, 'eval_runtime': 157.2705, 'eval_samples_per_second': 141.101, 'eval_steps_per_second': 2.206, 'epoch': 0.17}
{'loss': 0.6303, 'learning_rate': 0.000944371164764581, 'epoch': 0.17}
{'loss': 0.6697, 'learning_rate': 0.0009432241784710673, 'epoch': 0.18}
{'loss': 0.6459, 'learning_rate': 0.0009420771921775535, 'epoch': 0.18}
{'loss': 0.6482, 'learning_rate': 0.0009409302058840396, 'epoch': 0.19}
{'loss': 0.6359, 'learning_rate': 0.0009397832195905259, 'epoch': 0.19}
{'loss': 0.6437, 'learning_rate': 0.0009386362332970121, 'epoch': 0.19}
{'loss': 0.6533, 'learning_rate': 0.0009374892470034984, 'epoch': 0.2}
{'loss': 0.6415, 'learning_rate': 0.0009363422607099845, 'epoch': 0.2}
{'loss': 0.6435, 'learning_rate': 0.0009351952744164708, 'epoch': 0.2}
{'loss': 0.6426, 'learning_rate': 0.000934048288122957, 'epoch': 0.21}
{'loss': 0.6428, 'learning_rate': 0.0009329013018294431, 'epoch': 0.21}
{'loss': 0.6493, 'learning_rate': 0.0009317543155359293, 'epoch': 0.21}
{'eval_loss': 0.6075817346572876, 'eval_bce': 0.6032879186528052, 'eval_n_pos': 2024.0, 'eval_pos_rate': 0.09120814744716327, 'eval_auroc': 0.6011911703285474, 'eval_auprc': 0.16916763852350503, 'eval_mcc': 0.11136353763587667, 'eval_precision': 0.20489296636085627, 'eval_recall': 0.16551383399209485, 'eval_f1': 0.18311013938234488, 'eval_runtime': 157.4729, 'eval_samples_per_second': 140.919, 'eval_steps_per_second': 2.204, 'epoch': 0.21}
{'loss': 0.662, 'learning_rate': 0.0009306073292424155, 'epoch': 0.22}
{'loss': 0.6489, 'learning_rate': 0.0009294603429489018, 'epoch': 0.22}
{'loss': 0.6399, 'learning_rate': 0.000928313356655388, 'epoch': 0.22}
{'loss': 0.6523, 'learning_rate': 0.0009271663703618742, 'epoch': 0.23}
{'loss': 0.6538, 'learning_rate': 0.0009260193840683604, 'epoch': 0.23}
{'loss': 0.6468, 'learning_rate': 0.0009248723977748467, 'epoch': 0.23}
{'loss': 0.6493, 'learning_rate': 0.0009237254114813329, 'epoch': 0.24}
{'loss': 0.6468, 'learning_rate': 0.0009225784251878189, 'epoch': 0.24}
{'loss': 0.6545, 'learning_rate': 0.0009214314388943052, 'epoch': 0.24}
{'loss': 0.6575, 'learning_rate': 0.0009202844526007914, 'epoch': 0.25}
{'loss': 0.6467, 'learning_rate': 0.0009191374663072777, 'epoch': 0.25}
{'loss': 0.6517, 'learning_rate': 0.0009179904800137638, 'epoch': 0.25}
{'loss': 0.6528, 'learning_rate': 0.0009168434937202501, 'epoch': 0.26}
{'eval_loss': 0.5919703245162964, 'eval_bce': 0.5858942384154183, 'eval_n_pos': 2024.0, 'eval_pos_rate': 0.09120814744716327, 'eval_auroc': 0.6199177823670377, 'eval_auprc': 0.17378069087873171, 'eval_mcc': 0.12563620818044807, 'eval_precision': 0.236985236985237, 'eval_recall': 0.15069169960474307, 'eval_f1': 0.1842343702808819, 'eval_runtime': 157.1844, 'eval_samples_per_second': 141.178, 'eval_steps_per_second': 2.208, 'epoch': 0.26}
{'loss': 0.6385, 'learning_rate': 0.0009156965074267363, 'epoch': 0.26}
{'loss': 0.6441, 'learning_rate': 0.0009145495211332225, 'epoch': 0.26}
{'loss': 0.6527, 'learning_rate': 0.0009134025348397087, 'epoch': 0.27}
{'loss': 0.6521, 'learning_rate': 0.0009122555485461948, 'epoch': 0.27}
{'loss': 0.6449, 'learning_rate': 0.0009111085622526811, 'epoch': 0.27}
{'loss': 0.6334, 'learning_rate': 0.0009099615759591673, 'epoch': 0.28}
{'loss': 0.6308, 'learning_rate': 0.0009088145896656535, 'epoch': 0.28}
{'loss': 0.6419, 'learning_rate': 0.0009076676033721397, 'epoch': 0.28}
{'loss': 0.6363, 'learning_rate': 0.0009065206170786259, 'epoch': 0.29}
{'loss': 0.6477, 'learning_rate': 0.0009053736307851122, 'epoch': 0.29}
{'loss': 0.6599, 'learning_rate': 0.0009042266444915983, 'epoch': 0.3}
{'loss': 0.625, 'learning_rate': 0.0009030796581980846, 'epoch': 0.3}
{'eval_loss': 0.5980414748191833, 'eval_bce': 0.5926191782574033, 'eval_n_pos': 2024.0, 'eval_pos_rate': 0.09120814744716327, 'eval_auroc': 0.6092816312839177, 'eval_auprc': 0.16138755170158745, 'eval_mcc': 0.10687895818707309, 'eval_precision': 0.19869125520523498, 'eval_recall': 0.1650197628458498, 'eval_f1': 0.18029689608636978, 'eval_runtime': 157.0059, 'eval_samples_per_second': 141.339, 'eval_steps_per_second': 2.21, 'epoch': 0.3}
{'loss': 0.6496, 'learning_rate': 0.0009019326719045708, 'epoch': 0.3}
{'loss': 0.6243, 'learning_rate': 0.000900785685611057, 'epoch': 0.31}
{'loss': 0.6635, 'learning_rate': 0.0008996386993175431, 'epoch': 0.31}
{'loss': 0.657, 'learning_rate': 0.0008984917130240294, 'epoch': 0.31}
{'loss': 0.6565, 'learning_rate': 0.0008973447267305156, 'epoch': 0.32}
{'loss': 0.6413, 'learning_rate': 0.0008961977404370018, 'epoch': 0.32}
{'loss': 0.646, 'learning_rate': 0.000895050754143488, 'epoch': 0.32}
{'loss': 0.6766, 'learning_rate': 0.0008939037678499742, 'epoch': 0.33}
{'loss': 0.6362, 'learning_rate': 0.0008927567815564605, 'epoch': 0.33}
{'loss': 0.6461, 'learning_rate': 0.0008916097952629467, 'epoch': 0.33}
{'loss': 0.644, 'learning_rate': 0.0008904628089694329, 'epoch': 0.34}
{'loss': 0.6306, 'learning_rate': 0.000889315822675919, 'epoch': 0.34}
{'loss': 0.6216, 'learning_rate': 0.0008881688363824052, 'epoch': 0.34}
{'eval_loss': 0.5938035845756531, 'eval_bce': 0.5879532925041646, 'eval_n_pos': 2024.0, 'eval_pos_rate': 0.09120814744716327, 'eval_auroc': 0.6198576740932582, 'eval_auprc': 0.17163421823241193, 'eval_mcc': 0.11719406044359032, 'eval_precision': 0.21104294478527608, 'eval_recall': 0.16996047430830039, 'eval_f1': 0.18828680897646413, 'eval_runtime': 157.2797, 'eval_samples_per_second': 141.093, 'eval_steps_per_second': 2.206, 'epoch': 0.34}
{'loss': 0.6597, 'learning_rate': 0.0008870218500888915, 'epoch': 0.35}
{'loss': 0.6443, 'learning_rate': 0.0008858748637953776, 'epoch': 0.35}
{'loss': 0.6152, 'learning_rate': 0.0008847278775018639, 'epoch': 0.35}
{'loss': 0.6349, 'learning_rate': 0.0008835808912083501, 'epoch': 0.36}
{'loss': 0.6536, 'learning_rate': 0.0008824339049148363, 'epoch': 0.36}
{'loss': 0.6201, 'learning_rate': 0.0008812869186213225, 'epoch': 0.36}
{'loss': 0.6509, 'learning_rate': 0.0008801399323278086, 'epoch': 0.37}
{'loss': 0.6718, 'learning_rate': 0.0008789929460342949, 'epoch': 0.37}
{'loss': 0.6476, 'learning_rate': 0.000877845959740781, 'epoch': 0.37}
{'loss': 0.6367, 'learning_rate': 0.0008766989734472673, 'epoch': 0.38}
{'loss': 0.6639, 'learning_rate': 0.0008755519871537535, 'epoch': 0.38}
{'loss': 0.6249, 'learning_rate': 0.0008744050008602398, 'epoch': 0.38}
{'eval_loss': 0.5824555158615112, 'eval_bce': 0.575939500732222, 'eval_n_pos': 2024.0, 'eval_pos_rate': 0.09120814744716327, 'eval_auroc': 0.6172518511927383, 'eval_auprc': 0.17606447390212887, 'eval_mcc': 0.12657398717720206, 'eval_precision': 0.23747108712413262, 'eval_recall': 0.15217391304347827, 'eval_f1': 0.18548629930743754, 'eval_runtime': 156.9305, 'eval_samples_per_second': 141.407, 'eval_steps_per_second': 2.211, 'epoch': 0.39}
{'loss': 0.6297, 'learning_rate': 0.0008732580145667259, 'epoch': 0.39}
{'loss': 0.6457, 'learning_rate': 0.0008721110282732122, 'epoch': 0.39}
{'loss': 0.6706, 'learning_rate': 0.0008709640419796984, 'epoch': 0.39}
{'loss': 0.6558, 'learning_rate': 0.0008698170556861846, 'epoch': 0.4}
{'loss': 0.6468, 'learning_rate': 0.0008686700693926707, 'epoch': 0.4}
{'loss': 0.6485, 'learning_rate': 0.0008675230830991569, 'epoch': 0.4}
{'loss': 0.65, 'learning_rate': 0.0008663760968056432, 'epoch': 0.41}
{'loss': 0.6313, 'learning_rate': 0.0008652291105121294, 'epoch': 0.41}
{'loss': 0.6388, 'learning_rate': 0.0008640821242186156, 'epoch': 0.42}
{'loss': 0.6605, 'learning_rate': 0.0008629351379251018, 'epoch': 0.42}
{'loss': 0.6474, 'learning_rate': 0.000861788151631588, 'epoch': 0.42}
{'loss': 0.6616, 'learning_rate': 0.0008606411653380743, 'epoch': 0.43}
{'loss': 0.6492, 'learning_rate': 0.0008594941790445604, 'epoch': 0.43}
{'eval_loss': 0.5776727199554443, 'eval_bce': 0.5708760315611036, 'eval_n_pos': 2024.0, 'eval_pos_rate': 0.09120814744716327, 'eval_auroc': 0.6199152712204868, 'eval_auprc': 0.16788293694005818, 'eval_mcc': 0.10559308533706814, 'eval_precision': 0.21307692307692308, 'eval_recall': 0.1368577075098814, 'eval_f1': 0.16666666666666663, 'eval_runtime': 157.3519, 'eval_samples_per_second': 141.028, 'eval_steps_per_second': 2.205, 'epoch': 0.43}
{'loss': 0.6589, 'learning_rate': 0.0008583471927510467, 'epoch': 0.43}
{'loss': 0.633, 'learning_rate': 0.0008572002064575328, 'epoch': 0.44}
{'loss': 0.6485, 'learning_rate': 0.0008560532201640191, 'epoch': 0.44}
{'loss': 0.6351, 'learning_rate': 0.0008549062338705052, 'epoch': 0.44}
{'loss': 0.6743, 'learning_rate': 0.0008537592475769915, 'epoch': 0.45}
{'loss': 0.6359, 'learning_rate': 0.0008526122612834777, 'epoch': 0.45}
{'loss': 0.6281, 'learning_rate': 0.0008514652749899639, 'epoch': 0.45}
{'loss': 0.6238, 'learning_rate': 0.0008503182886964501, 'epoch': 0.46}
{'loss': 0.6608, 'learning_rate': 0.0008491713024029363, 'epoch': 0.46}
{'loss': 0.6554, 'learning_rate': 0.0008480243161094226, 'epoch': 0.46}
{'loss': 0.6305, 'learning_rate': 0.0008468773298159087, 'epoch': 0.47}
{'loss': 0.6414, 'learning_rate': 0.0008457303435223949, 'epoch': 0.47}
{'eval_loss': 0.5752174258232117, 'eval_bce': 0.5669493344025042, 'eval_n_pos': 2024.0, 'eval_pos_rate': 0.09120814744716327, 'eval_auroc': 0.6438830625933535, 'eval_auprc': 0.1901707121637705, 'eval_mcc': 0.13368315411497775, 'eval_precision': 0.2459396751740139, 'eval_recall': 0.15711462450592886, 'eval_f1': 0.1917395236659632, 'eval_runtime': 157.5128, 'eval_samples_per_second': 140.884, 'eval_steps_per_second': 2.203, 'epoch': 0.47}
{'loss': 0.6261, 'learning_rate': 0.0008445833572288811, 'epoch': 0.47}
{'loss': 0.65, 'learning_rate': 0.0008434363709353673, 'epoch': 0.48}
{'loss': 0.6399, 'learning_rate': 0.0008422893846418536, 'epoch': 0.48}
{'loss': 0.6333, 'learning_rate': 0.0008411423983483397, 'epoch': 0.48}
{'loss': 0.6506, 'learning_rate': 0.000839995412054826, 'epoch': 0.49}
{'loss': 0.6353, 'learning_rate': 0.0008388484257613122, 'epoch': 0.49}
{'loss': 0.6528, 'learning_rate': 0.0008377014394677985, 'epoch': 0.49}
{'loss': 0.6516, 'learning_rate': 0.0008365544531742845, 'epoch': 0.5}
{'loss': 0.654, 'learning_rate': 0.0008354074668807707, 'epoch': 0.5}
{'loss': 0.6425, 'learning_rate': 0.000834260480587257, 'epoch': 0.5}
{'loss': 0.6745, 'learning_rate': 0.0008331134942937432, 'epoch': 0.51}
{'loss': 0.6553, 'learning_rate': 0.0008319665080002294, 'epoch': 0.51}
{'loss': 0.6496, 'learning_rate': 0.0008308195217067156, 'epoch': 0.51}
{'eval_loss': 0.5826241374015808, 'eval_bce': 0.5758391974787505, 'eval_n_pos': 2024.0, 'eval_pos_rate': 0.09120814744716327, 'eval_auroc': 0.6228329907721122, 'eval_auprc': 0.17682694440914648, 'eval_mcc': 0.11381615728678526, 'eval_precision': 0.21361185983827494, 'eval_recall': 0.1566205533596838, 'eval_f1': 0.18072976054732043, 'eval_runtime': 157.0564, 'eval_samples_per_second': 141.293, 'eval_steps_per_second': 2.209, 'epoch': 0.51}
{'loss': 0.6528, 'learning_rate': 0.0008296725354132019, 'epoch': 0.52}
{'loss': 0.6132, 'learning_rate': 0.0008285255491196881, 'epoch': 0.52}
{'loss': 0.6454, 'learning_rate': 0.0008273785628261743, 'epoch': 0.52}
{'loss': 0.6572, 'learning_rate': 0.0008262315765326605, 'epoch': 0.53}
{'loss': 0.6527, 'learning_rate': 0.0008250845902391466, 'epoch': 0.53}
{'loss': 0.6482, 'learning_rate': 0.0008239376039456329, 'epoch': 0.54}
{'loss': 0.6376, 'learning_rate': 0.000822790617652119, 'epoch': 0.54}
{'loss': 0.6378, 'learning_rate': 0.0008216436313586053, 'epoch': 0.54}
{'loss': 0.6333, 'learning_rate': 0.0008204966450650915, 'epoch': 0.55}
{'loss': 0.6176, 'learning_rate': 0.0008193496587715778, 'epoch': 0.55}
{'loss': 0.6689, 'learning_rate': 0.0008182026724780639, 'epoch': 0.55}
{'loss': 0.6501, 'learning_rate': 0.0008170556861845501, 'epoch': 0.56}
{'eval_loss': 0.5792761445045471, 'eval_bce': 0.5726955388602993, 'eval_n_pos': 2024.0, 'eval_pos_rate': 0.09120814744716327, 'eval_auroc': 0.614983232400758, 'eval_auprc': 0.16085613485833955, 'eval_mcc': 0.09757699740999029, 'eval_precision': 0.2013274336283186, 'eval_recall': 0.13488142292490118, 'eval_f1': 0.16153846153846155, 'eval_runtime': 157.487, 'eval_samples_per_second': 140.907, 'eval_steps_per_second': 2.203, 'epoch': 0.56}
{'loss': 0.6462, 'learning_rate': 0.0008159086998910364, 'epoch': 0.56}
{'loss': 0.6373, 'learning_rate': 0.0008147617135975225, 'epoch': 0.56}
{'loss': 0.6328, 'learning_rate': 0.0008136147273040087, 'epoch': 0.57}
{'loss': 0.638, 'learning_rate': 0.0008124677410104949, 'epoch': 0.57}
{'loss': 0.6572, 'learning_rate': 0.0008113207547169812, 'epoch': 0.57}
{'loss': 0.6548, 'learning_rate': 0.0008101737684234673, 'epoch': 0.58}
{'loss': 0.6494, 'learning_rate': 0.0008090267821299535, 'epoch': 0.58}
{'loss': 0.6225, 'learning_rate': 0.0008078797958364398, 'epoch': 0.58}
{'loss': 0.6482, 'learning_rate': 0.000806732809542926, 'epoch': 0.59}
{'loss': 0.6456, 'learning_rate': 0.0008055858232494122, 'epoch': 0.59}
{'loss': 0.6617, 'learning_rate': 0.0008044388369558983, 'epoch': 0.59}
{'loss': 0.629, 'learning_rate': 0.0008032918506623846, 'epoch': 0.6}
{'loss': 0.6637, 'learning_rate': 0.0008021448643688708, 'epoch': 0.6}
{'eval_loss': 0.5768917798995972, 'eval_bce': 0.5694746245791728, 'eval_n_pos': 2024.0, 'eval_pos_rate': 0.09120814744716327, 'eval_auroc': 0.6361962347599129, 'eval_auprc': 0.18370410653075758, 'eval_mcc': 0.135219520843145, 'eval_precision': 0.24901806755695208, 'eval_recall': 0.1566205533596838, 'eval_f1': 0.19229602669093115, 'eval_runtime': 157.5902, 'eval_samples_per_second': 140.815, 'eval_steps_per_second': 2.202, 'epoch': 0.6}
{'loss': 0.6432, 'learning_rate': 0.000800997878075357, 'epoch': 0.6}
{'loss': 0.6484, 'learning_rate': 0.0007998508917818432, 'epoch': 0.61}
{'loss': 0.6282, 'learning_rate': 0.0007987039054883294, 'epoch': 0.61}
{'loss': 0.6399, 'learning_rate': 0.0007975569191948157, 'epoch': 0.61}
{'loss': 0.6617, 'learning_rate': 0.0007964099329013018, 'epoch': 0.62}
{'loss': 0.6611, 'learning_rate': 0.0007952629466077881, 'epoch': 0.62}
{'loss': 0.6394, 'learning_rate': 0.0007941159603142742, 'epoch': 0.62}
{'loss': 0.6455, 'learning_rate': 0.0007929689740207605, 'epoch': 0.63}
{'loss': 0.635, 'learning_rate': 0.0007918219877272466, 'epoch': 0.63}
{'loss': 0.6453, 'learning_rate': 0.0007906750014337328, 'epoch': 0.63}
{'loss': 0.6351, 'learning_rate': 0.0007895280151402191, 'epoch': 0.64}
{'loss': 0.668, 'learning_rate': 0.0007883810288467053, 'epoch': 0.64}
{'eval_loss': 0.5785250663757324, 'eval_bce': 0.5714365950631528, 'eval_n_pos': 2024.0, 'eval_pos_rate': 0.09120814744716327, 'eval_auroc': 0.63371603043441, 'eval_auprc': 0.17634770218962648, 'eval_mcc': 0.12332861094882525, 'eval_precision': 0.23088344469190794, 'eval_recall': 0.15365612648221344, 'eval_f1': 0.18451498071788786, 'eval_runtime': 157.4401, 'eval_samples_per_second': 140.949, 'eval_steps_per_second': 2.204, 'epoch': 0.64}
{'loss': 0.6291, 'learning_rate': 0.0007872340425531915, 'epoch': 0.65}
{'loss': 0.609, 'learning_rate': 0.0007860870562596777, 'epoch': 0.65}
{'loss': 0.6421, 'learning_rate': 0.000784940069966164, 'epoch': 0.65}
{'loss': 0.6249, 'learning_rate': 0.0007837930836726502, 'epoch': 0.66}
{'loss': 0.6399, 'learning_rate': 0.0007826460973791363, 'epoch': 0.66}
{'loss': 0.6132, 'learning_rate': 0.0007814991110856225, 'epoch': 0.66}
{'loss': 0.6512, 'learning_rate': 0.0007803521247921087, 'epoch': 0.67}
{'loss': 0.6491, 'learning_rate': 0.000779205138498595, 'epoch': 0.67}
{'loss': 0.6535, 'learning_rate': 0.0007780581522050811, 'epoch': 0.67}
{'loss': 0.6608, 'learning_rate': 0.0007769111659115674, 'epoch': 0.68}
{'loss': 0.6383, 'learning_rate': 0.0007757641796180536, 'epoch': 0.68}
{'loss': 0.6505, 'learning_rate': 0.0007746171933245399, 'epoch': 0.68}
{'loss': 0.6388, 'learning_rate': 0.000773470207031026, 'epoch': 0.69}
{'eval_loss': 0.5813465714454651, 'eval_bce': 0.5741236160482349, 'eval_n_pos': 2024.0, 'eval_pos_rate': 0.09120814744716327, 'eval_auroc': 0.6311756320886605, 'eval_auprc': 0.1752625068848923, 'eval_mcc': 0.1290974071988166, 'eval_precision': 0.23314606741573032, 'eval_recall': 0.16403162055335968, 'eval_f1': 0.19257540603248258, 'eval_runtime': 157.2017, 'eval_samples_per_second': 141.163, 'eval_steps_per_second': 2.207, 'epoch': 0.69}
{'loss': 0.6424, 'learning_rate': 0.0007723232207375121, 'epoch': 0.69}
{'loss': 0.6378, 'learning_rate': 0.0007711762344439984, 'epoch': 0.69}
{'loss': 0.6206, 'learning_rate': 0.0007700292481504846, 'epoch': 0.7}
{'loss': 0.6065, 'learning_rate': 0.0007688822618569708, 'epoch': 0.7}
{'loss': 0.6576, 'learning_rate': 0.000767735275563457, 'epoch': 0.7}
{'loss': 0.6178, 'learning_rate': 0.0007665882892699433, 'epoch': 0.71}
{'loss': 0.6487, 'learning_rate': 0.0007654413029764295, 'epoch': 0.71}
{'loss': 0.6263, 'learning_rate': 0.0007642943166829156, 'epoch': 0.71}
{'loss': 0.6772, 'learning_rate': 0.0007631473303894019, 'epoch': 0.72}
{'loss': 0.656, 'learning_rate': 0.000762000344095888, 'epoch': 0.72}
{'loss': 0.6459, 'learning_rate': 0.0007608533578023743, 'epoch': 0.72}
{'loss': 0.6315, 'learning_rate': 0.0007597063715088604, 'epoch': 0.73}
{'eval_loss': 0.5823909044265747, 'eval_bce': 0.5749669738969266, 'eval_n_pos': 2024.0, 'eval_pos_rate': 0.09120814744716327, 'eval_auroc': 0.6365809914094779, 'eval_auprc': 0.18142445044046485, 'eval_mcc': 0.13483445071784078, 'eval_precision': 0.24120603015075376, 'eval_recall': 0.16600790513833993, 'eval_f1': 0.19666374012291488, 'eval_runtime': 157.4284, 'eval_samples_per_second': 140.959, 'eval_steps_per_second': 2.204, 'epoch': 0.73}
{'loss': 0.6415, 'learning_rate': 0.0007585593852153467, 'epoch': 0.73}
{'loss': 0.6444, 'learning_rate': 0.0007574123989218329, 'epoch': 0.73}
{'loss': 0.6376, 'learning_rate': 0.0007562654126283192, 'epoch': 0.74}
{'loss': 0.6192, 'learning_rate': 0.0007551184263348053, 'epoch': 0.74}
{'loss': 0.6533, 'learning_rate': 0.0007539714400412915, 'epoch': 0.74}
{'loss': 0.6717, 'learning_rate': 0.0007528244537477778, 'epoch': 0.75}
{'loss': 0.6332, 'learning_rate': 0.000751677467454264, 'epoch': 0.75}
{'loss': 0.627, 'learning_rate': 0.0007505304811607501, 'epoch': 0.75}
{'loss': 0.644, 'learning_rate': 0.0007493834948672363, 'epoch': 0.76}
{'loss': 0.6197, 'learning_rate': 0.0007482365085737226, 'epoch': 0.76}
{'loss': 0.6444, 'learning_rate': 0.0007470895222802088, 'epoch': 0.77}
{'loss': 0.6123, 'learning_rate': 0.0007459425359866949, 'epoch': 0.77}
{'loss': 0.6493, 'learning_rate': 0.0007447955496931812, 'epoch': 0.77}
{'eval_loss': 0.5789620280265808, 'eval_bce': 0.5713222784812664, 'eval_n_pos': 2024.0, 'eval_pos_rate': 0.09120814744716327, 'eval_auroc': 0.6405492276840165, 'eval_auprc': 0.1822295229131064, 'eval_mcc': 0.12385206233332124, 'eval_precision': 0.2283072546230441, 'eval_recall': 0.15859683794466403, 'eval_f1': 0.18717201166180758, 'eval_runtime': 157.6396, 'eval_samples_per_second': 140.77, 'eval_steps_per_second': 2.201, 'epoch': 0.77}
{'loss': 0.6459, 'learning_rate': 0.0007436485633996674, 'epoch': 0.78}
{'loss': 0.635, 'learning_rate': 0.0007425015771061537, 'epoch': 0.78}
{'loss': 0.6282, 'learning_rate': 0.0007413545908126398, 'epoch': 0.78}
{'loss': 0.6164, 'learning_rate': 0.000740207604519126, 'epoch': 0.79}
{'loss': 0.6358, 'learning_rate': 0.0007390606182256122, 'epoch': 0.79}
{'loss': 0.6613, 'learning_rate': 0.0007379136319320984, 'epoch': 0.79}
{'loss': 0.6288, 'learning_rate': 0.0007367666456385846, 'epoch': 0.8}
{'loss': 0.6431, 'learning_rate': 0.0007356196593450708, 'epoch': 0.8}
{'loss': 0.6188, 'learning_rate': 0.0007344726730515571, 'epoch': 0.8}
{'loss': 0.6373, 'learning_rate': 0.0007333256867580432, 'epoch': 0.81}
{'loss': 0.6344, 'learning_rate': 0.0007321787004645295, 'epoch': 0.81}
{'loss': 0.6363, 'learning_rate': 0.0007310317141710157, 'epoch': 0.81}
{'eval_loss': 0.5757791996002197, 'eval_bce': 0.5675894599164621, 'eval_n_pos': 2024.0, 'eval_pos_rate': 0.09120814744716327, 'eval_auroc': 0.6395287222247593, 'eval_auprc': 0.181716641455613, 'eval_mcc': 0.1257431399163056, 'eval_precision': 0.23716951788491447, 'eval_recall': 0.15069169960474307, 'eval_f1': 0.18429003021148038, 'eval_runtime': 156.9402, 'eval_samples_per_second': 141.398, 'eval_steps_per_second': 2.211, 'epoch': 0.81}
{'loss': 0.6544, 'learning_rate': 0.000729884727877502, 'epoch': 0.82}
{'loss': 0.6421, 'learning_rate': 0.000728737741583988, 'epoch': 0.82}
{'loss': 0.6435, 'learning_rate': 0.0007275907552904742, 'epoch': 0.82}
{'loss': 0.6142, 'learning_rate': 0.0007264437689969605, 'epoch': 0.83}
{'loss': 0.6248, 'learning_rate': 0.0007252967827034467, 'epoch': 0.83}
{'loss': 0.6293, 'learning_rate': 0.0007241497964099329, 'epoch': 0.83}
{'loss': 0.6361, 'learning_rate': 0.0007230028101164191, 'epoch': 0.84}
{'loss': 0.6089, 'learning_rate': 0.0007218558238229054, 'epoch': 0.84}
{'loss': 0.6066, 'learning_rate': 0.0007207088375293916, 'epoch': 0.84}
{'loss': 0.621, 'learning_rate': 0.0007195618512358776, 'epoch': 0.85}
{'loss': 0.6459, 'learning_rate': 0.0007184148649423639, 'epoch': 0.85}
{'loss': 0.6175, 'learning_rate': 0.0007172678786488501, 'epoch': 0.85}
{'loss': 0.6341, 'learning_rate': 0.0007161208923553364, 'epoch': 0.86}
{'eval_loss': 0.5784793496131897, 'eval_bce': 0.5704267195070504, 'eval_n_pos': 2024.0, 'eval_pos_rate': 0.09120814744716327, 'eval_auroc': 0.6385681535463464, 'eval_auprc': 0.1793713551541904, 'eval_mcc': 0.12668109863132143, 'eval_precision': 0.2260409781890284, 'eval_recall': 0.16897233201581027, 'eval_f1': 0.19338422391857504, 'eval_runtime': 157.2849, 'eval_samples_per_second': 141.088, 'eval_steps_per_second': 2.206, 'epoch': 0.86}
{'loss': 0.6629, 'learning_rate': 0.0007149739060618225, 'epoch': 0.86}
{'loss': 0.6545, 'learning_rate': 0.0007138269197683088, 'epoch': 0.86}
{'loss': 0.6571, 'learning_rate': 0.000712679933474795, 'epoch': 0.87}
{'loss': 0.638, 'learning_rate': 0.0007115329471812813, 'epoch': 0.87}
{'loss': 0.647, 'learning_rate': 0.0007103859608877674, 'epoch': 0.87}
{'loss': 0.6536, 'learning_rate': 0.0007092389745942536, 'epoch': 0.88}
{'loss': 0.6382, 'learning_rate': 0.0007080919883007399, 'epoch': 0.88}
{'loss': 0.6244, 'learning_rate': 0.000706945002007226, 'epoch': 0.89}
{'loss': 0.6166, 'learning_rate': 0.0007057980157137122, 'epoch': 0.89}
{'loss': 0.6412, 'learning_rate': 0.0007046510294201984, 'epoch': 0.89}
{'loss': 0.6564, 'learning_rate': 0.0007035040431266847, 'epoch': 0.9}
{'loss': 0.6488, 'learning_rate': 0.0007023570568331709, 'epoch': 0.9}
{'eval_loss': 0.5722246766090393, 'eval_bce': 0.5639100176452104, 'eval_n_pos': 2024.0, 'eval_pos_rate': 0.09120814744716327, 'eval_auroc': 0.6420599946964585, 'eval_auprc': 0.18015436881310193, 'eval_mcc': 0.13002173053890034, 'eval_precision': 0.24384432088959493, 'eval_recall': 0.15167984189723321, 'eval_f1': 0.18702406335668598, 'eval_runtime': 157.4236, 'eval_samples_per_second': 140.964, 'eval_steps_per_second': 2.204, 'epoch': 0.9}
{'loss': 0.6488, 'learning_rate': 0.000701210070539657, 'epoch': 0.9}
{'loss': 0.6383, 'learning_rate': 0.0007000630842461433, 'epoch': 0.91}
{'loss': 0.6651, 'learning_rate': 0.0006989160979526295, 'epoch': 0.91}
{'loss': 0.6405, 'learning_rate': 0.0006977691116591158, 'epoch': 0.91}
{'loss': 0.6387, 'learning_rate': 0.0006966221253656018, 'epoch': 0.92}
{'loss': 0.6305, 'learning_rate': 0.0006954751390720881, 'epoch': 0.92}
{'loss': 0.614, 'learning_rate': 0.0006943281527785743, 'epoch': 0.92}
{'loss': 0.636, 'learning_rate': 0.0006931811664850605, 'epoch': 0.93}
{'loss': 0.6679, 'learning_rate': 0.0006920341801915467, 'epoch': 0.93}
{'loss': 0.6412, 'learning_rate': 0.0006908871938980329, 'epoch': 0.93}
{'loss': 0.6239, 'learning_rate': 0.0006897402076045192, 'epoch': 0.94}
{'loss': 0.6405, 'learning_rate': 0.0006885932213110054, 'epoch': 0.94}
{'loss': 0.6457, 'learning_rate': 0.0006874462350174916, 'epoch': 0.94}
{'eval_loss': 0.5755233764648438, 'eval_bce': 0.5675070038257226, 'eval_n_pos': 2024.0, 'eval_pos_rate': 0.09120814744716327, 'eval_auroc': 0.6351120686732189, 'eval_auprc': 0.18128193205239987, 'eval_mcc': 0.1384711057518711, 'eval_precision': 0.25194401244167963, 'eval_recall': 0.1600790513833992, 'eval_f1': 0.1957703927492447, 'eval_runtime': 156.625, 'eval_samples_per_second': 141.682, 'eval_steps_per_second': 2.215, 'epoch': 0.94}
{'loss': 0.6497, 'learning_rate': 0.0006862992487239777, 'epoch': 0.95}
{'loss': 0.6556, 'learning_rate': 0.000685152262430464, 'epoch': 0.95}
{'loss': 0.6109, 'learning_rate': 0.0006840052761369502, 'epoch': 0.95}
{'loss': 0.6448, 'learning_rate': 0.0006828582898434363, 'epoch': 0.96}
{'loss': 0.6283, 'learning_rate': 0.0006817113035499226, 'epoch': 0.96}
{'loss': 0.6331, 'learning_rate': 0.0006805643172564088, 'epoch': 0.96}
{'loss': 0.6447, 'learning_rate': 0.0006794173309628951, 'epoch': 0.97}
{'loss': 0.6293, 'learning_rate': 0.0006782703446693812, 'epoch': 0.97}
{'loss': 0.6279, 'learning_rate': 0.0006771233583758675, 'epoch': 0.97}
{'loss': 0.6241, 'learning_rate': 0.0006759763720823537, 'epoch': 0.98}
{'loss': 0.635, 'learning_rate': 0.0006748293857888398, 'epoch': 0.98}
{'loss': 0.6491, 'learning_rate': 0.000673682399495326, 'epoch': 0.98}
{'eval_loss': 0.5696036219596863, 'eval_bce': 0.5612662261524789, 'eval_n_pos': 2024.0, 'eval_pos_rate': 0.09120814744716327, 'eval_auroc': 0.6422410054895378, 'eval_auprc': 0.18975080129570154, 'eval_mcc': 0.1388967612349017, 'eval_precision': 0.25809128630705397, 'eval_recall': 0.15365612648221344, 'eval_f1': 0.192629296995974, 'eval_runtime': 157.3769, 'eval_samples_per_second': 141.005, 'eval_steps_per_second': 2.205, 'epoch': 0.99}
{'loss': 0.6394, 'learning_rate': 0.0006725354132018122, 'epoch': 0.99}
{'loss': 0.6573, 'learning_rate': 0.0006713884269082985, 'epoch': 0.99}
{'loss': 0.6423, 'learning_rate': 0.0006702414406147847, 'epoch': 1.0}
{'loss': 0.6309, 'learning_rate': 0.0006690944543212709, 'epoch': 1.0}
{'loss': 0.6198, 'learning_rate': 0.0006679474680277571, 'epoch': 1.0}
{'loss': 0.6269, 'learning_rate': 0.0006668004817342433, 'epoch': 1.01}
{'loss': 0.6315, 'learning_rate': 0.0006656534954407296, 'epoch': 1.01}
{'loss': 0.6476, 'learning_rate': 0.0006645065091472156, 'epoch': 1.01}
{'loss': 0.6407, 'learning_rate': 0.0006633595228537019, 'epoch': 1.02}
{'loss': 0.6558, 'learning_rate': 0.0006622125365601881, 'epoch': 1.02}
{'loss': 0.6403, 'learning_rate': 0.0006610655502666744, 'epoch': 1.02}
{'loss': 0.6487, 'learning_rate': 0.0006599185639731605, 'epoch': 1.03}
{'loss': 0.6201, 'learning_rate': 0.0006587715776796468, 'epoch': 1.03}
{'eval_loss': 0.5741780400276184, 'eval_bce': 0.5665529769160154, 'eval_n_pos': 2024.0, 'eval_pos_rate': 0.09120814744716327, 'eval_auroc': 0.6329468968696366, 'eval_auprc': 0.18188083140105446, 'eval_mcc': 0.1287470430521896, 'eval_precision': 0.24084177708495713, 'eval_recall': 0.15266798418972333, 'eval_f1': 0.1868763229513154, 'eval_runtime': 157.3265, 'eval_samples_per_second': 141.051, 'eval_steps_per_second': 2.206, 'epoch': 1.03}
{'loss': 0.6123, 'learning_rate': 0.000657624591386133, 'epoch': 1.03}
{'loss': 0.631, 'learning_rate': 0.0006564776050926191, 'epoch': 1.04}
{'loss': 0.6675, 'learning_rate': 0.0006553306187991054, 'epoch': 1.04}
{'loss': 0.6363, 'learning_rate': 0.0006541836325055915, 'epoch': 1.04}
{'loss': 0.6444, 'learning_rate': 0.0006530366462120778, 'epoch': 1.05}
{'loss': 0.6339, 'learning_rate': 0.0006518896599185639, 'epoch': 1.05}
{'loss': 0.6412, 'learning_rate': 0.0006507426736250502, 'epoch': 1.05}
{'loss': 0.627, 'learning_rate': 0.0006495956873315364, 'epoch': 1.06}
{'loss': 0.6304, 'learning_rate': 0.0006484487010380226, 'epoch': 1.06}
{'loss': 0.6427, 'learning_rate': 0.0006473017147445088, 'epoch': 1.06}
{'loss': 0.6456, 'learning_rate': 0.000646154728450995, 'epoch': 1.07}
{'loss': 0.6243, 'learning_rate': 0.0006450077421574813, 'epoch': 1.07}
{'eval_loss': 0.5698943734169006, 'eval_bce': 0.5617245913425517, 'eval_n_pos': 2024.0, 'eval_pos_rate': 0.09120814744716327, 'eval_auroc': 0.6437452312714524, 'eval_auprc': 0.19508790501910325, 'eval_mcc': 0.1435601166830455, 'eval_precision': 0.27141568981064024, 'eval_recall': 0.14871541501976285, 'eval_f1': 0.19214810086179385, 'eval_runtime': 157.1157, 'eval_samples_per_second': 141.24, 'eval_steps_per_second': 2.209, 'epoch': 1.07}
{'loss': 0.6448, 'learning_rate': 0.0006438607558639675, 'epoch': 1.07}
{'loss': 0.612, 'learning_rate': 0.0006427137695704536, 'epoch': 1.08}
{'loss': 0.6482, 'learning_rate': 0.0006415667832769398, 'epoch': 1.08}
{'loss': 0.6101, 'learning_rate': 0.000640419796983426, 'epoch': 1.08}
{'loss': 0.6489, 'learning_rate': 0.0006392728106899123, 'epoch': 1.09}
{'loss': 0.6444, 'learning_rate': 0.0006381258243963984, 'epoch': 1.09}
{'loss': 0.6476, 'learning_rate': 0.0006369788381028847, 'epoch': 1.09}
{'loss': 0.6208, 'learning_rate': 0.0006358318518093709, 'epoch': 1.1}
{'loss': 0.6245, 'learning_rate': 0.0006346848655158572, 'epoch': 1.1}
{'loss': 0.6498, 'learning_rate': 0.0006335378792223432, 'epoch': 1.1}
{'loss': 0.6395, 'learning_rate': 0.0006323908929288295, 'epoch': 1.11}
{'loss': 0.6544, 'learning_rate': 0.0006312439066353157, 'epoch': 1.11}
{'loss': 0.6331, 'learning_rate': 0.0006300969203418019, 'epoch': 1.12}
{'eval_loss': 0.5719924569129944, 'eval_bce': 0.5638852102784344, 'eval_n_pos': 2024.0, 'eval_pos_rate': 0.09120814744716327, 'eval_auroc': 0.6486630974250385, 'eval_auprc': 0.19004743410099267, 'eval_mcc': 0.14017879792550977, 'eval_precision': 0.2561851556264964, 'eval_recall': 0.15859683794466403, 'eval_f1': 0.19591089411046692, 'eval_runtime': 156.804, 'eval_samples_per_second': 141.521, 'eval_steps_per_second': 2.213, 'epoch': 1.12}
{'loss': 0.6515, 'learning_rate': 0.0006289499340482881, 'epoch': 1.12}
{'loss': 0.6335, 'learning_rate': 0.0006278029477547743, 'epoch': 1.12}
{'loss': 0.63, 'learning_rate': 0.0006266559614612606, 'epoch': 1.13}
{'loss': 0.6234, 'learning_rate': 0.0006255089751677468, 'epoch': 1.13}
{'loss': 0.6368, 'learning_rate': 0.000624361988874233, 'epoch': 1.13}
{'loss': 0.6181, 'learning_rate': 0.0006232150025807192, 'epoch': 1.14}
{'loss': 0.6481, 'learning_rate': 0.0006220680162872053, 'epoch': 1.14}
{'loss': 0.6329, 'learning_rate': 0.0006209210299936916, 'epoch': 1.14}
{'loss': 0.6264, 'learning_rate': 0.0006197740437001777, 'epoch': 1.15}
{'loss': 0.6183, 'learning_rate': 0.000618627057406664, 'epoch': 1.15}
{'loss': 0.657, 'learning_rate': 0.0006174800711131502, 'epoch': 1.15}
{'loss': 0.6616, 'learning_rate': 0.0006163330848196365, 'epoch': 1.16}
{'eval_loss': 0.5623857378959656, 'eval_bce': 0.553764785998223, 'eval_n_pos': 2024.0, 'eval_pos_rate': 0.09120814744716327, 'eval_auroc': 0.6535916818870731, 'eval_auprc': 0.19586915084260023, 'eval_mcc': 0.14266321702481521, 'eval_precision': 0.27514231499051234, 'eval_recall': 0.1432806324110672, 'eval_f1': 0.1884340480831709, 'eval_runtime': 156.2684, 'eval_samples_per_second': 142.006, 'eval_steps_per_second': 2.221, 'epoch': 1.16}
{'loss': 0.645, 'learning_rate': 0.0006151860985261226, 'epoch': 1.16}
{'loss': 0.644, 'learning_rate': 0.0006140391122326089, 'epoch': 1.16}
{'loss': 0.6283, 'learning_rate': 0.0006128921259390951, 'epoch': 1.17}
{'loss': 0.6265, 'learning_rate': 0.0006117451396455813, 'epoch': 1.17}
{'loss': 0.6227, 'learning_rate': 0.0006105981533520674, 'epoch': 1.17}
{'loss': 0.638, 'learning_rate': 0.0006094511670585536, 'epoch': 1.18}
{'loss': 0.6292, 'learning_rate': 0.0006083041807650399, 'epoch': 1.18}
{'loss': 0.643, 'learning_rate': 0.0006071571944715261, 'epoch': 1.18}
{'loss': 0.6224, 'learning_rate': 0.0006060102081780123, 'epoch': 1.19}
{'loss': 0.6449, 'learning_rate': 0.0006048632218844985, 'epoch': 1.19}
{'loss': 0.6538, 'learning_rate': 0.0006037162355909847, 'epoch': 1.19}
{'loss': 0.6142, 'learning_rate': 0.000602569249297471, 'epoch': 1.2}
{'loss': 0.6321, 'learning_rate': 0.000601422263003957, 'epoch': 1.2}
{'eval_loss': 0.5717098116874695, 'eval_bce': 0.5638569692113394, 'eval_n_pos': 2024.0, 'eval_pos_rate': 0.09120814744716327, 'eval_auroc': 0.6431300248654955, 'eval_auprc': 0.18844482182353778, 'eval_mcc': 0.13471124574819754, 'eval_precision': 0.24617737003058104, 'eval_recall': 0.1590909090909091, 'eval_f1': 0.19327731092436976, 'eval_runtime': 156.3959, 'eval_samples_per_second': 141.89, 'eval_steps_per_second': 2.219, 'epoch': 1.2}
{'loss': 0.6326, 'learning_rate': 0.0006002752767104433, 'epoch': 1.2}
{'loss': 0.6451, 'learning_rate': 0.0005991282904169295, 'epoch': 1.21}
{'loss': 0.6407, 'learning_rate': 0.0005979813041234158, 'epoch': 1.21}
{'loss': 0.6348, 'learning_rate': 0.0005968343178299019, 'epoch': 1.21}
{'loss': 0.6202, 'learning_rate': 0.0005956873315363881, 'epoch': 1.22}
{'loss': 0.6258, 'learning_rate': 0.0005945403452428744, 'epoch': 1.22}
{'loss': 0.6513, 'learning_rate': 0.0005933933589493606, 'epoch': 1.22}
{'loss': 0.6368, 'learning_rate': 0.0005922463726558468, 'epoch': 1.23}
{'loss': 0.6293, 'learning_rate': 0.000591099386362333, 'epoch': 1.23}
{'loss': 0.6465, 'learning_rate': 0.0005899524000688193, 'epoch': 1.24}
{'loss': 0.6361, 'learning_rate': 0.0005888054137753054, 'epoch': 1.24}
{'loss': 0.6425, 'learning_rate': 0.0005876584274817916, 'epoch': 1.24}
{'eval_loss': 0.5732985138893127, 'eval_bce': 0.5661098853686473, 'eval_n_pos': 2024.0, 'eval_pos_rate': 0.09120814744716327, 'eval_auroc': 0.6322007066096905, 'eval_auprc': 0.18374869225311763, 'eval_mcc': 0.12571287227350134, 'eval_precision': 0.2348942598187311, 'eval_recall': 0.15365612648221344, 'eval_f1': 0.1857825567502987, 'eval_runtime': 156.4516, 'eval_samples_per_second': 141.839, 'eval_steps_per_second': 2.218, 'epoch': 1.24}
{'loss': 0.6184, 'learning_rate': 0.0005865114411882778, 'epoch': 1.25}
{'loss': 0.632, 'learning_rate': 0.000585364454894764, 'epoch': 1.25}
{'loss': 0.644, 'learning_rate': 0.0005842174686012503, 'epoch': 1.25}
{'loss': 0.6334, 'learning_rate': 0.0005830704823077364, 'epoch': 1.26}
{'loss': 0.618, 'learning_rate': 0.0005819234960142227, 'epoch': 1.26}
{'loss': 0.6702, 'learning_rate': 0.0005807765097207089, 'epoch': 1.26}
{'loss': 0.6211, 'learning_rate': 0.0005796295234271952, 'epoch': 1.27}
{'loss': 0.6395, 'learning_rate': 0.0005784825371336812, 'epoch': 1.27}
{'loss': 0.6222, 'learning_rate': 0.0005773355508401674, 'epoch': 1.27}
{'loss': 0.6432, 'learning_rate': 0.0005761885645466537, 'epoch': 1.28}
{'loss': 0.6449, 'learning_rate': 0.0005750415782531398, 'epoch': 1.28}
{'loss': 0.63, 'learning_rate': 0.0005738945919596261, 'epoch': 1.28}
{'loss': 0.6154, 'learning_rate': 0.0005727476056661123, 'epoch': 1.29}
{'eval_loss': 0.5816940665245056, 'eval_bce': 0.5741188852791844, 'eval_n_pos': 2024.0, 'eval_pos_rate': 0.09120814744716327, 'eval_auroc': 0.6382094515734329, 'eval_auprc': 0.18789451015552827, 'eval_mcc': 0.12806387083371623, 'eval_precision': 0.2260362694300518, 'eval_recall': 0.1724308300395257, 'eval_f1': 0.195627802690583, 'eval_runtime': 155.9455, 'eval_samples_per_second': 142.3, 'eval_steps_per_second': 2.225, 'epoch': 1.29}
{'loss': 0.6581, 'learning_rate': 0.0005716006193725986, 'epoch': 1.29}
{'loss': 0.6151, 'learning_rate': 0.0005704536330790847, 'epoch': 1.29}
{'loss': 0.6379, 'learning_rate': 0.0005693066467855708, 'epoch': 1.3}
{'loss': 0.6496, 'learning_rate': 0.0005681596604920571, 'epoch': 1.3}
{'loss': 0.6379, 'learning_rate': 0.0005670126741985433, 'epoch': 1.3}
{'loss': 0.6327, 'learning_rate': 0.0005658656879050295, 'epoch': 1.31}
{'loss': 0.6096, 'learning_rate': 0.0005647187016115157, 'epoch': 1.31}
{'loss': 0.6294, 'learning_rate': 0.000563571715318002, 'epoch': 1.31}
{'loss': 0.6111, 'learning_rate': 0.0005624247290244882, 'epoch': 1.32}
{'loss': 0.6475, 'learning_rate': 0.0005612777427309744, 'epoch': 1.32}
{'loss': 0.6224, 'learning_rate': 0.0005601307564374606, 'epoch': 1.32}
{'loss': 0.6445, 'learning_rate': 0.0005589837701439468, 'epoch': 1.33}
{'eval_loss': 0.5860288739204407, 'eval_bce': 0.5789465366267349, 'eval_n_pos': 2024.0, 'eval_pos_rate': 0.09120814744716327, 'eval_auroc': 0.6385825957013876, 'eval_auprc': 0.18584829642937678, 'eval_mcc': 0.12510374257010423, 'eval_precision': 0.216696269982238, 'eval_recall': 0.1808300395256917, 'eval_f1': 0.19714516563425805, 'eval_runtime': 156.2063, 'eval_samples_per_second': 142.062, 'eval_steps_per_second': 2.221, 'epoch': 1.33}
{'loss': 0.6362, 'learning_rate': 0.000557836783850433, 'epoch': 1.33}
{'loss': 0.6475, 'learning_rate': 0.0005566897975569191, 'epoch': 1.33}
{'loss': 0.6126, 'learning_rate': 0.0005555428112634054, 'epoch': 1.34}
{'loss': 0.6507, 'learning_rate': 0.0005543958249698916, 'epoch': 1.34}
{'loss': 0.6337, 'learning_rate': 0.0005532488386763779, 'epoch': 1.34}
{'loss': 0.6384, 'learning_rate': 0.000552101852382864, 'epoch': 1.35}
{'loss': 0.6227, 'learning_rate': 0.0005509548660893502, 'epoch': 1.35}
{'loss': 0.6222, 'learning_rate': 0.0005498078797958365, 'epoch': 1.36}
{'loss': 0.6365, 'learning_rate': 0.0005486608935023227, 'epoch': 1.36}
{'loss': 0.6245, 'learning_rate': 0.0005475139072088088, 'epoch': 1.36}
{'loss': 0.6487, 'learning_rate': 0.000546366920915295, 'epoch': 1.37}
{'loss': 0.6211, 'learning_rate': 0.0005452199346217813, 'epoch': 1.37}
{'loss': 0.6085, 'learning_rate': 0.0005440729483282675, 'epoch': 1.37}
{'eval_loss': 0.5780777335166931, 'eval_bce': 0.5698825516362377, 'eval_n_pos': 2024.0, 'eval_pos_rate': 0.09120814744716327, 'eval_auroc': 0.6470448165917356, 'eval_auprc': 0.19079494827322643, 'eval_mcc': 0.13527996117947952, 'eval_precision': 0.23612040133779263, 'eval_recall': 0.17440711462450592, 'eval_f1': 0.2006251776072748, 'eval_runtime': 156.305, 'eval_samples_per_second': 141.972, 'eval_steps_per_second': 2.22, 'epoch': 1.37}
{'loss': 0.6419, 'learning_rate': 0.0005429259620347537, 'epoch': 1.38}
{'loss': 0.6467, 'learning_rate': 0.0005417789757412399, 'epoch': 1.38}
{'loss': 0.6149, 'learning_rate': 0.0005406319894477261, 'epoch': 1.38}
{'loss': 0.6536, 'learning_rate': 0.0005394850031542124, 'epoch': 1.39}
{'loss': 0.6366, 'learning_rate': 0.0005383380168606985, 'epoch': 1.39}
{'loss': 0.6319, 'learning_rate': 0.0005371910305671848, 'epoch': 1.39}
{'loss': 0.6402, 'learning_rate': 0.0005360440442736709, 'epoch': 1.4}
{'loss': 0.6167, 'learning_rate': 0.0005348970579801572, 'epoch': 1.4}
{'loss': 0.6106, 'learning_rate': 0.0005337500716866433, 'epoch': 1.4}
{'loss': 0.6365, 'learning_rate': 0.0005326030853931295, 'epoch': 1.41}
{'loss': 0.6281, 'learning_rate': 0.0005314560990996158, 'epoch': 1.41}
{'loss': 0.6309, 'learning_rate': 0.000530309112806102, 'epoch': 1.41}
{'eval_loss': 0.5619503259658813, 'eval_bce': 0.5525912071849092, 'eval_n_pos': 2024.0, 'eval_pos_rate': 0.09120814744716327, 'eval_auroc': 0.6497070116699472, 'eval_auprc': 0.19926983558461578, 'eval_mcc': 0.1469420759974898, 'eval_precision': 0.28160919540229884, 'eval_recall': 0.14525691699604742, 'eval_f1': 0.19165580182529335, 'eval_runtime': 155.8648, 'eval_samples_per_second': 142.373, 'eval_steps_per_second': 2.226, 'epoch': 1.42}
{'loss': 0.6503, 'learning_rate': 0.0005291621265125882, 'epoch': 1.42}
{'loss': 0.607, 'learning_rate': 0.0005280151402190744, 'epoch': 1.42}
{'loss': 0.6445, 'learning_rate': 0.0005268681539255607, 'epoch': 1.42}
{'loss': 0.6149, 'learning_rate': 0.0005257211676320469, 'epoch': 1.43}
{'loss': 0.6033, 'learning_rate': 0.0005245741813385329, 'epoch': 1.43}
{'loss': 0.6359, 'learning_rate': 0.0005234271950450192, 'epoch': 1.43}
{'loss': 0.6191, 'learning_rate': 0.0005222802087515054, 'epoch': 1.44}
{'loss': 0.6329, 'learning_rate': 0.0005211332224579917, 'epoch': 1.44}
{'loss': 0.65, 'learning_rate': 0.0005199862361644778, 'epoch': 1.44}
{'loss': 0.6133, 'learning_rate': 0.0005188392498709641, 'epoch': 1.45}
{'loss': 0.6275, 'learning_rate': 0.0005176922635774503, 'epoch': 1.45}
{'loss': 0.6344, 'learning_rate': 0.0005165452772839366, 'epoch': 1.45}
{'loss': 0.6361, 'learning_rate': 0.0005153982909904226, 'epoch': 1.46}
{'eval_loss': 0.5646889805793762, 'eval_bce': 0.5556615976112159, 'eval_n_pos': 2024.0, 'eval_pos_rate': 0.09120814744716327, 'eval_auroc': 0.6560115819468701, 'eval_auprc': 0.19670261637124015, 'eval_mcc': 0.14884655554750317, 'eval_precision': 0.2706766917293233, 'eval_recall': 0.1600790513833992, 'eval_f1': 0.20117975783918038, 'eval_runtime': 156.1104, 'eval_samples_per_second': 142.149, 'eval_steps_per_second': 2.223, 'epoch': 1.46}
{'loss': 0.6302, 'learning_rate': 0.0005142513046969088, 'epoch': 1.46}
{'loss': 0.6378, 'learning_rate': 0.0005131043184033951, 'epoch': 1.47}
{'loss': 0.6423, 'learning_rate': 0.0005119573321098813, 'epoch': 1.47}
{'loss': 0.6332, 'learning_rate': 0.0005108103458163675, 'epoch': 1.47}
{'loss': 0.6395, 'learning_rate': 0.0005096633595228537, 'epoch': 1.48}
{'loss': 0.6144, 'learning_rate': 0.00050851637322934, 'epoch': 1.48}
{'loss': 0.6398, 'learning_rate': 0.0005073693869358262, 'epoch': 1.48}
{'loss': 0.6295, 'learning_rate': 0.0005062224006423123, 'epoch': 1.49}
{'loss': 0.6412, 'learning_rate': 0.0005050754143487986, 'epoch': 1.49}
{'loss': 0.6387, 'learning_rate': 0.0005039284280552847, 'epoch': 1.49}
{'loss': 0.6233, 'learning_rate': 0.0005027814417617709, 'epoch': 1.5}
{'loss': 0.64, 'learning_rate': 0.0005016344554682571, 'epoch': 1.5}
{'eval_loss': 0.560055673122406, 'eval_bce': 0.5507969478306417, 'eval_n_pos': 2024.0, 'eval_pos_rate': 0.09120814744716327, 'eval_auroc': 0.644851115713437, 'eval_auprc': 0.19528191250160815, 'eval_mcc': 0.14101372809011734, 'eval_precision': 0.2694063926940639, 'eval_recall': 0.14575098814229248, 'eval_f1': 0.18916319333119588, 'eval_runtime': 156.2353, 'eval_samples_per_second': 142.036, 'eval_steps_per_second': 2.221, 'epoch': 1.5}
{'loss': 0.6547, 'learning_rate': 0.0005004874691747434, 'epoch': 1.5}
{'loss': 0.618, 'learning_rate': 0.0004993404828812296, 'epoch': 1.51}
{'loss': 0.648, 'learning_rate': 0.0004981934965877158, 'epoch': 1.51}
{'loss': 0.6209, 'learning_rate': 0.000497046510294202, 'epoch': 1.51}
{'loss': 0.617, 'learning_rate': 0.0004958995240006882, 'epoch': 1.52}
{'loss': 0.6473, 'learning_rate': 0.0004947525377071745, 'epoch': 1.52}
{'loss': 0.6248, 'learning_rate': 0.0004936055514136605, 'epoch': 1.52}
{'loss': 0.6114, 'learning_rate': 0.0004924585651201468, 'epoch': 1.53}
{'loss': 0.6367, 'learning_rate': 0.000491311578826633, 'epoch': 1.53}
{'loss': 0.6347, 'learning_rate': 0.0004901645925331192, 'epoch': 1.53}
{'loss': 0.6396, 'learning_rate': 0.0004890176062396054, 'epoch': 1.54}
{'loss': 0.6313, 'learning_rate': 0.00048787061994609164, 'epoch': 1.54}
{'loss': 0.6411, 'learning_rate': 0.0004867236336525779, 'epoch': 1.54}
{'eval_loss': 0.5648056864738464, 'eval_bce': 0.5559179888693563, 'eval_n_pos': 2024.0, 'eval_pos_rate': 0.09120814744716327, 'eval_auroc': 0.6435188483475234, 'eval_auprc': 0.18747466246045716, 'eval_mcc': 0.13373683251815702, 'eval_precision': 0.25426621160409557, 'eval_recall': 0.14723320158102768, 'eval_f1': 0.1864831038798498, 'eval_runtime': 156.3932, 'eval_samples_per_second': 141.892, 'eval_steps_per_second': 2.219, 'epoch': 1.54}
{'loss': 0.6007, 'learning_rate': 0.0004855766473590641, 'epoch': 1.55}
{'loss': 0.6367, 'learning_rate': 0.00048442966106555026, 'epoch': 1.55}
{'loss': 0.6489, 'learning_rate': 0.00048328267477203645, 'epoch': 1.55}
{'loss': 0.6416, 'learning_rate': 0.0004821356884785227, 'epoch': 1.56}
{'loss': 0.6328, 'learning_rate': 0.0004809887021850089, 'epoch': 1.56}
{'loss': 0.6483, 'learning_rate': 0.0004798417158914951, 'epoch': 1.56}
{'loss': 0.6154, 'learning_rate': 0.0004786947295979813, 'epoch': 1.57}
{'loss': 0.5969, 'learning_rate': 0.00047754774330446755, 'epoch': 1.57}
{'loss': 0.6315, 'learning_rate': 0.00047640075701095374, 'epoch': 1.57}
{'loss': 0.6326, 'learning_rate': 0.0004752537707174399, 'epoch': 1.58}
{'loss': 0.6248, 'learning_rate': 0.0004741067844239261, 'epoch': 1.58}
{'loss': 0.5967, 'learning_rate': 0.00047295979813041236, 'epoch': 1.59}
{'eval_loss': 0.5719558000564575, 'eval_bce': 0.5630625122401912, 'eval_n_pos': 2024.0, 'eval_pos_rate': 0.09120814744716327, 'eval_auroc': 0.6500081165156321, 'eval_auprc': 0.19146847124024957, 'eval_mcc': 0.14397343928502282, 'eval_precision': 0.2518037518037518, 'eval_recall': 0.1724308300395257, 'eval_f1': 0.20469208211143694, 'eval_runtime': 156.1936, 'eval_samples_per_second': 142.074, 'eval_steps_per_second': 2.222, 'epoch': 1.59}
{'loss': 0.6307, 'learning_rate': 0.00047181281183689854, 'epoch': 1.59}
{'loss': 0.6508, 'learning_rate': 0.0004706658255433848, 'epoch': 1.59}
{'loss': 0.6283, 'learning_rate': 0.000469518839249871, 'epoch': 1.6}
{'loss': 0.646, 'learning_rate': 0.0004683718529563572, 'epoch': 1.6}
{'loss': 0.6288, 'learning_rate': 0.00046722486666284335, 'epoch': 1.6}
{'loss': 0.6129, 'learning_rate': 0.0004660778803693296, 'epoch': 1.61}
{'loss': 0.6087, 'learning_rate': 0.0004649308940758158, 'epoch': 1.61}
{'loss': 0.6341, 'learning_rate': 0.000463783907782302, 'epoch': 1.61}
{'loss': 0.6444, 'learning_rate': 0.0004626369214887882, 'epoch': 1.62}
{'loss': 0.6081, 'learning_rate': 0.00046148993519527445, 'epoch': 1.62}
{'loss': 0.6108, 'learning_rate': 0.00046034294890176064, 'epoch': 1.62}
{'loss': 0.6322, 'learning_rate': 0.0004591959626082469, 'epoch': 1.63}
{'loss': 0.6134, 'learning_rate': 0.000458048976314733, 'epoch': 1.63}
{'eval_loss': 0.5675173401832581, 'eval_bce': 0.5584929840046416, 'eval_n_pos': 2024.0, 'eval_pos_rate': 0.09120814744716327, 'eval_auroc': 0.6556083163098012, 'eval_auprc': 0.19926883527533096, 'eval_mcc': 0.14662334011451073, 'eval_precision': 0.25825825825825827, 'eval_recall': 0.16996047430830039, 'eval_f1': 0.20500595947556616, 'eval_runtime': 156.3466, 'eval_samples_per_second': 141.935, 'eval_steps_per_second': 2.219, 'epoch': 1.63}
{'loss': 0.6261, 'learning_rate': 0.00045690199002121926, 'epoch': 1.63}
{'loss': 0.6465, 'learning_rate': 0.00045575500372770544, 'epoch': 1.64}
{'loss': 0.6305, 'learning_rate': 0.0004546080174341917, 'epoch': 1.64}
{'loss': 0.6419, 'learning_rate': 0.0004534610311406779, 'epoch': 1.64}
{'loss': 0.62, 'learning_rate': 0.0004523140448471641, 'epoch': 1.65}
{'loss': 0.619, 'learning_rate': 0.0004511670585536503, 'epoch': 1.65}
{'loss': 0.6514, 'learning_rate': 0.00045002007226013655, 'epoch': 1.65}
{'loss': 0.6479, 'learning_rate': 0.0004488730859666227, 'epoch': 1.66}
{'loss': 0.6431, 'learning_rate': 0.0004477260996731089, 'epoch': 1.66}
{'loss': 0.6447, 'learning_rate': 0.0004465791133795951, 'epoch': 1.66}
{'loss': 0.6478, 'learning_rate': 0.00044543212708608135, 'epoch': 1.67}
{'loss': 0.6126, 'learning_rate': 0.00044428514079256754, 'epoch': 1.67}
{'eval_loss': 0.560906171798706, 'eval_bce': 0.5519571691347265, 'eval_n_pos': 2024.0, 'eval_pos_rate': 0.09120814744716327, 'eval_auroc': 0.6449555181624737, 'eval_auprc': 0.1893279953275961, 'eval_mcc': 0.12883678270258833, 'eval_precision': 0.25316455696202533, 'eval_recall': 0.1383399209486166, 'eval_f1': 0.17891373801916938, 'eval_runtime': 156.1918, 'eval_samples_per_second': 142.075, 'eval_steps_per_second': 2.222, 'epoch': 1.67}
{'loss': 0.6279, 'learning_rate': 0.0004431381544990538, 'epoch': 1.67}
{'loss': 0.6082, 'learning_rate': 0.00044199116820553997, 'epoch': 1.68}
{'loss': 0.6176, 'learning_rate': 0.0004408441819120262, 'epoch': 1.68}
{'loss': 0.6132, 'learning_rate': 0.00043969719561851234, 'epoch': 1.68}
{'loss': 0.6443, 'learning_rate': 0.0004385502093249986, 'epoch': 1.69}
{'loss': 0.651, 'learning_rate': 0.0004374032230314848, 'epoch': 1.69}
{'loss': 0.6304, 'learning_rate': 0.000436256236737971, 'epoch': 1.69}
{'loss': 0.6187, 'learning_rate': 0.0004351092504444572, 'epoch': 1.7}
{'loss': 0.6346, 'learning_rate': 0.00043396226415094345, 'epoch': 1.7}
{'loss': 0.6145, 'learning_rate': 0.00043281527785742963, 'epoch': 1.71}
{'loss': 0.6256, 'learning_rate': 0.0004316682915639158, 'epoch': 1.71}
{'loss': 0.6505, 'learning_rate': 0.000430521305270402, 'epoch': 1.71}
{'loss': 0.6377, 'learning_rate': 0.0004293743189768882, 'epoch': 1.72}
{'eval_loss': 0.5544889569282532, 'eval_bce': 0.544775744280363, 'eval_n_pos': 2024.0, 'eval_pos_rate': 0.09120814744716327, 'eval_auroc': 0.6536700664079442, 'eval_auprc': 0.19409659288523076, 'eval_mcc': 0.1305481795670059, 'eval_precision': 0.26279527559055116, 'eval_recall': 0.13191699604743082, 'eval_f1': 0.1756578947368421, 'eval_runtime': 156.3364, 'eval_samples_per_second': 141.944, 'eval_steps_per_second': 2.22, 'epoch': 1.72}
{'loss': 0.6047, 'learning_rate': 0.00042822733268337444, 'epoch': 1.72}
{'loss': 0.6232, 'learning_rate': 0.0004270803463898606, 'epoch': 1.72}
{'loss': 0.6294, 'learning_rate': 0.00042593336009634687, 'epoch': 1.73}
{'loss': 0.6498, 'learning_rate': 0.00042478637380283306, 'epoch': 1.73}
{'loss': 0.6086, 'learning_rate': 0.0004236393875093193, 'epoch': 1.73}
{'loss': 0.6212, 'learning_rate': 0.00042249240121580543, 'epoch': 1.74}
{'loss': 0.6283, 'learning_rate': 0.0004213454149222917, 'epoch': 1.74}
{'loss': 0.6229, 'learning_rate': 0.00042019842862877786, 'epoch': 1.74}
{'loss': 0.6207, 'learning_rate': 0.0004190514423352641, 'epoch': 1.75}
{'loss': 0.6468, 'learning_rate': 0.0004179044560417503, 'epoch': 1.75}
{'loss': 0.6255, 'learning_rate': 0.00041675746974823653, 'epoch': 1.75}
{'loss': 0.6369, 'learning_rate': 0.0004156104834547227, 'epoch': 1.76}
{'eval_loss': 0.5533761978149414, 'eval_bce': 0.5434979367228359, 'eval_n_pos': 2024.0, 'eval_pos_rate': 0.09120814744716327, 'eval_auroc': 0.6500421211147787, 'eval_auprc': 0.1930135511618655, 'eval_mcc': 0.14070901616033007, 'eval_precision': 0.27128157156220767, 'eval_recall': 0.1432806324110672, 'eval_f1': 0.18752020691884902, 'eval_runtime': 156.1759, 'eval_samples_per_second': 142.09, 'eval_steps_per_second': 2.222, 'epoch': 1.76}
{'loss': 0.6352, 'learning_rate': 0.00041446349716120896, 'epoch': 1.76}
{'loss': 0.5939, 'learning_rate': 0.0004133165108676951, 'epoch': 1.76}
{'loss': 0.6312, 'learning_rate': 0.00041216952457418134, 'epoch': 1.77}
{'loss': 0.6282, 'learning_rate': 0.0004110225382806675, 'epoch': 1.77}
{'loss': 0.616, 'learning_rate': 0.00040987555198715377, 'epoch': 1.77}
{'loss': 0.6379, 'learning_rate': 0.00040872856569363996, 'epoch': 1.78}
{'loss': 0.6386, 'learning_rate': 0.0004075815794001262, 'epoch': 1.78}
{'loss': 0.6255, 'learning_rate': 0.0004064345931066124, 'epoch': 1.78}
{'loss': 0.6159, 'learning_rate': 0.00040528760681309863, 'epoch': 1.79}
{'loss': 0.6257, 'learning_rate': 0.00040414062051958476, 'epoch': 1.79}
{'loss': 0.6178, 'learning_rate': 0.000402993634226071, 'epoch': 1.79}
{'loss': 0.5941, 'learning_rate': 0.0004018466479325572, 'epoch': 1.8}
{'loss': 0.6062, 'learning_rate': 0.00040069966163904343, 'epoch': 1.8}
{'eval_loss': 0.5595875978469849, 'eval_bce': 0.5504528537778202, 'eval_n_pos': 2024.0, 'eval_pos_rate': 0.09120814744716327, 'eval_auroc': 0.6544057343513676, 'eval_auprc': 0.19462025784254827, 'eval_mcc': 0.13634061625614052, 'eval_precision': 0.25304136253041365, 'eval_recall': 0.1541501976284585, 'eval_f1': 0.19158735032238255, 'eval_runtime': 156.1674, 'eval_samples_per_second': 142.098, 'eval_steps_per_second': 2.222, 'epoch': 1.8}
{'loss': 0.6373, 'learning_rate': 0.0003995526753455296, 'epoch': 1.8}
{'loss': 0.6073, 'learning_rate': 0.00039840568905201586, 'epoch': 1.81}
{'loss': 0.6144, 'learning_rate': 0.00039725870275850205, 'epoch': 1.81}
{'loss': 0.6251, 'learning_rate': 0.00039611171646498824, 'epoch': 1.82}
{'loss': 0.652, 'learning_rate': 0.0003949647301714744, 'epoch': 1.82}
{'loss': 0.6306, 'learning_rate': 0.00039381774387796067, 'epoch': 1.82}
{'loss': 0.6398, 'learning_rate': 0.00039267075758444686, 'epoch': 1.83}
{'loss': 0.6124, 'learning_rate': 0.0003915237712909331, 'epoch': 1.83}
{'loss': 0.6436, 'learning_rate': 0.0003903767849974193, 'epoch': 1.83}
{'loss': 0.639, 'learning_rate': 0.00038922979870390553, 'epoch': 1.84}
{'loss': 0.6225, 'learning_rate': 0.0003880828124103917, 'epoch': 1.84}
{'loss': 0.6082, 'learning_rate': 0.0003869358261168779, 'epoch': 1.84}
{'eval_loss': 0.5566223859786987, 'eval_bce': 0.5473169969670004, 'eval_n_pos': 2024.0, 'eval_pos_rate': 0.09120814744716327, 'eval_auroc': 0.6479318270504528, 'eval_auprc': 0.19308392245456224, 'eval_mcc': 0.1347911479141625, 'eval_precision': 0.2557741659538067, 'eval_recall': 0.14772727272727273, 'eval_f1': 0.18728468524898215, 'eval_runtime': 155.5177, 'eval_samples_per_second': 142.691, 'eval_steps_per_second': 2.231, 'epoch': 1.84}
{'loss': 0.6454, 'learning_rate': 0.0003857888398233641, 'epoch': 1.85}
{'loss': 0.6618, 'learning_rate': 0.00038464185352985033, 'epoch': 1.85}
{'loss': 0.6125, 'learning_rate': 0.0003834948672363365, 'epoch': 1.85}
{'loss': 0.5931, 'learning_rate': 0.00038234788094282276, 'epoch': 1.86}
{'loss': 0.6231, 'learning_rate': 0.00038120089464930895, 'epoch': 1.86}
{'loss': 0.6429, 'learning_rate': 0.0003800539083557952, 'epoch': 1.86}
{'loss': 0.6087, 'learning_rate': 0.0003789069220622814, 'epoch': 1.87}
{'loss': 0.622, 'learning_rate': 0.00037775993576876757, 'epoch': 1.87}
{'loss': 0.6156, 'learning_rate': 0.00037661294947525376, 'epoch': 1.87}
{'loss': 0.6132, 'learning_rate': 0.00037546596318174, 'epoch': 1.88}
{'loss': 0.6198, 'learning_rate': 0.0003743189768882262, 'epoch': 1.88}
{'loss': 0.6264, 'learning_rate': 0.00037317199059471243, 'epoch': 1.88}
{'loss': 0.631, 'learning_rate': 0.0003720250043011986, 'epoch': 1.89}
{'eval_loss': 0.5546756982803345, 'eval_bce': 0.5450865359493519, 'eval_n_pos': 2024.0, 'eval_pos_rate': 0.09120814744716327, 'eval_auroc': 0.652172443104034, 'eval_auprc': 0.19349791483460516, 'eval_mcc': 0.1340638722126106, 'eval_precision': 0.25020242914979757, 'eval_recall': 0.15266798418972333, 'eval_f1': 0.18962872046640075, 'eval_runtime': 156.2824, 'eval_samples_per_second': 141.993, 'eval_steps_per_second': 2.22, 'epoch': 1.89}
{'loss': 0.6555, 'learning_rate': 0.00037087801800768486, 'epoch': 1.89}
{'loss': 0.6636, 'learning_rate': 0.00036973103171417104, 'epoch': 1.89}
{'loss': 0.6083, 'learning_rate': 0.00036858404542065723, 'epoch': 1.9}
{'loss': 0.603, 'learning_rate': 0.0003674370591271434, 'epoch': 1.9}
{'loss': 0.611, 'learning_rate': 0.00036629007283362966, 'epoch': 1.9}
{'loss': 0.6231, 'learning_rate': 0.00036514308654011585, 'epoch': 1.91}
{'loss': 0.6564, 'learning_rate': 0.0003639961002466021, 'epoch': 1.91}
{'loss': 0.6393, 'learning_rate': 0.0003628491139530883, 'epoch': 1.91}
{'loss': 0.6167, 'learning_rate': 0.0003617021276595745, 'epoch': 1.92}
{'loss': 0.6165, 'learning_rate': 0.00036055514136606066, 'epoch': 1.92}
{'loss': 0.6167, 'learning_rate': 0.0003594081550725469, 'epoch': 1.92}
{'loss': 0.6299, 'learning_rate': 0.0003582611687790331, 'epoch': 1.93}
{'eval_loss': 0.5468851923942566, 'eval_bce': 0.5368505214005408, 'eval_n_pos': 2024.0, 'eval_pos_rate': 0.09120814744716327, 'eval_auroc': 0.6515900040981911, 'eval_auprc': 0.19520835039480341, 'eval_mcc': 0.1358037511193146, 'eval_precision': 0.2729124236252546, 'eval_recall': 0.1324110671936759, 'eval_f1': 0.17831004657351962, 'eval_runtime': 156.2749, 'eval_samples_per_second': 142.0, 'eval_steps_per_second': 2.22, 'epoch': 1.93}
{'loss': 0.6175, 'learning_rate': 0.0003571141824855193, 'epoch': 1.93}
{'loss': 0.6347, 'learning_rate': 0.0003559671961920055, 'epoch': 1.94}
{'loss': 0.634, 'learning_rate': 0.00035482020989849176, 'epoch': 1.94}
{'loss': 0.6073, 'learning_rate': 0.00035367322360497794, 'epoch': 1.94}
{'loss': 0.6258, 'learning_rate': 0.0003525262373114642, 'epoch': 1.95}
{'loss': 0.6278, 'learning_rate': 0.0003513792510179503, 'epoch': 1.95}
{'loss': 0.629, 'learning_rate': 0.0003502322647244365, 'epoch': 1.95}
{'loss': 0.62, 'learning_rate': 0.00034908527843092275, 'epoch': 1.96}
{'loss': 0.6135, 'learning_rate': 0.00034793829213740894, 'epoch': 1.96}
{'loss': 0.6063, 'learning_rate': 0.0003467913058438952, 'epoch': 1.96}
{'loss': 0.6155, 'learning_rate': 0.00034564431955038137, 'epoch': 1.97}
{'loss': 0.5997, 'learning_rate': 0.0003444973332568676, 'epoch': 1.97}
{'loss': 0.6078, 'learning_rate': 0.0003433503469633538, 'epoch': 1.97}
{'eval_loss': 0.5525407195091248, 'eval_bce': 0.5427761131761561, 'eval_n_pos': 2024.0, 'eval_pos_rate': 0.09120814744716327, 'eval_auroc': 0.6527921083263054, 'eval_auprc': 0.1945831169134328, 'eval_mcc': 0.14067006170077584, 'eval_precision': 0.26134453781512607, 'eval_recall': 0.15365612648221344, 'eval_f1': 0.19352831362787803, 'eval_runtime': 156.1043, 'eval_samples_per_second': 142.155, 'eval_steps_per_second': 2.223, 'epoch': 1.97}
{'loss': 0.6252, 'learning_rate': 0.00034220336066984, 'epoch': 1.98}
{'loss': 0.6041, 'learning_rate': 0.00034105637437632617, 'epoch': 1.98}
{'loss': 0.6164, 'learning_rate': 0.0003399093880828124, 'epoch': 1.98}
{'loss': 0.659, 'learning_rate': 0.0003387624017892986, 'epoch': 1.99}
{'loss': 0.6175, 'learning_rate': 0.00033761541549578484, 'epoch': 1.99}
{'loss': 0.616, 'learning_rate': 0.00033646842920227103, 'epoch': 1.99}
{'loss': 0.6338, 'learning_rate': 0.0003353214429087573, 'epoch': 2.0}
{'loss': 0.6054, 'learning_rate': 0.0003341744566152434, 'epoch': 2.0}
{'loss': 0.6143, 'learning_rate': 0.00033302747032172965, 'epoch': 2.0}
{'loss': 0.6148, 'learning_rate': 0.00033188048402821584, 'epoch': 2.01}
{'loss': 0.6111, 'learning_rate': 0.0003307334977347021, 'epoch': 2.01}
{'loss': 0.6372, 'learning_rate': 0.00032958651144118827, 'epoch': 2.01}
{'eval_loss': 0.5564844012260437, 'eval_bce': 0.546623035949792, 'eval_n_pos': 2024.0, 'eval_pos_rate': 0.09120814744716327, 'eval_auroc': 0.6557244170269161, 'eval_auprc': 0.19557659133227556, 'eval_mcc': 0.14385662365648832, 'eval_precision': 0.2619626926196269, 'eval_recall': 0.15958498023715414, 'eval_f1': 0.19834203254528707, 'eval_runtime': 154.407, 'eval_samples_per_second': 143.718, 'eval_steps_per_second': 2.247, 'epoch': 2.02}
{'loss': 0.6165, 'learning_rate': 0.0003284395251476745, 'epoch': 2.02}
{'loss': 0.6318, 'learning_rate': 0.0003272925388541607, 'epoch': 2.02}
{'loss': 0.6066, 'learning_rate': 0.00032614555256064694, 'epoch': 2.02}
{'loss': 0.6084, 'learning_rate': 0.00032499856626713307, 'epoch': 2.03}
{'loss': 0.6041, 'learning_rate': 0.0003238515799736193, 'epoch': 2.03}
{'loss': 0.616, 'learning_rate': 0.0003227045936801055, 'epoch': 2.03}
{'loss': 0.6132, 'learning_rate': 0.00032155760738659174, 'epoch': 2.04}
{'loss': 0.6418, 'learning_rate': 0.00032041062109307793, 'epoch': 2.04}
{'loss': 0.6437, 'learning_rate': 0.0003192636347995642, 'epoch': 2.04}
{'loss': 0.6325, 'learning_rate': 0.00031811664850605036, 'epoch': 2.05}
{'loss': 0.6289, 'learning_rate': 0.0003169696622125366, 'epoch': 2.05}
{'loss': 0.6022, 'learning_rate': 0.00031582267591902274, 'epoch': 2.06}
{'loss': 0.5978, 'learning_rate': 0.000314675689625509, 'epoch': 2.06}
{'eval_loss': 0.556035578250885, 'eval_bce': 0.5465806486308734, 'eval_n_pos': 2024.0, 'eval_pos_rate': 0.09120814744716327, 'eval_auroc': 0.6465651631015408, 'eval_auprc': 0.18974450355891742, 'eval_mcc': 0.13024375072002062, 'eval_precision': 0.2491554054054054, 'eval_recall': 0.14575098814229248, 'eval_f1': 0.18391521197007482, 'eval_runtime': 154.3819, 'eval_samples_per_second': 143.741, 'eval_steps_per_second': 2.248, 'epoch': 2.06}
{'loss': 0.6107, 'learning_rate': 0.00031352870333199517, 'epoch': 2.06}
{'loss': 0.6037, 'learning_rate': 0.0003123817170384814, 'epoch': 2.07}
{'loss': 0.6286, 'learning_rate': 0.0003112347307449676, 'epoch': 2.07}
{'loss': 0.597, 'learning_rate': 0.00031008774445145384, 'epoch': 2.07}
{'loss': 0.6085, 'learning_rate': 0.00030894075815794, 'epoch': 2.08}
{'loss': 0.6218, 'learning_rate': 0.00030779377186442627, 'epoch': 2.08}
{'loss': 0.6255, 'learning_rate': 0.0003066467855709124, 'epoch': 2.08}
{'loss': 0.6368, 'learning_rate': 0.00030549979927739864, 'epoch': 2.09}
{'loss': 0.6291, 'learning_rate': 0.00030435281298388483, 'epoch': 2.09}
{'loss': 0.6211, 'learning_rate': 0.0003032058266903711, 'epoch': 2.09}
{'loss': 0.5852, 'learning_rate': 0.00030205884039685726, 'epoch': 2.1}
{'loss': 0.6294, 'learning_rate': 0.0003009118541033435, 'epoch': 2.1}
{'eval_loss': 0.5473338961601257, 'eval_bce': 0.5370018881226343, 'eval_n_pos': 2024.0, 'eval_pos_rate': 0.09120814744716327, 'eval_auroc': 0.6565304828202297, 'eval_auprc': 0.19703451805817282, 'eval_mcc': 0.14254375708811912, 'eval_precision': 0.2775073028237585, 'eval_recall': 0.1408102766798419, 'eval_f1': 0.18682399213372666, 'eval_runtime': 154.541, 'eval_samples_per_second': 143.593, 'eval_steps_per_second': 2.245, 'epoch': 2.1}
{'loss': 0.5956, 'learning_rate': 0.0002997648678098297, 'epoch': 2.1}
{'loss': 0.6407, 'learning_rate': 0.0002986178815163159, 'epoch': 2.11}
{'loss': 0.608, 'learning_rate': 0.00029747089522280207, 'epoch': 2.11}
{'loss': 0.6119, 'learning_rate': 0.0002963239089292883, 'epoch': 2.11}
{'loss': 0.6039, 'learning_rate': 0.0002951769226357745, 'epoch': 2.12}
{'loss': 0.6037, 'learning_rate': 0.00029402993634226074, 'epoch': 2.12}
{'loss': 0.6023, 'learning_rate': 0.0002928829500487469, 'epoch': 2.12}
{'loss': 0.6303, 'learning_rate': 0.00029173596375523317, 'epoch': 2.13}
{'loss': 0.616, 'learning_rate': 0.00029058897746171936, 'epoch': 2.13}
{'loss': 0.6407, 'learning_rate': 0.00028944199116820554, 'epoch': 2.13}
{'loss': 0.6054, 'learning_rate': 0.00028829500487469173, 'epoch': 2.14}
{'loss': 0.6215, 'learning_rate': 0.000287148018581178, 'epoch': 2.14}
{'loss': 0.6051, 'learning_rate': 0.00028600103228766416, 'epoch': 2.14}
{'eval_loss': 0.5444032549858093, 'eval_bce': 0.5339012364653569, 'eval_n_pos': 2024.0, 'eval_pos_rate': 0.09120814744716327, 'eval_auroc': 0.6536173078313867, 'eval_auprc': 0.19805862087274698, 'eval_mcc': 0.14057454992656035, 'eval_precision': 0.28226652675760755, 'eval_recall': 0.13290513833992096, 'eval_f1': 0.180718844474303, 'eval_runtime': 154.4735, 'eval_samples_per_second': 143.656, 'eval_steps_per_second': 2.246, 'epoch': 2.14}
{'loss': 0.6143, 'learning_rate': 0.0002848540459941504, 'epoch': 2.15}
{'loss': 0.6133, 'learning_rate': 0.0002837070597006366, 'epoch': 2.15}
{'loss': 0.633, 'learning_rate': 0.00028256007340712283, 'epoch': 2.15}
{'loss': 0.6387, 'learning_rate': 0.000281413087113609, 'epoch': 2.16}
{'loss': 0.61, 'learning_rate': 0.0002802661008200952, 'epoch': 2.16}
{'loss': 0.6164, 'learning_rate': 0.0002791191145265814, 'epoch': 2.17}
{'loss': 0.6294, 'learning_rate': 0.0002779721282330676, 'epoch': 2.17}
{'loss': 0.6164, 'learning_rate': 0.0002768251419395538, 'epoch': 2.17}
{'loss': 0.5991, 'learning_rate': 0.00027567815564604, 'epoch': 2.18}
{'loss': 0.6225, 'learning_rate': 0.00027453116935252626, 'epoch': 2.18}
{'loss': 0.589, 'learning_rate': 0.00027338418305901244, 'epoch': 2.18}
{'loss': 0.5915, 'learning_rate': 0.0002722371967654987, 'epoch': 2.19}
{'eval_loss': 0.5482089519500732, 'eval_bce': 0.5379905750201762, 'eval_n_pos': 2024.0, 'eval_pos_rate': 0.09120814744716327, 'eval_auroc': 0.6581370041379775, 'eval_auprc': 0.19646554563834254, 'eval_mcc': 0.1398213307279523, 'eval_precision': 0.26806953339432754, 'eval_recall': 0.14476284584980237, 'eval_f1': 0.18800128328521012, 'eval_runtime': 154.4999, 'eval_samples_per_second': 143.631, 'eval_steps_per_second': 2.246, 'epoch': 2.19}
{'loss': 0.628, 'learning_rate': 0.0002710902104719848, 'epoch': 2.19}
{'loss': 0.6208, 'learning_rate': 0.00026994322417847106, 'epoch': 2.19}
{'loss': 0.6029, 'learning_rate': 0.00026879623788495725, 'epoch': 2.2}
{'loss': 0.6217, 'learning_rate': 0.0002676492515914435, 'epoch': 2.2}
{'loss': 0.6, 'learning_rate': 0.0002665022652979297, 'epoch': 2.2}
{'loss': 0.637, 'learning_rate': 0.0002653552790044159, 'epoch': 2.21}
{'loss': 0.6314, 'learning_rate': 0.0002642082927109021, 'epoch': 2.21}
{'loss': 0.6112, 'learning_rate': 0.0002630613064173883, 'epoch': 2.21}
{'loss': 0.6131, 'learning_rate': 0.0002619143201238745, 'epoch': 2.22}
{'loss': 0.6176, 'learning_rate': 0.0002607673338303607, 'epoch': 2.22}
{'loss': 0.6005, 'learning_rate': 0.0002596203475368469, 'epoch': 2.22}
{'loss': 0.6123, 'learning_rate': 0.00025847336124333316, 'epoch': 2.23}
{'loss': 0.5982, 'learning_rate': 0.00025732637494981934, 'epoch': 2.23}
{'eval_loss': 0.5399605631828308, 'eval_bce': 0.5292195568812242, 'eval_n_pos': 2024.0, 'eval_pos_rate': 0.09120814744716327, 'eval_auroc': 0.6559244635358001, 'eval_auprc': 0.20032104681790908, 'eval_mcc': 0.14221870947654267, 'eval_precision': 0.2893289328932893, 'eval_recall': 0.1299407114624506, 'eval_f1': 0.1793385612001364, 'eval_runtime': 154.5351, 'eval_samples_per_second': 143.598, 'eval_steps_per_second': 2.245, 'epoch': 2.23}
{'loss': 0.5969, 'learning_rate': 0.0002561793886563056, 'epoch': 2.23}
{'loss': 0.609, 'learning_rate': 0.0002550324023627918, 'epoch': 2.24}
{'loss': 0.5739, 'learning_rate': 0.00025388541606927796, 'epoch': 2.24}
{'loss': 0.6256, 'learning_rate': 0.00025273842977576415, 'epoch': 2.24}
{'loss': 0.6277, 'learning_rate': 0.0002515914434822504, 'epoch': 2.25}
{'loss': 0.5949, 'learning_rate': 0.0002504444571887366, 'epoch': 2.25}
{'loss': 0.5931, 'learning_rate': 0.0002492974708952228, 'epoch': 2.25}
{'loss': 0.6189, 'learning_rate': 0.000248150484601709, 'epoch': 2.26}
{'loss': 0.594, 'learning_rate': 0.0002470034983081952, 'epoch': 2.26}
{'loss': 0.6086, 'learning_rate': 0.00024585651201468144, 'epoch': 2.26}
{'loss': 0.6356, 'learning_rate': 0.0002447095257211676, 'epoch': 2.27}
{'loss': 0.5975, 'learning_rate': 0.00024356253942765387, 'epoch': 2.27}
{'eval_loss': 0.5420027375221252, 'eval_bce': 0.5313854739260915, 'eval_n_pos': 2024.0, 'eval_pos_rate': 0.09120814744716327, 'eval_auroc': 0.6557309337584529, 'eval_auprc': 0.19990072551222327, 'eval_mcc': 0.14182330189479067, 'eval_precision': 0.28147389969293757, 'eval_recall': 0.1358695652173913, 'eval_f1': 0.1832722425858047, 'eval_runtime': 154.4947, 'eval_samples_per_second': 143.636, 'eval_steps_per_second': 2.246, 'epoch': 2.27}
{'loss': 0.6457, 'learning_rate': 0.00024241555313414006, 'epoch': 2.27}
{'loss': 0.6243, 'learning_rate': 0.00024126856684062627, 'epoch': 2.28}
{'loss': 0.616, 'learning_rate': 0.00024012158054711249, 'epoch': 2.28}
{'loss': 0.6012, 'learning_rate': 0.0002389745942535987, 'epoch': 2.29}
{'loss': 0.5663, 'learning_rate': 0.00023782760796008486, 'epoch': 2.29}
{'loss': 0.6153, 'learning_rate': 0.00023668062166657108, 'epoch': 2.29}
{'loss': 0.605, 'learning_rate': 0.0002355336353730573, 'epoch': 2.3}
{'loss': 0.6093, 'learning_rate': 0.0002343866490795435, 'epoch': 2.3}
{'loss': 0.6199, 'learning_rate': 0.0002332396627860297, 'epoch': 2.3}
{'loss': 0.6132, 'learning_rate': 0.0002320926764925159, 'epoch': 2.31}
{'loss': 0.5937, 'learning_rate': 0.00023094569019900212, 'epoch': 2.31}
{'loss': 0.6451, 'learning_rate': 0.0002297987039054883, 'epoch': 2.31}
{'loss': 0.6153, 'learning_rate': 0.00022865171761197453, 'epoch': 2.32}
{'eval_loss': 0.5409376621246338, 'eval_bce': 0.5300570587061378, 'eval_n_pos': 2024.0, 'eval_pos_rate': 0.09120814744716327, 'eval_auroc': 0.6588481730906615, 'eval_auprc': 0.2026689224982775, 'eval_mcc': 0.14030679063706306, 'eval_precision': 0.2783400809716599, 'eval_recall': 0.1358695652173913, 'eval_f1': 0.18260292164674632, 'eval_runtime': 154.5966, 'eval_samples_per_second': 143.541, 'eval_steps_per_second': 2.245, 'epoch': 2.32}
{'loss': 0.5969, 'learning_rate': 0.00022750473131846074, 'epoch': 2.32}
{'loss': 0.6241, 'learning_rate': 0.00022635774502494696, 'epoch': 2.32}
{'loss': 0.5917, 'learning_rate': 0.00022521075873143314, 'epoch': 2.33}
{'loss': 0.6236, 'learning_rate': 0.00022406377243791936, 'epoch': 2.33}
{'loss': 0.6096, 'learning_rate': 0.00022291678614440557, 'epoch': 2.33}
{'loss': 0.5991, 'learning_rate': 0.0002217697998508918, 'epoch': 2.34}
{'loss': 0.6136, 'learning_rate': 0.00022062281355737798, 'epoch': 2.34}
{'loss': 0.6644, 'learning_rate': 0.0002194758272638642, 'epoch': 2.34}
{'loss': 0.6099, 'learning_rate': 0.0002183288409703504, 'epoch': 2.35}
{'loss': 0.6211, 'learning_rate': 0.00021718185467683662, 'epoch': 2.35}
{'loss': 0.6159, 'learning_rate': 0.0002160348683833228, 'epoch': 2.35}
{'loss': 0.6135, 'learning_rate': 0.00021488788208980902, 'epoch': 2.36}
{'eval_loss': 0.539648175239563, 'eval_bce': 0.5287703318329717, 'eval_n_pos': 2024.0, 'eval_pos_rate': 0.09120814744716327, 'eval_auroc': 0.6586278904154264, 'eval_auprc': 0.20242546777280102, 'eval_mcc': 0.14092034221755154, 'eval_precision': 0.281282316442606, 'eval_recall': 0.13438735177865613, 'eval_f1': 0.18187897024406555, 'eval_runtime': 154.6756, 'eval_samples_per_second': 143.468, 'eval_steps_per_second': 2.243, 'epoch': 2.36}
{'loss': 0.6142, 'learning_rate': 0.00021374089579629524, 'epoch': 2.36}
{'loss': 0.6399, 'learning_rate': 0.00021259390950278145, 'epoch': 2.36}
{'loss': 0.6142, 'learning_rate': 0.00021144692320926764, 'epoch': 2.37}
{'loss': 0.6156, 'learning_rate': 0.00021029993691575386, 'epoch': 2.37}
{'loss': 0.6137, 'learning_rate': 0.00020915295062224007, 'epoch': 2.37}
{'loss': 0.5892, 'learning_rate': 0.00020800596432872629, 'epoch': 2.38}
{'loss': 0.5951, 'learning_rate': 0.00020685897803521247, 'epoch': 2.38}
{'loss': 0.599, 'learning_rate': 0.0002057119917416987, 'epoch': 2.38}
{'loss': 0.6051, 'learning_rate': 0.0002045650054481849, 'epoch': 2.39}
{'loss': 0.6072, 'learning_rate': 0.00020341801915467112, 'epoch': 2.39}
{'loss': 0.5883, 'learning_rate': 0.0002022710328611573, 'epoch': 2.39}
{'loss': 0.6107, 'learning_rate': 0.00020112404656764352, 'epoch': 2.4}
{'loss': 0.6233, 'learning_rate': 0.00019997706027412974, 'epoch': 2.4}
{'eval_loss': 0.5429117679595947, 'eval_bce': 0.532349364726949, 'eval_n_pos': 2024.0, 'eval_pos_rate': 0.09120814744716327, 'eval_auroc': 0.6584013359985622, 'eval_auprc': 0.19612326313592054, 'eval_mcc': 0.13290733880433545, 'eval_precision': 0.2581227436823105, 'eval_recall': 0.14130434782608695, 'eval_f1': 0.1826309067688378, 'eval_runtime': 154.4268, 'eval_samples_per_second': 143.699, 'eval_steps_per_second': 2.247, 'epoch': 2.4}
{'loss': 0.6238, 'learning_rate': 0.00019883007398061592, 'epoch': 2.41}
{'loss': 0.6324, 'learning_rate': 0.00019768308768710214, 'epoch': 2.41}
{'loss': 0.6033, 'learning_rate': 0.00019653610139358835, 'epoch': 2.41}
{'loss': 0.6022, 'learning_rate': 0.00019538911510007457, 'epoch': 2.42}
{'loss': 0.5893, 'learning_rate': 0.00019424212880656076, 'epoch': 2.42}
{'loss': 0.6223, 'learning_rate': 0.00019309514251304697, 'epoch': 2.42}
{'loss': 0.6245, 'learning_rate': 0.00019194815621953319, 'epoch': 2.43}
{'loss': 0.6014, 'learning_rate': 0.0001908011699260194, 'epoch': 2.43}
{'loss': 0.5749, 'learning_rate': 0.0001896541836325056, 'epoch': 2.43}
{'loss': 0.6362, 'learning_rate': 0.0001885071973389918, 'epoch': 2.44}
{'loss': 0.5824, 'learning_rate': 0.00018736021104547802, 'epoch': 2.44}
{'loss': 0.6178, 'learning_rate': 0.00018621322475196423, 'epoch': 2.44}
{'eval_loss': 0.5412543416023254, 'eval_bce': 0.5308131885307874, 'eval_n_pos': 2024.0, 'eval_pos_rate': 0.09120814744716327, 'eval_auroc': 0.6591682524046739, 'eval_auprc': 0.19624230805016507, 'eval_mcc': 0.13409893074518145, 'eval_precision': 0.2594594594594595, 'eval_recall': 0.1422924901185771, 'eval_f1': 0.1837906828334397, 'eval_runtime': 154.6238, 'eval_samples_per_second': 143.516, 'eval_steps_per_second': 2.244, 'epoch': 2.44}
{'loss': 0.6216, 'learning_rate': 0.00018506623845845042, 'epoch': 2.45}
{'loss': 0.6031, 'learning_rate': 0.00018391925216493664, 'epoch': 2.45}
{'loss': 0.6289, 'learning_rate': 0.00018277226587142285, 'epoch': 2.45}
{'loss': 0.6193, 'learning_rate': 0.00018162527957790907, 'epoch': 2.46}
{'loss': 0.6321, 'learning_rate': 0.00018047829328439525, 'epoch': 2.46}
{'loss': 0.626, 'learning_rate': 0.00017933130699088147, 'epoch': 2.46}
{'loss': 0.589, 'learning_rate': 0.00017818432069736768, 'epoch': 2.47}
{'loss': 0.6173, 'learning_rate': 0.0001770373344038539, 'epoch': 2.47}
{'loss': 0.6189, 'learning_rate': 0.00017589034811034009, 'epoch': 2.47}
{'loss': 0.6043, 'learning_rate': 0.0001747433618168263, 'epoch': 2.48}
{'loss': 0.6045, 'learning_rate': 0.00017359637552331252, 'epoch': 2.48}
{'loss': 0.6198, 'learning_rate': 0.00017244938922979873, 'epoch': 2.48}
{'loss': 0.5856, 'learning_rate': 0.00017130240293628492, 'epoch': 2.49}
{'eval_loss': 0.5339096784591675, 'eval_bce': 0.5225693140262134, 'eval_n_pos': 2024.0, 'eval_pos_rate': 0.09120814744716327, 'eval_auroc': 0.6579925703380725, 'eval_auprc': 0.19985973745432561, 'eval_mcc': 0.13822242885069702, 'eval_precision': 0.28868360277136257, 'eval_recall': 0.12351778656126482, 'eval_f1': 0.17301038062283736, 'eval_runtime': 154.5472, 'eval_samples_per_second': 143.587, 'eval_steps_per_second': 2.245, 'epoch': 2.49}
{'loss': 0.6134, 'learning_rate': 0.00017015541664277113, 'epoch': 2.49}
{'loss': 0.5894, 'learning_rate': 0.00016900843034925735, 'epoch': 2.49}
{'loss': 0.6243, 'learning_rate': 0.00016786144405574356, 'epoch': 2.5}
{'loss': 0.6202, 'learning_rate': 0.00016671445776222975, 'epoch': 2.5}
{'loss': 0.5989, 'learning_rate': 0.00016556747146871597, 'epoch': 2.5}
{'loss': 0.6184, 'learning_rate': 0.00016442048517520218, 'epoch': 2.51}
{'loss': 0.6014, 'learning_rate': 0.00016327349888168834, 'epoch': 2.51}
{'loss': 0.6086, 'learning_rate': 0.00016212651258817456, 'epoch': 2.52}
{'loss': 0.6141, 'learning_rate': 0.00016097952629466077, 'epoch': 2.52}
{'loss': 0.6228, 'learning_rate': 0.00015983254000114699, 'epoch': 2.52}
{'loss': 0.6066, 'learning_rate': 0.00015868555370763317, 'epoch': 2.53}
{'loss': 0.6081, 'learning_rate': 0.0001575385674141194, 'epoch': 2.53}
{'eval_loss': 0.5331013798713684, 'eval_bce': 0.5219075422208567, 'eval_n_pos': 2024.0, 'eval_pos_rate': 0.09120814744716327, 'eval_auroc': 0.6609229313689193, 'eval_auprc': 0.1992183074149958, 'eval_mcc': 0.1336260633785151, 'eval_precision': 0.2728226652675761, 'eval_recall': 0.12845849802371542, 'eval_f1': 0.17467248908296945, 'eval_runtime': 154.5622, 'eval_samples_per_second': 143.573, 'eval_steps_per_second': 2.245, 'epoch': 2.53}
{'loss': 0.6103, 'learning_rate': 0.0001563915811206056, 'epoch': 2.53}
{'loss': 0.6024, 'learning_rate': 0.00015524459482709182, 'epoch': 2.54}
{'loss': 0.6171, 'learning_rate': 0.000154097608533578, 'epoch': 2.54}
{'loss': 0.6199, 'learning_rate': 0.00015295062224006422, 'epoch': 2.54}
{'loss': 0.6467, 'learning_rate': 0.00015180363594655044, 'epoch': 2.55}
{'loss': 0.6109, 'learning_rate': 0.00015065664965303665, 'epoch': 2.55}
{'loss': 0.604, 'learning_rate': 0.00014950966335952284, 'epoch': 2.55}
{'loss': 0.6019, 'learning_rate': 0.00014836267706600905, 'epoch': 2.56}
{'loss': 0.6052, 'learning_rate': 0.00014721569077249527, 'epoch': 2.56}
{'loss': 0.6042, 'learning_rate': 0.00014606870447898148, 'epoch': 2.56}
{'loss': 0.6172, 'learning_rate': 0.00014492171818546767, 'epoch': 2.57}
{'loss': 0.6106, 'learning_rate': 0.00014377473189195389, 'epoch': 2.57}
{'loss': 0.6108, 'learning_rate': 0.0001426277455984401, 'epoch': 2.57}
{'eval_loss': 0.5366142988204956, 'eval_bce': 0.5258339498250256, 'eval_n_pos': 2024.0, 'eval_pos_rate': 0.09120814744716327, 'eval_auroc': 0.6594126053383106, 'eval_auprc': 0.197865771654965, 'eval_mcc': 0.13408849584558605, 'eval_precision': 0.2662779397473275, 'eval_recall': 0.13537549407114624, 'eval_f1': 0.17949557811988207, 'eval_runtime': 154.6462, 'eval_samples_per_second': 143.495, 'eval_steps_per_second': 2.244, 'epoch': 2.57}
{'loss': 0.6218, 'learning_rate': 0.00014148075930492631, 'epoch': 2.58}
{'loss': 0.61, 'learning_rate': 0.0001403337730114125, 'epoch': 2.58}
{'loss': 0.6216, 'learning_rate': 0.00013918678671789872, 'epoch': 2.58}
{'loss': 0.5873, 'learning_rate': 0.00013803980042438493, 'epoch': 2.59}
{'loss': 0.6093, 'learning_rate': 0.00013689281413087115, 'epoch': 2.59}
{'loss': 0.5894, 'learning_rate': 0.00013574582783735734, 'epoch': 2.59}
{'loss': 0.6105, 'learning_rate': 0.00013459884154384355, 'epoch': 2.6}
{'loss': 0.5863, 'learning_rate': 0.00013345185525032976, 'epoch': 2.6}
{'loss': 0.6009, 'learning_rate': 0.00013230486895681598, 'epoch': 2.6}
{'loss': 0.6335, 'learning_rate': 0.00013115788266330217, 'epoch': 2.61}
{'loss': 0.6032, 'learning_rate': 0.00013001089636978838, 'epoch': 2.61}
{'loss': 0.6122, 'learning_rate': 0.0001288639100762746, 'epoch': 2.61}
{'eval_loss': 0.5334512591362, 'eval_bce': 0.5224505981938464, 'eval_n_pos': 2024.0, 'eval_pos_rate': 0.09120814744716327, 'eval_auroc': 0.6611657776146255, 'eval_auprc': 0.19916036758518962, 'eval_mcc': 0.1317199707870827, 'eval_precision': 0.2688728024819028, 'eval_recall': 0.12845849802371542, 'eval_f1': 0.1738548980274156, 'eval_runtime': 154.4314, 'eval_samples_per_second': 143.695, 'eval_steps_per_second': 2.247, 'epoch': 2.62}
{'loss': 0.5922, 'learning_rate': 0.00012771692378276079, 'epoch': 2.62}
{'loss': 0.6195, 'learning_rate': 0.000126569937489247, 'epoch': 2.62}
{'loss': 0.6144, 'learning_rate': 0.00012542295119573321, 'epoch': 2.62}
{'loss': 0.5812, 'learning_rate': 0.0001242759649022194, 'epoch': 2.63}
{'loss': 0.5991, 'learning_rate': 0.00012312897860870562, 'epoch': 2.63}
{'loss': 0.6074, 'learning_rate': 0.00012198199231519183, 'epoch': 2.64}
{'loss': 0.649, 'learning_rate': 0.00012083500602167805, 'epoch': 2.64}
{'loss': 0.6077, 'learning_rate': 0.00011968801972816425, 'epoch': 2.64}
{'loss': 0.6065, 'learning_rate': 0.00011854103343465046, 'epoch': 2.65}
{'loss': 0.6152, 'learning_rate': 0.00011739404714113666, 'epoch': 2.65}
{'loss': 0.5944, 'learning_rate': 0.00011624706084762288, 'epoch': 2.65}
{'loss': 0.6568, 'learning_rate': 0.00011510007455410908, 'epoch': 2.66}
{'loss': 0.5881, 'learning_rate': 0.0001139530882605953, 'epoch': 2.66}
{'eval_loss': 0.5321851968765259, 'eval_bce': 0.5209941267700683, 'eval_n_pos': 2024.0, 'eval_pos_rate': 0.09120814744716327, 'eval_auroc': 0.6602858963622137, 'eval_auprc': 0.19935920359235879, 'eval_mcc': 0.1429051777511403, 'eval_precision': 0.29331823329558326, 'eval_recall': 0.12796442687747037, 'eval_f1': 0.17819057447540423, 'eval_runtime': 154.6506, 'eval_samples_per_second': 143.491, 'eval_steps_per_second': 2.244, 'epoch': 2.66}
{'loss': 0.6021, 'learning_rate': 0.0001128061019670815, 'epoch': 2.66}
{'loss': 0.6138, 'learning_rate': 0.00011165911567356771, 'epoch': 2.67}
{'loss': 0.6157, 'learning_rate': 0.00011051212938005391, 'epoch': 2.67}
{'loss': 0.5827, 'learning_rate': 0.00010936514308654013, 'epoch': 2.67}
{'loss': 0.6236, 'learning_rate': 0.00010821815679302633, 'epoch': 2.68}
{'loss': 0.614, 'learning_rate': 0.00010707117049951254, 'epoch': 2.68}
{'loss': 0.6294, 'learning_rate': 0.00010592418420599873, 'epoch': 2.68}
{'loss': 0.6048, 'learning_rate': 0.00010477719791248495, 'epoch': 2.69}
{'loss': 0.6151, 'learning_rate': 0.00010363021161897115, 'epoch': 2.69}
{'loss': 0.6035, 'learning_rate': 0.00010248322532545736, 'epoch': 2.69}
{'loss': 0.6225, 'learning_rate': 0.00010133623903194356, 'epoch': 2.7}
{'loss': 0.5969, 'learning_rate': 0.00010018925273842978, 'epoch': 2.7}
{'eval_loss': 0.5349750518798828, 'eval_bce': 0.5238999823111952, 'eval_n_pos': 2024.0, 'eval_pos_rate': 0.09120814744716327, 'eval_auroc': 0.6582132939951406, 'eval_auprc': 0.19712987916645922, 'eval_mcc': 0.13816604625122528, 'eval_precision': 0.2755825734549139, 'eval_recall': 0.13438735177865613, 'eval_f1': 0.18067087346396546, 'eval_runtime': 154.5403, 'eval_samples_per_second': 143.594, 'eval_steps_per_second': 2.245, 'epoch': 2.7}
{'loss': 0.6267, 'learning_rate': 9.904226644491598e-05, 'epoch': 2.7}
{'loss': 0.5921, 'learning_rate': 9.78952801514022e-05, 'epoch': 2.71}
{'loss': 0.6306, 'learning_rate': 9.67482938578884e-05, 'epoch': 2.71}
{'loss': 0.6022, 'learning_rate': 9.56013075643746e-05, 'epoch': 2.71}
{'loss': 0.5829, 'learning_rate': 9.445432127086081e-05, 'epoch': 2.72}
{'loss': 0.6163, 'learning_rate': 9.330733497734701e-05, 'epoch': 2.72}
{'loss': 0.6152, 'learning_rate': 9.216034868383323e-05, 'epoch': 2.72}
{'loss': 0.6061, 'learning_rate': 9.101336239031943e-05, 'epoch': 2.73}
{'loss': 0.6321, 'learning_rate': 8.986637609680565e-05, 'epoch': 2.73}
{'loss': 0.589, 'learning_rate': 8.871938980329185e-05, 'epoch': 2.73}
{'loss': 0.5905, 'learning_rate': 8.757240350977806e-05, 'epoch': 2.74}
{'loss': 0.6235, 'learning_rate': 8.642541721626426e-05, 'epoch': 2.74}
{'loss': 0.6163, 'learning_rate': 8.527843092275048e-05, 'epoch': 2.74}
{'eval_loss': 0.530725359916687, 'eval_bce': 0.5193476696425776, 'eval_n_pos': 2024.0, 'eval_pos_rate': 0.09120814744716327, 'eval_auroc': 0.6587819033207107, 'eval_auprc': 0.19984381277984523, 'eval_mcc': 0.13833794344321795, 'eval_precision': 0.2876712328767123, 'eval_recall': 0.12450592885375494, 'eval_f1': 0.17379310344827587, 'eval_runtime': 154.505, 'eval_samples_per_second': 143.626, 'eval_steps_per_second': 2.246, 'epoch': 2.74}
{'loss': 0.602, 'learning_rate': 8.413144462923668e-05, 'epoch': 2.75}
{'loss': 0.5966, 'learning_rate': 8.29844583357229e-05, 'epoch': 2.75}
{'loss': 0.6149, 'learning_rate': 8.18374720422091e-05, 'epoch': 2.76}
{'loss': 0.6441, 'learning_rate': 8.069048574869531e-05, 'epoch': 2.76}
{'loss': 0.6, 'learning_rate': 7.954349945518151e-05, 'epoch': 2.76}
{'loss': 0.6049, 'learning_rate': 7.839651316166773e-05, 'epoch': 2.77}
{'loss': 0.6181, 'learning_rate': 7.724952686815393e-05, 'epoch': 2.77}
{'loss': 0.6057, 'learning_rate': 7.610254057464014e-05, 'epoch': 2.77}
{'loss': 0.618, 'learning_rate': 7.495555428112634e-05, 'epoch': 2.78}
{'loss': 0.5835, 'learning_rate': 7.380856798761256e-05, 'epoch': 2.78}
{'loss': 0.5993, 'learning_rate': 7.266158169409876e-05, 'epoch': 2.78}
{'loss': 0.5929, 'learning_rate': 7.151459540058498e-05, 'epoch': 2.79}
{'eval_loss': 0.5340927839279175, 'eval_bce': 0.5229729566042833, 'eval_n_pos': 2024.0, 'eval_pos_rate': 0.09120814744716327, 'eval_auroc': 0.6568313916739885, 'eval_auprc': 0.19733315855922773, 'eval_mcc': 0.13352509285346553, 'eval_precision': 0.27150259067357513, 'eval_recall': 0.12944664031620554, 'eval_f1': 0.17530946804951492, 'eval_runtime': 154.5996, 'eval_samples_per_second': 143.539, 'eval_steps_per_second': 2.245, 'epoch': 2.79}
{'loss': 0.6093, 'learning_rate': 7.036760910707118e-05, 'epoch': 2.79}
{'loss': 0.5848, 'learning_rate': 6.922062281355739e-05, 'epoch': 2.79}
{'loss': 0.6305, 'learning_rate': 6.807363652004358e-05, 'epoch': 2.8}
{'loss': 0.6151, 'learning_rate': 6.69266502265298e-05, 'epoch': 2.8}
{'loss': 0.6042, 'learning_rate': 6.5779663933016e-05, 'epoch': 2.8}
{'loss': 0.5709, 'learning_rate': 6.463267763950221e-05, 'epoch': 2.81}
{'loss': 0.5944, 'learning_rate': 6.348569134598841e-05, 'epoch': 2.81}
{'loss': 0.5904, 'learning_rate': 6.233870505247463e-05, 'epoch': 2.81}
{'loss': 0.5956, 'learning_rate': 6.119171875896083e-05, 'epoch': 2.82}
{'loss': 0.6024, 'learning_rate': 6.004473246544704e-05, 'epoch': 2.82}
{'loss': 0.5913, 'learning_rate': 5.889774617193325e-05, 'epoch': 2.82}
{'loss': 0.6172, 'learning_rate': 5.775075987841945e-05, 'epoch': 2.83}
{'loss': 0.6012, 'learning_rate': 5.660377358490566e-05, 'epoch': 2.83}
{'eval_loss': 0.5341730713844299, 'eval_bce': 0.5230319502741425, 'eval_n_pos': 2024.0, 'eval_pos_rate': 0.09120814744716327, 'eval_auroc': 0.6571627405237416, 'eval_auprc': 0.197556231654951, 'eval_mcc': 0.1340162482499403, 'eval_precision': 0.26873126873126874, 'eval_recall': 0.13290513833992096, 'eval_f1': 0.17785123966942148, 'eval_runtime': 154.5531, 'eval_samples_per_second': 143.582, 'eval_steps_per_second': 2.245, 'epoch': 2.83}
{'loss': 0.6104, 'learning_rate': 5.545678729139187e-05, 'epoch': 2.83}
{'loss': 0.6096, 'learning_rate': 5.4309800997878076e-05, 'epoch': 2.84}
{'loss': 0.5927, 'learning_rate': 5.3162814704364285e-05, 'epoch': 2.84}
{'loss': 0.6273, 'learning_rate': 5.201582841085049e-05, 'epoch': 2.84}
{'loss': 0.6123, 'learning_rate': 5.08688421173367e-05, 'epoch': 2.85}
{'loss': 0.6199, 'learning_rate': 4.972185582382291e-05, 'epoch': 2.85}
{'loss': 0.6211, 'learning_rate': 4.857486953030912e-05, 'epoch': 2.85}
{'loss': 0.605, 'learning_rate': 4.7427883236795325e-05, 'epoch': 2.86}
{'loss': 0.6201, 'learning_rate': 4.628089694328153e-05, 'epoch': 2.86}
{'loss': 0.6222, 'learning_rate': 4.5133910649767735e-05, 'epoch': 2.86}
{'loss': 0.5895, 'learning_rate': 4.398692435625394e-05, 'epoch': 2.87}
{'loss': 0.6079, 'learning_rate': 4.283993806274015e-05, 'epoch': 2.87}
{'eval_loss': 0.5333195328712463, 'eval_bce': 0.5222018254210083, 'eval_n_pos': 2024.0, 'eval_pos_rate': 0.09120814744716327, 'eval_auroc': 0.658108095328905, 'eval_auprc': 0.19714625037921138, 'eval_mcc': 0.13285131221538052, 'eval_precision': 0.2684903748733536, 'eval_recall': 0.1309288537549407, 'eval_f1': 0.17602125539687813, 'eval_runtime': 154.5536, 'eval_samples_per_second': 143.581, 'eval_steps_per_second': 2.245, 'epoch': 2.87}
{'loss': 0.6211, 'learning_rate': 4.169295176922636e-05, 'epoch': 2.88}
{'loss': 0.6059, 'learning_rate': 4.054596547571257e-05, 'epoch': 2.88}
{'loss': 0.5955, 'learning_rate': 3.939897918219877e-05, 'epoch': 2.88}
{'loss': 0.6069, 'learning_rate': 3.8251992888684976e-05, 'epoch': 2.89}
{'loss': 0.6308, 'learning_rate': 3.7105006595171184e-05, 'epoch': 2.89}
{'loss': 0.628, 'learning_rate': 3.595802030165739e-05, 'epoch': 2.89}
{'loss': 0.6056, 'learning_rate': 3.48110340081436e-05, 'epoch': 2.9}
{'loss': 0.5909, 'learning_rate': 3.366404771462981e-05, 'epoch': 2.9}
{'loss': 0.6092, 'learning_rate': 3.251706142111602e-05, 'epoch': 2.9}
{'loss': 0.5863, 'learning_rate': 3.1370075127602225e-05, 'epoch': 2.91}
{'loss': 0.6086, 'learning_rate': 3.0223088834088433e-05, 'epoch': 2.91}
{'loss': 0.5999, 'learning_rate': 2.907610254057464e-05, 'epoch': 2.91}
{'loss': 0.6249, 'learning_rate': 2.792911624706085e-05, 'epoch': 2.92}
{'eval_loss': 0.5343392491340637, 'eval_bce': 0.5232322434678598, 'eval_n_pos': 2024.0, 'eval_pos_rate': 0.09120814744716327, 'eval_auroc': 0.6579785324163786, 'eval_auprc': 0.19764353575718904, 'eval_mcc': 0.13508259012965296, 'eval_precision': 0.2693069306930693, 'eval_recall': 0.13438735177865613, 'eval_f1': 0.17930125247198417, 'eval_runtime': 154.5196, 'eval_samples_per_second': 143.613, 'eval_steps_per_second': 2.246, 'epoch': 2.92}
{'loss': 0.6107, 'learning_rate': 2.6782129953547057e-05, 'epoch': 2.92}
{'loss': 0.6259, 'learning_rate': 2.5635143660033266e-05, 'epoch': 2.92}
{'loss': 0.6407, 'learning_rate': 2.448815736651947e-05, 'epoch': 2.93}
{'loss': 0.6188, 'learning_rate': 2.334117107300568e-05, 'epoch': 2.93}
{'loss': 0.6088, 'learning_rate': 2.2194184779491886e-05, 'epoch': 2.93}
{'loss': 0.612, 'learning_rate': 2.1047198485978095e-05, 'epoch': 2.94}
{'loss': 0.6088, 'learning_rate': 1.99002121924643e-05, 'epoch': 2.94}
{'loss': 0.5831, 'learning_rate': 1.8753225898950507e-05, 'epoch': 2.94}
{'loss': 0.6146, 'learning_rate': 1.7606239605436715e-05, 'epoch': 2.95}
{'loss': 0.6089, 'learning_rate': 1.6459253311922924e-05, 'epoch': 2.95}
{'loss': 0.6149, 'learning_rate': 1.5312267018409128e-05, 'epoch': 2.95}
{'loss': 0.5931, 'learning_rate': 1.4165280724895338e-05, 'epoch': 2.96}
{'eval_loss': 0.5338163375854492, 'eval_bce': 0.522660743110777, 'eval_n_pos': 2024.0, 'eval_pos_rate': 0.09120814744716327, 'eval_auroc': 0.6580424502832181, 'eval_auprc': 0.19766327868892725, 'eval_mcc': 0.13459232397802806, 'eval_precision': 0.2704339051463169, 'eval_recall': 0.1324110671936759, 'eval_f1': 0.17777777777777778, 'eval_runtime': 154.5137, 'eval_samples_per_second': 143.618, 'eval_steps_per_second': 2.246, 'epoch': 2.96}
{'loss': 0.6225, 'learning_rate': 1.3018294431381544e-05, 'epoch': 2.96}
{'loss': 0.6189, 'learning_rate': 1.1871308137867753e-05, 'epoch': 2.96}
{'loss': 0.6056, 'learning_rate': 1.072432184435396e-05, 'epoch': 2.97}
{'loss': 0.6141, 'learning_rate': 9.577335550840169e-06, 'epoch': 2.97}
{'loss': 0.6044, 'learning_rate': 8.430349257326375e-06, 'epoch': 2.97}
{'loss': 0.6118, 'learning_rate': 7.2833629638125824e-06, 'epoch': 2.98}
{'loss': 0.5999, 'learning_rate': 6.1363766702987905e-06, 'epoch': 2.98}
{'loss': 0.613, 'learning_rate': 4.989390376784997e-06, 'epoch': 2.99}
{'loss': 0.6112, 'learning_rate': 3.842404083271205e-06, 'epoch': 2.99}
{'loss': 0.5958, 'learning_rate': 2.6954177897574127e-06, 'epoch': 2.99}
{'loss': 0.5883, 'learning_rate': 1.5484314962436198e-06, 'epoch': 3.0}
{'loss': 0.5917, 'learning_rate': 4.014452027298274e-07, 'epoch': 3.0}
{'train_runtime': 15228.745, 'train_samples_per_second': 36.74, 'train_steps_per_second': 1.148, 'train_loss': 0.628577342142186, 'epoch': 3.0}
    dev AUROC = 0.6611657776146255
--- Stage-2a s=100 -> /home/asm242/palmer_scratch/entexBERT-2_experiments/EN-TEx/experiments/stage2_ctcf_clf_stem/runs/clf_2a_s100 ---
{'loss': 0.6725, 'learning_rate': 0.0004, 'epoch': 0.0}
{'loss': 0.6555, 'learning_rate': 0.0008, 'epoch': 0.01}
{'loss': 0.6271, 'learning_rate': 0.000999426506853243, 'epoch': 0.01}
{'loss': 0.6641, 'learning_rate': 0.0009982795205597294, 'epoch': 0.01}
{'loss': 0.6643, 'learning_rate': 0.0009971325342662154, 'epoch': 0.02}
{'loss': 0.6305, 'learning_rate': 0.0009959855479727017, 'epoch': 0.02}
{'loss': 0.653, 'learning_rate': 0.000994838561679188, 'epoch': 0.02}
{'loss': 0.6677, 'learning_rate': 0.000993691575385674, 'epoch': 0.03}
{'loss': 0.6575, 'learning_rate': 0.0009925445890921604, 'epoch': 0.03}
{'loss': 0.675, 'learning_rate': 0.0009913976027986465, 'epoch': 0.03}
{'loss': 0.6456, 'learning_rate': 0.0009902506165051328, 'epoch': 0.04}
{'loss': 0.6655, 'learning_rate': 0.000989103630211619, 'epoch': 0.04}
{'eval_loss': 0.6997702121734619, 'eval_bce': 0.7012111789430434, 'eval_n_pos': 2024.0, 'eval_pos_rate': 0.09120814744716327, 'eval_auroc': 0.5853219490769858, 'eval_auprc': 0.15709270453495902, 'eval_mcc': 0.08529808119499689, 'eval_precision': 0.13039309683604985, 'eval_recall': 0.4031620553359684, 'eval_f1': 0.1970538517266361, 'eval_runtime': 154.3058, 'eval_samples_per_second': 143.812, 'eval_steps_per_second': 2.249, 'epoch': 0.04}
{'loss': 0.6481, 'learning_rate': 0.0009879566439181052, 'epoch': 0.04}
{'loss': 0.6219, 'learning_rate': 0.0009868096576245915, 'epoch': 0.05}
{'loss': 0.68, 'learning_rate': 0.0009856626713310775, 'epoch': 0.05}
{'loss': 0.6383, 'learning_rate': 0.0009845156850375638, 'epoch': 0.05}
{'loss': 0.6588, 'learning_rate': 0.00098336869874405, 'epoch': 0.06}
{'loss': 0.6294, 'learning_rate': 0.0009822217124505362, 'epoch': 0.06}
{'loss': 0.6506, 'learning_rate': 0.0009810747261570225, 'epoch': 0.07}
{'loss': 0.6579, 'learning_rate': 0.0009799277398635088, 'epoch': 0.07}
{'loss': 0.6531, 'learning_rate': 0.0009787807535699949, 'epoch': 0.07}
{'loss': 0.67, 'learning_rate': 0.000977633767276481, 'epoch': 0.08}
{'loss': 0.6375, 'learning_rate': 0.0009764867809829672, 'epoch': 0.08}
{'loss': 0.6614, 'learning_rate': 0.0009753397946894534, 'epoch': 0.08}
{'loss': 0.6208, 'learning_rate': 0.0009741928083959397, 'epoch': 0.09}
{'eval_loss': 0.6784741282463074, 'eval_bce': 0.6777399216912464, 'eval_n_pos': 2024.0, 'eval_pos_rate': 0.09120814744716327, 'eval_auroc': 0.5980455489155669, 'eval_auprc': 0.15651379839334822, 'eval_mcc': 0.10803277216137207, 'eval_precision': 0.16296296296296298, 'eval_recall': 0.2826086956521739, 'eval_f1': 0.20672208167690642, 'eval_runtime': 154.3803, 'eval_samples_per_second': 143.742, 'eval_steps_per_second': 2.248, 'epoch': 0.09}
{'loss': 0.6422, 'learning_rate': 0.0009730458221024259, 'epoch': 0.09}
{'loss': 0.6389, 'learning_rate': 0.0009718988358089121, 'epoch': 0.09}
{'loss': 0.6409, 'learning_rate': 0.0009707518495153983, 'epoch': 0.1}
{'loss': 0.6413, 'learning_rate': 0.0009696048632218846, 'epoch': 0.1}
{'loss': 0.6564, 'learning_rate': 0.0009684578769283708, 'epoch': 0.1}
{'loss': 0.6364, 'learning_rate': 0.0009673108906348569, 'epoch': 0.11}
{'loss': 0.6643, 'learning_rate': 0.0009661639043413432, 'epoch': 0.11}
{'loss': 0.6, 'learning_rate': 0.0009650169180478293, 'epoch': 0.11}
{'loss': 0.6387, 'learning_rate': 0.0009638699317543156, 'epoch': 0.12}
{'loss': 0.6534, 'learning_rate': 0.0009627229454608017, 'epoch': 0.12}
{'loss': 0.6307, 'learning_rate': 0.000961575959167288, 'epoch': 0.12}
{'loss': 0.6552, 'learning_rate': 0.0009604289728737742, 'epoch': 0.13}
{'eval_loss': 0.6564836502075195, 'eval_bce': 0.6532263884317356, 'eval_n_pos': 2024.0, 'eval_pos_rate': 0.09120814744716327, 'eval_auroc': 0.5992563257864029, 'eval_auprc': 0.1746432271503928, 'eval_mcc': 0.11365319175447107, 'eval_precision': 0.18023475956077242, 'eval_recall': 0.23517786561264822, 'eval_f1': 0.20407288317256161, 'eval_runtime': 154.6393, 'eval_samples_per_second': 143.502, 'eval_steps_per_second': 2.244, 'epoch': 0.13}
{'loss': 0.633, 'learning_rate': 0.0009592819865802603, 'epoch': 0.13}
{'loss': 0.6584, 'learning_rate': 0.0009581350002867466, 'epoch': 0.13}
{'loss': 0.6463, 'learning_rate': 0.0009569880139932328, 'epoch': 0.14}
{'loss': 0.6233, 'learning_rate': 0.0009558410276997191, 'epoch': 0.14}
{'loss': 0.6675, 'learning_rate': 0.0009546940414062051, 'epoch': 0.14}
{'loss': 0.6364, 'learning_rate': 0.0009535470551126914, 'epoch': 0.15}
{'loss': 0.6575, 'learning_rate': 0.0009524000688191776, 'epoch': 0.15}
{'loss': 0.642, 'learning_rate': 0.0009512530825256639, 'epoch': 0.15}
{'loss': 0.6346, 'learning_rate': 0.00095010609623215, 'epoch': 0.16}
{'loss': 0.6475, 'learning_rate': 0.0009489591099386362, 'epoch': 0.16}
{'loss': 0.6473, 'learning_rate': 0.0009478121236451225, 'epoch': 0.16}
{'loss': 0.6411, 'learning_rate': 0.0009466651373516087, 'epoch': 0.17}
{'loss': 0.6527, 'learning_rate': 0.0009455181510580949, 'epoch': 0.17}
{'eval_loss': 0.6311265826225281, 'eval_bce': 0.6259355683678636, 'eval_n_pos': 2024.0, 'eval_pos_rate': 0.09120814744716327, 'eval_auroc': 0.6147727615713143, 'eval_auprc': 0.17162036198529282, 'eval_mcc': 0.12496709591812626, 'eval_precision': 0.2123401889938855, 'eval_recall': 0.18873517786561264, 'eval_f1': 0.19984305519225737, 'eval_runtime': 154.2053, 'eval_samples_per_second': 143.906, 'eval_steps_per_second': 2.25, 'epoch': 0.17}
{'loss': 0.6335, 'learning_rate': 0.000944371164764581, 'epoch': 0.17}
{'loss': 0.6676, 'learning_rate': 0.0009432241784710673, 'epoch': 0.18}
{'loss': 0.6361, 'learning_rate': 0.0009420771921775535, 'epoch': 0.18}
{'loss': 0.646, 'learning_rate': 0.0009409302058840396, 'epoch': 0.19}
{'loss': 0.6316, 'learning_rate': 0.0009397832195905259, 'epoch': 0.19}
{'loss': 0.6287, 'learning_rate': 0.0009386362332970121, 'epoch': 0.19}
{'loss': 0.6524, 'learning_rate': 0.0009374892470034984, 'epoch': 0.2}
{'loss': 0.6265, 'learning_rate': 0.0009363422607099845, 'epoch': 0.2}
{'loss': 0.644, 'learning_rate': 0.0009351952744164708, 'epoch': 0.2}
{'loss': 0.6336, 'learning_rate': 0.000934048288122957, 'epoch': 0.21}
{'loss': 0.6325, 'learning_rate': 0.0009329013018294431, 'epoch': 0.21}
{'loss': 0.6414, 'learning_rate': 0.0009317543155359293, 'epoch': 0.21}
{'eval_loss': 0.6209986805915833, 'eval_bce': 0.6156780815318047, 'eval_n_pos': 2024.0, 'eval_pos_rate': 0.09120814744716327, 'eval_auroc': 0.6091730885054462, 'eval_auprc': 0.16921709515762312, 'eval_mcc': 0.11606048923089722, 'eval_precision': 0.20677570093457945, 'eval_recall': 0.17490118577075098, 'eval_f1': 0.18950749464668096, 'eval_runtime': 154.4145, 'eval_samples_per_second': 143.711, 'eval_steps_per_second': 2.247, 'epoch': 0.21}
{'loss': 0.6532, 'learning_rate': 0.0009306073292424155, 'epoch': 0.22}
{'loss': 0.6427, 'learning_rate': 0.0009294603429489018, 'epoch': 0.22}
{'loss': 0.6425, 'learning_rate': 0.000928313356655388, 'epoch': 0.22}
{'loss': 0.6392, 'learning_rate': 0.0009271663703618742, 'epoch': 0.23}
{'loss': 0.6437, 'learning_rate': 0.0009260193840683604, 'epoch': 0.23}
{'loss': 0.6382, 'learning_rate': 0.0009248723977748467, 'epoch': 0.23}
{'loss': 0.6415, 'learning_rate': 0.0009237254114813329, 'epoch': 0.24}
{'loss': 0.6393, 'learning_rate': 0.0009225784251878189, 'epoch': 0.24}
{'loss': 0.6425, 'learning_rate': 0.0009214314388943052, 'epoch': 0.24}
{'loss': 0.6603, 'learning_rate': 0.0009202844526007914, 'epoch': 0.25}
{'loss': 0.6469, 'learning_rate': 0.0009191374663072777, 'epoch': 0.25}
{'loss': 0.6438, 'learning_rate': 0.0009179904800137638, 'epoch': 0.25}
{'loss': 0.6467, 'learning_rate': 0.0009168434937202501, 'epoch': 0.26}
{'eval_loss': 0.6165587902069092, 'eval_bce': 0.6099756687640816, 'eval_n_pos': 2024.0, 'eval_pos_rate': 0.09120814744716327, 'eval_auroc': 0.6165299149336243, 'eval_auprc': 0.17544257034912214, 'eval_mcc': 0.12340053527997326, 'eval_precision': 0.20822210357714896, 'eval_recall': 0.19268774703557312, 'eval_f1': 0.20015396458814472, 'eval_runtime': 154.5795, 'eval_samples_per_second': 143.557, 'eval_steps_per_second': 2.245, 'epoch': 0.26}
{'loss': 0.6389, 'learning_rate': 0.0009156965074267363, 'epoch': 0.26}
{'loss': 0.6498, 'learning_rate': 0.0009145495211332225, 'epoch': 0.26}
{'loss': 0.6452, 'learning_rate': 0.0009134025348397087, 'epoch': 0.27}
{'loss': 0.6375, 'learning_rate': 0.0009122555485461948, 'epoch': 0.27}
{'loss': 0.6482, 'learning_rate': 0.0009111085622526811, 'epoch': 0.27}
{'loss': 0.6259, 'learning_rate': 0.0009099615759591673, 'epoch': 0.28}
{'loss': 0.6283, 'learning_rate': 0.0009088145896656535, 'epoch': 0.28}
{'loss': 0.6288, 'learning_rate': 0.0009076676033721397, 'epoch': 0.28}
{'loss': 0.63, 'learning_rate': 0.0009065206170786259, 'epoch': 0.29}
{'loss': 0.6414, 'learning_rate': 0.0009053736307851122, 'epoch': 0.29}
{'loss': 0.6531, 'learning_rate': 0.0009042266444915983, 'epoch': 0.3}
{'loss': 0.6072, 'learning_rate': 0.0009030796581980846, 'epoch': 0.3}
{'eval_loss': 0.6101304888725281, 'eval_bce': 0.6029449556066478, 'eval_n_pos': 2024.0, 'eval_pos_rate': 0.09120814744716327, 'eval_auroc': 0.6136327255362388, 'eval_auprc': 0.17223247568702343, 'eval_mcc': 0.11347080657088306, 'eval_precision': 0.20261809903244166, 'eval_recall': 0.17588932806324112, 'eval_f1': 0.18830997090716742, 'eval_runtime': 154.164, 'eval_samples_per_second': 143.944, 'eval_steps_per_second': 2.251, 'epoch': 0.3}
{'loss': 0.6585, 'learning_rate': 0.0009019326719045708, 'epoch': 0.3}
{'loss': 0.6196, 'learning_rate': 0.000900785685611057, 'epoch': 0.31}
{'loss': 0.6538, 'learning_rate': 0.0008996386993175431, 'epoch': 0.31}
{'loss': 0.6522, 'learning_rate': 0.0008984917130240294, 'epoch': 0.31}
{'loss': 0.6499, 'learning_rate': 0.0008973447267305156, 'epoch': 0.32}
{'loss': 0.6418, 'learning_rate': 0.0008961977404370018, 'epoch': 0.32}
{'loss': 0.6463, 'learning_rate': 0.000895050754143488, 'epoch': 0.32}
{'loss': 0.6624, 'learning_rate': 0.0008939037678499742, 'epoch': 0.33}
{'loss': 0.6275, 'learning_rate': 0.0008927567815564605, 'epoch': 0.33}
{'loss': 0.6376, 'learning_rate': 0.0008916097952629467, 'epoch': 0.33}
{'loss': 0.6545, 'learning_rate': 0.0008904628089694329, 'epoch': 0.34}
{'loss': 0.6286, 'learning_rate': 0.000889315822675919, 'epoch': 0.34}
{'loss': 0.6129, 'learning_rate': 0.0008881688363824052, 'epoch': 0.34}
{'eval_loss': 0.6195735931396484, 'eval_bce': 0.6141995653212765, 'eval_n_pos': 2024.0, 'eval_pos_rate': 0.09120814744716327, 'eval_auroc': 0.6160189884817504, 'eval_auprc': 0.1682041115877032, 'eval_mcc': 0.11710271005204351, 'eval_precision': 0.1966019417475728, 'eval_recall': 0.20009881422924902, 'eval_f1': 0.19833496571988246, 'eval_runtime': 154.9498, 'eval_samples_per_second': 143.214, 'eval_steps_per_second': 2.239, 'epoch': 0.34}
{'loss': 0.6551, 'learning_rate': 0.0008870218500888915, 'epoch': 0.35}
{'loss': 0.6396, 'learning_rate': 0.0008858748637953776, 'epoch': 0.35}
{'loss': 0.6265, 'learning_rate': 0.0008847278775018639, 'epoch': 0.35}
{'loss': 0.6217, 'learning_rate': 0.0008835808912083501, 'epoch': 0.36}
{'loss': 0.6665, 'learning_rate': 0.0008824339049148363, 'epoch': 0.36}
{'loss': 0.608, 'learning_rate': 0.0008812869186213225, 'epoch': 0.36}
{'loss': 0.641, 'learning_rate': 0.0008801399323278086, 'epoch': 0.37}
{'loss': 0.6711, 'learning_rate': 0.0008789929460342949, 'epoch': 0.37}
{'loss': 0.6268, 'learning_rate': 0.000877845959740781, 'epoch': 0.37}
{'loss': 0.6329, 'learning_rate': 0.0008766989734472673, 'epoch': 0.38}
{'loss': 0.6784, 'learning_rate': 0.0008755519871537535, 'epoch': 0.38}
{'loss': 0.6263, 'learning_rate': 0.0008744050008602398, 'epoch': 0.38}
{'eval_loss': 0.6069623231887817, 'eval_bce': 0.5993889002354391, 'eval_n_pos': 2024.0, 'eval_pos_rate': 0.09120814744716327, 'eval_auroc': 0.6226717261655689, 'eval_auprc': 0.1747843817792165, 'eval_mcc': 0.1217705431731883, 'eval_precision': 0.2126537785588752, 'eval_recall': 0.1793478260869565, 'eval_f1': 0.1945859019029751, 'eval_runtime': 154.8269, 'eval_samples_per_second': 143.328, 'eval_steps_per_second': 2.241, 'epoch': 0.39}
{'loss': 0.639, 'learning_rate': 0.0008732580145667259, 'epoch': 0.39}
{'loss': 0.6309, 'learning_rate': 0.0008721110282732122, 'epoch': 0.39}
{'loss': 0.6504, 'learning_rate': 0.0008709640419796984, 'epoch': 0.39}
{'loss': 0.6529, 'learning_rate': 0.0008698170556861846, 'epoch': 0.4}
{'loss': 0.6497, 'learning_rate': 0.0008686700693926707, 'epoch': 0.4}
{'loss': 0.6341, 'learning_rate': 0.0008675230830991569, 'epoch': 0.4}
{'loss': 0.6424, 'learning_rate': 0.0008663760968056432, 'epoch': 0.41}
{'loss': 0.6202, 'learning_rate': 0.0008652291105121294, 'epoch': 0.41}
{'loss': 0.6218, 'learning_rate': 0.0008640821242186156, 'epoch': 0.42}
{'loss': 0.6684, 'learning_rate': 0.0008629351379251018, 'epoch': 0.42}
{'loss': 0.639, 'learning_rate': 0.000861788151631588, 'epoch': 0.42}
{'loss': 0.6632, 'learning_rate': 0.0008606411653380743, 'epoch': 0.43}
{'loss': 0.6431, 'learning_rate': 0.0008594941790445604, 'epoch': 0.43}
{'eval_loss': 0.5990691184997559, 'eval_bce': 0.5912415644434765, 'eval_n_pos': 2024.0, 'eval_pos_rate': 0.09120814744716327, 'eval_auroc': 0.6212468158661735, 'eval_auprc': 0.1732422890121831, 'eval_mcc': 0.11524353056064464, 'eval_precision': 0.2161422708618331, 'eval_recall': 0.15612648221343872, 'eval_f1': 0.18129661503155475, 'eval_runtime': 154.4386, 'eval_samples_per_second': 143.688, 'eval_steps_per_second': 2.247, 'epoch': 0.43}
{'loss': 0.656, 'learning_rate': 0.0008583471927510467, 'epoch': 0.43}
{'loss': 0.6326, 'learning_rate': 0.0008572002064575328, 'epoch': 0.44}
{'loss': 0.6315, 'learning_rate': 0.0008560532201640191, 'epoch': 0.44}
{'loss': 0.6249, 'learning_rate': 0.0008549062338705052, 'epoch': 0.44}
{'loss': 0.6627, 'learning_rate': 0.0008537592475769915, 'epoch': 0.45}
{'loss': 0.621, 'learning_rate': 0.0008526122612834777, 'epoch': 0.45}
{'loss': 0.6225, 'learning_rate': 0.0008514652749899639, 'epoch': 0.45}
{'loss': 0.6153, 'learning_rate': 0.0008503182886964501, 'epoch': 0.46}
{'loss': 0.6667, 'learning_rate': 0.0008491713024029363, 'epoch': 0.46}
{'loss': 0.6518, 'learning_rate': 0.0008480243161094226, 'epoch': 0.46}
{'loss': 0.6193, 'learning_rate': 0.0008468773298159087, 'epoch': 0.47}
{'loss': 0.6201, 'learning_rate': 0.0008457303435223949, 'epoch': 0.47}
{'eval_loss': 0.608863115310669, 'eval_bce': 0.6006408383035466, 'eval_n_pos': 2024.0, 'eval_pos_rate': 0.09120814744716327, 'eval_auroc': 0.6391128886054409, 'eval_auprc': 0.1866010641658352, 'eval_mcc': 0.13046243301408733, 'eval_precision': 0.21579232017306652, 'eval_recall': 0.19713438735177866, 'eval_f1': 0.20604182804027887, 'eval_runtime': 154.452, 'eval_samples_per_second': 143.676, 'eval_steps_per_second': 2.247, 'epoch': 0.47}
{'loss': 0.6125, 'learning_rate': 0.0008445833572288811, 'epoch': 0.47}
{'loss': 0.6424, 'learning_rate': 0.0008434363709353673, 'epoch': 0.48}
{'loss': 0.6343, 'learning_rate': 0.0008422893846418536, 'epoch': 0.48}
{'loss': 0.6247, 'learning_rate': 0.0008411423983483397, 'epoch': 0.48}
{'loss': 0.6481, 'learning_rate': 0.000839995412054826, 'epoch': 0.49}
{'loss': 0.6287, 'learning_rate': 0.0008388484257613122, 'epoch': 0.49}
{'loss': 0.6328, 'learning_rate': 0.0008377014394677985, 'epoch': 0.49}
{'loss': 0.6341, 'learning_rate': 0.0008365544531742845, 'epoch': 0.5}
{'loss': 0.6465, 'learning_rate': 0.0008354074668807707, 'epoch': 0.5}
{'loss': 0.6369, 'learning_rate': 0.000834260480587257, 'epoch': 0.5}
{'loss': 0.6702, 'learning_rate': 0.0008331134942937432, 'epoch': 0.51}
{'loss': 0.6538, 'learning_rate': 0.0008319665080002294, 'epoch': 0.51}
{'loss': 0.6486, 'learning_rate': 0.0008308195217067156, 'epoch': 0.51}
{'eval_loss': 0.6001112461090088, 'eval_bce': 0.5918561826158211, 'eval_n_pos': 2024.0, 'eval_pos_rate': 0.09120814744716327, 'eval_auroc': 0.6244482214810678, 'eval_auprc': 0.1738660767672724, 'eval_mcc': 0.11588265134591726, 'eval_precision': 0.2124120281509917, 'eval_recall': 0.16403162055335968, 'eval_f1': 0.18511290772233066, 'eval_runtime': 154.4284, 'eval_samples_per_second': 143.698, 'eval_steps_per_second': 2.247, 'epoch': 0.51}
{'loss': 0.644, 'learning_rate': 0.0008296725354132019, 'epoch': 0.52}
{'loss': 0.6085, 'learning_rate': 0.0008285255491196881, 'epoch': 0.52}
{'loss': 0.6358, 'learning_rate': 0.0008273785628261743, 'epoch': 0.52}
{'loss': 0.6669, 'learning_rate': 0.0008262315765326605, 'epoch': 0.53}
{'loss': 0.6261, 'learning_rate': 0.0008250845902391466, 'epoch': 0.53}
{'loss': 0.6532, 'learning_rate': 0.0008239376039456329, 'epoch': 0.54}
{'loss': 0.6175, 'learning_rate': 0.000822790617652119, 'epoch': 0.54}
{'loss': 0.6362, 'learning_rate': 0.0008216436313586053, 'epoch': 0.54}
{'loss': 0.6018, 'learning_rate': 0.0008204966450650915, 'epoch': 0.55}
{'loss': 0.6008, 'learning_rate': 0.0008193496587715778, 'epoch': 0.55}
{'loss': 0.6696, 'learning_rate': 0.0008182026724780639, 'epoch': 0.55}
{'loss': 0.6461, 'learning_rate': 0.0008170556861845501, 'epoch': 0.56}
{'eval_loss': 0.5995065569877625, 'eval_bce': 0.5924529178863772, 'eval_n_pos': 2024.0, 'eval_pos_rate': 0.09120814744716327, 'eval_auroc': 0.611391778354299, 'eval_auprc': 0.16583319482692815, 'eval_mcc': 0.11276880793632284, 'eval_precision': 0.2128813559322034, 'eval_recall': 0.1551383399209486, 'eval_f1': 0.17947985138611033, 'eval_runtime': 154.4491, 'eval_samples_per_second': 143.678, 'eval_steps_per_second': 2.247, 'epoch': 0.56}
{'loss': 0.6263, 'learning_rate': 0.0008159086998910364, 'epoch': 0.56}
{'loss': 0.6326, 'learning_rate': 0.0008147617135975225, 'epoch': 0.56}
{'loss': 0.6189, 'learning_rate': 0.0008136147273040087, 'epoch': 0.57}
{'loss': 0.6287, 'learning_rate': 0.0008124677410104949, 'epoch': 0.57}
{'loss': 0.6439, 'learning_rate': 0.0008113207547169812, 'epoch': 0.57}
{'loss': 0.6352, 'learning_rate': 0.0008101737684234673, 'epoch': 0.58}
{'loss': 0.6555, 'learning_rate': 0.0008090267821299535, 'epoch': 0.58}
{'loss': 0.6269, 'learning_rate': 0.0008078797958364398, 'epoch': 0.58}
{'loss': 0.6348, 'learning_rate': 0.000806732809542926, 'epoch': 0.59}
{'loss': 0.6385, 'learning_rate': 0.0008055858232494122, 'epoch': 0.59}
{'loss': 0.6493, 'learning_rate': 0.0008044388369558983, 'epoch': 0.59}
{'loss': 0.6314, 'learning_rate': 0.0008032918506623846, 'epoch': 0.6}
{'loss': 0.6431, 'learning_rate': 0.0008021448643688708, 'epoch': 0.6}
{'eval_loss': 0.6057732701301575, 'eval_bce': 0.597727203394338, 'eval_n_pos': 2024.0, 'eval_pos_rate': 0.09120814744716327, 'eval_auroc': 0.6304961403310028, 'eval_auprc': 0.18310003634681188, 'eval_mcc': 0.129033569749794, 'eval_precision': 0.22109654350417163, 'eval_recall': 0.183300395256917, 'eval_f1': 0.20043219881145327, 'eval_runtime': 154.4612, 'eval_samples_per_second': 143.667, 'eval_steps_per_second': 2.247, 'epoch': 0.6}
{'loss': 0.6379, 'learning_rate': 0.000800997878075357, 'epoch': 0.6}
{'loss': 0.6493, 'learning_rate': 0.0007998508917818432, 'epoch': 0.61}
{'loss': 0.6116, 'learning_rate': 0.0007987039054883294, 'epoch': 0.61}
{'loss': 0.6428, 'learning_rate': 0.0007975569191948157, 'epoch': 0.61}
{'loss': 0.6554, 'learning_rate': 0.0007964099329013018, 'epoch': 0.62}
{'loss': 0.6584, 'learning_rate': 0.0007952629466077881, 'epoch': 0.62}
{'loss': 0.6372, 'learning_rate': 0.0007941159603142742, 'epoch': 0.62}
{'loss': 0.633, 'learning_rate': 0.0007929689740207605, 'epoch': 0.63}
{'loss': 0.6137, 'learning_rate': 0.0007918219877272466, 'epoch': 0.63}
{'loss': 0.6562, 'learning_rate': 0.0007906750014337328, 'epoch': 0.63}
{'loss': 0.6224, 'learning_rate': 0.0007895280151402191, 'epoch': 0.64}
{'loss': 0.6589, 'learning_rate': 0.0007883810288467053, 'epoch': 0.64}
{'eval_loss': 0.6031774282455444, 'eval_bce': 0.5945212928084525, 'eval_n_pos': 2024.0, 'eval_pos_rate': 0.09120814744716327, 'eval_auroc': 0.6291518439606362, 'eval_auprc': 0.1809507985473351, 'eval_mcc': 0.1276073171703275, 'eval_precision': 0.22412698412698412, 'eval_recall': 0.17440711462450592, 'eval_f1': 0.19616560155598775, 'eval_runtime': 154.3415, 'eval_samples_per_second': 143.779, 'eval_steps_per_second': 2.248, 'epoch': 0.64}
{'loss': 0.618, 'learning_rate': 0.0007872340425531915, 'epoch': 0.65}
{'loss': 0.6036, 'learning_rate': 0.0007860870562596777, 'epoch': 0.65}
{'loss': 0.6396, 'learning_rate': 0.000784940069966164, 'epoch': 0.65}
{'loss': 0.6075, 'learning_rate': 0.0007837930836726502, 'epoch': 0.66}
{'loss': 0.6422, 'learning_rate': 0.0007826460973791363, 'epoch': 0.66}
{'loss': 0.58, 'learning_rate': 0.0007814991110856225, 'epoch': 0.66}
{'loss': 0.6521, 'learning_rate': 0.0007803521247921087, 'epoch': 0.67}
{'loss': 0.6403, 'learning_rate': 0.000779205138498595, 'epoch': 0.67}
{'loss': 0.6406, 'learning_rate': 0.0007780581522050811, 'epoch': 0.67}
{'loss': 0.6505, 'learning_rate': 0.0007769111659115674, 'epoch': 0.68}
{'loss': 0.6211, 'learning_rate': 0.0007757641796180536, 'epoch': 0.68}
{'loss': 0.6227, 'learning_rate': 0.0007746171933245399, 'epoch': 0.68}
{'loss': 0.6397, 'learning_rate': 0.000773470207031026, 'epoch': 0.69}
{'eval_loss': 0.6085377335548401, 'eval_bce': 0.6001627303328779, 'eval_n_pos': 2024.0, 'eval_pos_rate': 0.09120814744716327, 'eval_auroc': 0.6256999361654297, 'eval_auprc': 0.17958520561492003, 'eval_mcc': 0.13089025554067849, 'eval_precision': 0.22, 'eval_recall': 0.19021739130434784, 'eval_f1': 0.20402755696873343, 'eval_runtime': 154.4281, 'eval_samples_per_second': 143.698, 'eval_steps_per_second': 2.247, 'epoch': 0.69}
{'loss': 0.6345, 'learning_rate': 0.0007723232207375121, 'epoch': 0.69}
{'loss': 0.6257, 'learning_rate': 0.0007711762344439984, 'epoch': 0.69}
{'loss': 0.6037, 'learning_rate': 0.0007700292481504846, 'epoch': 0.7}
{'loss': 0.6056, 'learning_rate': 0.0007688822618569708, 'epoch': 0.7}
{'loss': 0.6458, 'learning_rate': 0.000767735275563457, 'epoch': 0.7}
{'loss': 0.6047, 'learning_rate': 0.0007665882892699433, 'epoch': 0.71}
{'loss': 0.6368, 'learning_rate': 0.0007654413029764295, 'epoch': 0.71}
{'loss': 0.6221, 'learning_rate': 0.0007642943166829156, 'epoch': 0.71}
{'loss': 0.6714, 'learning_rate': 0.0007631473303894019, 'epoch': 0.72}
{'loss': 0.6523, 'learning_rate': 0.000762000344095888, 'epoch': 0.72}
{'loss': 0.6305, 'learning_rate': 0.0007608533578023743, 'epoch': 0.72}
{'loss': 0.6177, 'learning_rate': 0.0007597063715088604, 'epoch': 0.73}
{'eval_loss': 0.6025152802467346, 'eval_bce': 0.5932712917839518, 'eval_n_pos': 2024.0, 'eval_pos_rate': 0.09120814744716327, 'eval_auroc': 0.6393651792120773, 'eval_auprc': 0.18591858876115, 'eval_mcc': 0.13252087195587517, 'eval_precision': 0.22600243013365734, 'eval_recall': 0.18379446640316205, 'eval_f1': 0.20272479564032697, 'eval_runtime': 154.3429, 'eval_samples_per_second': 143.777, 'eval_steps_per_second': 2.248, 'epoch': 0.73}
{'loss': 0.646, 'learning_rate': 0.0007585593852153467, 'epoch': 0.73}
{'loss': 0.631, 'learning_rate': 0.0007574123989218329, 'epoch': 0.73}
{'loss': 0.6171, 'learning_rate': 0.0007562654126283192, 'epoch': 0.74}
{'loss': 0.6011, 'learning_rate': 0.0007551184263348053, 'epoch': 0.74}
{'loss': 0.647, 'learning_rate': 0.0007539714400412915, 'epoch': 0.74}
{'loss': 0.6655, 'learning_rate': 0.0007528244537477778, 'epoch': 0.75}
{'loss': 0.6174, 'learning_rate': 0.000751677467454264, 'epoch': 0.75}
{'loss': 0.6054, 'learning_rate': 0.0007505304811607501, 'epoch': 0.75}
{'loss': 0.6257, 'learning_rate': 0.0007493834948672363, 'epoch': 0.76}
{'loss': 0.6226, 'learning_rate': 0.0007482365085737226, 'epoch': 0.76}
{'loss': 0.6414, 'learning_rate': 0.0007470895222802088, 'epoch': 0.77}
{'loss': 0.5903, 'learning_rate': 0.0007459425359866949, 'epoch': 0.77}
{'loss': 0.644, 'learning_rate': 0.0007447955496931812, 'epoch': 0.77}
{'eval_loss': 0.6031815409660339, 'eval_bce': 0.5942112094341117, 'eval_n_pos': 2024.0, 'eval_pos_rate': 0.09120814744716327, 'eval_auroc': 0.6410147820050406, 'eval_auprc': 0.18260268562530196, 'eval_mcc': 0.13885381832282007, 'eval_precision': 0.23, 'eval_recall': 0.19318181818181818, 'eval_f1': 0.2099892588614393, 'eval_runtime': 154.335, 'eval_samples_per_second': 143.785, 'eval_steps_per_second': 2.248, 'epoch': 0.77}
{'loss': 0.63, 'learning_rate': 0.0007436485633996674, 'epoch': 0.78}
{'loss': 0.6252, 'learning_rate': 0.0007425015771061537, 'epoch': 0.78}
{'loss': 0.6186, 'learning_rate': 0.0007413545908126398, 'epoch': 0.78}
{'loss': 0.5934, 'learning_rate': 0.000740207604519126, 'epoch': 0.79}
{'loss': 0.63, 'learning_rate': 0.0007390606182256122, 'epoch': 0.79}
{'loss': 0.6441, 'learning_rate': 0.0007379136319320984, 'epoch': 0.79}
{'loss': 0.6308, 'learning_rate': 0.0007367666456385846, 'epoch': 0.8}
{'loss': 0.6313, 'learning_rate': 0.0007356196593450708, 'epoch': 0.8}
{'loss': 0.6077, 'learning_rate': 0.0007344726730515571, 'epoch': 0.8}
{'loss': 0.6344, 'learning_rate': 0.0007333256867580432, 'epoch': 0.81}
{'loss': 0.64, 'learning_rate': 0.0007321787004645295, 'epoch': 0.81}
{'loss': 0.6357, 'learning_rate': 0.0007310317141710157, 'epoch': 0.81}
{'eval_loss': 0.5944468379020691, 'eval_bce': 0.5849892729782519, 'eval_n_pos': 2024.0, 'eval_pos_rate': 0.09120814744716327, 'eval_auroc': 0.6289301035954522, 'eval_auprc': 0.18622243043135714, 'eval_mcc': 0.12690696197584286, 'eval_precision': 0.22959889349930843, 'eval_recall': 0.16403162055335968, 'eval_f1': 0.1913544668587896, 'eval_runtime': 154.2406, 'eval_samples_per_second': 143.873, 'eval_steps_per_second': 2.25, 'epoch': 0.81}
{'loss': 0.6477, 'learning_rate': 0.000729884727877502, 'epoch': 0.82}
{'loss': 0.6241, 'learning_rate': 0.000728737741583988, 'epoch': 0.82}
{'loss': 0.641, 'learning_rate': 0.0007275907552904742, 'epoch': 0.82}
{'loss': 0.6145, 'learning_rate': 0.0007264437689969605, 'epoch': 0.83}
{'loss': 0.6218, 'learning_rate': 0.0007252967827034467, 'epoch': 0.83}
{'loss': 0.6448, 'learning_rate': 0.0007241497964099329, 'epoch': 0.83}
{'loss': 0.6307, 'learning_rate': 0.0007230028101164191, 'epoch': 0.84}
{'loss': 0.5977, 'learning_rate': 0.0007218558238229054, 'epoch': 0.84}
{'loss': 0.5968, 'learning_rate': 0.0007207088375293916, 'epoch': 0.84}
{'loss': 0.612, 'learning_rate': 0.0007195618512358776, 'epoch': 0.85}
{'loss': 0.6429, 'learning_rate': 0.0007184148649423639, 'epoch': 0.85}
{'loss': 0.6139, 'learning_rate': 0.0007172678786488501, 'epoch': 0.85}
{'loss': 0.6233, 'learning_rate': 0.0007161208923553364, 'epoch': 0.86}
{'eval_loss': 0.6016916036605835, 'eval_bce': 0.5925538544334216, 'eval_n_pos': 2024.0, 'eval_pos_rate': 0.09120814744716327, 'eval_auroc': 0.6358378022758975, 'eval_auprc': 0.1834887660472308, 'eval_mcc': 0.1248261828595423, 'eval_precision': 0.2139189960068454, 'eval_recall': 0.18527667984189725, 'eval_f1': 0.19857029388403494, 'eval_runtime': 154.1249, 'eval_samples_per_second': 143.981, 'eval_steps_per_second': 2.251, 'epoch': 0.86}
{'loss': 0.6392, 'learning_rate': 0.0007149739060618225, 'epoch': 0.86}
{'loss': 0.6374, 'learning_rate': 0.0007138269197683088, 'epoch': 0.86}
{'loss': 0.6467, 'learning_rate': 0.000712679933474795, 'epoch': 0.87}
{'loss': 0.6245, 'learning_rate': 0.0007115329471812813, 'epoch': 0.87}
{'loss': 0.6362, 'learning_rate': 0.0007103859608877674, 'epoch': 0.87}
{'loss': 0.6297, 'learning_rate': 0.0007092389745942536, 'epoch': 0.88}
{'loss': 0.6186, 'learning_rate': 0.0007080919883007399, 'epoch': 0.88}
{'loss': 0.623, 'learning_rate': 0.000706945002007226, 'epoch': 0.89}
{'loss': 0.6042, 'learning_rate': 0.0007057980157137122, 'epoch': 0.89}
{'loss': 0.6443, 'learning_rate': 0.0007046510294201984, 'epoch': 0.89}
{'loss': 0.6533, 'learning_rate': 0.0007035040431266847, 'epoch': 0.9}
{'loss': 0.6446, 'learning_rate': 0.0007023570568331709, 'epoch': 0.9}
{'eval_loss': 0.5926399827003479, 'eval_bce': 0.5834405761875006, 'eval_n_pos': 2024.0, 'eval_pos_rate': 0.09120814744716327, 'eval_auroc': 0.6305839079653275, 'eval_auprc': 0.17862265308363234, 'eval_mcc': 0.12865939341203914, 'eval_precision': 0.23277074542897327, 'eval_recall': 0.16353754940711462, 'eval_f1': 0.19210679048171794, 'eval_runtime': 154.3961, 'eval_samples_per_second': 143.728, 'eval_steps_per_second': 2.247, 'epoch': 0.9}
{'loss': 0.6421, 'learning_rate': 0.000701210070539657, 'epoch': 0.9}
{'loss': 0.6249, 'learning_rate': 0.0007000630842461433, 'epoch': 0.91}
{'loss': 0.6722, 'learning_rate': 0.0006989160979526295, 'epoch': 0.91}
{'loss': 0.6221, 'learning_rate': 0.0006977691116591158, 'epoch': 0.91}
{'loss': 0.632, 'learning_rate': 0.0006966221253656018, 'epoch': 0.92}
{'loss': 0.6258, 'learning_rate': 0.0006954751390720881, 'epoch': 0.92}
{'loss': 0.6205, 'learning_rate': 0.0006943281527785743, 'epoch': 0.92}
{'loss': 0.6275, 'learning_rate': 0.0006931811664850605, 'epoch': 0.93}
{'loss': 0.6592, 'learning_rate': 0.0006920341801915467, 'epoch': 0.93}
{'loss': 0.6378, 'learning_rate': 0.0006908871938980329, 'epoch': 0.93}
{'loss': 0.608, 'learning_rate': 0.0006897402076045192, 'epoch': 0.94}
{'loss': 0.6417, 'learning_rate': 0.0006885932213110054, 'epoch': 0.94}
{'loss': 0.6322, 'learning_rate': 0.0006874462350174916, 'epoch': 0.94}
{'eval_loss': 0.5967034697532654, 'eval_bce': 0.5874532740433579, 'eval_n_pos': 2024.0, 'eval_pos_rate': 0.09120814744716327, 'eval_auroc': 0.6297702474848846, 'eval_auprc': 0.17577481349429774, 'eval_mcc': 0.12399989327714792, 'eval_precision': 0.22157622739018087, 'eval_recall': 0.16946640316205533, 'eval_f1': 0.19204927211646136, 'eval_runtime': 154.3711, 'eval_samples_per_second': 143.751, 'eval_steps_per_second': 2.248, 'epoch': 0.94}
{'loss': 0.6504, 'learning_rate': 0.0006862992487239777, 'epoch': 0.95}
{'loss': 0.6513, 'learning_rate': 0.000685152262430464, 'epoch': 0.95}
{'loss': 0.6154, 'learning_rate': 0.0006840052761369502, 'epoch': 0.95}
{'loss': 0.6465, 'learning_rate': 0.0006828582898434363, 'epoch': 0.96}
{'loss': 0.6154, 'learning_rate': 0.0006817113035499226, 'epoch': 0.96}
{'loss': 0.6401, 'learning_rate': 0.0006805643172564088, 'epoch': 0.96}
{'loss': 0.6529, 'learning_rate': 0.0006794173309628951, 'epoch': 0.97}
{'loss': 0.6248, 'learning_rate': 0.0006782703446693812, 'epoch': 0.97}
{'loss': 0.6049, 'learning_rate': 0.0006771233583758675, 'epoch': 0.97}
{'loss': 0.6152, 'learning_rate': 0.0006759763720823537, 'epoch': 0.98}
{'loss': 0.6334, 'learning_rate': 0.0006748293857888398, 'epoch': 0.98}
{'loss': 0.6361, 'learning_rate': 0.000673682399495326, 'epoch': 0.98}
{'eval_loss': 0.5934481620788574, 'eval_bce': 0.5834007000871965, 'eval_n_pos': 2024.0, 'eval_pos_rate': 0.09120814744716327, 'eval_auroc': 0.6388710223193645, 'eval_auprc': 0.1877992930168332, 'eval_mcc': 0.13965973939368315, 'eval_precision': 0.24424284717376135, 'eval_recall': 0.17292490118577075, 'eval_f1': 0.202487706103558, 'eval_runtime': 154.3683, 'eval_samples_per_second': 143.754, 'eval_steps_per_second': 2.248, 'epoch': 0.99}
{'loss': 0.6267, 'learning_rate': 0.0006725354132018122, 'epoch': 0.99}
{'loss': 0.6599, 'learning_rate': 0.0006713884269082985, 'epoch': 0.99}
{'loss': 0.6324, 'learning_rate': 0.0006702414406147847, 'epoch': 1.0}
{'loss': 0.6334, 'learning_rate': 0.0006690944543212709, 'epoch': 1.0}
{'loss': 0.6197, 'learning_rate': 0.0006679474680277571, 'epoch': 1.0}
{'loss': 0.6166, 'learning_rate': 0.0006668004817342433, 'epoch': 1.01}
{'loss': 0.6311, 'learning_rate': 0.0006656534954407296, 'epoch': 1.01}
{'loss': 0.637, 'learning_rate': 0.0006645065091472156, 'epoch': 1.01}
{'loss': 0.6387, 'learning_rate': 0.0006633595228537019, 'epoch': 1.02}
{'loss': 0.6432, 'learning_rate': 0.0006622125365601881, 'epoch': 1.02}
{'loss': 0.6476, 'learning_rate': 0.0006610655502666744, 'epoch': 1.02}
{'loss': 0.6461, 'learning_rate': 0.0006599185639731605, 'epoch': 1.03}
{'loss': 0.6038, 'learning_rate': 0.0006587715776796468, 'epoch': 1.03}
{'eval_loss': 0.6004801392555237, 'eval_bce': 0.5918805822974726, 'eval_n_pos': 2024.0, 'eval_pos_rate': 0.09120814744716327, 'eval_auroc': 0.6307399297878525, 'eval_auprc': 0.17645540986363356, 'eval_mcc': 0.12072710637901715, 'eval_precision': 0.21490147783251232, 'eval_recall': 0.1724308300395257, 'eval_f1': 0.19133771929824564, 'eval_runtime': 154.6016, 'eval_samples_per_second': 143.537, 'eval_steps_per_second': 2.244, 'epoch': 1.03}
{'loss': 0.6075, 'learning_rate': 0.000657624591386133, 'epoch': 1.03}
{'loss': 0.6174, 'learning_rate': 0.0006564776050926191, 'epoch': 1.04}
{'loss': 0.652, 'learning_rate': 0.0006553306187991054, 'epoch': 1.04}
{'loss': 0.624, 'learning_rate': 0.0006541836325055915, 'epoch': 1.04}
{'loss': 0.6384, 'learning_rate': 0.0006530366462120778, 'epoch': 1.05}
{'loss': 0.6334, 'learning_rate': 0.0006518896599185639, 'epoch': 1.05}
{'loss': 0.6292, 'learning_rate': 0.0006507426736250502, 'epoch': 1.05}
{'loss': 0.6233, 'learning_rate': 0.0006495956873315364, 'epoch': 1.06}
{'loss': 0.625, 'learning_rate': 0.0006484487010380226, 'epoch': 1.06}
{'loss': 0.6233, 'learning_rate': 0.0006473017147445088, 'epoch': 1.06}
{'loss': 0.6533, 'learning_rate': 0.000646154728450995, 'epoch': 1.07}
{'loss': 0.6129, 'learning_rate': 0.0006450077421574813, 'epoch': 1.07}
{'eval_loss': 0.5895451307296753, 'eval_bce': 0.5795479386355655, 'eval_n_pos': 2024.0, 'eval_pos_rate': 0.09120814744716327, 'eval_auroc': 0.6374170317179615, 'eval_auprc': 0.18919018709532975, 'eval_mcc': 0.1315111223088031, 'eval_precision': 0.24032738095238096, 'eval_recall': 0.15958498023715414, 'eval_f1': 0.19180522565320662, 'eval_runtime': 154.3216, 'eval_samples_per_second': 143.797, 'eval_steps_per_second': 2.249, 'epoch': 1.07}
{'loss': 0.6405, 'learning_rate': 0.0006438607558639675, 'epoch': 1.07}
{'loss': 0.621, 'learning_rate': 0.0006427137695704536, 'epoch': 1.08}
{'loss': 0.6453, 'learning_rate': 0.0006415667832769398, 'epoch': 1.08}
{'loss': 0.6065, 'learning_rate': 0.000640419796983426, 'epoch': 1.08}
{'loss': 0.6524, 'learning_rate': 0.0006392728106899123, 'epoch': 1.09}
{'loss': 0.6254, 'learning_rate': 0.0006381258243963984, 'epoch': 1.09}
{'loss': 0.6499, 'learning_rate': 0.0006369788381028847, 'epoch': 1.09}
{'loss': 0.6126, 'learning_rate': 0.0006358318518093709, 'epoch': 1.1}
{'loss': 0.6286, 'learning_rate': 0.0006346848655158572, 'epoch': 1.1}
{'loss': 0.6268, 'learning_rate': 0.0006335378792223432, 'epoch': 1.1}
{'loss': 0.6191, 'learning_rate': 0.0006323908929288295, 'epoch': 1.11}
{'loss': 0.646, 'learning_rate': 0.0006312439066353157, 'epoch': 1.11}
{'loss': 0.6341, 'learning_rate': 0.0006300969203418019, 'epoch': 1.12}
{'eval_loss': 0.5916821956634521, 'eval_bce': 0.5816818282020032, 'eval_n_pos': 2024.0, 'eval_pos_rate': 0.09120814744716327, 'eval_auroc': 0.6446650581282652, 'eval_auprc': 0.18774794920491045, 'eval_mcc': 0.14260652550545208, 'eval_precision': 0.24841213832039521, 'eval_recall': 0.17391304347826086, 'eval_f1': 0.2045916884626562, 'eval_runtime': 154.4312, 'eval_samples_per_second': 143.695, 'eval_steps_per_second': 2.247, 'epoch': 1.12}
{'loss': 0.6466, 'learning_rate': 0.0006289499340482881, 'epoch': 1.12}
{'loss': 0.6208, 'learning_rate': 0.0006278029477547743, 'epoch': 1.12}
{'loss': 0.6048, 'learning_rate': 0.0006266559614612606, 'epoch': 1.13}
{'loss': 0.6152, 'learning_rate': 0.0006255089751677468, 'epoch': 1.13}
{'loss': 0.6278, 'learning_rate': 0.000624361988874233, 'epoch': 1.13}
{'loss': 0.6115, 'learning_rate': 0.0006232150025807192, 'epoch': 1.14}
{'loss': 0.6411, 'learning_rate': 0.0006220680162872053, 'epoch': 1.14}
{'loss': 0.6296, 'learning_rate': 0.0006209210299936916, 'epoch': 1.14}
{'loss': 0.6229, 'learning_rate': 0.0006197740437001777, 'epoch': 1.15}
{'loss': 0.6029, 'learning_rate': 0.000618627057406664, 'epoch': 1.15}
{'loss': 0.6451, 'learning_rate': 0.0006174800711131502, 'epoch': 1.15}
{'loss': 0.6508, 'learning_rate': 0.0006163330848196365, 'epoch': 1.16}
{'eval_loss': 0.5833719968795776, 'eval_bce': 0.5724591357993577, 'eval_n_pos': 2024.0, 'eval_pos_rate': 0.09120814744716327, 'eval_auroc': 0.6459679634537777, 'eval_auprc': 0.19216442488132357, 'eval_mcc': 0.13876721848544646, 'eval_precision': 0.25742574257425743, 'eval_recall': 0.1541501976284585, 'eval_f1': 0.19283065512978986, 'eval_runtime': 154.4062, 'eval_samples_per_second': 143.718, 'eval_steps_per_second': 2.247, 'epoch': 1.16}
{'loss': 0.6351, 'learning_rate': 0.0006151860985261226, 'epoch': 1.16}
{'loss': 0.6315, 'learning_rate': 0.0006140391122326089, 'epoch': 1.16}
{'loss': 0.6219, 'learning_rate': 0.0006128921259390951, 'epoch': 1.17}
{'loss': 0.6376, 'learning_rate': 0.0006117451396455813, 'epoch': 1.17}
{'loss': 0.6027, 'learning_rate': 0.0006105981533520674, 'epoch': 1.17}
{'loss': 0.6326, 'learning_rate': 0.0006094511670585536, 'epoch': 1.18}
{'loss': 0.6262, 'learning_rate': 0.0006083041807650399, 'epoch': 1.18}
{'loss': 0.6469, 'learning_rate': 0.0006071571944715261, 'epoch': 1.18}
{'loss': 0.606, 'learning_rate': 0.0006060102081780123, 'epoch': 1.19}
{'loss': 0.643, 'learning_rate': 0.0006048632218844985, 'epoch': 1.19}
{'loss': 0.6447, 'learning_rate': 0.0006037162355909847, 'epoch': 1.19}
{'loss': 0.5988, 'learning_rate': 0.000602569249297471, 'epoch': 1.2}
{'loss': 0.6264, 'learning_rate': 0.000601422263003957, 'epoch': 1.2}
{'eval_loss': 0.5977548360824585, 'eval_bce': 0.58843536094908, 'eval_n_pos': 2024.0, 'eval_pos_rate': 0.09120814744716327, 'eval_auroc': 0.6392951610965434, 'eval_auprc': 0.18280571279530777, 'eval_mcc': 0.13251709470560175, 'eval_precision': 0.226576852418861, 'eval_recall': 0.18280632411067194, 'eval_f1': 0.2023516543614985, 'eval_runtime': 154.2222, 'eval_samples_per_second': 143.89, 'eval_steps_per_second': 2.25, 'epoch': 1.2}
{'loss': 0.6255, 'learning_rate': 0.0006002752767104433, 'epoch': 1.2}
{'loss': 0.6339, 'learning_rate': 0.0005991282904169295, 'epoch': 1.21}
{'loss': 0.6362, 'learning_rate': 0.0005979813041234158, 'epoch': 1.21}
{'loss': 0.6168, 'learning_rate': 0.0005968343178299019, 'epoch': 1.21}
{'loss': 0.6186, 'learning_rate': 0.0005956873315363881, 'epoch': 1.22}
{'loss': 0.6164, 'learning_rate': 0.0005945403452428744, 'epoch': 1.22}
{'loss': 0.6415, 'learning_rate': 0.0005933933589493606, 'epoch': 1.22}
{'loss': 0.6263, 'learning_rate': 0.0005922463726558468, 'epoch': 1.23}
{'loss': 0.6378, 'learning_rate': 0.000591099386362333, 'epoch': 1.23}
{'loss': 0.6349, 'learning_rate': 0.0005899524000688193, 'epoch': 1.24}
{'loss': 0.6367, 'learning_rate': 0.0005888054137753054, 'epoch': 1.24}
{'loss': 0.6396, 'learning_rate': 0.0005876584274817916, 'epoch': 1.24}
{'eval_loss': 0.6012361645698547, 'eval_bce': 0.593709242381379, 'eval_n_pos': 2024.0, 'eval_pos_rate': 0.09120814744716327, 'eval_auroc': 0.6248971777358658, 'eval_auprc': 0.17818419060718285, 'eval_mcc': 0.12583134429358334, 'eval_precision': 0.21255506607929514, 'eval_recall': 0.1907114624505929, 'eval_f1': 0.20104166666666667, 'eval_runtime': 154.4834, 'eval_samples_per_second': 143.647, 'eval_steps_per_second': 2.246, 'epoch': 1.24}
{'loss': 0.6154, 'learning_rate': 0.0005865114411882778, 'epoch': 1.25}
{'loss': 0.6225, 'learning_rate': 0.000585364454894764, 'epoch': 1.25}
{'loss': 0.6233, 'learning_rate': 0.0005842174686012503, 'epoch': 1.25}
{'loss': 0.6315, 'learning_rate': 0.0005830704823077364, 'epoch': 1.26}
{'loss': 0.6139, 'learning_rate': 0.0005819234960142227, 'epoch': 1.26}
{'loss': 0.6593, 'learning_rate': 0.0005807765097207089, 'epoch': 1.26}
{'loss': 0.6215, 'learning_rate': 0.0005796295234271952, 'epoch': 1.27}
{'loss': 0.6286, 'learning_rate': 0.0005784825371336812, 'epoch': 1.27}
{'loss': 0.6151, 'learning_rate': 0.0005773355508401674, 'epoch': 1.27}
{'loss': 0.6168, 'learning_rate': 0.0005761885645466537, 'epoch': 1.28}
{'loss': 0.6335, 'learning_rate': 0.0005750415782531398, 'epoch': 1.28}
{'loss': 0.6247, 'learning_rate': 0.0005738945919596261, 'epoch': 1.28}
{'loss': 0.5977, 'learning_rate': 0.0005727476056661123, 'epoch': 1.29}
{'eval_loss': 0.5949748158454895, 'eval_bce': 0.585570300661299, 'eval_n_pos': 2024.0, 'eval_pos_rate': 0.09120814744716327, 'eval_auroc': 0.6393655956949197, 'eval_auprc': 0.18654701730809864, 'eval_mcc': 0.13214653874923318, 'eval_precision': 0.22778473091364204, 'eval_recall': 0.17984189723320157, 'eval_f1': 0.20099392600773053, 'eval_runtime': 154.3727, 'eval_samples_per_second': 143.75, 'eval_steps_per_second': 2.248, 'epoch': 1.29}
{'loss': 0.6534, 'learning_rate': 0.0005716006193725986, 'epoch': 1.29}
{'loss': 0.6093, 'learning_rate': 0.0005704536330790847, 'epoch': 1.29}
{'loss': 0.6254, 'learning_rate': 0.0005693066467855708, 'epoch': 1.3}
{'loss': 0.6364, 'learning_rate': 0.0005681596604920571, 'epoch': 1.3}
{'loss': 0.6253, 'learning_rate': 0.0005670126741985433, 'epoch': 1.3}
{'loss': 0.6249, 'learning_rate': 0.0005658656879050295, 'epoch': 1.31}
{'loss': 0.6002, 'learning_rate': 0.0005647187016115157, 'epoch': 1.31}
{'loss': 0.6099, 'learning_rate': 0.000563571715318002, 'epoch': 1.31}
{'loss': 0.5971, 'learning_rate': 0.0005624247290244882, 'epoch': 1.32}
{'loss': 0.6353, 'learning_rate': 0.0005612777427309744, 'epoch': 1.32}
{'loss': 0.6087, 'learning_rate': 0.0005601307564374606, 'epoch': 1.32}
{'loss': 0.6418, 'learning_rate': 0.0005589837701439468, 'epoch': 1.33}
{'eval_loss': 0.5890714526176453, 'eval_bce': 0.5784409904532135, 'eval_n_pos': 2024.0, 'eval_pos_rate': 0.09120814744716327, 'eval_auroc': 0.6465760774019155, 'eval_auprc': 0.19322180800015476, 'eval_mcc': 0.13840552396034664, 'eval_precision': 0.24465049928673324, 'eval_recall': 0.16946640316205533, 'eval_f1': 0.20023350846468185, 'eval_runtime': 154.2379, 'eval_samples_per_second': 143.875, 'eval_steps_per_second': 2.25, 'epoch': 1.33}
{'loss': 0.6186, 'learning_rate': 0.000557836783850433, 'epoch': 1.33}
{'loss': 0.6343, 'learning_rate': 0.0005566897975569191, 'epoch': 1.33}
{'loss': 0.6134, 'learning_rate': 0.0005555428112634054, 'epoch': 1.34}
{'loss': 0.6438, 'learning_rate': 0.0005543958249698916, 'epoch': 1.34}
{'loss': 0.6274, 'learning_rate': 0.0005532488386763779, 'epoch': 1.34}
{'loss': 0.6276, 'learning_rate': 0.000552101852382864, 'epoch': 1.35}
{'loss': 0.6227, 'learning_rate': 0.0005509548660893502, 'epoch': 1.35}
{'loss': 0.6206, 'learning_rate': 0.0005498078797958365, 'epoch': 1.36}
{'loss': 0.6316, 'learning_rate': 0.0005486608935023227, 'epoch': 1.36}
{'loss': 0.6254, 'learning_rate': 0.0005475139072088088, 'epoch': 1.36}
{'loss': 0.64, 'learning_rate': 0.000546366920915295, 'epoch': 1.37}
{'loss': 0.5996, 'learning_rate': 0.0005452199346217813, 'epoch': 1.37}
{'loss': 0.5963, 'learning_rate': 0.0005440729483282675, 'epoch': 1.37}
{'eval_loss': 0.6010734438896179, 'eval_bce': 0.592114805092025, 'eval_n_pos': 2024.0, 'eval_pos_rate': 0.09120814744716327, 'eval_auroc': 0.6372249473810676, 'eval_auprc': 0.18215589996135406, 'eval_mcc': 0.13554978935977288, 'eval_precision': 0.22404991491775383, 'eval_recall': 0.19515810276679843, 'eval_f1': 0.20860839714813836, 'eval_runtime': 154.3846, 'eval_samples_per_second': 143.738, 'eval_steps_per_second': 2.248, 'epoch': 1.37}
{'loss': 0.6181, 'learning_rate': 0.0005429259620347537, 'epoch': 1.38}
{'loss': 0.6377, 'learning_rate': 0.0005417789757412399, 'epoch': 1.38}
{'loss': 0.6138, 'learning_rate': 0.0005406319894477261, 'epoch': 1.38}
{'loss': 0.6486, 'learning_rate': 0.0005394850031542124, 'epoch': 1.39}
{'loss': 0.6289, 'learning_rate': 0.0005383380168606985, 'epoch': 1.39}
{'loss': 0.627, 'learning_rate': 0.0005371910305671848, 'epoch': 1.39}
{'loss': 0.6383, 'learning_rate': 0.0005360440442736709, 'epoch': 1.4}
{'loss': 0.6082, 'learning_rate': 0.0005348970579801572, 'epoch': 1.4}
{'loss': 0.601, 'learning_rate': 0.0005337500716866433, 'epoch': 1.4}
{'loss': 0.6285, 'learning_rate': 0.0005326030853931295, 'epoch': 1.41}
{'loss': 0.6287, 'learning_rate': 0.0005314560990996158, 'epoch': 1.41}
{'loss': 0.6217, 'learning_rate': 0.000530309112806102, 'epoch': 1.41}
{'eval_loss': 0.5800448656082153, 'eval_bce': 0.5684195711649301, 'eval_n_pos': 2024.0, 'eval_pos_rate': 0.09120814744716327, 'eval_auroc': 0.6445641957833903, 'eval_auprc': 0.192024975725614, 'eval_mcc': 0.14461250748646196, 'eval_precision': 0.271036315323295, 'eval_recall': 0.15118577075098813, 'eval_f1': 0.1941008563273073, 'eval_runtime': 154.2741, 'eval_samples_per_second': 143.841, 'eval_steps_per_second': 2.249, 'epoch': 1.42}
{'loss': 0.6371, 'learning_rate': 0.0005291621265125882, 'epoch': 1.42}
{'loss': 0.6014, 'learning_rate': 0.0005280151402190744, 'epoch': 1.42}
{'loss': 0.6471, 'learning_rate': 0.0005268681539255607, 'epoch': 1.42}
{'loss': 0.6119, 'learning_rate': 0.0005257211676320469, 'epoch': 1.43}
{'loss': 0.5865, 'learning_rate': 0.0005245741813385329, 'epoch': 1.43}
{'loss': 0.6368, 'learning_rate': 0.0005234271950450192, 'epoch': 1.43}
{'loss': 0.6063, 'learning_rate': 0.0005222802087515054, 'epoch': 1.44}
{'loss': 0.6125, 'learning_rate': 0.0005211332224579917, 'epoch': 1.44}
{'loss': 0.6462, 'learning_rate': 0.0005199862361644778, 'epoch': 1.44}
{'loss': 0.6118, 'learning_rate': 0.0005188392498709641, 'epoch': 1.45}
{'loss': 0.622, 'learning_rate': 0.0005176922635774503, 'epoch': 1.45}
{'loss': 0.6121, 'learning_rate': 0.0005165452772839366, 'epoch': 1.45}
{'loss': 0.6184, 'learning_rate': 0.0005153982909904226, 'epoch': 1.46}
{'eval_loss': 0.579887866973877, 'eval_bce': 0.568275252359631, 'eval_n_pos': 2024.0, 'eval_pos_rate': 0.09120814744716327, 'eval_auroc': 0.6499129011881226, 'eval_auprc': 0.18989802741263592, 'eval_mcc': 0.1381541408092652, 'eval_precision': 0.25463336019339244, 'eval_recall': 0.15612648221343872, 'eval_f1': 0.19356814701378253, 'eval_runtime': 154.5248, 'eval_samples_per_second': 143.608, 'eval_steps_per_second': 2.246, 'epoch': 1.46}
{'loss': 0.621, 'learning_rate': 0.0005142513046969088, 'epoch': 1.46}
{'loss': 0.616, 'learning_rate': 0.0005131043184033951, 'epoch': 1.47}
{'loss': 0.643, 'learning_rate': 0.0005119573321098813, 'epoch': 1.47}
{'loss': 0.6342, 'learning_rate': 0.0005108103458163675, 'epoch': 1.47}
{'loss': 0.6348, 'learning_rate': 0.0005096633595228537, 'epoch': 1.48}
{'loss': 0.6144, 'learning_rate': 0.00050851637322934, 'epoch': 1.48}
{'loss': 0.6459, 'learning_rate': 0.0005073693869358262, 'epoch': 1.48}
{'loss': 0.6222, 'learning_rate': 0.0005062224006423123, 'epoch': 1.49}
{'loss': 0.6369, 'learning_rate': 0.0005050754143487986, 'epoch': 1.49}
{'loss': 0.6263, 'learning_rate': 0.0005039284280552847, 'epoch': 1.49}
{'loss': 0.6154, 'learning_rate': 0.0005027814417617709, 'epoch': 1.5}
{'loss': 0.6417, 'learning_rate': 0.0005016344554682571, 'epoch': 1.5}
{'eval_loss': 0.5801432728767395, 'eval_bce': 0.5688608647125227, 'eval_n_pos': 2024.0, 'eval_pos_rate': 0.09120814744716327, 'eval_auroc': 0.6428747208829986, 'eval_auprc': 0.19215693218829227, 'eval_mcc': 0.1436540180733269, 'eval_precision': 0.25949367088607594, 'eval_recall': 0.16205533596837945, 'eval_f1': 0.19951338199513383, 'eval_runtime': 154.6787, 'eval_samples_per_second': 143.465, 'eval_steps_per_second': 2.243, 'epoch': 1.5}
{'loss': 0.6512, 'learning_rate': 0.0005004874691747434, 'epoch': 1.5}
{'loss': 0.6153, 'learning_rate': 0.0004993404828812296, 'epoch': 1.51}
{'loss': 0.6464, 'learning_rate': 0.0004981934965877158, 'epoch': 1.51}
{'loss': 0.6246, 'learning_rate': 0.000497046510294202, 'epoch': 1.51}
{'loss': 0.6166, 'learning_rate': 0.0004958995240006882, 'epoch': 1.52}
{'loss': 0.633, 'learning_rate': 0.0004947525377071745, 'epoch': 1.52}
{'loss': 0.6244, 'learning_rate': 0.0004936055514136605, 'epoch': 1.52}
{'loss': 0.5878, 'learning_rate': 0.0004924585651201468, 'epoch': 1.53}
{'loss': 0.6355, 'learning_rate': 0.000491311578826633, 'epoch': 1.53}
{'loss': 0.6314, 'learning_rate': 0.0004901645925331192, 'epoch': 1.53}
{'loss': 0.6386, 'learning_rate': 0.0004890176062396054, 'epoch': 1.54}
{'loss': 0.6205, 'learning_rate': 0.00048787061994609164, 'epoch': 1.54}
{'loss': 0.6215, 'learning_rate': 0.0004867236336525779, 'epoch': 1.54}
{'eval_loss': 0.5850522518157959, 'eval_bce': 0.5741943565785276, 'eval_n_pos': 2024.0, 'eval_pos_rate': 0.09120814744716327, 'eval_auroc': 0.6414956114467909, 'eval_auprc': 0.18693912285760192, 'eval_mcc': 0.1406244930461517, 'eval_precision': 0.24837074583635046, 'eval_recall': 0.16946640316205533, 'eval_f1': 0.2014684287812041, 'eval_runtime': 154.2573, 'eval_samples_per_second': 143.857, 'eval_steps_per_second': 2.249, 'epoch': 1.54}
{'loss': 0.6029, 'learning_rate': 0.0004855766473590641, 'epoch': 1.55}
{'loss': 0.6355, 'learning_rate': 0.00048442966106555026, 'epoch': 1.55}
{'loss': 0.6358, 'learning_rate': 0.00048328267477203645, 'epoch': 1.55}
{'loss': 0.6266, 'learning_rate': 0.0004821356884785227, 'epoch': 1.56}
{'loss': 0.6264, 'learning_rate': 0.0004809887021850089, 'epoch': 1.56}
{'loss': 0.6345, 'learning_rate': 0.0004798417158914951, 'epoch': 1.56}
{'loss': 0.5877, 'learning_rate': 0.0004786947295979813, 'epoch': 1.57}
{'loss': 0.5895, 'learning_rate': 0.00047754774330446755, 'epoch': 1.57}
{'loss': 0.5974, 'learning_rate': 0.00047640075701095374, 'epoch': 1.57}
{'loss': 0.6194, 'learning_rate': 0.0004752537707174399, 'epoch': 1.58}
{'loss': 0.6163, 'learning_rate': 0.0004741067844239261, 'epoch': 1.58}
{'loss': 0.5806, 'learning_rate': 0.00047295979813041236, 'epoch': 1.59}
{'eval_loss': 0.5891077518463135, 'eval_bce': 0.5786334329906454, 'eval_n_pos': 2024.0, 'eval_pos_rate': 0.09120814744716327, 'eval_auroc': 0.6461384886788205, 'eval_auprc': 0.18976947316390966, 'eval_mcc': 0.1324520192405811, 'eval_precision': 0.23324396782841822, 'eval_recall': 0.17193675889328064, 'eval_f1': 0.19795221843003413, 'eval_runtime': 154.4535, 'eval_samples_per_second': 143.674, 'eval_steps_per_second': 2.247, 'epoch': 1.59}
{'loss': 0.6173, 'learning_rate': 0.00047181281183689854, 'epoch': 1.59}
{'loss': 0.6428, 'learning_rate': 0.0004706658255433848, 'epoch': 1.59}
{'loss': 0.6112, 'learning_rate': 0.000469518839249871, 'epoch': 1.6}
{'loss': 0.6346, 'learning_rate': 0.0004683718529563572, 'epoch': 1.6}
{'loss': 0.6182, 'learning_rate': 0.00046722486666284335, 'epoch': 1.6}
{'loss': 0.6061, 'learning_rate': 0.0004660778803693296, 'epoch': 1.61}
{'loss': 0.6063, 'learning_rate': 0.0004649308940758158, 'epoch': 1.61}
{'loss': 0.6118, 'learning_rate': 0.000463783907782302, 'epoch': 1.61}
{'loss': 0.6267, 'learning_rate': 0.0004626369214887882, 'epoch': 1.62}
{'loss': 0.5873, 'learning_rate': 0.00046148993519527445, 'epoch': 1.62}
{'loss': 0.5943, 'learning_rate': 0.00046034294890176064, 'epoch': 1.62}
{'loss': 0.6089, 'learning_rate': 0.0004591959626082469, 'epoch': 1.63}
{'loss': 0.6043, 'learning_rate': 0.000458048976314733, 'epoch': 1.63}
{'eval_loss': 0.5847815275192261, 'eval_bce': 0.5731702805319352, 'eval_n_pos': 2024.0, 'eval_pos_rate': 0.09120814744716327, 'eval_auroc': 0.6563032546811203, 'eval_auprc': 0.19726938998506605, 'eval_mcc': 0.138097173035881, 'eval_precision': 0.2420249653259362, 'eval_recall': 0.1724308300395257, 'eval_f1': 0.20138488170802077, 'eval_runtime': 154.5818, 'eval_samples_per_second': 143.555, 'eval_steps_per_second': 2.245, 'epoch': 1.63}
{'loss': 0.6361, 'learning_rate': 0.00045690199002121926, 'epoch': 1.63}
{'loss': 0.6504, 'learning_rate': 0.00045575500372770544, 'epoch': 1.64}
{'loss': 0.6202, 'learning_rate': 0.0004546080174341917, 'epoch': 1.64}
{'loss': 0.6424, 'learning_rate': 0.0004534610311406779, 'epoch': 1.64}
{'loss': 0.6094, 'learning_rate': 0.0004523140448471641, 'epoch': 1.65}
{'loss': 0.6044, 'learning_rate': 0.0004511670585536503, 'epoch': 1.65}
{'loss': 0.6401, 'learning_rate': 0.00045002007226013655, 'epoch': 1.65}
{'loss': 0.6385, 'learning_rate': 0.0004488730859666227, 'epoch': 1.66}
{'loss': 0.6327, 'learning_rate': 0.0004477260996731089, 'epoch': 1.66}
{'loss': 0.6296, 'learning_rate': 0.0004465791133795951, 'epoch': 1.66}
{'loss': 0.6374, 'learning_rate': 0.00044543212708608135, 'epoch': 1.67}
{'loss': 0.6137, 'learning_rate': 0.00044428514079256754, 'epoch': 1.67}
{'eval_loss': 0.5835433602333069, 'eval_bce': 0.573613263591537, 'eval_n_pos': 2024.0, 'eval_pos_rate': 0.09120814744716327, 'eval_auroc': 0.6367780122930055, 'eval_auprc': 0.18524964499693425, 'eval_mcc': 0.12749563198065172, 'eval_precision': 0.2343065693430657, 'eval_recall': 0.15859683794466403, 'eval_f1': 0.18915733647613436, 'eval_runtime': 154.2718, 'eval_samples_per_second': 143.844, 'eval_steps_per_second': 2.249, 'epoch': 1.67}
{'loss': 0.6177, 'learning_rate': 0.0004431381544990538, 'epoch': 1.67}
{'loss': 0.5962, 'learning_rate': 0.00044199116820553997, 'epoch': 1.68}
{'loss': 0.5926, 'learning_rate': 0.0004408441819120262, 'epoch': 1.68}
{'loss': 0.614, 'learning_rate': 0.00043969719561851234, 'epoch': 1.68}
{'loss': 0.6332, 'learning_rate': 0.0004385502093249986, 'epoch': 1.69}
{'loss': 0.6467, 'learning_rate': 0.0004374032230314848, 'epoch': 1.69}
{'loss': 0.6245, 'learning_rate': 0.000436256236737971, 'epoch': 1.69}
{'loss': 0.5924, 'learning_rate': 0.0004351092504444572, 'epoch': 1.7}
{'loss': 0.6141, 'learning_rate': 0.00043396226415094345, 'epoch': 1.7}
{'loss': 0.5979, 'learning_rate': 0.00043281527785742963, 'epoch': 1.71}
{'loss': 0.627, 'learning_rate': 0.0004316682915639158, 'epoch': 1.71}
{'loss': 0.6418, 'learning_rate': 0.000430521305270402, 'epoch': 1.71}
{'loss': 0.6227, 'learning_rate': 0.0004293743189768882, 'epoch': 1.72}
{'eval_loss': 0.5769218802452087, 'eval_bce': 0.56549035552732, 'eval_n_pos': 2024.0, 'eval_pos_rate': 0.09120814744716327, 'eval_auroc': 0.6469493685238142, 'eval_auprc': 0.19149808528120094, 'eval_mcc': 0.13695051561140126, 'eval_precision': 0.25626043405676124, 'eval_recall': 0.15167984189723321, 'eval_f1': 0.19056486654252017, 'eval_runtime': 153.6106, 'eval_samples_per_second': 144.463, 'eval_steps_per_second': 2.259, 'epoch': 1.72}
{'loss': 0.6045, 'learning_rate': 0.00042822733268337444, 'epoch': 1.72}
{'loss': 0.6023, 'learning_rate': 0.0004270803463898606, 'epoch': 1.72}
{'loss': 0.6229, 'learning_rate': 0.00042593336009634687, 'epoch': 1.73}
{'loss': 0.6535, 'learning_rate': 0.00042478637380283306, 'epoch': 1.73}
{'loss': 0.6081, 'learning_rate': 0.0004236393875093193, 'epoch': 1.73}
{'loss': 0.6045, 'learning_rate': 0.00042249240121580543, 'epoch': 1.74}
{'loss': 0.6229, 'learning_rate': 0.0004213454149222917, 'epoch': 1.74}
{'loss': 0.6116, 'learning_rate': 0.00042019842862877786, 'epoch': 1.74}
{'loss': 0.6073, 'learning_rate': 0.0004190514423352641, 'epoch': 1.75}
{'loss': 0.6369, 'learning_rate': 0.0004179044560417503, 'epoch': 1.75}
{'loss': 0.6217, 'learning_rate': 0.00041675746974823653, 'epoch': 1.75}
{'loss': 0.6464, 'learning_rate': 0.0004156104834547227, 'epoch': 1.76}
{'eval_loss': 0.5702930688858032, 'eval_bce': 0.5581527132270702, 'eval_n_pos': 2024.0, 'eval_pos_rate': 0.09120814744716327, 'eval_auroc': 0.6488557942367007, 'eval_auprc': 0.19316200739269923, 'eval_mcc': 0.1395754903347634, 'eval_precision': 0.26153846153846155, 'eval_recall': 0.15118577075098813, 'eval_f1': 0.19160926737633063, 'eval_runtime': 153.5648, 'eval_samples_per_second': 144.506, 'eval_steps_per_second': 2.26, 'epoch': 1.76}
{'loss': 0.6254, 'learning_rate': 0.00041446349716120896, 'epoch': 1.76}
{'loss': 0.5924, 'learning_rate': 0.0004133165108676951, 'epoch': 1.76}
{'loss': 0.6173, 'learning_rate': 0.00041216952457418134, 'epoch': 1.77}
{'loss': 0.614, 'learning_rate': 0.0004110225382806675, 'epoch': 1.77}
{'loss': 0.6036, 'learning_rate': 0.00040987555198715377, 'epoch': 1.77}
{'loss': 0.6358, 'learning_rate': 0.00040872856569363996, 'epoch': 1.78}
{'loss': 0.6194, 'learning_rate': 0.0004075815794001262, 'epoch': 1.78}
{'loss': 0.6109, 'learning_rate': 0.0004064345931066124, 'epoch': 1.78}
{'loss': 0.6255, 'learning_rate': 0.00040528760681309863, 'epoch': 1.79}
{'loss': 0.6151, 'learning_rate': 0.00040414062051958476, 'epoch': 1.79}
{'loss': 0.6103, 'learning_rate': 0.000402993634226071, 'epoch': 1.79}
{'loss': 0.5773, 'learning_rate': 0.0004018466479325572, 'epoch': 1.8}
{'loss': 0.596, 'learning_rate': 0.00040069966163904343, 'epoch': 1.8}
{'eval_loss': 0.5825835466384888, 'eval_bce': 0.5716402382539608, 'eval_n_pos': 2024.0, 'eval_pos_rate': 0.09120814744716327, 'eval_auroc': 0.6449487686905251, 'eval_auprc': 0.18813700555779672, 'eval_mcc': 0.13082114456177593, 'eval_precision': 0.22971204188481675, 'eval_recall': 0.1734189723320158, 'eval_f1': 0.19763513513513514, 'eval_runtime': 153.6402, 'eval_samples_per_second': 144.435, 'eval_steps_per_second': 2.259, 'epoch': 1.8}
{'loss': 0.6285, 'learning_rate': 0.0003995526753455296, 'epoch': 1.8}
{'loss': 0.6032, 'learning_rate': 0.00039840568905201586, 'epoch': 1.81}
{'loss': 0.6278, 'learning_rate': 0.00039725870275850205, 'epoch': 1.81}
{'loss': 0.6082, 'learning_rate': 0.00039611171646498824, 'epoch': 1.82}
{'loss': 0.6314, 'learning_rate': 0.0003949647301714744, 'epoch': 1.82}
{'loss': 0.6299, 'learning_rate': 0.00039381774387796067, 'epoch': 1.82}
{'loss': 0.6349, 'learning_rate': 0.00039267075758444686, 'epoch': 1.83}
{'loss': 0.6079, 'learning_rate': 0.0003915237712909331, 'epoch': 1.83}
{'loss': 0.6417, 'learning_rate': 0.0003903767849974193, 'epoch': 1.83}
{'loss': 0.617, 'learning_rate': 0.00038922979870390553, 'epoch': 1.84}
{'loss': 0.6105, 'learning_rate': 0.0003880828124103917, 'epoch': 1.84}
{'loss': 0.5924, 'learning_rate': 0.0003869358261168779, 'epoch': 1.84}
{'eval_loss': 0.5761740803718567, 'eval_bce': 0.5641055301142728, 'eval_n_pos': 2024.0, 'eval_pos_rate': 0.09120814744716327, 'eval_auroc': 0.6447300662001929, 'eval_auprc': 0.1937205811661895, 'eval_mcc': 0.13961491691306466, 'eval_precision': 0.25559105431309903, 'eval_recall': 0.15810276679841898, 'eval_f1': 0.1953601953601954, 'eval_runtime': 153.7799, 'eval_samples_per_second': 144.304, 'eval_steps_per_second': 2.256, 'epoch': 1.84}
{'loss': 0.6245, 'learning_rate': 0.0003857888398233641, 'epoch': 1.85}
{'loss': 0.648, 'learning_rate': 0.00038464185352985033, 'epoch': 1.85}
{'loss': 0.5976, 'learning_rate': 0.0003834948672363365, 'epoch': 1.85}
{'loss': 0.5724, 'learning_rate': 0.00038234788094282276, 'epoch': 1.86}
{'loss': 0.6126, 'learning_rate': 0.00038120089464930895, 'epoch': 1.86}
{'loss': 0.6321, 'learning_rate': 0.0003800539083557952, 'epoch': 1.86}
{'loss': 0.6047, 'learning_rate': 0.0003789069220622814, 'epoch': 1.87}
{'loss': 0.6125, 'learning_rate': 0.00037775993576876757, 'epoch': 1.87}
{'loss': 0.6218, 'learning_rate': 0.00037661294947525376, 'epoch': 1.87}
{'loss': 0.605, 'learning_rate': 0.00037546596318174, 'epoch': 1.88}
{'loss': 0.6164, 'learning_rate': 0.0003743189768882262, 'epoch': 1.88}
{'loss': 0.6129, 'learning_rate': 0.00037317199059471243, 'epoch': 1.88}
{'loss': 0.6279, 'learning_rate': 0.0003720250043011986, 'epoch': 1.89}
{'eval_loss': 0.5782317519187927, 'eval_bce': 0.5658645328922165, 'eval_n_pos': 2024.0, 'eval_pos_rate': 0.09120814744716327, 'eval_auroc': 0.6487711257247045, 'eval_auprc': 0.19461463360050085, 'eval_mcc': 0.14026809219292835, 'eval_precision': 0.24560168895144266, 'eval_recall': 0.1724308300395257, 'eval_f1': 0.20261248185776487, 'eval_runtime': 153.4663, 'eval_samples_per_second': 144.599, 'eval_steps_per_second': 2.261, 'epoch': 1.89}
{'loss': 0.6472, 'learning_rate': 0.00037087801800768486, 'epoch': 1.89}
{'loss': 0.6596, 'learning_rate': 0.00036973103171417104, 'epoch': 1.89}
{'loss': 0.5921, 'learning_rate': 0.00036858404542065723, 'epoch': 1.9}
{'loss': 0.5926, 'learning_rate': 0.0003674370591271434, 'epoch': 1.9}
{'loss': 0.6077, 'learning_rate': 0.00036629007283362966, 'epoch': 1.9}
{'loss': 0.6069, 'learning_rate': 0.00036514308654011585, 'epoch': 1.91}
{'loss': 0.6385, 'learning_rate': 0.0003639961002466021, 'epoch': 1.91}
{'loss': 0.6364, 'learning_rate': 0.0003628491139530883, 'epoch': 1.91}
{'loss': 0.6159, 'learning_rate': 0.0003617021276595745, 'epoch': 1.92}
{'loss': 0.6071, 'learning_rate': 0.00036055514136606066, 'epoch': 1.92}
{'loss': 0.6091, 'learning_rate': 0.0003594081550725469, 'epoch': 1.92}
{'loss': 0.6262, 'learning_rate': 0.0003582611687790331, 'epoch': 1.93}
{'eval_loss': 0.5743311047554016, 'eval_bce': 0.5624453349859468, 'eval_n_pos': 2024.0, 'eval_pos_rate': 0.09120814744716327, 'eval_auroc': 0.6464713074680175, 'eval_auprc': 0.18961018319477946, 'eval_mcc': 0.13147835592895898, 'eval_precision': 0.24289008455034589, 'eval_recall': 0.15612648221343872, 'eval_f1': 0.1900751879699248, 'eval_runtime': 153.6614, 'eval_samples_per_second': 144.415, 'eval_steps_per_second': 2.258, 'epoch': 1.93}
{'loss': 0.6048, 'learning_rate': 0.0003571141824855193, 'epoch': 1.93}
{'loss': 0.6101, 'learning_rate': 0.0003559671961920055, 'epoch': 1.94}
{'loss': 0.629, 'learning_rate': 0.00035482020989849176, 'epoch': 1.94}
{'loss': 0.6047, 'learning_rate': 0.00035367322360497794, 'epoch': 1.94}
{'loss': 0.6365, 'learning_rate': 0.0003525262373114642, 'epoch': 1.95}
{'loss': 0.606, 'learning_rate': 0.0003513792510179503, 'epoch': 1.95}
{'loss': 0.6134, 'learning_rate': 0.0003502322647244365, 'epoch': 1.95}
{'loss': 0.593, 'learning_rate': 0.00034908527843092275, 'epoch': 1.96}
{'loss': 0.5868, 'learning_rate': 0.00034793829213740894, 'epoch': 1.96}
{'loss': 0.583, 'learning_rate': 0.0003467913058438952, 'epoch': 1.96}
{'loss': 0.6038, 'learning_rate': 0.00034564431955038137, 'epoch': 1.97}
{'loss': 0.587, 'learning_rate': 0.0003444973332568676, 'epoch': 1.97}
{'loss': 0.5957, 'learning_rate': 0.0003433503469633538, 'epoch': 1.97}
{'eval_loss': 0.5750534534454346, 'eval_bce': 0.5626425382705167, 'eval_n_pos': 2024.0, 'eval_pos_rate': 0.09120814744716327, 'eval_auroc': 0.6459915069838783, 'eval_auprc': 0.19433581361948254, 'eval_mcc': 0.13512771810220361, 'eval_precision': 0.24424647364513735, 'eval_recall': 0.1625494071146245, 'eval_f1': 0.19519430436072382, 'eval_runtime': 153.5481, 'eval_samples_per_second': 144.522, 'eval_steps_per_second': 2.26, 'epoch': 1.97}
{'loss': 0.621, 'learning_rate': 0.00034220336066984, 'epoch': 1.98}
{'loss': 0.6017, 'learning_rate': 0.00034105637437632617, 'epoch': 1.98}
{'loss': 0.5944, 'learning_rate': 0.0003399093880828124, 'epoch': 1.98}
{'loss': 0.6445, 'learning_rate': 0.0003387624017892986, 'epoch': 1.99}
{'loss': 0.5993, 'learning_rate': 0.00033761541549578484, 'epoch': 1.99}
{'loss': 0.6143, 'learning_rate': 0.00033646842920227103, 'epoch': 1.99}
{'loss': 0.626, 'learning_rate': 0.0003353214429087573, 'epoch': 2.0}
{'loss': 0.5776, 'learning_rate': 0.0003341744566152434, 'epoch': 2.0}
{'loss': 0.6049, 'learning_rate': 0.00033302747032172965, 'epoch': 2.0}
{'loss': 0.6061, 'learning_rate': 0.00033188048402821584, 'epoch': 2.01}
{'loss': 0.6015, 'learning_rate': 0.0003307334977347021, 'epoch': 2.01}
{'loss': 0.6212, 'learning_rate': 0.00032958651144118827, 'epoch': 2.01}
{'eval_loss': 0.5793554186820984, 'eval_bce': 0.5666617158980173, 'eval_n_pos': 2024.0, 'eval_pos_rate': 0.09120814744716327, 'eval_auroc': 0.6520698780793028, 'eval_auprc': 0.19545720681128867, 'eval_mcc': 0.14150797458678405, 'eval_precision': 0.24838940586972083, 'eval_recall': 0.17144268774703558, 'eval_f1': 0.2028646594562993, 'eval_runtime': 153.4268, 'eval_samples_per_second': 144.636, 'eval_steps_per_second': 2.262, 'epoch': 2.02}
{'loss': 0.6, 'learning_rate': 0.0003284395251476745, 'epoch': 2.02}
{'loss': 0.6307, 'learning_rate': 0.0003272925388541607, 'epoch': 2.02}
{'loss': 0.5985, 'learning_rate': 0.00032614555256064694, 'epoch': 2.02}
{'loss': 0.6017, 'learning_rate': 0.00032499856626713307, 'epoch': 2.03}
{'loss': 0.5981, 'learning_rate': 0.0003238515799736193, 'epoch': 2.03}
{'loss': 0.6115, 'learning_rate': 0.0003227045936801055, 'epoch': 2.03}
{'loss': 0.5962, 'learning_rate': 0.00032155760738659174, 'epoch': 2.04}
{'loss': 0.6281, 'learning_rate': 0.00032041062109307793, 'epoch': 2.04}
{'loss': 0.6449, 'learning_rate': 0.0003192636347995642, 'epoch': 2.04}
{'loss': 0.6224, 'learning_rate': 0.00031811664850605036, 'epoch': 2.05}
{'loss': 0.6332, 'learning_rate': 0.0003169696622125366, 'epoch': 2.05}
{'loss': 0.5991, 'learning_rate': 0.00031582267591902274, 'epoch': 2.06}
{'loss': 0.5998, 'learning_rate': 0.000314675689625509, 'epoch': 2.06}
{'eval_loss': 0.5743557214736938, 'eval_bce': 0.5622543281315675, 'eval_n_pos': 2024.0, 'eval_pos_rate': 0.09120814744716327, 'eval_auroc': 0.6517688957285714, 'eval_auprc': 0.19081220645406033, 'eval_mcc': 0.1355417602504948, 'eval_precision': 0.24532535527299926, 'eval_recall': 0.16205533596837945, 'eval_f1': 0.19518000595060994, 'eval_runtime': 153.4774, 'eval_samples_per_second': 144.588, 'eval_steps_per_second': 2.261, 'epoch': 2.06}
{'loss': 0.5933, 'learning_rate': 0.00031352870333199517, 'epoch': 2.06}
{'loss': 0.5914, 'learning_rate': 0.0003123817170384814, 'epoch': 2.07}
{'loss': 0.6145, 'learning_rate': 0.0003112347307449676, 'epoch': 2.07}
{'loss': 0.5911, 'learning_rate': 0.00031008774445145384, 'epoch': 2.07}
{'loss': 0.6072, 'learning_rate': 0.00030894075815794, 'epoch': 2.08}
{'loss': 0.6145, 'learning_rate': 0.00030779377186442627, 'epoch': 2.08}
{'loss': 0.6108, 'learning_rate': 0.0003066467855709124, 'epoch': 2.08}
{'loss': 0.6381, 'learning_rate': 0.00030549979927739864, 'epoch': 2.09}
{'loss': 0.6216, 'learning_rate': 0.00030435281298388483, 'epoch': 2.09}
{'loss': 0.6116, 'learning_rate': 0.0003032058266903711, 'epoch': 2.09}
{'loss': 0.5788, 'learning_rate': 0.00030205884039685726, 'epoch': 2.1}
{'loss': 0.6191, 'learning_rate': 0.0003009118541033435, 'epoch': 2.1}
{'eval_loss': 0.5752487778663635, 'eval_bce': 0.5630502652893369, 'eval_n_pos': 2024.0, 'eval_pos_rate': 0.09120814744716327, 'eval_auroc': 0.6490968030581012, 'eval_auprc': 0.19450007132620772, 'eval_mcc': 0.14126024348681873, 'eval_precision': 0.2498173849525201, 'eval_recall': 0.16897233201581027, 'eval_f1': 0.20159151193633956, 'eval_runtime': 153.5653, 'eval_samples_per_second': 144.505, 'eval_steps_per_second': 2.26, 'epoch': 2.1}
{'loss': 0.5707, 'learning_rate': 0.0002997648678098297, 'epoch': 2.1}
{'loss': 0.6504, 'learning_rate': 0.0002986178815163159, 'epoch': 2.11}
{'loss': 0.6005, 'learning_rate': 0.00029747089522280207, 'epoch': 2.11}
{'loss': 0.6127, 'learning_rate': 0.0002963239089292883, 'epoch': 2.11}
{'loss': 0.6156, 'learning_rate': 0.0002951769226357745, 'epoch': 2.12}
{'loss': 0.6056, 'learning_rate': 0.00029402993634226074, 'epoch': 2.12}
{'loss': 0.5944, 'learning_rate': 0.0002928829500487469, 'epoch': 2.12}
{'loss': 0.6079, 'learning_rate': 0.00029173596375523317, 'epoch': 2.13}
{'loss': 0.6076, 'learning_rate': 0.00029058897746171936, 'epoch': 2.13}
{'loss': 0.6315, 'learning_rate': 0.00028944199116820554, 'epoch': 2.13}
{'loss': 0.5985, 'learning_rate': 0.00028829500487469173, 'epoch': 2.14}
{'loss': 0.628, 'learning_rate': 0.000287148018581178, 'epoch': 2.14}
{'loss': 0.5887, 'learning_rate': 0.00028600103228766416, 'epoch': 2.14}
{'eval_loss': 0.566003143787384, 'eval_bce': 0.5527328038215842, 'eval_n_pos': 2024.0, 'eval_pos_rate': 0.09120814744716327, 'eval_auroc': 0.6491042630007814, 'eval_auprc': 0.19542085703533116, 'eval_mcc': 0.13971809084740638, 'eval_precision': 0.2664266426642664, 'eval_recall': 0.14624505928853754, 'eval_f1': 0.1888357256778309, 'eval_runtime': 153.4736, 'eval_samples_per_second': 144.592, 'eval_steps_per_second': 2.261, 'epoch': 2.14}
{'loss': 0.605, 'learning_rate': 0.0002848540459941504, 'epoch': 2.15}
{'loss': 0.6037, 'learning_rate': 0.0002837070597006366, 'epoch': 2.15}
{'loss': 0.6336, 'learning_rate': 0.00028256007340712283, 'epoch': 2.15}
{'loss': 0.6254, 'learning_rate': 0.000281413087113609, 'epoch': 2.16}
{'loss': 0.598, 'learning_rate': 0.0002802661008200952, 'epoch': 2.16}
{'loss': 0.6138, 'learning_rate': 0.0002791191145265814, 'epoch': 2.17}
{'loss': 0.6112, 'learning_rate': 0.0002779721282330676, 'epoch': 2.17}
{'loss': 0.6205, 'learning_rate': 0.0002768251419395538, 'epoch': 2.17}
{'loss': 0.6031, 'learning_rate': 0.00027567815564604, 'epoch': 2.18}
{'loss': 0.6256, 'learning_rate': 0.00027453116935252626, 'epoch': 2.18}
{'loss': 0.5679, 'learning_rate': 0.00027338418305901244, 'epoch': 2.18}
{'loss': 0.5877, 'learning_rate': 0.0002722371967654987, 'epoch': 2.19}
{'eval_loss': 0.5710026025772095, 'eval_bce': 0.5581166408663313, 'eval_n_pos': 2024.0, 'eval_pos_rate': 0.09120814744716327, 'eval_auroc': 0.650946366613481, 'eval_auprc': 0.19530722940412837, 'eval_mcc': 0.14323816478394033, 'eval_precision': 0.26, 'eval_recall': 0.16057312252964426, 'eval_f1': 0.19853390348197922, 'eval_runtime': 153.6003, 'eval_samples_per_second': 144.472, 'eval_steps_per_second': 2.259, 'epoch': 2.19}
{'loss': 0.625, 'learning_rate': 0.0002710902104719848, 'epoch': 2.19}
{'loss': 0.6186, 'learning_rate': 0.00026994322417847106, 'epoch': 2.19}
{'loss': 0.6014, 'learning_rate': 0.00026879623788495725, 'epoch': 2.2}
{'loss': 0.6135, 'learning_rate': 0.0002676492515914435, 'epoch': 2.2}
{'loss': 0.6111, 'learning_rate': 0.0002665022652979297, 'epoch': 2.2}
{'loss': 0.6317, 'learning_rate': 0.0002653552790044159, 'epoch': 2.21}
{'loss': 0.6384, 'learning_rate': 0.0002642082927109021, 'epoch': 2.21}
{'loss': 0.6037, 'learning_rate': 0.0002630613064173883, 'epoch': 2.21}
{'loss': 0.6063, 'learning_rate': 0.0002619143201238745, 'epoch': 2.22}
{'loss': 0.6009, 'learning_rate': 0.0002607673338303607, 'epoch': 2.22}
{'loss': 0.5986, 'learning_rate': 0.0002596203475368469, 'epoch': 2.22}
{'loss': 0.5998, 'learning_rate': 0.00025847336124333316, 'epoch': 2.23}
{'loss': 0.5985, 'learning_rate': 0.00025732637494981934, 'epoch': 2.23}
{'eval_loss': 0.5665411949157715, 'eval_bce': 0.5532593158139426, 'eval_n_pos': 2024.0, 'eval_pos_rate': 0.09120814744716327, 'eval_auroc': 0.6501545837317686, 'eval_auprc': 0.19799705455350747, 'eval_mcc': 0.14965295146237503, 'eval_precision': 0.2778272484416741, 'eval_recall': 0.1541501976284585, 'eval_f1': 0.1982840800762631, 'eval_runtime': 153.2026, 'eval_samples_per_second': 144.847, 'eval_steps_per_second': 2.265, 'epoch': 2.23}
{'loss': 0.595, 'learning_rate': 0.0002561793886563056, 'epoch': 2.23}
{'loss': 0.6045, 'learning_rate': 0.0002550324023627918, 'epoch': 2.24}
{'loss': 0.5602, 'learning_rate': 0.00025388541606927796, 'epoch': 2.24}
{'loss': 0.5978, 'learning_rate': 0.00025273842977576415, 'epoch': 2.24}
{'loss': 0.6009, 'learning_rate': 0.0002515914434822504, 'epoch': 2.25}
{'loss': 0.5706, 'learning_rate': 0.0002504444571887366, 'epoch': 2.25}
{'loss': 0.5653, 'learning_rate': 0.0002492974708952228, 'epoch': 2.25}
{'loss': 0.6092, 'learning_rate': 0.000248150484601709, 'epoch': 2.26}
{'loss': 0.591, 'learning_rate': 0.0002470034983081952, 'epoch': 2.26}
{'loss': 0.603, 'learning_rate': 0.00024585651201468144, 'epoch': 2.26}
{'loss': 0.6314, 'learning_rate': 0.0002447095257211676, 'epoch': 2.27}
{'loss': 0.5782, 'learning_rate': 0.00024356253942765387, 'epoch': 2.27}
{'eval_loss': 0.5675976276397705, 'eval_bce': 0.5541932906545494, 'eval_n_pos': 2024.0, 'eval_pos_rate': 0.09120814744716327, 'eval_auroc': 0.6536418558201076, 'eval_auprc': 0.19831840523026883, 'eval_mcc': 0.14791082127484903, 'eval_precision': 0.2693911592994162, 'eval_recall': 0.15958498023715414, 'eval_f1': 0.20043437790878066, 'eval_runtime': 153.5527, 'eval_samples_per_second': 144.517, 'eval_steps_per_second': 2.26, 'epoch': 2.27}
{'loss': 0.6389, 'learning_rate': 0.00024241555313414006, 'epoch': 2.27}
{'loss': 0.6205, 'learning_rate': 0.00024126856684062627, 'epoch': 2.28}
{'loss': 0.5968, 'learning_rate': 0.00024012158054711249, 'epoch': 2.28}
{'loss': 0.5929, 'learning_rate': 0.0002389745942535987, 'epoch': 2.29}
{'loss': 0.5664, 'learning_rate': 0.00023782760796008486, 'epoch': 2.29}
{'loss': 0.5912, 'learning_rate': 0.00023668062166657108, 'epoch': 2.29}
{'loss': 0.5946, 'learning_rate': 0.0002355336353730573, 'epoch': 2.3}
{'loss': 0.608, 'learning_rate': 0.0002343866490795435, 'epoch': 2.3}
{'loss': 0.6045, 'learning_rate': 0.0002332396627860297, 'epoch': 2.3}
{'loss': 0.5824, 'learning_rate': 0.0002320926764925159, 'epoch': 2.31}
{'loss': 0.5927, 'learning_rate': 0.00023094569019900212, 'epoch': 2.31}
{'loss': 0.6332, 'learning_rate': 0.0002297987039054883, 'epoch': 2.31}
{'loss': 0.6049, 'learning_rate': 0.00022865171761197453, 'epoch': 2.32}
{'eval_loss': 0.5630638003349304, 'eval_bce': 0.5487960333856235, 'eval_n_pos': 2024.0, 'eval_pos_rate': 0.09120814744716327, 'eval_auroc': 0.6583351397255839, 'eval_auprc': 0.20294901887031408, 'eval_mcc': 0.14893886724043964, 'eval_precision': 0.2769367764915405, 'eval_recall': 0.15365612648221344, 'eval_f1': 0.1976485541785828, 'eval_runtime': 153.5268, 'eval_samples_per_second': 144.542, 'eval_steps_per_second': 2.26, 'epoch': 2.32}
{'loss': 0.5761, 'learning_rate': 0.00022750473131846074, 'epoch': 2.32}
{'loss': 0.6118, 'learning_rate': 0.00022635774502494696, 'epoch': 2.32}
{'loss': 0.5663, 'learning_rate': 0.00022521075873143314, 'epoch': 2.33}
{'loss': 0.6206, 'learning_rate': 0.00022406377243791936, 'epoch': 2.33}
{'loss': 0.6053, 'learning_rate': 0.00022291678614440557, 'epoch': 2.33}
{'loss': 0.5886, 'learning_rate': 0.0002217697998508918, 'epoch': 2.34}
{'loss': 0.6008, 'learning_rate': 0.00022062281355737798, 'epoch': 2.34}
{'loss': 0.6606, 'learning_rate': 0.0002194758272638642, 'epoch': 2.34}
{'loss': 0.618, 'learning_rate': 0.0002183288409703504, 'epoch': 2.35}
{'loss': 0.6111, 'learning_rate': 0.00021718185467683662, 'epoch': 2.35}
{'loss': 0.6102, 'learning_rate': 0.0002160348683833228, 'epoch': 2.35}
{'loss': 0.598, 'learning_rate': 0.00021488788208980902, 'epoch': 2.36}
{'eval_loss': 0.5677305459976196, 'eval_bce': 0.5540883185454476, 'eval_n_pos': 2024.0, 'eval_pos_rate': 0.09120814744716327, 'eval_auroc': 0.6562894127513523, 'eval_auprc': 0.1985485567060197, 'eval_mcc': 0.14639868257565508, 'eval_precision': 0.26357827476038337, 'eval_recall': 0.16304347826086957, 'eval_f1': 0.20146520146520147, 'eval_runtime': 153.424, 'eval_samples_per_second': 144.638, 'eval_steps_per_second': 2.262, 'epoch': 2.36}
{'loss': 0.6226, 'learning_rate': 0.00021374089579629524, 'epoch': 2.36}
{'loss': 0.6338, 'learning_rate': 0.00021259390950278145, 'epoch': 2.36}
{'loss': 0.6061, 'learning_rate': 0.00021144692320926764, 'epoch': 2.37}
{'loss': 0.5992, 'learning_rate': 0.00021029993691575386, 'epoch': 2.37}
{'loss': 0.6091, 'learning_rate': 0.00020915295062224007, 'epoch': 2.37}
{'loss': 0.5845, 'learning_rate': 0.00020800596432872629, 'epoch': 2.38}
{'loss': 0.5849, 'learning_rate': 0.00020685897803521247, 'epoch': 2.38}
{'loss': 0.6085, 'learning_rate': 0.0002057119917416987, 'epoch': 2.38}
{'loss': 0.5982, 'learning_rate': 0.0002045650054481849, 'epoch': 2.39}
{'loss': 0.5992, 'learning_rate': 0.00020341801915467112, 'epoch': 2.39}
{'loss': 0.5761, 'learning_rate': 0.0002022710328611573, 'epoch': 2.39}
{'loss': 0.5895, 'learning_rate': 0.00020112404656764352, 'epoch': 2.4}
{'loss': 0.6281, 'learning_rate': 0.00019997706027412974, 'epoch': 2.4}
{'eval_loss': 0.5689918398857117, 'eval_bce': 0.5558471207961966, 'eval_n_pos': 2024.0, 'eval_pos_rate': 0.09120814744716327, 'eval_auroc': 0.6520399648116096, 'eval_auprc': 0.19231920779330763, 'eval_mcc': 0.13972192297191763, 'eval_precision': 0.2553699284009546, 'eval_recall': 0.15859683794466403, 'eval_f1': 0.19567205120390121, 'eval_runtime': 153.5172, 'eval_samples_per_second': 144.551, 'eval_steps_per_second': 2.26, 'epoch': 2.4}
{'loss': 0.631, 'learning_rate': 0.00019883007398061592, 'epoch': 2.41}
{'loss': 0.6094, 'learning_rate': 0.00019768308768710214, 'epoch': 2.41}
{'loss': 0.6076, 'learning_rate': 0.00019653610139358835, 'epoch': 2.41}
{'loss': 0.5917, 'learning_rate': 0.00019538911510007457, 'epoch': 2.42}
{'loss': 0.5786, 'learning_rate': 0.00019424212880656076, 'epoch': 2.42}
{'loss': 0.6203, 'learning_rate': 0.00019309514251304697, 'epoch': 2.42}
{'loss': 0.6235, 'learning_rate': 0.00019194815621953319, 'epoch': 2.43}
{'loss': 0.5965, 'learning_rate': 0.0001908011699260194, 'epoch': 2.43}
{'loss': 0.569, 'learning_rate': 0.0001896541836325056, 'epoch': 2.43}
{'loss': 0.6275, 'learning_rate': 0.0001885071973389918, 'epoch': 2.44}
{'loss': 0.5786, 'learning_rate': 0.00018736021104547802, 'epoch': 2.44}
{'loss': 0.6102, 'learning_rate': 0.00018621322475196423, 'epoch': 2.44}
{'eval_loss': 0.5660867691040039, 'eval_bce': 0.5531599701284916, 'eval_n_pos': 2024.0, 'eval_pos_rate': 0.09120814744716327, 'eval_auroc': 0.6518982993976581, 'eval_auprc': 0.19172914239182687, 'eval_mcc': 0.14258787288545724, 'eval_precision': 0.2626766417290108, 'eval_recall': 0.15612648221343872, 'eval_f1': 0.19584753641152772, 'eval_runtime': 153.4485, 'eval_samples_per_second': 144.615, 'eval_steps_per_second': 2.261, 'epoch': 2.44}
{'loss': 0.6402, 'learning_rate': 0.00018506623845845042, 'epoch': 2.45}
{'loss': 0.5943, 'learning_rate': 0.00018391925216493664, 'epoch': 2.45}
{'loss': 0.6333, 'learning_rate': 0.00018277226587142285, 'epoch': 2.45}
{'loss': 0.6198, 'learning_rate': 0.00018162527957790907, 'epoch': 2.46}
{'loss': 0.6315, 'learning_rate': 0.00018047829328439525, 'epoch': 2.46}
{'loss': 0.6111, 'learning_rate': 0.00017933130699088147, 'epoch': 2.46}
{'loss': 0.5767, 'learning_rate': 0.00017818432069736768, 'epoch': 2.47}
{'loss': 0.6156, 'learning_rate': 0.0001770373344038539, 'epoch': 2.47}
{'loss': 0.6075, 'learning_rate': 0.00017589034811034009, 'epoch': 2.47}
{'loss': 0.5927, 'learning_rate': 0.0001747433618168263, 'epoch': 2.48}
{'loss': 0.5838, 'learning_rate': 0.00017359637552331252, 'epoch': 2.48}
{'loss': 0.614, 'learning_rate': 0.00017244938922979873, 'epoch': 2.48}
{'loss': 0.5893, 'learning_rate': 0.00017130240293628492, 'epoch': 2.49}
{'eval_loss': 0.5606713891029358, 'eval_bce': 0.546760644671781, 'eval_n_pos': 2024.0, 'eval_pos_rate': 0.09120814744716327, 'eval_auroc': 0.6545991538832566, 'eval_auprc': 0.19682259339680938, 'eval_mcc': 0.14606550027837772, 'eval_precision': 0.281431334622824, 'eval_recall': 0.14377470355731226, 'eval_f1': 0.19032047089601048, 'eval_runtime': 153.5239, 'eval_samples_per_second': 144.544, 'eval_steps_per_second': 2.26, 'epoch': 2.49}
{'loss': 0.578, 'learning_rate': 0.00017015541664277113, 'epoch': 2.49}
{'loss': 0.5702, 'learning_rate': 0.00016900843034925735, 'epoch': 2.49}
{'loss': 0.6075, 'learning_rate': 0.00016786144405574356, 'epoch': 2.5}
{'loss': 0.608, 'learning_rate': 0.00016671445776222975, 'epoch': 2.5}
{'loss': 0.5898, 'learning_rate': 0.00016556747146871597, 'epoch': 2.5}
{'loss': 0.6016, 'learning_rate': 0.00016442048517520218, 'epoch': 2.51}
{'loss': 0.5878, 'learning_rate': 0.00016327349888168834, 'epoch': 2.51}
{'loss': 0.5976, 'learning_rate': 0.00016212651258817456, 'epoch': 2.52}
{'loss': 0.5954, 'learning_rate': 0.00016097952629466077, 'epoch': 2.52}
{'loss': 0.6039, 'learning_rate': 0.00015983254000114699, 'epoch': 2.52}
{'loss': 0.5975, 'learning_rate': 0.00015868555370763317, 'epoch': 2.53}
{'loss': 0.5912, 'learning_rate': 0.0001575385674141194, 'epoch': 2.53}
{'eval_loss': 0.5610017776489258, 'eval_bce': 0.5475216034144388, 'eval_n_pos': 2024.0, 'eval_pos_rate': 0.09120814744716327, 'eval_auroc': 0.6544628537482771, 'eval_auprc': 0.1959876412362346, 'eval_mcc': 0.1433517627754588, 'eval_precision': 0.2700534759358289, 'eval_recall': 0.14970355731225296, 'eval_f1': 0.19262555626191988, 'eval_runtime': 153.5329, 'eval_samples_per_second': 144.536, 'eval_steps_per_second': 2.26, 'epoch': 2.53}
{'loss': 0.6144, 'learning_rate': 0.0001563915811206056, 'epoch': 2.53}
{'loss': 0.6047, 'learning_rate': 0.00015524459482709182, 'epoch': 2.54}
{'loss': 0.6341, 'learning_rate': 0.000154097608533578, 'epoch': 2.54}
{'loss': 0.617, 'learning_rate': 0.00015295062224006422, 'epoch': 2.54}
{'loss': 0.6284, 'learning_rate': 0.00015180363594655044, 'epoch': 2.55}
{'loss': 0.6016, 'learning_rate': 0.00015065664965303665, 'epoch': 2.55}
{'loss': 0.5786, 'learning_rate': 0.00014950966335952284, 'epoch': 2.55}
{'loss': 0.5875, 'learning_rate': 0.00014836267706600905, 'epoch': 2.56}
{'loss': 0.5959, 'learning_rate': 0.00014721569077249527, 'epoch': 2.56}
{'loss': 0.5857, 'learning_rate': 0.00014606870447898148, 'epoch': 2.56}
{'loss': 0.6039, 'learning_rate': 0.00014492171818546767, 'epoch': 2.57}
{'loss': 0.5985, 'learning_rate': 0.00014377473189195389, 'epoch': 2.57}
{'loss': 0.5988, 'learning_rate': 0.0001426277455984401, 'epoch': 2.57}
{'eval_loss': 0.5616891384124756, 'eval_bce': 0.5482655997729466, 'eval_n_pos': 2024.0, 'eval_pos_rate': 0.09120814744716327, 'eval_auroc': 0.6540824334200729, 'eval_auprc': 0.1954898049523258, 'eval_mcc': 0.14220369092013288, 'eval_precision': 0.26373626373626374, 'eval_recall': 0.1541501976284585, 'eval_f1': 0.19457436856875582, 'eval_runtime': 153.2401, 'eval_samples_per_second': 144.812, 'eval_steps_per_second': 2.264, 'epoch': 2.57}
{'loss': 0.6185, 'learning_rate': 0.00014148075930492631, 'epoch': 2.58}
{'loss': 0.5936, 'learning_rate': 0.0001403337730114125, 'epoch': 2.58}
{'loss': 0.6131, 'learning_rate': 0.00013918678671789872, 'epoch': 2.58}
{'loss': 0.5917, 'learning_rate': 0.00013803980042438493, 'epoch': 2.59}
{'loss': 0.5935, 'learning_rate': 0.00013689281413087115, 'epoch': 2.59}
{'loss': 0.5953, 'learning_rate': 0.00013574582783735734, 'epoch': 2.59}
{'loss': 0.6039, 'learning_rate': 0.00013459884154384355, 'epoch': 2.6}
{'loss': 0.5776, 'learning_rate': 0.00013345185525032976, 'epoch': 2.6}
{'loss': 0.5839, 'learning_rate': 0.00013230486895681598, 'epoch': 2.6}
{'loss': 0.6177, 'learning_rate': 0.00013115788266330217, 'epoch': 2.61}
{'loss': 0.5983, 'learning_rate': 0.00013001089636978838, 'epoch': 2.61}
{'loss': 0.6214, 'learning_rate': 0.0001288639100762746, 'epoch': 2.61}
{'eval_loss': 0.5589846968650818, 'eval_bce': 0.5455768912696816, 'eval_n_pos': 2024.0, 'eval_pos_rate': 0.09120814744716327, 'eval_auroc': 0.6548206737575238, 'eval_auprc': 0.19590984726500676, 'eval_mcc': 0.13940797219575932, 'eval_precision': 0.26678765880217786, 'eval_recall': 0.14525691699604742, 'eval_f1': 0.18809980806142035, 'eval_runtime': 153.3751, 'eval_samples_per_second': 144.684, 'eval_steps_per_second': 2.262, 'epoch': 2.62}
{'loss': 0.5868, 'learning_rate': 0.00012771692378276079, 'epoch': 2.62}
{'loss': 0.6187, 'learning_rate': 0.000126569937489247, 'epoch': 2.62}
{'loss': 0.6144, 'learning_rate': 0.00012542295119573321, 'epoch': 2.62}
{'loss': 0.5699, 'learning_rate': 0.0001242759649022194, 'epoch': 2.63}
{'loss': 0.5834, 'learning_rate': 0.00012312897860870562, 'epoch': 2.63}
{'loss': 0.6126, 'learning_rate': 0.00012198199231519183, 'epoch': 2.64}
{'loss': 0.6266, 'learning_rate': 0.00012083500602167805, 'epoch': 2.64}
{'loss': 0.5844, 'learning_rate': 0.00011968801972816425, 'epoch': 2.64}
{'loss': 0.6193, 'learning_rate': 0.00011854103343465046, 'epoch': 2.65}
{'loss': 0.6094, 'learning_rate': 0.00011739404714113666, 'epoch': 2.65}
{'loss': 0.5911, 'learning_rate': 0.00011624706084762288, 'epoch': 2.65}
{'loss': 0.6531, 'learning_rate': 0.00011510007455410908, 'epoch': 2.66}
{'loss': 0.5694, 'learning_rate': 0.0001139530882605953, 'epoch': 2.66}
{'eval_loss': 0.5581396222114563, 'eval_bce': 0.5444390398456674, 'eval_n_pos': 2024.0, 'eval_pos_rate': 0.09120814744716327, 'eval_auroc': 0.653577570468407, 'eval_auprc': 0.19699462438559723, 'eval_mcc': 0.1407653284668515, 'eval_precision': 0.2734225621414914, 'eval_recall': 0.14130434782608695, 'eval_f1': 0.18631921824104233, 'eval_runtime': 153.4479, 'eval_samples_per_second': 144.616, 'eval_steps_per_second': 2.261, 'epoch': 2.66}
{'loss': 0.5969, 'learning_rate': 0.0001128061019670815, 'epoch': 2.66}
{'loss': 0.623, 'learning_rate': 0.00011165911567356771, 'epoch': 2.67}
{'loss': 0.6343, 'learning_rate': 0.00011051212938005391, 'epoch': 2.67}
{'loss': 0.5768, 'learning_rate': 0.00010936514308654013, 'epoch': 2.67}
{'loss': 0.6144, 'learning_rate': 0.00010821815679302633, 'epoch': 2.68}
{'loss': 0.5947, 'learning_rate': 0.00010707117049951254, 'epoch': 2.68}
{'loss': 0.6202, 'learning_rate': 0.00010592418420599873, 'epoch': 2.68}
{'loss': 0.586, 'learning_rate': 0.00010477719791248495, 'epoch': 2.69}
{'loss': 0.6135, 'learning_rate': 0.00010363021161897115, 'epoch': 2.69}
{'loss': 0.5986, 'learning_rate': 0.00010248322532545736, 'epoch': 2.69}
{'loss': 0.6088, 'learning_rate': 0.00010133623903194356, 'epoch': 2.7}
{'loss': 0.5929, 'learning_rate': 0.00010018925273842978, 'epoch': 2.7}
{'eval_loss': 0.5612456202507019, 'eval_bce': 0.5478237790006765, 'eval_n_pos': 2024.0, 'eval_pos_rate': 0.09120814744716327, 'eval_auroc': 0.6538809904687167, 'eval_auprc': 0.19637116458003695, 'eval_mcc': 0.14562081327341328, 'eval_precision': 0.2701298701298701, 'eval_recall': 0.1541501976284585, 'eval_f1': 0.19628814092481914, 'eval_runtime': 153.5424, 'eval_samples_per_second': 144.527, 'eval_steps_per_second': 2.26, 'epoch': 2.7}
{'loss': 0.614, 'learning_rate': 9.904226644491598e-05, 'epoch': 2.7}
{'loss': 0.5764, 'learning_rate': 9.78952801514022e-05, 'epoch': 2.71}
{'loss': 0.6337, 'learning_rate': 9.67482938578884e-05, 'epoch': 2.71}
{'loss': 0.594, 'learning_rate': 9.56013075643746e-05, 'epoch': 2.71}
{'loss': 0.588, 'learning_rate': 9.445432127086081e-05, 'epoch': 2.72}
{'loss': 0.5849, 'learning_rate': 9.330733497734701e-05, 'epoch': 2.72}
{'loss': 0.5995, 'learning_rate': 9.216034868383323e-05, 'epoch': 2.72}
{'loss': 0.604, 'learning_rate': 9.101336239031943e-05, 'epoch': 2.73}
{'loss': 0.6395, 'learning_rate': 8.986637609680565e-05, 'epoch': 2.73}
{'loss': 0.5976, 'learning_rate': 8.871938980329185e-05, 'epoch': 2.73}
{'loss': 0.5963, 'learning_rate': 8.757240350977806e-05, 'epoch': 2.74}
{'loss': 0.6055, 'learning_rate': 8.642541721626426e-05, 'epoch': 2.74}
{'loss': 0.6077, 'learning_rate': 8.527843092275048e-05, 'epoch': 2.74}
{'eval_loss': 0.5579749941825867, 'eval_bce': 0.5441128023317682, 'eval_n_pos': 2024.0, 'eval_pos_rate': 0.09120814744716327, 'eval_auroc': 0.6535852754009946, 'eval_auprc': 0.1968142843297374, 'eval_mcc': 0.14437034696221757, 'eval_precision': 0.27347310847766637, 'eval_recall': 0.1482213438735178, 'eval_f1': 0.19224607497596924, 'eval_runtime': 153.4991, 'eval_samples_per_second': 144.568, 'eval_steps_per_second': 2.261, 'epoch': 2.74}
{'loss': 0.5948, 'learning_rate': 8.413144462923668e-05, 'epoch': 2.75}
{'loss': 0.5975, 'learning_rate': 8.29844583357229e-05, 'epoch': 2.75}
{'loss': 0.5943, 'learning_rate': 8.18374720422091e-05, 'epoch': 2.76}
{'loss': 0.6392, 'learning_rate': 8.069048574869531e-05, 'epoch': 2.76}
{'loss': 0.5938, 'learning_rate': 7.954349945518151e-05, 'epoch': 2.76}
{'loss': 0.5827, 'learning_rate': 7.839651316166773e-05, 'epoch': 2.77}
{'loss': 0.6116, 'learning_rate': 7.724952686815393e-05, 'epoch': 2.77}
{'loss': 0.6046, 'learning_rate': 7.610254057464014e-05, 'epoch': 2.77}
{'loss': 0.6289, 'learning_rate': 7.495555428112634e-05, 'epoch': 2.78}
{'loss': 0.5664, 'learning_rate': 7.380856798761256e-05, 'epoch': 2.78}
{'loss': 0.579, 'learning_rate': 7.266158169409876e-05, 'epoch': 2.78}
{'loss': 0.586, 'learning_rate': 7.151459540058498e-05, 'epoch': 2.79}
{'eval_loss': 0.559704601764679, 'eval_bce': 0.5461300236949481, 'eval_n_pos': 2024.0, 'eval_pos_rate': 0.09120814744716327, 'eval_auroc': 0.6520066216852131, 'eval_auprc': 0.1962764930637373, 'eval_mcc': 0.14740400239667648, 'eval_precision': 0.2725694444444444, 'eval_recall': 0.1551383399209486, 'eval_f1': 0.1977329974811083, 'eval_runtime': 153.2372, 'eval_samples_per_second': 144.815, 'eval_steps_per_second': 2.264, 'epoch': 2.79}
{'loss': 0.6223, 'learning_rate': 7.036760910707118e-05, 'epoch': 2.79}
{'loss': 0.5609, 'learning_rate': 6.922062281355739e-05, 'epoch': 2.79}
{'loss': 0.6194, 'learning_rate': 6.807363652004358e-05, 'epoch': 2.8}
{'loss': 0.6163, 'learning_rate': 6.69266502265298e-05, 'epoch': 2.8}
{'loss': 0.5979, 'learning_rate': 6.5779663933016e-05, 'epoch': 2.8}
{'loss': 0.5652, 'learning_rate': 6.463267763950221e-05, 'epoch': 2.81}
{'loss': 0.5792, 'learning_rate': 6.348569134598841e-05, 'epoch': 2.81}
{'loss': 0.5804, 'learning_rate': 6.233870505247463e-05, 'epoch': 2.81}
{'loss': 0.5716, 'learning_rate': 6.119171875896083e-05, 'epoch': 2.82}
{'loss': 0.603, 'learning_rate': 6.004473246544704e-05, 'epoch': 2.82}
{'loss': 0.5919, 'learning_rate': 5.889774617193325e-05, 'epoch': 2.82}
{'loss': 0.6006, 'learning_rate': 5.775075987841945e-05, 'epoch': 2.83}
{'loss': 0.6112, 'learning_rate': 5.660377358490566e-05, 'epoch': 2.83}
{'eval_loss': 0.5595162510871887, 'eval_bce': 0.5457685738165913, 'eval_n_pos': 2024.0, 'eval_pos_rate': 0.09120814744716327, 'eval_auroc': 0.6544761689497441, 'eval_auprc': 0.19775290915872604, 'eval_mcc': 0.14206858063052855, 'eval_precision': 0.2671353251318102, 'eval_recall': 0.15019762845849802, 'eval_f1': 0.1922833649588868, 'eval_runtime': 153.4363, 'eval_samples_per_second': 144.627, 'eval_steps_per_second': 2.262, 'epoch': 2.83}
{'loss': 0.5887, 'learning_rate': 5.545678729139187e-05, 'epoch': 2.83}
{'loss': 0.6179, 'learning_rate': 5.4309800997878076e-05, 'epoch': 2.84}
{'loss': 0.596, 'learning_rate': 5.3162814704364285e-05, 'epoch': 2.84}
{'loss': 0.6356, 'learning_rate': 5.201582841085049e-05, 'epoch': 2.84}
{'loss': 0.6106, 'learning_rate': 5.08688421173367e-05, 'epoch': 2.85}
{'loss': 0.6083, 'learning_rate': 4.972185582382291e-05, 'epoch': 2.85}
{'loss': 0.6012, 'learning_rate': 4.857486953030912e-05, 'epoch': 2.85}
{'loss': 0.5915, 'learning_rate': 4.7427883236795325e-05, 'epoch': 2.86}
{'loss': 0.6193, 'learning_rate': 4.628089694328153e-05, 'epoch': 2.86}
{'loss': 0.6172, 'learning_rate': 4.5133910649767735e-05, 'epoch': 2.86}
{'loss': 0.5845, 'learning_rate': 4.398692435625394e-05, 'epoch': 2.87}
{'loss': 0.608, 'learning_rate': 4.283993806274015e-05, 'epoch': 2.87}
{'eval_loss': 0.5600444078445435, 'eval_bce': 0.5464929226535288, 'eval_n_pos': 2024.0, 'eval_pos_rate': 0.09120814744716327, 'eval_auroc': 0.6533651887176856, 'eval_auprc': 0.19642983863900615, 'eval_mcc': 0.1405411883968015, 'eval_precision': 0.2633390705679862, 'eval_recall': 0.15118577075098813, 'eval_f1': 0.19209039548022597, 'eval_runtime': 153.374, 'eval_samples_per_second': 144.686, 'eval_steps_per_second': 2.262, 'epoch': 2.87}
{'loss': 0.6139, 'learning_rate': 4.169295176922636e-05, 'epoch': 2.88}
{'loss': 0.5945, 'learning_rate': 4.054596547571257e-05, 'epoch': 2.88}
{'loss': 0.605, 'learning_rate': 3.939897918219877e-05, 'epoch': 2.88}
{'loss': 0.5883, 'learning_rate': 3.8251992888684976e-05, 'epoch': 2.89}
{'loss': 0.6148, 'learning_rate': 3.7105006595171184e-05, 'epoch': 2.89}
{'loss': 0.6201, 'learning_rate': 3.595802030165739e-05, 'epoch': 2.89}
{'loss': 0.5885, 'learning_rate': 3.48110340081436e-05, 'epoch': 2.9}
{'loss': 0.5895, 'learning_rate': 3.366404771462981e-05, 'epoch': 2.9}
{'loss': 0.6055, 'learning_rate': 3.251706142111602e-05, 'epoch': 2.9}
{'loss': 0.5766, 'learning_rate': 3.1370075127602225e-05, 'epoch': 2.91}
{'loss': 0.5861, 'learning_rate': 3.0223088834088433e-05, 'epoch': 2.91}
{'loss': 0.5972, 'learning_rate': 2.907610254057464e-05, 'epoch': 2.91}
{'loss': 0.5918, 'learning_rate': 2.792911624706085e-05, 'epoch': 2.92}
{'eval_loss': 0.5603331327438354, 'eval_bce': 0.5467651284393016, 'eval_n_pos': 2024.0, 'eval_pos_rate': 0.09120814744716327, 'eval_auroc': 0.6530423900157009, 'eval_auprc': 0.1966789199235085, 'eval_mcc': 0.1407588372782887, 'eval_precision': 0.26329331046312177, 'eval_recall': 0.15167984189723321, 'eval_f1': 0.19247648902821315, 'eval_runtime': 153.0488, 'eval_samples_per_second': 144.993, 'eval_steps_per_second': 2.267, 'epoch': 2.92}
{'loss': 0.606, 'learning_rate': 2.6782129953547057e-05, 'epoch': 2.92}
{'loss': 0.6152, 'learning_rate': 2.5635143660033266e-05, 'epoch': 2.92}
{'loss': 0.6283, 'learning_rate': 2.448815736651947e-05, 'epoch': 2.93}
{'loss': 0.6198, 'learning_rate': 2.334117107300568e-05, 'epoch': 2.93}
{'loss': 0.6316, 'learning_rate': 2.2194184779491886e-05, 'epoch': 2.93}
{'loss': 0.6058, 'learning_rate': 2.1047198485978095e-05, 'epoch': 2.94}
{'loss': 0.5985, 'learning_rate': 1.99002121924643e-05, 'epoch': 2.94}
{'loss': 0.5899, 'learning_rate': 1.8753225898950507e-05, 'epoch': 2.94}
{'loss': 0.6044, 'learning_rate': 1.7606239605436715e-05, 'epoch': 2.95}
{'loss': 0.5998, 'learning_rate': 1.6459253311922924e-05, 'epoch': 2.95}
{'loss': 0.6053, 'learning_rate': 1.5312267018409128e-05, 'epoch': 2.95}
{'loss': 0.5963, 'learning_rate': 1.4165280724895338e-05, 'epoch': 2.96}
{'eval_loss': 0.5582117438316345, 'eval_bce': 0.5444011600450664, 'eval_n_pos': 2024.0, 'eval_pos_rate': 0.09120814744716327, 'eval_auroc': 0.6533282442396503, 'eval_auprc': 0.1967158989650638, 'eval_mcc': 0.1423869780140202, 'eval_precision': 0.26868327402135234, 'eval_recall': 0.1492094861660079, 'eval_f1': 0.19186785260482847, 'eval_runtime': 153.5071, 'eval_samples_per_second': 144.56, 'eval_steps_per_second': 2.26, 'epoch': 2.96}
{'loss': 0.6194, 'learning_rate': 1.3018294431381544e-05, 'epoch': 2.96}
{'loss': 0.6113, 'learning_rate': 1.1871308137867753e-05, 'epoch': 2.96}
{'loss': 0.6087, 'learning_rate': 1.072432184435396e-05, 'epoch': 2.97}
{'loss': 0.6102, 'learning_rate': 9.577335550840169e-06, 'epoch': 2.97}
{'loss': 0.5836, 'learning_rate': 8.430349257326375e-06, 'epoch': 2.97}
{'loss': 0.6132, 'learning_rate': 7.2833629638125824e-06, 'epoch': 2.98}
{'loss': 0.5979, 'learning_rate': 6.1363766702987905e-06, 'epoch': 2.98}
{'loss': 0.6031, 'learning_rate': 4.989390376784997e-06, 'epoch': 2.99}
{'loss': 0.6115, 'learning_rate': 3.842404083271205e-06, 'epoch': 2.99}
{'loss': 0.5887, 'learning_rate': 2.6954177897574127e-06, 'epoch': 2.99}
{'loss': 0.5903, 'learning_rate': 1.5484314962436198e-06, 'epoch': 3.0}
{'loss': 0.5986, 'learning_rate': 4.014452027298274e-07, 'epoch': 3.0}
{'train_runtime': 14993.7263, 'train_samples_per_second': 37.316, 'train_steps_per_second': 1.166, 'train_loss': 0.6207805495186614, 'epoch': 3.0}
    dev AUROC = 0.6583351397255839
[STEP 5c] BEST 2a: s=20 dev_AUROC=0.6652729721646387 ckpt=/home/asm242/palmer_scratch/entexBERT-2_experiments/EN-TEx/experiments/stage2_ctcf_clf_stem/runs/clf_2a_s20
[STEP 5c] OK

=== STEP 6c: SKIPPED (RUN_2B=0; 2b degraded the no-stem head). Scoring 2a only. ===
[STEP 6c] OK

=== STEP 7c: score (leak-free) ===
--- scoring 2a (/home/asm242/palmer_scratch/entexBERT-2_experiments/EN-TEx/experiments/stage2_ctcf_clf_stem/runs/clf_2a_s20) ---
[load] ADASTRA eval: 251791 rows (pos=9071, neg=242720)
[windows] built 251791/251791  (dropped: 0 out-of-bounds, 0 bad-chrom; hg38-base!=ref on 0 kept rows)
[score] running twin inference on 251791 variants (dump_embeddings=False)...
Loaded weights from /home/asm242/palmer_scratch/entexBERT-2_experiments/EN-TEx/experiments/stage2_ctcf_clf_stem/runs/clf_2a_s20/pytorch_model.bin
  missing keys: 0 | unexpected keys: 0
[score] task=classification -> ranking AUROC on 'delta'
[leakage] train.meta.csv: +16193 bins, 16193 seen total
[leakage] dev.meta.csv: +2019 bins, 18212 seen total
[leakage] 206210/251791 eval variants (81.90%) in a seen bin; 7480 ASB-positive. Dropped for leak_free.
[AUROC:full] balanced 9071 pos + 9071 neg  AUROC=0.7247 95%CI[0.7174,0.7312]  AUPRC=0.7462
[AUROC:leak_free] balanced 1591 pos + 1591 neg  AUROC=0.7271 95%CI[0.7100,0.7434]  AUPRC=0.7472

=== entexBERT-2 vs benchmark models (CTCF_AUROC, 11 models) ===
      Sei                  DNN       0.7668
      DeepSEA              DNN       0.7664
      Enformer             DNN       0.7338
  >>> entexBERT-2 (this run)   0.7271  <<<
      DeepBind_ChIP-seq    DNN       0.6596
      DeepBind_HT-SELEX    DNN       0.6296
      deltaSVM_ChIP-seq    kmer/gkm  0.6118
      tRap                 PWM       0.6076
      FABIAN-variant       PWM       0.5514
      Beluga               DNN       0.5423
      atSNP                PWM       0.5312
      motifbreakR          PWM       0.5283

[done] wrote /home/asm242/palmer_scratch/entexBERT-2_experiments/EN-TEx/experiments/stage2_ctcf_clf_stem/score_clf_2a_adastra_metrics.json + /home/asm242/palmer_scratch/entexBERT-2_experiments/EN-TEx/experiments/stage2_ctcf_clf_stem/score_clf_2a_adastra_perVariant.csv.gz
[filter] total_reads>=20: 790085/2391015 rows kept
[load] 790085 hetSNV rows over donors=['ENC-001', 'ENC-002', 'ENC-003', 'ENC-004']
[leakage] train.meta.csv: +16193 bins, 16193 seen total
[leakage] dev.meta.csv: +2019 bins, 18212 seen total

===== donor ENC-001: 176390 rows (pos=11296, neg=165094) =====
[windows] built 176390/176390  (dropped: 0 out-of-bounds, 0 bad-chrom; hg38-base!=ref on 0 kept rows)
[score] running twin inference on 176390 variants (dump_embeddings=False)...
Loaded weights from /home/asm242/palmer_scratch/entexBERT-2_experiments/EN-TEx/experiments/stage2_ctcf_clf_stem/runs/clf_2a_s20/pytorch_model.bin
  missing keys: 0 | unexpected keys: 0
[leakage] 158545/176390 ENC-001 (cross-donor) variants in a seen bin (10090 positive).
  [ENC-001:full] AUROC=0.6508 CI[0.6433,0.6578] AUPRC=0.6883 n_pos=11296 | mag_Spearman=nan signed_Spearman=nan
  [ENC-001:leak_free] AUROC=0.6178 CI[0.5967,0.6393] AUPRC=0.6365 n_pos=1206 | mag_Spearman=nan signed_Spearman=nan
  --- per-tissue [leak_free] (>= 20 pos & neg) ---
    Peyers_patch                     AUROC=0.6585 n_pos=68 mag_Sp=nan
    adrenal_gland                    AUROC=0.6601 n_pos=78 mag_Sp=nan
    body_of_pancreas                 AUROC=0.7112 n_pos=189 mag_Sp=nan
    esophagus_muscularis_mucosa      AUROC=0.6212 n_pos=50 mag_Sp=nan
    esophagus_squamous_epithelium    AUROC=0.5967 n_pos=70 mag_Sp=nan
    gastroesophageal_sphincter       AUROC=0.6274 n_pos=38 mag_Sp=nan
    prostate_gland                   AUROC=0.6202 n_pos=98 mag_Sp=nan
    spleen                           AUROC=0.5344 n_pos=25 mag_Sp=nan
    testis                           AUROC=0.6198 n_pos=34 mag_Sp=nan
    thoracic_aorta                   AUROC=0.6711 n_pos=106 mag_Sp=nan
    tibial_artery                    AUROC=0.5857 n_pos=91 mag_Sp=nan
    tibial_nerve                     AUROC=0.5858 n_pos=52 mag_Sp=nan
    transverse_colon                 AUROC=0.6604 n_pos=143 mag_Sp=nan
    upper_lobe_of_left_lung          AUROC=0.6794 n_pos=110 mag_Sp=nan

===== donor ENC-002: 202506 rows (pos=10877, neg=191629) =====
[windows] built 202506/202506  (dropped: 0 out-of-bounds, 0 bad-chrom; hg38-base!=ref on 0 kept rows)
[score] running twin inference on 202506 variants (dump_embeddings=False)...
Loaded weights from /home/asm242/palmer_scratch/entexBERT-2_experiments/EN-TEx/experiments/stage2_ctcf_clf_stem/runs/clf_2a_s20/pytorch_model.bin
  missing keys: 0 | unexpected keys: 0
[leakage] 180810/202506 ENC-002 (matched) variants in a seen bin (9668 positive).
  [ENC-002:full] AUROC=0.6808 CI[0.6734,0.6879] AUPRC=0.7264 n_pos=10877 | mag_Spearman=nan signed_Spearman=nan
  [ENC-002:leak_free] AUROC=0.6692 CI[0.6491,0.6900] AUPRC=0.7195 n_pos=1209 | mag_Spearman=nan signed_Spearman=nan
  --- per-tissue [leak_free] (>= 20 pos & neg) ---
    Peyers_patch                     AUROC=0.7119 n_pos=101 mag_Sp=nan
    adrenal_gland                    AUROC=0.7101 n_pos=81 mag_Sp=nan
    body_of_pancreas                 AUROC=0.5877 n_pos=138 mag_Sp=nan
    breast_epithelium                AUROC=0.6162 n_pos=32 mag_Sp=nan
    esophagus_muscularis_mucosa      AUROC=0.6786 n_pos=84 mag_Sp=nan
    esophagus_squamous_epithelium    AUROC=0.7574 n_pos=107 mag_Sp=nan
    gastroesophageal_sphincter       AUROC=0.5048 n_pos=49 mag_Sp=nan
    prostate_gland                   AUROC=0.6008 n_pos=56 mag_Sp=nan
    sigmoid_colon                    AUROC=0.6468 n_pos=42 mag_Sp=nan
    spleen                           AUROC=0.7036 n_pos=183 mag_Sp=nan
    testis                           AUROC=0.5216 n_pos=25 mag_Sp=nan
    thyroid_gland                    AUROC=0.7344 n_pos=101 mag_Sp=nan
    transverse_colon                 AUROC=0.6594 n_pos=73 mag_Sp=nan
    upper_lobe_of_left_lung          AUROC=0.6047 n_pos=98 mag_Sp=nan

===== donor ENC-003: 196350 rows (pos=10462, neg=185888) =====
[windows] built 196350/196350  (dropped: 0 out-of-bounds, 0 bad-chrom; hg38-base!=ref on 0 kept rows)
[score] running twin inference on 196350 variants (dump_embeddings=False)...
Loaded weights from /home/asm242/palmer_scratch/entexBERT-2_experiments/EN-TEx/experiments/stage2_ctcf_clf_stem/runs/clf_2a_s20/pytorch_model.bin
  missing keys: 0 | unexpected keys: 0
[leakage] 175316/196350 ENC-003 (cross-donor) variants in a seen bin (9351 positive).
  [ENC-003:full] AUROC=0.6677 CI[0.6608,0.6751] AUPRC=0.7035 n_pos=10462 | mag_Spearman=nan signed_Spearman=nan
  [ENC-003:leak_free] AUROC=0.6501 CI[0.6261,0.6713] AUPRC=0.6861 n_pos=1111 | mag_Spearman=nan signed_Spearman=nan
  --- per-tissue [leak_free] (>= 20 pos & neg) ---
    Peyers_patch                     AUROC=0.6969 n_pos=85 mag_Sp=nan
    adrenal_gland                    AUROC=0.5721 n_pos=66 mag_Sp=nan
    body_of_pancreas                 AUROC=0.6678 n_pos=70 mag_Sp=nan
    coronary_artery                  AUROC=0.5595 n_pos=46 mag_Sp=nan
    esophagus_squamous_epithelium    AUROC=0.7171 n_pos=79 mag_Sp=nan
    gastrocnemius_medialis           AUROC=0.6980 n_pos=58 mag_Sp=nan
    gastroesophageal_sphincter       AUROC=0.6482 n_pos=57 mag_Sp=nan
    heart_left_ventricle             AUROC=0.6511 n_pos=85 mag_Sp=nan
    ovary                            AUROC=0.5901 n_pos=41 mag_Sp=nan
    right_lobe_of_liver              AUROC=0.6643 n_pos=76 mag_Sp=nan
    spleen                           AUROC=0.7265 n_pos=91 mag_Sp=nan
    thyroid_gland                    AUROC=0.6230 n_pos=32 mag_Sp=nan
    tibial_nerve                     AUROC=0.6413 n_pos=69 mag_Sp=nan
    transverse_colon                 AUROC=0.6788 n_pos=59 mag_Sp=nan
    upper_lobe_of_left_lung          AUROC=0.5839 n_pos=49 mag_Sp=nan
    uterus                           AUROC=0.6344 n_pos=79 mag_Sp=nan

===== donor ENC-004: 214839 rows (pos=10629, neg=204210) =====
[windows] built 214839/214839  (dropped: 0 out-of-bounds, 0 bad-chrom; hg38-base!=ref on 0 kept rows)
[score] running twin inference on 214839 variants (dump_embeddings=False)...
Loaded weights from /home/asm242/palmer_scratch/entexBERT-2_experiments/EN-TEx/experiments/stage2_ctcf_clf_stem/runs/clf_2a_s20/pytorch_model.bin
  missing keys: 0 | unexpected keys: 0
[leakage] 191967/214839 ENC-004 (cross-donor) variants in a seen bin (9514 positive).
  [ENC-004:full] AUROC=0.6580 CI[0.6508,0.6651] AUPRC=0.6987 n_pos=10629 | mag_Spearman=nan signed_Spearman=nan
  [ENC-004:leak_free] AUROC=0.6135 CI[0.5909,0.6345] AUPRC=0.6782 n_pos=1115 | mag_Spearman=nan signed_Spearman=nan
  --- per-tissue [leak_free] (>= 20 pos & neg) ---
    adrenal_gland                    AUROC=0.5846 n_pos=46 mag_Sp=nan
    ascending_aorta                  AUROC=0.6189 n_pos=49 mag_Sp=nan
    body_of_pancreas                 AUROC=0.6050 n_pos=107 mag_Sp=nan
    breast_epithelium                AUROC=0.6552 n_pos=29 mag_Sp=nan
    esophagus_muscularis_mucosa      AUROC=0.5746 n_pos=28 mag_Sp=nan
    esophagus_squamous_epithelium    AUROC=0.5848 n_pos=50 mag_Sp=nan
    gastrocnemius_medialis           AUROC=0.5911 n_pos=66 mag_Sp=nan
    gastroesophageal_sphincter       AUROC=0.6904 n_pos=74 mag_Sp=nan
    heart_left_ventricle             AUROC=0.7173 n_pos=69 mag_Sp=nan
    ovary                            AUROC=0.6257 n_pos=26 mag_Sp=nan
    right_atrium_auricular_region    AUROC=0.6318 n_pos=49 mag_Sp=nan
    spleen                           AUROC=0.6690 n_pos=100 mag_Sp=nan
    stomach                          AUROC=0.6609 n_pos=52 mag_Sp=nan
    thyroid_gland                    AUROC=0.7145 n_pos=95 mag_Sp=nan
    tibial_nerve                     AUROC=0.6656 n_pos=75 mag_Sp=nan
    upper_lobe_of_left_lung          AUROC=0.6247 n_pos=71 mag_Sp=nan
    uterus                           AUROC=0.6191 n_pos=59 mag_Sp=nan

[write] /home/asm242/palmer_scratch/entexBERT-2_experiments/EN-TEx/experiments/stage2_ctcf_clf_stem/score_clf_2a_hetsnv_perVariant.csv.gz  (790085 scored variants)
[write] /home/asm242/palmer_scratch/entexBERT-2_experiments/EN-TEx/experiments/stage2_ctcf_clf_stem/score_clf_2a_hetsnv_summary.csv

=== donor-level (ALL-tissue) summary ===
  donor  donor_kind    regime    auroc  n_pos  mag_spearman  signed_spearman
ENC-001 cross-donor      full 0.650786  11296           NaN              NaN
ENC-001 cross-donor leak_free 0.617822   1206           NaN              NaN
ENC-002     matched      full 0.680773  10877           NaN              NaN
ENC-002     matched leak_free 0.669167   1209           NaN              NaN
ENC-003 cross-donor      full 0.667703  10462           NaN              NaN
ENC-003 cross-donor leak_free 0.650125   1111           NaN              NaN
ENC-004 cross-donor      full 0.658042  10629           NaN              NaN
ENC-004 cross-donor leak_free 0.613534   1115           NaN              NaN
[STEP 7c] OK

============================================================
 CTCF STAGE-2 CLASSIFICATION + CNN STEM COMPLETE.  (DIAG=0)
   best 2a: s=20 (dev AUROC 0.6652729721646387) -> /home/asm242/palmer_scratch/entexBERT-2_experiments/EN-TEx/experiments/stage2_ctcf_clf_stem/runs/clf_2a_s20
   2b:      dev AUROC -1  (scored: 0)
   outputs: /home/asm242/palmer_scratch/entexBERT-2_experiments/EN-TEx/experiments/stage2_ctcf_clf_stem/score_clf_2a_*  (and score_clf_2b_* if RUN_2B=1 and it won)
 ABLATION TARGET: no-stem full run on this exact pipeline was leak-free AUROC 0.7208 [0.7031,0.7380].
   Beating 0.7208 => base-resolution input fixes the tokenization/representation ceiling the
   head alone couldn't move. (Regression-twin on the same trunk was 0.6652/0.6748, for reference.)
   Benchmark context: best sequence-only DNNs on CTCF ~0.73-0.77 (Sei/DeepSEA/Enformer).
============================================================
