{"eval_loss": 0.29938045144081116, "eval_mse": 0.299380461944068, "eval_r2": 0.010669855939397177, "eval_pearson": 0.17879974679442376, "eval_spearman": 0.054239515081463734, "eval_runtime": 38.8416, "eval_samples_per_second": 604.172, "eval_steps_per_second": 18.897, "epoch": 3.0}